StartDate,2025-04-01 ,,,EndDate,2026-08-31 23:59:59
RegNo,Name,Phone,Cash,Card,UPI,Bank,Total
OP10210004067,Mr. M PRADEEP REDDY  ,7799224009,1460,0,0,0,1460
OP10210004063,Mr. B BALENDRA SHARMA  ,8973662669,0,0,928,0,928
OP10210004075,Mrs. JEVANA SUDHAARCHANA J,8096292600,2235,0,0,0,2235
OP10210004087,Mr. K RAMA DURGA VENKATA SAI  ,7989612268,0,0,1150,0,1150
OP10210004090,Ms. B TAPASVINIVAS  ,9494678457,2685,0,0,0,2685
OP10210004092,Mrs. P KAMESWARI  ,9703525510,4605,0,0,0,4605
OP10210004091,Mrs. SK SHAHIDA BEE  ,9704855027,0,0,5280,0,5280
OP10210004095,Mr. V KOTESWARA RAO  ,9182089958,0,0,700,0,700
OP10210004111,Mrs. D MARTHAMMA  ,8185820520,2670,0,0,0,2670
OP10210004112,Mr. P RAVI KUMAR  ,8499911117,700,0,0,0,700
OP10210004116,Mr. B SAI RAJASEKHAR REDDY,7729010578,2775,0,0,0,2775
OP10210004118,Mr. A CHINNA SESHAIAH  ,9985641208,0,0,1270,0,1270
OP10210004125,Mrs. AKKAMMA K,8333807279,170,0,0,0,170
OP10210004124,Mrs. P ALISU  ,9505639623,400,0,0,0,400
OP10210004128,Ms. VENKATA RATHNAM A,9110354142,400,0,0,0,400
OP10210004126,Mr. CHINNAPA REDDY Y,9948621203,3270,0,0,0,3270
OP10210004131,Mrs. C NIRMALA  ,9080278739,0,0,1416,0,1416
OP10210004133,Mrs. A GANGA BHAVANI  ,9440907643,250,0,0,0,250
OP10210004134,Mrs. CH N M KANAKA LAKSHMI  ,7702453717,5095,0,0,0,5095
OP10210004147,Mrs. K RAMA DEVI  ,9398486115,1748,0,0,0,1748
OP10210004149,Mrs. G N PRANATHI  ,9963841374,0,0,1748,0,1748
OP10210004151,Mr. KRISHNA RAo CH,9182220585,2220,0,0,0,2220
OP10210004153,Mr. B BALA MURALI KRISHNA  ,7673917318,700,0,1845,0,2545
OP10210004158,Mrs. CH ANITHA RANI  ,9490861216,400,0,0,0,400
OP10210004164,Mrs. B SIVA PRIYA  ,8688722128,3585,0,0,0,3585
OP10210004166,Mr. L PRABHAKAR RAO  ,9701772668,2955,0,0,0,2955
OP10210004167,Mr. M SUKUNDHAR RAO  ,9949121967,2295,0,0,0,2295
OP10210004168,Mrs. S LAKSMI DEVAMMA  ,9949676949,1655,0,0,0,1655
OP10210004165,Mr. G NAGI  REDDY  ,9848305454,0,0,2880,0,2880
OP10210004181,Mr. ch NARASIMHA MURTHY,9963824427,0,0,1485,0,1485
OP10210004185,Mr. G CHINNA PAPARAO  ,9676638359,2435,0,0,0,2435
OP10210004188,Mr. K PANAIAH  ,9618484322,1100,0,0,0,1100
OP10210004189,Mr. P SRINIVASULU  ,8328179765,0,0,2185,0,2185
OP10210004194,Mr. KALIDASU V,9100314340,700,0,0,0,700
OP10210004195,Mr. A PAMULA REDDY  ,8500717856,1685,0,0,0,1685
OP10210004200,Mrs. N NIHARIKA,9494858824,0,0,2110,0,2110
OP10210004202,Mr. GURU PRASAD I,9177056462,2295,0,0,0,2295
OP10210004209,Mr. GJAYARAJU  ,7095074344,2555,0,0,0,2555
OP10210004210,Mrs. T SAMRAJYAM,9912842858,2575,0,0,0,2575
OP10210004214,Mrs. SK MAHIMUN,9059893444,0,0,2355,0,2355
OP10210004222,Mrs. M SIRISHA  ,9177722737,2500,0,0,0,2500
OP10210004224,Mr. T GANGADHAR,9347133612,2045,0,0,0,2045
OP10210004225,Mr. ch JEEVAN MAHESH REDDY,9581817999,0,0,1905,0,1905
OP10210004226,Mrs. P ALICEE  ,9505639623,1270,0,0,0,1270
OP10210004236,Mrs. K RATNA KUMARI  ,9441489993,700,0,0,0,700
OP10210004237,Mr. kumar babu p,9642500976,0,0,1100,0,1100
OP10210004239,Mr. M SARATH KUMAR  ,9121490493,1800,0,0,0,1800
OP10210004240,Mr. G VENKATA REDDY  ,9963220173,700,0,0,0,700
OP10210004241,Mr. B ARUN KUMAR  ,9949978784,2940,0,550,0,3490
OP10210004243,Mrs. K Lakshmi  ,7799100767,2885,0,0,0,2885
OP10210004244,Mr. RANGANAYAKULU P,7702735763,3845,0,0,0,3845
OP10210004246,Mr. SK SIRAJ  ,6303945992,2045,0,0,0,2045
OP10210004247,Mrs. Y POOJA  ,9848966847,1085,0,0,0,1085
OP10210004250,Mrs. M SRAVANI  ,8008689590,2855,0,0,0,2855
OP10210004255,Mrs. NAGA JYOTHI MUNNANGI,8309869039,800,0,0,0,800
OP10210004256,Mrs. L DURGA BHAVANI  ,8143255128,1295,0,0,0,1295
OP10210004257,Mr. G RAVI PRAKASH  ,7702793851,0,0,2185,0,2185
OP10210004259,Mr. V SURESH   ,8519947429,700,0,0,0,700
OP10210004261,Mr. P MOHAN SANKAR  ,8688638349,2185,0,0,0,2185
OP10210004262,Mr. G PARISUDHA KUMAR  ,9492887062,2185,0,0,0,2185
OP10210004266,Mrs. A SIVA NAGESWARAMMA  ,9885091905,3755,0,0,0,3755
OP10210004267,Mr. CH TEJA BABU  ,9000171040,0,0,1970,0,1970
OP10210004275,Mrs. Y SEETHA RAMULU  ,9502981438,0,0,2355,0,2355
OP10210004276,Mr. M SRINIVAS  ,9441068989,0,0,4020,0,4020
OP10210004274,Mr. K SRINIVASA MURTHY,9959796175,0,0,700,0,700
OP10210004277,Ms. A HARSHINI  ,8497980715,0,0,700,0,700
OP10210004279,Mr. G GANGAIAH  ,9502351966,300,0,0,0,300
OP10210004278,Mrs. N LAKSHMI NARASAMMA  ,9381639931,7970,0,0,0,7970
OP10210004281,Mr. CHINNAPA REDDY Y,9948621203,1000,0,0,0,1000
OP10210004295,Mr. K MANOHAR  ,9912097601,2545,0,0,0,2545
OP10210004298,Mrs. G RAJINI  ,9110791196,0,0,3745,0,3745
OP10210004300,Mr. SRIDHAR BABU V,9603572730,2220,0,0,0,2220
OP10210004301,Mrs. P K SANDHYA  ,9441331494,1485,0,0,0,1485
OP10210004305,Mr. B H DINESH REDDY  ,8309301887,700,0,0,0,700
OP10210004307,Mr. T RICHAD PREETHAM  ,7798465274,1485,0,0,0,1485
OP10210004308,Mr. P SRINIVASA REDDY  ,9397602024,2850,0,0,0,2850
OP10210004310,Mr. G SIVA PRASAD  ,8074407026,0,0,2545,0,2545
OP10210004315,Mrs. T TIRUPATHMMA  ,9989870070,2495,0,0,0,2495
OP10210004325,Mr. M SIVA SUNIL  ,9739708218,0,0,4155,0,4155
OP10210004329,Mr. M SURENDRA   ,9848859158,0,0,2385,0,2385
OP10210004332,Mr. SK KASIM SAHEB  ,9866709419,2885,0,0,0,2885
OP10210004333,Mrs. G LAKSHMI PAVANI  ,7013386614,0,0,3630,0,3630
OP10210004335,Mr. D RAJESH REDDY  ,9620993311,0,0,2185,0,2185
OP10210004338,Mr. CH KOTAIAH  ,7995767740,1100,0,0,0,1100
OP10210004339,Mr. GURU PRASAD I,9177056462,0,0,1770,0,1770
OP10210004341,Mr. K RAMA DURGA VENKATA SAI  ,7989612268,0,0,700,0,700
OP10210004344,Mr. V VENKATESWARULU  ,8340037893,0,0,1100,0,1100
OP10210004345,Mrs. G SUBHASHINI,9963834026,1260,0,0,0,1260
OP10210004347,Mrs. K PAMULAMMA,9992823456,700,0,2180,0,2880
OP10210004350,Mrs. M DHANALAKSHMI  ,9398062878,700,0,0,0,700
OP10210004351,Mr. S RAJ GOPAL RAO,9490114311,3434,0,0,0,3434
OP10210004353,Mrs. V SIVAMMA  ,8331957835,2024,0,0,0,2024
OP10210004354,Mr. P SRINIVASA RAO  ,9908238079,700,0,0,0,700
OP10210004356,Mr. D CHALAPATHI RAO  ,9391362125,0,0,2185,0,2185
OP10210004357,Mr. N VENKATESWARLU  ,9704309954,13095,0,0,0,13095
OP10210004359,Mrs. SK SHABANA  ,9703454866,1970,0,0,0,1970
OP10210004360,Mr. SUMANTH G,9398465277,0,0,2270,0,2270
OP10210004358,Mr. V SRIKANTH  ,9177792478,0,0,9036,0,9036
OP10210004363,Mr. CH PRAVEEN KUMAR  ,9618106728,0,0,2400,0,2400
OP10210004367,Mr. A SIVA RAMA KRISHNA  ,9705223845,2185,0,0,0,2185
OP10210004368,Mr. U MOHAN RAO  ,9440942463,2220,0,0,0,2220
OP10210004370,Mr. G JOSEPH  ,9908727424,1300,0,0,0,1300
OP10210004377,Mr. S KONDALU,6302414678,0,0,3300,0,3300
OP10210004382,Mrs. SK GOUSIYA  ,9989387057,2875,0,0,0,2875
OP10210004383,Mr. S KONDALU,6302414678,0,0,700,0,700
OP10210004384,Mr. M V SRINIVASULA REDDY  ,8978026477,1884,0,0,0,1884
OP10210004385,Mrs. K PAMULAMMA,9992823456,0,0,700,0,700
OP10210004397,Mr. V NAGIREDDY,9966011332,2355,0,0,0,2355
OP10210004395,Mr. SK DASTA GIRI  ,9848238848,1610,0,0,0,1610
OP10210004398,Mr. SK ALI  ,9705220006,0,0,2295,0,2295
OP10210004402,Mr. P PAVAN KUMAR  ,9550213625,2605,0,0,0,2605
OP10210004406,Ms. SK RESHMA  ,9177066418,2745,0,0,0,2745
OP10210004410,Mr. PREMNADH S,9492169087,0,0,2295,0,2295
OP10210004413,Mr. v pardha saradhi  ,8179309963,1870,0,0,0,1870
OP10210004415,Mrs. P PAVANI  ,9381304848,2400,0,0,0,2400
OP10210004417,Mrs. K SABRAJYAM  ,9701175517,2295,0,0,0,2295
OP10210004422,Mr. K HARI HARA PRASADA RAO  ,9441503286,2220,0,0,0,2220
OP10210004429,Mr. S RAJ GOPAL RAO,9490114311,700,0,0,0,700
OP10210004432,Mr. M SARATH KUMAR  ,9121490493,0,0,700,0,700
OP10210004436,Mr. P SOHEL BASHA  ,7075003510,1100,0,0,0,1100
OP10210004440,Mr. SD MUNWR  ,9966765344,0,0,2895,0,2895
OP10210004441,Mr. SK NAGOOL MEERA  ,9848305441,2145,0,0,0,2145
OP10210004449,Mr. LAKSHMI NARAYANA V,9440849277,0,0,1155,0,1155
OP10210004459,Ms. M DHANA LAKSHMI  ,9642242749,1100,0,0,0,1100
OP10210004467,Mrs. E RATHNA KUMARI  ,8688463458,2185,0,0,0,2185
OP10210004473,Mr. K SRINIVASA REDDY  ,9000066658,700,0,0,0,700
OP10210004471,Mr. SD MUNWR  ,9966765344,0,0,700,0,700
OP10210004478,Ms. M RAMANA KUMARI   ,7799955144,0,0,1400,0,1400
OP10210004479,Mr. SRIDHAR BABU V,9603572730,0,0,2220,0,2220
OP10210004469,Mr. M ANANTHESWARA RAO  ,9700300112,0,0,1650,0,1650
OP10210004494,Mr. K SUBBA RAO  ,9440002362,0,0,700,0,700
OP10210004495,Mr. R RAMA KRISHNA   ,9963403502,0,0,1485,0,1485
OP10210004497,Mr. V KOTESWARA RAO  ,9182089958,1770,0,0,0,1770
OP10210004498,Mr. CHINNAPA REDDY Y,9948621203,1000,0,3220,0,4220
OP10210004499,Ms. SK AYASH   ,7036100696,1800,0,0,0,1800
OP10210004501,Mr. M SRINIVASA REDDY  ,9154050186,0,0,1845,0,1845
OP10210004503,Ms. NAGAMMA  K,9949066598,5105,0,0,0,5105
OP10210004511,Mr. SAMBA SIVA RAO K,9966886805,0,0,2295,0,2295
OP10210004514,Mr. RAMA KRISHNA SAI A,9949415597,0,0,2185,0,2185
OP10210004524,Mr. SHAIK JANI BASHA  ,8465945684,4425,0,0,0,4425
OP10210004529,Mr. V ANJANEYULU,7673945704,2805,0,0,0,2805
OP10210004533,Mr. V BAPI REDDY,8333865437,2180,0,0,0,2180
OP10210004534,Mr. K RAMANA,9908959541,0,0,2185,0,2185
OP10210004537,Mrs. G SIRISHA,9000395979,2185,0,0,0,2185
OP10210004538,Mr. y DHANAYA,9849375741,0,0,3505,0,3505
OP10210004539,Mrs. G CHITTI,9989550027,2095,0,0,0,2095
OP10210004547,Mr. I BABU  ,9885053143,0,0,5070,0,5070
OP10210004548,Mr. P SATYA NARAYANA  ,9966266492,0,0,3980,0,3980
OP10210004550,Mr. D GANESH,9676668713,1900,0,0,0,1900
OP10210004549,Mr. K BALAJI  ,9494914161,0,0,3980,0,3980
OP10210004551,Mr. M RAJU,9949464219,0,0,5060,0,5060
OP10210004554,Mr. NAGARJUNA N  ,9550999286,0,0,3610,0,3610
OP10210004557,Mr. K HARI HARA PRASADA RAO  ,9441503286,0,0,4895,0,4895
OP10210004566,Mrs. CH N M KANAKA LAKSHMI  ,7702453717,2220,0,0,0,2220
OP10210004567,Mr. P SRINU   ,9912689653,2885,0,0,0,2885
OP10210004573,Mrs. B SUDHA  ,9133989889,471,0,0,0,471
OP10210004580,Mr. P MANI KANTA  ,9346387959,0,0,4500,0,4500
OP10210004582,Mr. A PAMULA REDDY  ,8500717856,400,0,0,0,400
OP10210004584,Mr. Y VENKATESWARLU  ,9959570464,700,0,0,0,700
OP10210004586,Mrs. D MANIKYAM  ,9701453316,400,0,0,0,400
OP10210004585,Mr. B VASANTH  ,9705359560,2220,0,0,0,2220
OP10210004589,Mr. D VENKATESWARLU CH,9866005792,1885,0,0,0,1885
OP10210004593,Mrs. P ALISU  ,9505639623,1520,0,0,0,1520
OP10210004603,Mr. K RAJENDRA PRASAD  ,9494519393,2185,0,0,0,2185
OP10210004605,Mr. G APPA RAO  ,9490399639,2910,0,0,0,2910
OP10210004609,Mrs. K NAGAMALLESWARI,9703284557,0,0,3060,0,3060
OP10210004608,Mr. A SRINIVASA REDDY  ,9966278729,0,0,700,0,700
OP10210004601,Mr. A NARAYANA RAO  ,6309526979,0,0,4045,0,4045
OP10210004624,Mr. CH NAGA BHUSHANA  RAO  ,9390545227,0,0,700,0,700
OP10210004619,Mrs. T SUGUNA  ,9441819853,1098,0,0,0,1098
OP10210004602,Mr. K KUMAR  ,8247012287,200,0,0,0,200
OP10210004632,Mr. D RAMI REDDY D,8121004234,700,0,0,0,700
OP10210004633,Mr. A SIVA  REDDY  ,9701115268,0,0,1485,0,1485
OP10210004634,Mr. B SUBBA REDDY  ,8688474559,2295,0,0,0,2295
OP10210004644,Mrs. I SAROJINI  ,8142214536,3105,0,0,0,3105
OP10210004646,Mr. SD MUNWR  ,9966765344,0,0,700,0,700
OP10210004647,Mr. S V A REDDY  ,9542983439,0,0,2785,0,2785
OP10210004657,Mr. K PAPAYYA,9010367139,2545,0,0,0,2545
OP10210004660,Mrs. N SANDHYA RANI,7702606171,6950,0,0,0,6950
OP10210004663,Mrs. T SIRISHA  ,9848895958,1748,0,0,0,1748
OP10210004667,Ms. G GANGA RATHNAM  ,9392246633,0,0,2220,0,2220
OP10210004668,Mr. R SOMAIAH  ,9908767486,1848,0,0,0,1848
OP10210004669,Mr.  K HARI KRISHNA  ,9963888227,0,0,2800,0,2800
OP10210004681,Mrs. K CHANDRAVATHI  ,9866182503,4195,0,0,0,4195
OP10210004685,Mr. M YELLA RAO  ,8328197727,0,0,1485,0,1485
OP10210004687,Mr. PREMNADH S,9492169087,980,0,0,0,980
OP10210004690,Mr. K SAMBI REDDY  ,9948195966,0,0,1313,0,1313
OP10210004689,Mr. N VENKAT RAO  ,7095835400,0,0,700,0,700
OP10210004694,Mrs. K SABRAJYAM  ,9701175517,0,0,895,0,895
OP10210004696,Mr. SAIDA RAO K,9618776680,0,0,1100,0,1100
OP10210004699,Mrs. Y DEEPTHI  ,9494476649,0,0,700,0,700
OP10210004706,Mr. GOPI REDDY K ,9849144255,0,0,1120,0,1120
OP10210004708,Mr. T VYAIDA REDDY,9912121351,2155,0,0,0,2155
OP10210004712,Mr. L RAJESH,9182965719,0,0,3275,0,3275
OP10210004713,Mr. SK HUSAIN,8096671720,1485,0,0,0,1485
OP10210004716,Mrs. B SOWMYA SRI,9966705528,2855,0,0,0,2855
OP10210004718,Mr. D SAIDA BABU  ,8977981893,2375,0,0,0,2375
OP10210004719,Mrs. FATHIMUNNISA SK,6302953488,2855,0,0,0,2855
OP10210004721,Mr. V SRINIVAS RAO,9059109100,0,0,4200,0,4200
OP10210004722,Mr. K SURESH BABU,9912215444,0,0,1510,0,1510
OP10210004726,Mr. G  SHESHAGIRI RAO,8008327243,0,0,1905,0,1905
OP10210004732,Mr. S KONDALU,6302414678,1770,0,0,0,1770
OP10210004736,Mrs. P PADMAVATHI,9603240584,0,0,2448,0,2448
OP10210004740,Mr. V VENKATA REDDY,8143530144,1485,0,0,0,1485
OP10210004742,Mr. M NARASIMHA SWAMY,8886807570,2355,0,0,0,2355
OP10210004741,Ms. SK BEEBI JAN  ,9912527277,3795,0,0,0,3795
OP10210004743,Mrs. K PADMA,7207901575,3055,0,0,0,3055
OP10210004745,Mr. M SIVA PRASAD REDDY  ,9346698555,0,0,2995,0,2995
OP10210004747,Mrs. G BHAVYA JYOTHI,8688491218,2975,0,0,0,2975
OP10210004751,Mr. M VENKATA APPAYA,9966386687,0,0,2355,0,2355
OP10210004752,Mr. SK ABDUL RAHEEM  ,7207431057,0,0,870,0,870
OP10210004756,Mr. SK ANJUM  ,9966763378,0,0,700,0,700
OP10210004758,Mr. m NAGESWARA RAO,9052414670,0,0,4195,0,4195
OP10210004760,Mr. D HARIBABU,9848332790,0,0,1910,0,1910
OP10210004762,Mr. A SRINIVASA REDDY  ,9396544455,1200,0,0,0,1200
OP10210004764,Mr. V GANESH,7569734430,2805,0,0,0,2805
OP10210004774,Mr. D SURYA PRAKASH  ,9100054443,0,0,2470,0,2470
OP10210004775,Mr. G NAGI REDDY  ,9963841374,0,0,3205,0,3205
OP10210004778,Mr. M NARENDRA REDDY  ,7396228126,0,0,2300,0,2300
OP10210004777,Mr. P CHENCHIREDDY,9010981616,0,0,3380,0,3380
OP10210004788,Mr. M SRINIVAS  ,9441068989,0,0,400,0,400
OP10210004793,Mr. CH ADI BABU  ,9177374344,0,0,1858,0,1858
OP10210004800,Mrs. CH  ANASUYA,9705219909,1985,0,0,0,1985
OP10210004803,Mrs. T BHAVANI,9000629081,0,0,1905,0,1905
OP10210004808,Mr. V KOTESWARA RAO  ,9182089958,1300,0,0,0,1300
OP10210004814,Mr. J VEMA REDDY  ,8096493474,0,0,6650,0,6650
OP10210004815,Mr. T KOTESWARA RAO  ,8801222922,700,0,0,0,700
OP10210004816,Mr. K LOKESH  ,8341432333,0,0,3410,0,3410
OP10210004822,Mr. V NAGA BABU  ,9000569910,2185,0,0,0,2185
OP10210004824,Mr. P SRINU   ,9912689653,1200,0,0,0,1200
OP10210004819,Mr. K MALLIKARJUNA  ,9704344986,0,0,700,0,700
OP10210004832,Mrs. V SIVAMMA  ,8331957835,380,0,0,0,380
OP10210004833,Mr. SK AHMMAD SHAREEF  ,9951493972,785,0,0,0,785
OP10210004839,Mr. T VYAIDA REDDY,9912121351,400,0,0,0,400
OP10210004848,Mr. SATHISH I,7675012799,893,0,0,0,893
OP10210004850,Mrs. M AMBALI  ,9392479540,2295,0,0,0,2295
OP10210004849,Mr. P SAMBA SIVA RAO  ,9100851184,2295,0,0,0,2295
OP10210004854,Mrs. P LAKSHMI TIRUPATHAMMA  ,7013901453,700,0,0,0,700
OP10210004852,Mr. A S CHINNA POLU REDDY  ,9542209820,1875,0,0,0,1875
OP10210004853,Mrs. V NAGA MANI  ,8333899121,0,0,2710,0,2710
OP10210004857,Mr. P SURESH  ,9398670068,700,0,0,0,700
OP10210004859,Mrs. SK FATHIMA  ,9908223210,1748,0,0,0,1748
OP10210004862,Mrs. K TRIVENI  ,9052411331,0,0,2304,0,2304
OP10210004864,Mr. V RADHA KRISHNAIAH  ,9989515862,0,0,700,0,700
OP10210004872,Mr. KRISHNA RAO CH,9182220585,2270,0,0,0,2270
OP10210004885,Ms. K LIPI  ,7702555727,1875,0,0,0,1875
OP10210004886,Ms. NAGA JYOTHI MUNNANGI,8309869039,0,0,1936,0,1936
OP10210004892,Mr. M NARENDRA REDDY  ,7396228126,1600,0,0,0,1600
OP10210004893,Mr.  RAMA REDDY  D,9849633982,1827,0,0,0,1827
OP10210004894,Mr. KHADRI SHAIK,9110771143,0,0,560,0,560
OP10210004895,Mr. B VAMSINADH  ,9676996569,0,0,2885,0,2885
OP10210004903,Mr. G MAHIMA KUMAR  ,9014366678,0,0,880,0,880
OP10210004909,Mr. K RAVI TEJA  ,9948525390,2370,0,0,0,2370
OP10210004912,Mr. D SRINIASA RAO,9885742107,1600,0,0,0,1600
OP10210004913,Mrs. A SUBHAMMA,9985339985,2488,0,0,0,2488
OP10210004917,Mrs. A NAGESWARAMMA,9963833974,1175,0,0,0,1175
OP10210004918,Mr. M SAMBI REDDY,6300363697,3085,0,0,0,3085
OP10210004919,Mrs. SK APSANA,9347823303,1485,0,0,0,1485
OP10210004928,Mr. SK ANJUM  ,9966763378,0,0,700,0,700
OP10210004931,Baby. B JESVITHA  ,9618503768,0,0,2000,0,2000
OP10210004935,Mr. K SUDHAKAR,9705539787,2780,0,0,0,2780
OP10210004940,Mrs. k VARA LAKSHMI,9849434567,2500,0,0,0,2500
OP10210004934,Mr. A RAMANA REDDY,8919695935,0,0,1350,0,1350
OP10210004939,Mr. P ANIL KUMAR  ,9652842989,2000,0,0,0,2000
OP10210004943,Mr. G SAMUEL,9440859128,0,0,2444,0,2444
OP10210004945,Mrs. A LAKSHMI TEJASWINI,8374287994,2185,0,0,0,2185
OP10210004949,Mrs. I SAROJINI  ,8142214536,2470,0,0,0,2470
OP10210004950,Mr. R GANESH,9440865659,0,0,1100,0,1100
OP10210004951,Mr. A NAGESWARAO,9110392240,0,0,9500,0,9500
OP10210004952,Mrs. NAGESWARAMMA A,9441723020,1239,0,0,0,1239
OP10210004962,Mr. Y GOPI,6304848614,3535,0,0,0,3535
OP10210004967,Mr. MUNWAR SD  ,9966765344,0,0,700,0,700
OP10210004973,Mrs. N KUSUMAMBA,9703275819,3755,0,0,0,3755
OP10210004975,Mr. KSR ANJANEYULU,9949277260,600,0,0,0,600
OP10210004980,Mr. M SRINIVASA REDDY  ,9154050186,2220,0,0,0,2220
OP10210004977,Mr. KVS RAVI SANKAR,9949277620,2800,0,0,0,2800
OP10210004982,Mrs. S MARTHAMMA,8185004445,0,0,2545,0,2545
OP10210004986,Mr. M SUKUNDHAR RAO  ,9949121967,2295,0,0,0,2295
OP10210004988,Mr. M BHIMA RAO RAM SAE  ,6305526733,0,0,2545,0,2545
OP10210004989,Mr. K DURGA PRASAD  ,8019885113,0,0,2600,0,2600
OP10210004991,Mrs. A RANI KUMARI,9390567588,2045,0,0,0,2045
OP10210004996,Mrs. L SATYAVATHI  ,9490342736,1782,0,0,0,1782
OP10210005001,Mr. CHINNAPA REDDY Y,9948621203,0,0,1770,0,1770
OP10210005003,Mr. CH VENKATESWARA RAO  ,9848399808,0,0,3210,0,3210
OP10210005005,Mr. SK HAZRATHALLI  ,8790678769,0,0,3530,0,3530
OP10210005007,Mr. K VENU GOPAL  ,9440347001,775,0,0,0,775
OP10210005013,Mrs. SK REEHANA  ,9160603350,1085,0,0,0,1085
OP10210005022,Ms. mahabbi sk ,9642077386,2150,0,0,0,2150
OP10210005034,Mrs. CH N M KANAKA LAKSHMI  ,7702453717,1270,0,0,0,1270
OP10210005035,Mrs. K SABRAJYAM  ,9701175517,645,0,0,0,645
OP10210005037,Mrs. P ALISU  ,9505639623,2220,0,0,0,2220
OP10210005038,Ms. SK BEEBI JAN  ,9912527277,1996,0,0,0,1996
OP10210005041,Mrs. P ALISU  ,9505639623,75,0,0,0,75
OP10210005048,Mrs. B ANURADHA  ,9912229844,1324,0,0,0,1324
OP10210005062,Mrs. K JAYA LAKSHMI  ,9945969826,0,0,2308,0,2308
OP10210005064,Mr. V JAYANTH REDDY  ,9640704414,1800,0,0,0,1800
OP10210005068,Mr. M BALA GURAVAIAH  ,7993669952,0,0,1595,0,1595
OP10210005063,Mr. T GIRIDHAR REDDY  ,9492707227,1188,0,0,0,1188
OP10210005070,Baby. D KUSUMANJANA  ,9573830159,2220,0,0,0,2220
OP10210005072,Mr. V SUDHAKAR  ,9100451708,1350,0,0,0,1350
OP10210005067,Mrs. N PRAMEELA  ,9704033102,700,0,0,0,700
OP10210005081,Mr. NANCHARAIAH B,8309135777,700,0,0,0,700
OP10210005084,Mr. CH VENKATESWARA RAO  ,9848399808,0,0,1600,0,1600
OP10210005086,Mrs. CH POOJITHA  ,9701100138,0,0,700,0,700
OP10210005087,Ms. VENKATA RATHNAM A,9110354142,0,0,1485,0,1485
OP10210005088,Mrs. T SUREKHA  ,6281001976,0,0,2699,0,2699
OP10210005091,Mr. G VEERA REDDY  ,8330978506,75,0,0,0,75
OP10210005089,Mr. S VENU GOPALA RAO  ,7893908368,0,0,700,0,700
OP10210005096,Mrs. J V DHANA LAKSHMI  ,9848456114,1884,0,0,0,1884
OP10210005100,Mr. T MANIKANTA SWAMY  ,7416489773,0,0,2045,0,2045
OP10210005102,Mrs. D BHAVANI  ,8885944464,1782,0,0,0,1782
OP10210005104,Ms. T ARCHANA  ,9502179290,0,0,1825,0,1825
OP10210005106,Mr. V VENKATESWARA REDDY  ,9866800703,0,0,1270,0,1270
OP10210005107,Mr. G RAJESH  ,9603698095,2155,0,0,0,2155
OP10210005110,Mr. CH SAI VIGNESH  ,9848227440,0,0,2308,0,2308
OP10210005112,Mrs. AMARESWARI K,9491666211,1875,0,0,0,1875
OP10210005113,Mrs. D VIJAYA  ,8008151400,0,0,3055,0,3055
OP10210005114,Mrs. L SUBHASHINI,9440292346,0,0,3305,0,3305
OP10210005117,Mr. K VEERA VASANTH RAO  ,9299751712,1370,0,2189,0,3559
OP10210005132,Mrs. V SAMBRAJYAM  ,9866127926,700,0,0,0,700
OP10210005130,Mr. NANCHARAIAH B,8309135777,1845,0,0,0,1845
OP10210005134,Mr. MUNWAR SD  ,9966765344,700,0,0,0,700
OP10210005137,Mr. CH VENKATESWARA RAO  ,9492079104,2185,0,0,0,2185
OP10210005129,Mrs. R VIJAYA LAKSHMI  ,9989174583,1000,0,2855,0,3855
OP10210005136,Mrs. Y LAKSHMI  ,9848371460,0,0,1085,0,1085
OP10210005138,Mr. N NAGA KIRAN  ,7731914191,0,0,2485,0,2485
OP10210005139,Mrs. K VENKATA YAMINI  ,6302774533,1425,0,0,0,1425
OP10210005142,Mr. K DESI NAIK  ,9618342494,2295,0,0,0,2295
OP10210005144,Mrs. G SEETHAMMA  ,8185889295,2855,0,0,0,2855
OP10210005145,Mr. K SUBBA REDDY  ,9966448444,0,0,2500,0,2500
OP10210005147,Mrs. PALOD ANASUYA,9705099202,700,0,0,0,700
OP10210005148,Mrs. M SIRISHA  ,9177722737,0,0,3145,0,3145
OP10210005149,Mr. G VEERA BABU  ,9703984275,2045,0,0,0,2045
OP10210005156,Mrs. G KOWSALYA,9032313320,950,0,0,0,950
OP10210005163,Mr. K PANAIAH  ,9618484322,1100,0,0,0,1100
OP10210005168,Mr. M CHANIKYA  ,9490984757,700,0,0,0,700
OP10210005172,Mrs. A SAILAJA  ,9491921185,0,0,4995,0,4995
OP10210005174,Mrs. V VIJAYALAKSHMI  ,8179131607,2185,0,0,0,2185
OP10210005176,Mr. S AMITVARDHAN  ,7893929637,2375,0,0,0,2375
OP10210005180,Mr. K BALA SUBBA RAO  ,9848488013,2555,0,0,0,2555
OP10210005178,Mr. sri  ram ,7013598017,0,0,700,0,700
OP10210005181,Mr. MAHABOOB SUBHANI  ,7337498325,2750,0,0,0,2750
OP10210005182,Mr. A V S REDDY  ,9701390918,0,0,3580,0,3580
OP10210005183,Mr. RAMIREDDY K V ,9848365778,2595,0,0,0,2595
OP10210005188,Mr. MASTAN R,9848783506,3795,0,0,0,3795
OP10210005193,Mrs. B PADMA,9381865924,3105,0,0,0,3105
OP10210005194,Mr. K MADHUBABU,9398548369,3170,0,0,0,3170
OP10210005197,Mr. SK ZAYD,9966802205,0,0,1710,0,1710
OP10210005200,Mr. A S RAJU  ,9441215793,3340,0,0,0,3340
OP10210005204,Mrs. M SUNITHA  ,9885353967,0,0,2435,0,2435
OP10210005210,Mr. M BALA KRISHNA  ,6302553840,0,0,1999,0,1999
OP10210005211,Mr. B JAYANTH BABU  ,9676300448,2745,0,0,0,2745
OP10210005217,Mr. M SRINIVASA RAO  ,9866262886,9895,0,0,0,9895
OP10210005201,Mr. A SANJEEVA REDDY  ,9493148015,2084,0,0,0,2084
OP10210005225,Mr. P MOHAN SANKAR  ,8688638349,1800,0,0,0,1800
OP10210005229,Mr. K SAMBA SIVA RAO  ,9849130993,0,0,700,0,700
OP10210005230,Mrs. Lakshmi k,9052449891,1500,0,0,0,1500
OP10210005238,Mrs. SK BASHERUNNISA  ,9885634143,1800,0,0,0,1800
OP10210005237,Mr. PREMNADH S,9492169087,1600,0,0,0,1600
OP10210005240,Mr. T SRINIVASARA RAO  ,9705492934,0,0,2394,0,2394
OP10210005241,Mr. K VIJAYA RAJU  ,9912133178,0,0,500,0,500
OP10210005244,Mr. M SHANKAR REDDY  ,9963639542,3085,0,0,0,3085
OP10210005245,Mr. V SRINIVASA RAO  ,9848520825,0,0,3750,0,3750
OP10210005247,Mr. G SOMA RAJU  ,9392920816,3000,0,0,0,3000
OP10210005248,Mr. A PAMULA REDDY  ,8500717856,570,0,0,0,570
OP10210005254,Mr. M JESHWANTH  ,9912765188,1875,0,0,0,1875
OP10210005255,Mrs. E RADHIKA  ,9121718324,2685,0,0,0,2685
OP10210005252,Mrs. K GOWTHAMI  ,8074229251,3400,0,0,0,3400
OP10210005258,Mr. CHINNAPA REDDY Y,9948621203,2220,0,0,0,2220
OP10210005259,Mrs. G SANDHYA  ,9948242482,0,0,1485,0,1485
OP10210005260,Baby. P SRAVYA  ,9441412262,0,0,1285,0,1285
OP10210005262,Mrs. M SIRISHA  ,9177722737,0,0,900,0,900
OP10210005265,Mr. V SIVA REDDY  ,8919918181,0,0,3480,0,3480
OP10210005270,Mrs. M NAGA LAKSHMI,9000269077,0,0,1485,0,1485
OP10210005271,Mr. SD AMEER BASHA  ,9160923132,2405,0,0,0,2405
OP10210005273,Mrs. G SEETHAMMA  ,8185889295,1270,0,0,0,1270
OP10210005276,Mr. M REDDEPPA REDDY  ,9704519704,0,0,2485,0,2485
OP10210005280,Mr. G  VENKATA APPARAO,9490399639,2470,0,0,0,2470
OP10210005279,Mr. K CHITTA REDDY  ,9392077760,2776,0,0,0,2776
OP10210005277,Mr. M SUKUNDHAR RAO  ,9949121967,1550,0,0,0,1550
OP10210005291,Mrs. A LAKSHMI  ,8341950526,1748,0,0,0,1748
OP10210005292,Mr. S PAWAN KALYAN  ,8282823741,2145,0,0,0,2145
OP10210005293,Mr. T ESWAR REDDY  ,9502904519,0,0,2185,0,2185
OP10210005296,Mr. M RAJESH  ,9949399831,3745,0,0,0,3745
OP10210005298,Mr. K BUJJI REDDY  ,8712361880,3385,0,0,0,3385
OP10210005303,Mr. I NANDHA KISHORE,7382940269,1675,0,0,0,1675
OP10210005309,Mr. S V A REDDY  ,9542983439,1300,0,0,0,1300
OP10210005310,Mr. SK KARIMULLA  ,9381817685,2150,0,0,0,2150
OP10210005316,Mr. G VENKATA REDDY  ,9963220173,1875,0,0,0,1875
OP10210005317,Mr. J GOVARDHAN,9966293324,0,0,2185,0,2185
OP10210005318,Mr. P SAMBA SIVA RAO  ,9100851184,2495,0,0,0,2495
OP10210005320,Mrs. A SAROJINI,9948037386,3105,0,0,0,3105
OP10210005314,Mr. A VENKATAIAH,9640667707,0,0,2250,0,2250
OP10210005336,Mrs. J MANI  ,6281435487,2185,0,0,0,2185
OP10210005341,Mr. KRISHNA RAO CH,9182220585,2295,0,0,0,2295
OP10210005343,Mr. S SRINIVAS RAO,8500589619,3305,0,0,0,3305
OP10210005347,Mrs. G LEELAVATHI,9000395979,0,0,2435,0,2435
OP10210005349,Mr. P RAMESH,7075075355,2185,0,0,0,2185
OP10210005357,Ms. SK SUBHANI  ,9959294143,0,0,1810,0,1810
OP10210005360,Mr. SD NIZAM ,9640207038,0,0,700,0,700
OP10210005361,Mr. I NARESH BABU,9502888877,0,0,1524,0,1524
OP10210005362,Mr. PRAVEEN J,9676560218,0,0,3245,0,3245
OP10210005367,Mrs. G POOJITHA,9347805808,0,0,2185,0,2185
OP10210005369,Mrs. K UDAY LAKSHMI ,9951967667,3100,0,0,0,3100
OP10210005371,Mr. CH VENU GOPAL REDDY,9849967839,0,0,1905,0,1905
OP10210005386,Mrs. M PARTHAVARDHINI,8500065837,2355,0,0,0,2355
OP10210005390,Mr. P BABJI ,6300477537,2985,0,0,0,2985
OP10210005391,Mr. A KALYAN ,9949907126,2985,0,0,0,2985
OP10210005392,Mr. SRIDHAR BABU V,9603572730,1836,0,0,0,1836
OP10210005394,Mrs. S PAVITHRA,7075795457,3108,0,0,0,3108
OP10210005398,Mrs. P VARALAKSHMI,8686593536,2575,0,0,0,2575
OP10210005400,Mr. KITESH BARMA ,8597962034,2045,0,0,0,2045
OP10210005401,Mrs. B LAKSHMI ,8142111333,2545,0,0,0,2545
OP10210005402,Mrs. M PADMAVATHI ,9985692932,3155,0,0,0,3155
OP10210005406,Mr. E SATYAVENI ,9848328289,0,0,2885,0,2885
OP10210005411,Mrs. K SUJATHA,9440017939,2900,0,0,0,2900
OP10210005413,Mr. P SHANMUKHSAI,9985670486,2385,0,0,0,2385
OP10210005417,Mr. B ANUDEEP ,7416104198,2185,0,0,0,2185
OP10210005422,Mr. CHINNAPA REDDY Y,9948621203,870,0,0,0,870
OP10210005432,Mr. LIMBA A,7032796338,0,0,700,0,700
OP10210005436,Mr. V VASANTHA RAO ,9676336943,700,0,0,0,700
OP10210005442,Mr. B SRINIVASA RAO ,8142452002,0,0,2855,0,2855
OP10210005444,Mr. K SURESH BABU,9912215444,0,0,700,0,700
OP10210005449,Mr. S VENKATESWAR RAO ,7989538368,0,0,1748,0,1748
OP10210005447,Mrs. T JYOTHIRMAI ,9440214078,6500,0,0,0,6500
OP10210005466,Mr. K GARGEYA ,7331139987,3300,0,0,0,3300
OP10210005468,Mr. SIVA PRASAD REDDY M,9346698555,0,0,2295,0,2295
OP10210005470,Mrs. G LAKSHMI ,9885253098,1967,0,0,0,1967
OP10210005472,Mrs. M MINUSHA ,9553151222,1938,0,0,0,1938
OP10210005474,Mr. G BHU LAKSHMI ,9848877585,2555,0,0,0,2555
OP10210005480,Mr. G NAGENDRA RAO,9848477279,1845,0,0,0,1845
OP10210005486,Mr. M CHOLA RAJU,9505490044,0,0,700,0,700
OP10210005487,Mr. M VENKATA REDDY ,7799224009,2885,0,0,0,2885
OP10210005488,Mr. P RAMA KRISHNA ,9676268849,1748,0,0,0,1748
OP10210005489,Mrs. M ANANTHA LAKSHMI ,9849382821,4755,0,0,0,4755
OP10210005492,Mr. P DINESH KUMAR ,9052127674,1485,0,0,0,1485
OP10210005502,Mr. J SIVA NAGI REDDY ,9555656999,0,0,2185,0,2185
OP10210005506,Mr. G VEERA BABU ,9703984275,800,0,0,0,800
OP10210005496,Mr. G MAHIMA KUMAR ,9014366678,0,0,1480,0,1480
OP10210005514,Mrs. DIVYA N ,7997478701,0,0,700,0,700
OP10210005512,Mr. R VIJAYA BHASKAR REDDY ,9966591267,2500,0,0,0,2500
OP10210005513,Mrs. R MADHAVI ,9966591267,2500,0,0,0,2500
OP10210005509,Mrs. G KUMARI ,8712255278,2685,0,0,0,2685
OP10210005510,Mr. M SRINIVASA RAO,9603233714,5750,0,0,0,5750
OP10210005516,Mrs. CH HANUMAYAMMA ,9440734365,0,0,1946,0,1946
OP10210005518,Mr. SK ABDUL SATTAR ,8341914120,0,0,2445,0,2445
OP10210005521,Mr. B JESHWANTH ,8498840298,2375,0,0,0,2375
OP10210005524,Mr. SK HAZRATHALLI ,8790678769,0,0,1195,0,1195
OP10210005531,Mrs. G MADHAVI ,9885756383,0,0,1400,0,1400
OP10210005532,Mrs. R NAGA MALLESWARI ,8688965392,2600,0,0,0,2600
OP10210005533,Mr. SK AMEER ,8121365458,1400,0,0,0,1400
OP10210005537,Mrs. D LAKSHMI TIRUPATHAMMA ,7842415328,0,0,2185,0,2185
OP10210005538,Mrs. P BABY ,9866152778,0,0,2185,0,2185
OP10210005544,Mr. U RAJU ,9349597899,1200,0,0,0,1200
OP10210005552,Mrs. V RAMA DEVI ,9912728349,3300,0,0,0,3300
OP10210005554,Mrs. A RAJANI ,8790906707,0,0,2920,0,2920
OP10210005559,Mrs. V CHANDANA ,9390097323,0,0,700,0,700
OP10210005563,Mr. CHINNAPA REDDY Y,9948621203,670,0,0,0,670
OP10210005567,Mr. M BALA KRISHNA ,6302553840,160,0,0,0,160
OP10210005566,Mr. RAJIV SAGAR REDDY ,9032014363,0,0,10035,0,10035
OP10210005570,Mr. M LATHIF ,9100109135,0,0,2500,0,2500
OP10210005572,Mr. M YEDUKONDALU ,9948685514,3105,0,0,0,3105
OP10210005575,Mrs. P YELAMANDAMMA,9441750529,3505,0,0,0,3505
OP10210005573,Mr. V RAJA SEKHAR REDDY ,9989543474,1985,0,0,0,1985
OP10210005574,Mrs. E SIVA PARVATHI ,9912197062,2435,0,0,0,2435
OP10210005578,Mr. B SUDHAKAR ,9553122016,0,0,1550,0,1550
OP10210005581,Mr. K BABU ,7396254661,0,0,2000,0,2000
OP10210005583,Mr. P NAGESWAR RAO ,7233976595,1985,0,0,0,1985
OP10210005590,Mrs. V NAGA MALLESWARI ,8247022716,0,0,2625,0,2625
OP10210005592,Mr. R SAMBA SIVA RAO,9492328090,12145,0,0,0,12145
OP10210005594,Mr. A VENKATAIAH,9640667707,2220,0,0,0,2220
OP10210005597,Mr. V RISHIK  REDDY  ,9885116068,1770,0,0,0,1770
OP10210005598,Mr. K RAJESH ,9615778778,700,0,0,0,700
OP10210005607,Mrs. N VENKATA RAMANA,7013047303,1485,0,0,0,1485
OP10210005593,Mr. A APPI REDDY ,9959584864,0,0,200,0,200
OP10210005611,Ms. T KASTURI ,8019996070,0,0,1816,0,1816
OP10210005613,Mr. CH VENKATESWARA RAO ,9492079104,1000,0,0,0,1000
OP10210005614,Mrs. K DURGA DEVI ,9603453995,0,0,2200,0,2200
OP10210005616,Mr. D RAMANJANEYULU REDDY,9949768867,0,0,2930,0,2930
OP10210005615,Mr. A SIVA RAMI REDDY ,8328613141,1000,0,0,0,1000
OP10210005619,Mr. Y SRINU ,9885804595,3545,0,0,0,3545
OP10210005620,Mr. KONDURI VENKATESH,8142428234,0,0,2185,0,2185
OP10210005622,Mrs. K PADMAJA ,8121410705,2045,0,0,0,2045
OP10210005628,Mr. K VENKATA RAO ,9885294421,2810,0,0,0,2810
OP10210005633,Mrs. P SUSEELA ,9014975508,3045,0,0,0,3045
OP10210005634,Mrs. K KEERTHANA RANI ,9398589675,1100,0,1000,0,2100
OP10210005637,Mrs. A KONDAMMA ,9394215599,0,0,2175,0,2175
OP10210005638,Mr. A RAMANA ,9394215599,0,0,3185,0,3185
OP10210005639,Mrs. M MARIYAMMA ,6302245044,0,0,2285,0,2285
OP10210005642,Mr. SK AHMMAD SHAREEF ,9951493972,0,0,880,0,880
OP10210005636,Mr. K VENKATA RAO ,9885294421,700,0,0,0,700
OP10210005647,Mrs. S NAGENDRAM ,9959127718,1685,0,0,0,1685
OP10210005654,Mrs. B LAKSHMI ,8142111333,1845,0,0,0,1845
OP10210005660,Mr. B RAJA ,9491854784,0,0,2685,0,2685
OP10210005661,Mr. K NARESH KUMAR ,9493200834,1000,0,0,0,1000
OP10210005663,Mr. M SUBBA RAO ,6302069984,0,0,1000,0,1000
OP10210005667,Mr. N VENKATESWARA REDDY ,9701646068,2920,0,0,0,2920
OP10210005668,Mrs. G ASHA REKHA ,9701920898,0,0,1905,0,1905
OP10210005671,Mrs. P PRASUNAMBA ,9666632128,1000,0,0,0,1000
OP10210005678,Mrs. S NAGA MALLESWARI ,6305647675,780,0,0,0,780
OP10210005682,Mr. K SUBBA RAO ,9440002362,700,0,0,0,700
OP10210005688,Mrs. A SAROJINI,9948037386,2400,0,0,0,2400
OP10210005694,Mrs. D BHUSAMMA ,9652264812,2885,0,0,0,2885
OP10210005698,Mrs. C V RAMADEVI ,9381081206,0,0,7200,0,7200
OP10210005705,Mrs. R NAGA MANI ,9440638769,2575,0,0,0,2575
OP10210005706,Mr. A HASSAN ,9052637415,4205,0,0,0,4205
OP10210005707,Ms. K SRI MANASA ,9030626437,0,0,12585,0,12585
OP10210005715,Mr. T SRINIVASA RAO ,7396972429,1509,0,0,0,1509
OP10210005717,Baby. SK NATHIHA ,8309091409,2110,0,0,0,2110
OP10210005726,Mr. KSR ANJANEYULU,9949277260,2745,0,0,0,2745
OP10210005722,Mr. P SOHEL BASHA ,7075003510,1100,0,0,0,1100
OP10210005730,Mr. A BHARATHI ,7730823566,2185,0,0,0,2185
OP10210005731,Ms. B SANDHYARANI,8297712130,0,0,2550,0,2550
OP10210005737,Mr. K PUNNARAO ,8186934024,2985,0,0,0,2985
OP10210005738,Mr. P HASSAN VALI ,9550025017,4335,0,0,0,4335
OP10210005743,Mr. SYED AMEER BASHA ,7093913556,2470,0,0,0,2470
OP10210005747,Mrs. K CHADRA LAKSHMI ,9985190225,0,0,1600,0,1600
OP10210005751,Mr. A HASSAN ,9052637415,8550,0,0,0,8550
OP10210005750,Mr. P RAMESH ,9290032556,0,0,3110,0,3110
OP10210005752,Mr. J RAMESH REDDY ,9441296886,0,0,3295,0,3295
OP10210005759,Mr. K SAI KRISHNA ,9390017396,0,0,1700,0,1700
OP10210005768,Mr. P BALA KRISHNA ,9505532543,5580,0,0,0,5580
OP10210005767,Mrs. B MAHA LAKSHMI ,9391814513,2185,0,0,0,2185
OP10210005771,Mrs. SK SAIDA BEE ,9490657240,2855,0,0,0,2855
OP10210005770,Mr. SK MAHABOOB SUBHANI ,8317613144,2355,0,0,0,2355
OP10210005774,Mr. B RAMAIAH,9000395936,0,0,2220,0,2220
OP10210005787,Mrs. RADHA S,9542640322,1425,0,0,0,1425
OP10210005788,Mr. MEHABOOB BASHA ,9618894733,1368,0,0,0,1368
OP10210005786,Mr. K ESWAR ,8317553439,0,0,2220,0,2220
OP10210005794,Mr. SESI KUMAR ,9008737928,0,0,1776,0,1776
OP10210005798,Mr. Y PRASAD REDDY ,8639122502,0,0,4295,0,4295
OP10210005804,Ms. E NIRMALA ,7780340221,0,0,700,0,700
OP10210005808,Mr. K BHASKAR ,8297026678,1835,0,0,0,1835
OP10210005812,Mr. B SANKAR RAO ,9949856278,2685,0,0,0,2685
OP10210005818,Mr. CH SANJAY ,9848468825,1850,0,0,0,1850
OP10210005819,Mr. K PADMA RAO ,9949929712,0,0,1520,0,1520
OP10210005823,Mr. L VENKATESWAR RAO ,9550500585,0,0,700,0,700
OP10210005828,Mrs. M LAKSHMI THIRUPATHAMMA ,9963005994,2685,0,0,0,2685
OP10210005830,Mr. K PRAVEEN KUMAR ,9849166266,0,0,3429,0,3429
OP10210005832,Mr. SK NAGUL MEERA,9966671986,3200,0,0,0,3200
OP10210005833,Mrs. B RAJINI DEVI,7569962856,2095,0,0,0,2095
OP10210005834,Mrs. G SANDHYA ,9948242482,400,0,0,0,400
OP10210005839,Mr. B ROSAIAH ,9581412159,0,0,3230,0,3230
OP10210005841,Mr. M SIVA REDDY ,9618369290,3290,0,0,0,3290
OP10210005842,Mr. P NARAYANA MURTHY ,9246484444,0,0,1070,0,1070
OP10210005847,Mrs. K AMEENA BEE ,9701614791,3830,0,0,0,3830
OP10210005849,Mrs. I LAKSHMI ,9951856793,1175,0,0,0,1175
OP10210005854,Mr. A ANJI REDDY ,9182861881,0,0,2855,0,2855
OP10210005857,Mr. SK AMEER ,8121365458,700,0,0,0,700
OP10210005865,Mrs. V VARA LAKSHMI ,9966010188,5205,0,0,0,5205
OP10210005869,Mrs. A SESHA RATNAM ,8333830861,2245,0,0,0,2245
OP10210005872,Mrs. P GYANTI DEVI ,9570070991,2645,0,0,0,2645
OP10210005871,Mr. K OMKARNADH ,9133877813,0,0,1660,0,1660
OP10210005877,Mrs. A BHASAVAMMA ,9581837474,3255,0,0,0,3255
OP10210005875,Ms. P RITHWIKA ,9848160778,0,0,3510,0,3510
OP10210005879,Mr. D ASHOK ,9000526407,3920,0,0,0,3920
OP10210005882,Mr. M RAJESH ,9949399831,2500,0,0,0,2500
OP10210005883,Mr. SK JANI ,7780371352,2685,0,0,0,2685
OP10210005885,Mr. S SAI VARDHAN ,6281773062,0,0,600,0,600
OP10210005891,Mrs. RIZWANA ,9390059122,0,0,2545,0,2545
OP10210005893,Mr. J RAMU ,9441322228,2185,0,0,0,2185
OP10210005902,Mrs. P SRI LAKSHMI ,9948345125,940,0,0,0,940
OP10210005915,Mrs. SK SALMA ,9705220006,2330,0,0,0,2330
OP10210005910,Mr. KRISHNA RAO CH,9182220585,2295,0,0,0,2295
OP10210005911,Mrs. K KATHYAYANI ,6281346097,1524,0,0,0,1524
OP10210005912,Mr. K BHASKAR REDDY ,6281346097,2424,0,0,0,2424
OP10210005917,Mr. V LAKSHMI REDDY ,9640040546,1188,0,0,0,1188
OP10210005918,Mr. M RAVINDRA ,9908055819,2883,0,0,0,2883
OP10210005919,Mr. K SRINIVASA RAO ,7675011788,700,0,0,0,700
OP10210005922,Mrs. M SIRISHA ,9177722737,600,0,0,0,600
OP10210005926,Mr. P DWARAKA ,9618617465,0,0,3185,0,3185
OP10210005923,Ms. KSUJATHA ,9849982222,1915,0,0,0,1915
OP10210005931,Mr. K SRINIVAS RAO ,9505533759,3535,0,0,0,3535
OP10210005930,Mrs. G LAKSHMI PAVANI ,7013386614,0,0,1100,0,1100
OP10210005934,Mr. GOPI KRISHNA P,9789878932,0,0,2185,0,2185
OP10210005941,Mr. B AKKULU,7671094511,2200,0,0,0,2200
OP10210005943,Mr. KSR ANJANEYULU,9949277260,2420,0,0,0,2420
OP10210005947,Mr. IRFAN AHMAD ,9059944073,700,0,0,0,700
OP10210005948,Mr. K MAHESH ,9346111627,0,0,2100,0,2100
OP10210005949,Mrs. P RADHA RANI ,8919691464,0,0,3505,0,3505
OP10210005956,Mr. G SRINIVAS RAO ,9908890303,1100,0,0,0,1100
OP10210005954,Mr. KRISHNA RAO P,9885383791,2470,0,0,0,2470
OP10210005953,Mr. G NIRANJAN KUMAR ,9676649727,0,0,2920,0,2920
OP10210005962,Mr. D VEERAIAH ,9032578755,0,0,3055,0,3055
OP10210005960,Mr. P BHARGAV REDDY ,9908923834,700,0,1985,0,2685
OP10210005966,Mr. T JAGADESH ,8341366315,700,0,0,0,700
OP10210005968,Ms. K ANURADHA ,9704252152,2385,0,0,0,2385
OP10210005974,Mr. BASAVAIAH D,7396133576,2185,0,0,0,2185
OP10210005982,Mrs. SK GOUSE ,8686856473,1985,0,0,0,1985
OP10210005979,Mr. J SRINIVAS RAO ,9032461230,0,0,3410,0,3410
OP10210005981,Ms. M DHANA LAKSHMI ,9642242749,785,0,0,0,785
OP10210005987,Mrs. K LAKSMI,9052449898,2425,0,0,0,2425
OP10210005989,Mr. S SUNIL ,9133133183,0,0,1700,0,1700
OP10210005993,Mrs. K SREE LATHA ,6361410376,1175,0,0,0,1175
OP10210005994,Mr. V VENKATESWARLU ,9866621221,3355,0,0,0,3355
OP10210005997,Mr. SK HAKEEM ,6302127630,0,0,2610,0,2610
OP10210006003,Mrs. K SREE LATHA ,6361410376,700,0,0,0,700
OP10210006007,Mrs. V KALPANA ,9553893940,0,0,3385,0,3385
OP10210006008,Mr. D SHUKI BAI ,9014593980,0,0,3330,0,3330
OP10210006009,Mr. B NAGARAJU ,9963339057,2995,0,0,0,2995
OP10210006010,Mrs. V SREE LATHA ,7286048960,0,0,1785,0,1785
OP10210006005,Mrs. T KONDAMMA ,9493935584,0,0,2685,0,2685
OP10210006006,Mrs. I SAROJINI ,8142214536,2470,0,0,0,2470
OP10210006011,Mr. SRINIVAS K,8977311036,1747,0,0,0,1747
OP10210006013,Mr. G YEDUKONDALU ,9966554190,3210,0,0,0,3210
OP10210006034,Mr. B SUBBA REDDY ,8688474559,2425,0,0,0,2425
OP10210006036,Mr. R BALOJI NAIK ,8501811112,0,0,2085,0,2085
OP10210006038,Mrs. B MARIYAMMA,8374984263,1735,0,0,0,1735
OP10210006039,Mrs. A SESHA RATNAM ,8333830861,400,0,0,0,400
OP10210006040,Mrs. T PADMA KUMARI ,8142575115,4325,0,0,0,4325
OP10210006044,Mrs. S SUNDARI ,8499921787,700,0,0,0,700
OP10210006045,Mrs. B NIRMALA ,9949524668,1710,0,0,0,1710
OP10210006046,Mr. RAVINDRA N,9985576558,2685,0,0,0,2685
OP10210006047,Mr. D VENKATA REDDY ,9701050025,2355,0,0,0,2355
OP10210006048,Mr. Y PRASAD REDDY ,8639122502,0,0,2300,0,2300
OP10210006049,Mr. L RAJU ,8008337167,0,0,1400,0,1400
OP10210006052,Mr. K KIRAN KUMAR ,9247827535,1100,0,0,0,1100
OP10210006056,Mrs. MD GOUSIYA BEGUM,9949854148,2545,0,0,0,2545
OP10210006059,Mr. JAI SURYA B,9959644410,0,0,700,0,700
OP10210006065,Mr. N HARI  NARAYANA REDDY,9603618398,3455,0,0,0,3455
OP10210006068,Mr. A VENKATAIAH,9640667707,3520,0,0,0,3520
OP10210006067,Mrs. J LAKSHMI RAJYAM ,7893739242,2310,0,0,0,2310
OP10210006080,Ms. R SUNITHA ,6281737614,0,0,2685,0,2685
OP10210006082,Mrs. T SIVA PARVATHI,7731878760,0,0,1985,0,1985
OP10210006084,Mr. KONDURI VENKATESH,8142428234,0,0,1200,0,1200
OP10210006087,Mr. S SAI VARDHAN ,6281773062,700,0,0,0,700
OP10210006088,Mr. J PAPARAO,8978046422,0,0,2885,0,2885
OP10210006090,Mrs. MD GOUSIYA BEGUM,9949854148,200,0,0,0,200
OP10210006092,Mr. T GURAVA REDDY ,9440263227,0,0,8316,0,8316
OP10210006096,Mrs. P LAKSHMI ,9652297705,2685,0,0,0,2685
OP10210006095,Mrs. Y SIVA SHANKAR ,9000835408,0,0,700,0,700
OP10210006099,Mr. CH VENKATESWARLU ,7780244976,3720,0,0,0,3720
OP10210006102,Mrs. CH HANUMAYAMMA ,9440734365,0,0,1310,0,1310
OP10210006103,Mrs. Y MANGAMMA ,9441941078,3085,0,0,0,3085
OP10210006105,Mr. BASAVAIAH D,7396133576,870,0,0,0,870
OP10210006116,Mr. CH VEMA ,9392559782,0,0,1485,0,1485
OP10210006122,Mrs. G UMADEVI ,9849083626,700,0,0,0,700
OP10210006123,Mr. K NARASIMHA RAO ,9346874422,0,0,1675,0,1675
OP10210006119,Mrs. M LAKSHMI,8328562560,0,0,2685,0,2685
OP10210006121,Ms. SK SAJIDA ,8074130302,700,0,0,0,700
OP10210006124,Mr. Y SAMBI REDDY ,9848749591,0,0,700,0,700
OP10210006126,Mr. D VENKATESWARLU,7842756731,2075,0,0,0,2075
OP10210006127,Mr. KRISHNA RAO CH,9182220585,1770,0,0,0,1770
OP10210006128,Mr. G RAM CHARAN ,8106484888,2270,0,0,0,2270
OP10210006130,Mr. M VISHAL REDDY ,9494676184,0,0,2685,0,2685
OP10210006134,Mrs. SK SALMA ,9705220006,700,0,0,0,700
OP10210006132,Mrs. M SATYAMMA ,8187879328,2885,0,0,0,2885
OP10210006138,Mrs. V SULAKSHANA ,6305115029,0,0,2885,0,2885
OP10210006136,Mrs. P ALISU ,9505639623,1795,0,0,0,1795
OP10210006139,Mr. B LAKSHMI GOPI REDDY ,9949243015,2695,0,0,0,2695
OP10210006140,Mr. Y YALAMANDA REDDY ,9912002255,1700,0,0,0,1700
OP10210006144,Mrs. Y SANTHI ,9502472692,1729,0,0,0,1729
OP10210006147,Mrs. K SAROJAMMA ,8008939449,0,0,3204,0,3204
OP10210006150,Mr. K VEERA ANJANEYULU,9704820269,1600,0,0,0,1600
OP10210006151,Mr. K SRINIVASA RAO ,9866840191,0,0,2684,0,2684
OP10210006153,Mr. O VENKATESWARULU ,9989548984,2405,0,0,0,2405
OP10210006155,Mrs. K ESTARU RANI ,9908232771,0,0,2185,0,2185
OP10210006156,Mrs. K PADMA,7207901575,170,0,0,0,170
OP10210006161,Mr. M CHUKKAIAH ,9492902002,0,0,2170,0,2170
OP10210006163,Mr. K JAGADEESH CHANDRA SHEKAR ,9008895259,700,0,0,0,700
OP10210006162,Mr. K ASHOKVARDHAN REDDY ,9966124333,700,0,0,0,700
OP10210006169,Mr. P BALA KRISHNA ,9505532543,2020,0,0,0,2020
OP10210006172,Mr. G ABHI ,8498810027,3900,0,0,0,3900
OP10210006184,Baby. G BHAVYA SRI ,9030606611,0,0,1400,0,1400
OP10210006189,Mrs. D NAGA LAKSHMI ,9963297184,200,0,4145,0,4345
OP10210006190,Mrs. P POOJA ,6302043024,0,0,2485,0,2485
OP10210006192,Mr. V SRINIVASA RAO ,8374612459,0,0,1385,0,1385
OP10210006196,Mr. B BAJI ,8790160819,2685,0,0,0,2685
OP10210006200,Mr. K ANJANEYULU,9866433588,0,0,2610,0,2610
OP10210006201,Mr. JAGADISH PANDEY,9000993439,700,0,0,0,700
OP10210006203,Mr. P MAHABOOB KHAN ,9985031160,0,0,2255,0,2255
OP10210006207,Ms. SK ANISA ,9603779245,1100,0,0,0,1100
OP10210006208,Ms. K RAMA DHANUSH ,8897886687,0,0,1748,0,1748
OP10210006209,Ms. V SRUJANA REDDY ,6301298149,0,0,3800,0,3800
OP10210006212,Mrs. ANUSHA K ,9951346246,0,0,2185,0,2185
OP10210006214,Mr. G VENKATESWARA RAO ,8328501081,2300,0,0,0,2300
OP10210006217,Mr. SAI SRIDHAR M V,9912719649,0,0,2185,0,2185
OP10210006226,Mr. K SRINIVAS REDDY ,9010666548,2885,0,0,0,2885
OP10210006228,Mr. CH VEERA NARAYANA ,8464840963,3244,0,0,0,3244
OP10210006229,Mr. SK JANI BASHA ,9963903288,1905,0,0,0,1905
OP10210006232,Ms. G MANIKYAM ,8184993932,0,0,1040,0,1040
OP10210006241,Ms. K PRAVALIKA ,9391901324,0,0,1485,0,1485
OP10210006245,Mr. K GOPPAIAH ,8008591680,1985,0,0,0,1985
OP10210006244,Ms. K ANUSHA ,9949293960,1485,0,0,0,1485
OP10210006248,Ms. J GUNAVATSALYA ,9959815533,2600,0,0,0,2600
OP10210006252,Ms. K VENKAYAMMA ,9515614524,6695,0,0,0,6695
OP10210006255,Mrs. T NAGA LAKSHMI ,9985223945,0,0,2185,0,2185
OP10210006256,Mrs. P PRASANA ,9121466460,2885,0,0,0,2885
OP10210006257,Mr. K RAVI BABU ,9948792647,900,0,0,0,900
OP10210006259,Mr. R SESHAIAH,6304947357,700,0,0,0,700
OP10210006260,Mr. J RAMESH ,9441296886,2495,0,0,0,2495
OP10210006263,Mr. LIYA KATHILI ,7794021202,0,0,2585,0,2585
OP10210006269,Mr. P HEMANTH ,9493064656,0,0,700,0,700
OP10210006273,Mr. A UMA SANKAR REDDY ,9502447068 ,1175,0,0,0,1175
OP10210006278,Mrs. NAVARATHNA KUMARI P,9989419935,3270,0,0,0,3270
OP10210006284,Mr. RAMIREDDY K V,9848365778,0,0,1820,0,1820
OP10210006290,Mr. T V V SATHYA NARAYANA ,9849400096,0,0,3210,0,3210
OP10210006295,Mrs. G SARADA ,8008327243,0,0,1000,0,1000
OP10210006304,Ms. NIHARIKA M,8247359283,3285,0,0,0,3285
OP10210006305,Mr. G VEERAIAH ,9110582148,775,0,0,0,775
OP10210006306,Mr. B SYAM ,9030187188,2185,0,0,0,2185
OP10210006307,Ms. SK FATHIMUNNISA ,7093850503,785,0,0,0,785
OP10210006311,Mr. M THIRUPATHI RAO,9550163907,0,0,1664,0,1664
OP10210006312,Mr. SK JHANI ,9392615501,0,0,1884,0,1884
OP10210006313,Ms. Y HIMA BINDHU ,9014184769,2350,0,0,0,2350
OP10210006315,Mr. M SURI BABU,9948887155,1748,0,0,0,1748
OP10210006320,Mr. SK SARDHAR,9908200597,0,0,1485,0,1485
OP10210006324,Mr. P RABBANI,6304777539,0,0,5285,0,5285
OP10210006327,Mr. B NAGARAJU ,9963339057,0,0,3045,0,3045
OP10210006329,Mr. K BALA KRISHNA REDDY,9948712107,0,0,2605,0,2605
OP10210006330,Mr. K SUDHAKAR ,9948494783,1600,0,0,0,1600
OP10210006340,Mr. K MADHUSUDHAN REDDY,8331933335,0,0,3035,0,3035
OP10210006341,Mr. P RAVI KUMAR ,9948663648,0,0,2050,0,2050
OP10210006360,Mrs. P NIKITHA SAI,7981309360,2100,0,0,0,2100
OP10210006366,Mr. KSR ANJANEYULU,9949277260,1070,0,0,0,1070
OP10210006367,Mrs. T GURUVAMMA ,8688262882,1905,0,0,0,1905
OP10210006368,Mr. M CHUKKAIAH ,9492902002,1270,0,0,0,1270
OP10210006369,Ms. K VENKAYAMMA ,9515614524,1100,0,0,0,1100
OP10210006370,Mrs. SK MEERABI,9949524877,0,0,1655,0,1655
OP10210006371,Mr. M VENKATESWAR REDDY,9603561214,2645,0,0,0,2645
OP10210006375,Mr. NAGA BHUSHANA RAO A,9490256602,0,0,2636,0,2636
OP10210006376,Mr. SRIDHAR BABU V,9603572730,320,0,0,0,320
OP10210006377,Mrs. MADHAVI LATHA P,9912721225,1000,0,0,0,1000
OP10210006380,Mr. N CHNADRA SEKHAR ,7799491034,700,0,0,0,700
OP10210006381,Mrs. N SUJATHA ,7799491034,1100,0,0,0,1100
OP10210006382,Ms. J SIRI VENNALA,9666517027,2185,0,0,0,2185
OP10210006384,Mr. CH VENU GOPAL REDDY,9848791644,0,0,2885,0,2885
OP10210006386,Mr. T GOPI CHANDU,9912487143,4485,0,0,0,4485
OP10210006387,Mrs. B MARY PRIYA DHARSHINI ,9032331132,0,0,2185,0,2185
OP10210006389,Mr. Y SRINIVAS REDDY ,8500588375,1200,0,2380,0,3580
OP10210006396,Mr. R ESWAR REDDY ,9346464669,0,0,3080,0,3080
OP10210006397,Mr. P VENKATESWARA RAO ,9290784898,1200,0,0,0,1200
OP10210006400,Mrs. S SRAVYA ,7780109619,0,0,2210,0,2210
OP10210006402,Mr. ALLA MALAREDDY,9966085812,0,0,3070,0,3070
OP10210006394,Mrs. S SUBBAYAMMA,9949093450,5780,0,0,0,5780
OP10210006399,Mr. SRIDHAR BABU V,9603572730,1000,0,1600,0,2600
OP10210006406,Mrs. K LAKSHMI KAMALA,8121818000,4800,0,0,0,4800
OP10210006408,Mr. P VIJAY VARDHAN GOPI CHAND,9491227391,2370,0,0,0,2370
OP10210006412,Mrs. G BHAQVYA ,8317576171,2300,0,0,0,2300
OP10210006416,Mr. G K D PRASADH RADDY,8106636688,0,0,3950,0,3950
OP10210006420,Mr. G VIVEK BHARATH,9100152505,2970,0,0,0,2970
OP10210006425,Mr. T BALA KRISHNA ,8977555349,0,0,2970,0,2970
OP10210006427,Mrs. T SRI LAKSHMI,8332808013,0,0,1080,0,1080
OP10210006430,Mr. Y SAMBA SIVA RAO,7780585586,0,0,6870,0,6870
OP10210006431,Mr. SK KUTUBUDDIN,7013969469,2400,0,0,0,2400
OP10210006434,Mr. SK JABBIBULA ,9959135560,0,0,1800,0,1800
OP10210006437,Mr. J KISHORE,9030167054,0,0,2950,0,2950
OP10210006440,Mr. G ABHI ,8498810027,1770,0,0,0,1770
OP10210006436,Mr. M RAMBABU,9949169626,0,0,1770,0,1770
OP10210006441,Mr. G RAGHAVENDRA ,6281099091,0,0,2950,0,2950
OP10210006444,Mr. T SATISH,9951405727,2760,0,0,0,2760
OP10210006449,Mr. V SAMUEL ,9846508467,0,0,2920,0,2920
OP10210006447,Mrs. V THIRUPATHAMMA  BAI ,6301528256,1280,0,0,0,1280
OP10210006454,Mr. SD SUBHANI ,9676466430,0,0,2050,0,2050
OP10210006455,Mr. Y SRINIVAS REDDY ,8500588375,0,0,8550,0,8550
OP10210006460,Mrs. S BHAVITHA REDDY ,7396146929,1776,0,0,0,1776
OP10210006463,Mr. CH SAMBA SIVA RAO ,9347820368,0,0,4920,0,4920
OP10210006469,Mr. HUSEN B,9154084974,0,0,2550,0,2550
OP10210006468,Mr. V SAMBI REDDY ,9553212999,2250,0,0,0,2250
OP10210006471,Ms. J SIRI VENNALA,9666517027,1000,0,0,0,1000
OP10210006475,Mr. K SUBBA RAO ,9908062826,2050,0,0,0,2050
OP10210006485,Mr. K PRABHAKAR REDDY ,9100131939,0,0,2300,0,2300
OP10210006496,Mr. A SHYAM KUMAR ,8688409017,200,0,0,0,200
OP10210006501,Mr. R GOPAL KRISHNA,8501810682,3450,0,0,0,3450
OP10210006515,Mrs. M LAKSHMI,9515507065,2750,0,0,0,2750
OP10210006522,Mr. B GOPI REDDY,8985724767,0,0,8325,0,8325
OP10210006526,Mrs. C LAKSHMI,7013548903,0,0,2750,0,2750
OP10210006536,Mr. CH MATTHAIAH ,8639239939,0,0,2696,0,2696
OP10210006538,Mr. Y SAMBA SIVA RAO,7780585586,1370,0,0,0,1370
OP10210006540,Mr. P SAMBA SIVA RAO ,9100851184,1970,0,0,0,1970
OP10210006545,Mrs. I KASI ANNAPURNA,9493624769,3150,0,0,0,3150
OP10210006546,Ms. E DHANUSHKA,9676336959,1770,0,0,0,1770
OP10210006552,Mr. I VENKATESWARLU,9703262039,0,0,3120,0,3120
OP10210006555,Mrs. CH RAMANA ,9490546863,2750,0,0,0,2750
OP10210006562,Mr. A SIVA RAMI REDDY ,6308082350,2136,0,0,0,2136
OP10210006564,Mrs. D KARTHIKA ,9581514142,0,0,2150,0,2150
OP10210006565,Mrs. SK SHAHEENA,7989385229,1360,0,0,0,1360
OP10210006568,Mrs. N RAVANAMMA,9959361401,0,0,2950,0,2950
OP10210006579,Mr. RAMA KRISHNA ,6304520435,0,0,1913,0,1913
OP10210006581,Mrs. A LEELA KUMARI ,8309291475,2300,0,0,0,2300
OP10210006584,Mr. T GURAVA REDDY ,9440263227,0,0,1350,0,1350
OP10210006594,Mrs. B CHENNAMMA ,9704094158,2520,0,0,0,2520
OP10210006590,Mr. M KARTHIK REDDY ,9912121623,0,0,1800,0,1800
OP10210006591,Mr. SYED BAJI ,8919140752,0,0,2250,0,2250
OP10210006592,Mrs. SHAMSHAD ,8639145020,0,0,700,0,700
OP10210006595,Mr. K MADHU MOHAN ,6300112012,2050,0,0,0,2050
OP10210006600,Mr. G VAMSI,8686015544,0,0,600,0,600
OP10210006614,Mrs. K KOTESWARI ,9347246354,0,0,2920,0,2920
OP10210006615,Mr. Y NAGUR REDDY  ,6305613553,2220,0,0,0,2220
OP10210006621,Mr. V VEERA REDDY ,9052499069,0,0,200,0,200
OP10210006625,Mr. SIVENDRA B,9059968469,0,0,4400,0,4400
OP10210006624,Mrs. M BHARGAVI,9885491449,2050,0,0,0,2050
OP10210006627,Mr. M MANIKANTA ,9705530996,0,0,700,0,700
OP10210006628,Mr. G RAJASEKHAR ,8074018753,2620,0,0,0,2620
OP10210006629,Mrs. T PRABHAVATHI,9966551974,0,0,2250,0,2250
OP10210006631,Mrs. V SUJATHA,7842112374,1870,0,0,0,1870
OP10210006638,Mr. G VENU GOPAL ,7386244942,0,0,2920,0,2920
OP10210006639,Mrs. G LEELA HARIKA ,9169695353,0,0,3450,0,3450
OP10210006642,Mr. K MAHESH BABU ,7780170817,900,0,0,0,900
OP10210006643,Mr. RAVI BABU B ,9703429557,5550,0,0,0,5550
OP10210006648,Mr. S VAMSI S,9640485811,0,0,2250,0,2250
OP10210006651,Mr. CH SAMBA SIVA RAO ,9347820368,700,0,1570,0,2270
OP10210006652,Mrs. P ARUNA ,8500994170,2750,0,0,0,2750
OP10210006653,Mrs. V SUJATHA,7842112374,1360,0,0,0,1360
OP10210006656,Mrs. V SANDEEP,9440414282,0,0,2420,0,2420
OP10210006661,Mr. K YALAMANDA,9182230517,0,0,2600,0,2600
OP10210006664,Mr. J YESHWANTH LAKSHMI RAMAIAH ,7382998086,2300,0,0,0,2300
OP10210006669,Mrs. K PRAMEELA RANI ,8790118868,2050,0,0,0,2050
OP10210006668,Mrs. G KALPANA ,9394029249,2050,0,0,0,2050
OP10210006671,Mr. N SAI BABU ,9014478034,0,0,2050,0,2050
OP10210006677,Mr. O VENKATA NARASIMHA RAO ,9177121525,0,0,1350,0,1350
OP10210006680,Mr. P SRINIVASA RAO ,9985933687,0,0,1550,0,1550
OP10210006683,Mrs. B PARVATHI,9948202886,1000,0,0,0,1000
OP10210006688,Mr. SK ABDUL KHUDDUS ,9166043599,1350,0,0,0,1350
OP10210006695,Mr. KRISHNA RAO CH,9182220585,0,0,2320,0,2320
OP10210006698,Ms. P ALISU ,9505639623,1820,0,0,0,1820
OP10210006699,Mr. S SESAIAH ,9177266086,1550,0,0,0,1550
OP10210006704,Mrs. K LAKSMI,9052449898,1300,0,0,0,1300
OP10210006713,Mrs. sujatha T,9849687496,3600,0,0,0,3600
OP10210006716,Mrs. G BHAVYA JYOTHI,8688491218,1200,0,0,0,1200
OP10210006718,Mrs. T MAHA LAKSHMI ,8466991525,1720,0,0,0,1720
OP10210006724,Mr. RAJAK SK,9848099129,2250,0,0,0,2250
OP10210006725,Mr. K ANJANEYULU ,9959659779,1900,0,0,0,1900
OP10210006727,Mr. T TULASI RAM,8886075530,0,0,2750,0,2750
OP10210006732,Mr. S GOPI NADH ,8985234632,0,0,2050,0,2050
OP10210006729,Mrs. T NAGENDRAMMA,9966944550,0,0,2650,0,2650
OP10210006736,Mrs. P PUSHPAVATHI ,7842991954,2570,0,0,0,2570
OP10210006731,Mr. K VICTOR PAUL ,9110568652,200,0,0,0,200
OP10210006735,Mr. Y VENKATESWARA REDDY ,9603887975,0,0,5370,0,5370
OP10210006737,Mr. M V BHASKAR REDDY ,8686166611,5250,0,0,0,5250
OP10210006738,Mrs. P VENKAYAMMA ,9949913506,2620,0,0,0,2620
OP10210006739,Mrs. B RAJYA LAKSHMI ,9133050822,2250,0,0,0,2250
OP10210006746,Mr. T RAMA DEVI,7981330062,1870,0,0,0,1870
OP10210006751,Mr. K VENKAT RAO,9493248809,1062,0,0,0,1062
OP10210006753,Mrs. V NAGA MALLESWARI ,8247022716,700,0,0,0,700
OP10210006756,Mrs. P TULASI DEVI ,9177986794,2450,0,0,0,2450
OP10210006758,Mr. I SUBBARAJU ,9848256525,0,0,700,0,700
OP10210006757,Mrs. V MARIYAMMA ,8978649131,0,0,700,0,700
OP10210006774,Mr. CH BALA GALAIAH ,9666794429,3880,0,0,0,3880
OP10210006775,Mr. D VENKATA RAO,9948340332,3150,0,0,0,3150
OP10210006776,Mr. B SIVAYYA ,8309154206,0,0,980,0,980
OP10210006777,Mr. SAI KARTHIK ,8688741723,1750,0,1700,0,3450
OP10210006778,Mr. Y NAGUR REDDY ,6305613553,2220,0,0,0,2220
OP10210006779,Mrs. M VARALAKSHMI ,7032510591,0,0,1700,0,1700
OP10210006781,Mrs. CH NARAYANAMMA ,9010202089,1550,0,0,0,1550
OP10210006780,Mrs. V RAMA DEVI ,6303039485,2440,0,0,0,2440
OP10210006783,Mr. M DHANIYELU ,8008688076,2450,0,0,0,2450
OP10210006785,Mr. PARISUDA RAO N,9949526915,2470,0,0,0,2470
OP10210006786,Mrs. B LOKESWARI ,6281577617,0,0,1950,0,1950
OP10210006782,Mrs. C LAKSHMI,7013548903,400,0,0,0,400
OP10210006791,Mr. K HARSHA VARDHAN,9739837428,0,0,2270,0,2270
OP10210006794,Mr. K NAGARAJU ,7073747999,0,0,2750,0,2750
OP10210006799,Mr. M DINESH RAHUL ,9397600314,0,0,700,0,700
OP10210006801,Mrs. T ANJAMMA ,9398723424,2320,0,0,0,2320
OP10210006803,Mr. SK ANWAR ,9884433788,0,0,2750,0,2750
OP10210006802,Mrs. M SAMPURNA ,6309436172,6970,0,0,0,6970
OP10210006806,Mr. V NAGI REDDY ,8309100173,0,0,2500,0,2500
OP10210006809,Mr. SK SARADHI,9849671486,700,0,0,0,700
OP10210006811,Mr. SK KARIMULLA,9441155934,2475,0,0,0,2475
OP10210006815,Mrs. R MADHAVI ,9490113244,2750,0,0,0,2750
OP10210006816,Mr. T RAMESH ,9701047928,1200,0,0,0,1200
OP10210006818,Mr. M SUBBA RAO,9885188884,0,0,3450,0,3450
OP10210006821,Mr. P JAGADEESH,8885726872,0,0,2750,0,2750
OP10210006823,Mr. CH VENKATA RAMAIAH,9666794424,0,0,1900,0,1900
OP10210006825,Mr. M SADHASREE,9177032600,2070,0,0,0,2070
OP10210006827,Ms. G NAVYA SREE,9394796039,0,0,2750,0,2750
OP10210006832,Mrs. D RAGHAVAMMA,9494177333,2220,0,0,0,2220
OP10210006836,Mr. K SHIVA KRISHNA ,9550518789,0,0,2250,0,2250
OP10210006837,Mr. B LAKSHMI NARAYANA ,6302201450,250,0,0,0,250
OP10210006846,Mr. S SESAIAH ,9177266086,1500,0,0,0,1500
OP10210006842,Mrs. A ADI LAKSHMI ,7569160947,850,0,0,0,850
OP10210006841,Mr. SK RASOOL,9849205848,0,0,700,0,700
OP10210006847,Mrs. V VIJAY LAKSHMI,9704923215,640,0,0,0,640
OP10210006849,Mr. S SAMBA SIVA RAO ,9553565897,1800,0,0,0,1800
OP10210006850,Ms. S VENKATA SUPRAJA ,9030289641,1650,0,0,0,1650
OP10210006855,Mr. B SRINU ,9866365057,2750,0,0,0,2750
OP10210006859,Mrs. ANUSHA JASTI,9951346246,1100,0,0,0,1100
OP10210006861,Mrs. M SWATHI ,9603584829,1050,0,0,0,1050
OP10210006866,Mrs. B CHENNAMMA ,9704794158,1820,0,0,0,1820
OP10210006868,Mrs. K V BHARATHI ,9502761617,0,0,1250,0,1250
OP10210006870,Mr. A VENKATESH ,8185986770,2750,0,0,0,2750
OP10210006871,Mr. J RAMBABU ,9502453766,2250,0,0,0,2250
OP10210006875,Mr. A NAVEEN REDDY ,9982534534,0,0,2720,0,2720
OP10210006891,Mr. B NARENDRA ,7842304466,0,0,3450,0,3450
OP10210006892,Ms. M PADMAVATHI ,9951345711,0,0,2370,0,2370
OP10210006893,Mrs. N VIMALA  KUMARI ,8309735368,2400,0,0,0,2400
OP10210006894,Mrs. P PAVANI ,9381304848,1450,0,0,0,1450
OP10210006895,Mrs. N ANURADHA ,8639210927,0,0,2950,0,2950
OP10210006898,Mr. Y PRASAD REDDY ,8639122502,2300,0,0,0,2300
OP10210006899,Baby. RISHI SANVIK B,8374013432,1600,0,0,0,1600
OP10210006903,Mr. Y NARASIMHA RAJU ,9703145555,0,0,2950,0,2950
OP10210006904,Mrs. M RAJESWARI ,6362730586,3870,0,0,0,3870
OP10210006912,Mrs. G SUBBA LAKSHMI ,8985108312,0,0,2270,0,2270
OP10210006916,Mr. N SRINIVASA RAO ,9866044507,2250,0,0,0,2250
OP10210006919,Mr. J KASIM ,9502655896,0,0,2250,0,2250
OP10210006921,Mr. G SURESH BABU ,8466927345,2750,0,0,0,2750
OP10210006922,Mr. P MOHAN SANKAR ,8688638349,0,0,900,0,900
OP10210006924,Mr. K ANAND BABU ,8333835229,2750,0,0,0,2750
OP10210006925,Ms. SK BEEBI JAN ,9912527277,2320,0,0,0,2320
OP10210006926,Mrs. K CHADRA LAKSHMI ,9985190225,1100,0,0,0,1100
OP10210006927,Mr. CH VENU GOPAL RAO ,9177790404,2420,0,0,0,2420
OP10210006929,Mr. SK KARIMULLA ,9381817685,2400,0,0,0,2400
OP10210006933,Mr. G SIVA NAGULU ,8179049721,0,0,4050,0,4050
OP10210006937,Mrs. P LAKSHMI KANTHAMMA,9160369788,0,0,1550,0,1550
OP10210006938,Mr. A RAMESH BABU,7013168661,1500,0,0,0,1500
OP10210006943,Mr. P ANIL KUMAR ,9949945522,5920,0,0,0,5920
OP10210006942,Mr. V RAMESH KUMAR,9705989307,0,0,2720,0,2720
OP10210006944,Mr. G YEDUKONDALU ,7601024259,0,0,750,0,750
OP10210006945,Mrs. G KRISHNA VENI ,9010190027,0,0,1700,0,1700
OP10210006946,Mr. N ROSHAN ,6305875382,1935,0,0,0,1935
OP10210006955,Mr. K N SRINIVAS ,9676977077,0,0,8850,0,8850
OP10210006961,Mr. SK GOUSE,9160490929,0,0,1800,0,1800
OP10210006962,Mr. pathan rafi ,9059575115,3870,0,0,0,3870
OP10210006963,Mr. NEVAN KUMAR ,9441553390,0,0,2149,0,2149
OP10210006967,Mrs. V KUSUMA ,7981547762,0,0,3870,0,3870
OP10210006969,Mr. M HEMANTH ,9492471554,2270,0,0,0,2270
OP10210006968,Mr. D NARASIMHA REDDY ,7799409227,0,0,2720,0,2720
OP10210006974,Mr. V MALLESWARAO ,9490114977,3470,0,0,0,3470
OP10210006970,Mrs. PRANITHA K,9949534444,2370,0,0,0,2370
OP10210006983,Mrs. K PADMAJA ,8121410705,0,0,1450,0,1450
OP10210006994,Mrs. P ARUNA ,8008494625,0,0,2250,0,2250
OP10210006995,Mr. Y NAGUR REDDY ,6305613553,1770,0,0,0,1770
OP10210006997,Mr. S SRINIVAS RAO ,9398132585,2950,0,0,0,2950
OP10210007019,Mrs. T RUKMINI DEVI,9392578875,2330,0,0,0,2330
OP10210007026,Ms. M PADMAVATHI ,9951345711,1270,0,0,0,1270
OP10210007032,Mr. N D PRASAD ,9440261687,700,0,0,0,700
OP10210007031,Mrs. G SAI POOJITHA ,9618504072,0,0,700,0,700
OP10210007036,Mrs. JHANSI RANI C H,6301246659,700,0,0,0,700
OP10210007038,Mr. VENKATAPPAIAH S,9849950753,3150,0,0,0,3150
OP10210007039,Mrs. K RADHA RANI ,9505399139,0,0,2250,0,2250
OP10210007040,Mr. M HEMANTH ,9492471554,2300,0,0,0,2300
OP10210007042,Mr. G TARUN ,9885756284,2320,0,0,0,2320
OP10210007043,Mr. T RAMANA ,9848577212,0,0,1800,0,1800
OP10210007044,Mr. M VENKATESWAR REDDY,9603561214,1870,0,0,0,1870
OP10210007045,Mrs. K MANASA PHANI ,7416207875,0,0,2750,0,2750
OP10210007047,Mr. B PREM,9676881389,0,0,2250,0,2250
OP10210007048,Mrs. CH ALLURAMA ,8074953020,2950,0,0,0,2950
OP10210007055,Mrs. A KEERTHANA,9908414624,0,0,6570,0,6570
OP10210007057,Mr. MEHABOOB BASHA ,9618894733,0,0,200,0,200
OP10210007059,Mrs. P GOWTHAMI ,8919482376,0,0,2150,0,2150
OP10210007058,Mrs. P SUDEKSHA ,8919482376,0,0,2150,0,2150
OP10210007060,Mrs. D MARTHAMMA ,7671004595,0,0,2950,0,2950
OP10210007062,Mrs. A SIVAMMA ,9603863717,2050,0,0,0,2050
OP10210007063,Mr. P TEJA,9391208043,1770,0,0,0,1770
OP10210007066,Mr. SK SUBHANI ,6304426805,2250,0,0,0,2250
OP10210007065,Mr. V VEERA REDDY ,9052499069,400,0,0,0,400
OP10210007069,Mr. SIVASANKAR M,9603862286,700,0,0,0,700
OP10210007071,Mr. SD MASTANVALI,9966618778,0,0,2120,0,2120
OP10210007067,Mr. P BAJI ,9494098489,1960,0,0,0,1960
OP10210007072,Mrs. M VANITHA ,9030001378,1925,0,0,0,1925
OP10210007076,Mr. KASIM SAIDA SK,9866635347,0,0,1860,0,1860
OP10210007084,Mr. CH VENU GOPAL REDDY,9848791644,0,0,2570,0,2570
OP10210007085,Mr. SAI AKLESH REDDY ,9059139737,2750,0,0,0,2750
OP10210007093,Mr. S VENKATESWARLU ,9959092479,1600,0,0,0,1600
OP10210007099,Mrs. D RAMANAMMA,9492617487,2200,0,0,0,2200
OP10210007100,Mr. M BUCHI RAJU ,9347538308,3450,0,0,0,3450
OP10210007105,Mr. A VENKATESWARA RAO,8179109986,5120,0,0,0,5120
OP10210007107,Mrs. M D CHANDINI ,9703066699,0,0,2750,0,2750
OP10210007109,Mr. G RAMA RAJU ,9390746653,0,0,2250,0,2250
OP10210007111,Mr. T SRINIVASA RAO ,7396972429,1092,0,0,0,1092
OP10210007116,Mr. K MADHUSUDHAN REDDY,8331933335,0,0,3170,0,3170
OP10210007121,Mr. B KASI REDDY,9542335853,2184,0,0,0,2184
OP10210007122,Mr. B RARAJU,9676278286,2750,0,0,0,2750
OP10210007126,Mr. R ANAND KUMAR ,8978092132,700,0,0,0,700
OP10210007130,Mr. T SESAIAH ,8096521445,2450,0,0,0,2450
OP10210007131,Mr. K KASINADHABABU,9848589112,3850,0,0,0,3850
OP10210007133,Mr. RAVI BABU B ,9703429557,1700,0,0,0,1700
OP10210007134,Mr. SK USMAN VALI ,9912258522,0,0,2340,0,2340
OP10210007132,Mr. K BANU PRAKASH,7032811540,0,0,2070,0,2070
OP10210007136,Mr. U MURALISWARA REDDY,9986502288,0,0,2850,0,2850
OP10210007137,Mrs. P CHITTI,9347636033,5150,0,0,0,5150
OP10210007139,Mr. K VENKAT RAO,9493248809,1300,0,0,0,1300
OP10210007138,Mr. M VAMSI  KRISHNA ,9346466787,2400,0,0,0,2400
OP10210007140,Mr. O VENKATA NARASIMHA RAO ,9177121525,4550,0,0,0,4550
OP10210007141,Mr. CH PRAMILA RANI,9703876677,2150,0,0,0,2150
OP10210007143,Mr. M SRINIVAS ,9441068989,2320,0,0,0,2320
OP10210007144,Ms. RANGA REDDY T,9849224228,0,0,700,0,700
OP10210007146,Mrs. MD SAIDA BEE ,8143811762,0,0,1800,0,1800
OP10210007148,Mrs. P LAKSHMI KANTHAMMA,9160369788,0,0,1500,0,1500
OP10210007160,Mr. K LAVANYA,9966369104,2500,0,0,0,2500
OP10210007163,Mrs. PRAMILA RANI ,9972936389,2405,0,0,0,2405
OP10210007164,Mr. G MALA KONDAIAH  ,9949609258,2470,0,0,0,2470
OP10210007165,Mr. SRIDHAR BABU V,9603572730,2720,0,0,0,2720
OP10210007167,Mrs. KEERTHANA RANI K,9398589675,700,0,0,0,700
OP10210007171,Mr. D SRINIVAS REDDY ,9703940153,0,0,1800,0,1800
OP10210007175,Mr. VENKATESWARA RAO P,9290784898,0,0,700,0,700
OP10210007176,Mr. K SRINIVAS RAO,9703608835,0,0,3470,0,3470
OP10210007178,Mr. B VENKATESWARLU,8639975588,2550,0,0,0,2550
OP10210007177,Mr. D SRINU BASHA,9701441646,700,0,0,0,700
OP10210007193,Mrs. B RADHA,9000724612,700,0,0,0,700
OP10210007194,Mr. P ADHAM KHAN,9347246514,2050,0,0,0,2050
OP10210007196,Mrs. SIVAMMA ,9866123379,0,0,1950,0,1950
OP10210007195,Mrs. K SUKANYA,9493223746,3200,0,0,0,3200
OP10210007200,Mr. Y SAMBA SIVA RAO,7780585586,3420,0,0,0,3420
OP10210007210,Mrs. V KUSUMA ,7981547762,1770,0,0,0,1770
OP10210007213,Mr. M CHANDRU NAIK,8125344763,2420,0,0,0,2420
OP10210007214,Mr. S SESAIAH ,9177266086,0,0,1920,0,1920
OP10210007220,Mr. K MALLIKARJUNA REDDY,9182073585,1870,0,0,0,1870
OP10210007222,Mr. KARUNAYA K,7659800668,0,0,2470,0,2470
OP10210007225,Mrs. K PARVATHI ,8712403256,100,0,0,0,100
OP10210007228,Mrs. D YASODHA,8688974375,1770,0,0,0,1770
OP10210007227,Mr. m siva rama krishna,8119288118,2656,0,0,0,2656
OP10210007232,Ms. LAKSHWAMMA P,8639981819,0,0,1400,0,1400
OP10210007235,Mrs. B CHENNAMMA ,9704794158,1320,0,0,0,1320
OP10210007231,Mr. Y NAGUR REDDY ,6305613553,0,0,2220,0,2220
OP10210007234,Mr. D PUNNA RAO,8106220124,3870,0,0,0,3870
OP10210007236,Mr. SK AHMMAD SHAREEF ,9951493972,0,0,3000,0,3000
OP10210007245,Mrs. K RAJESHWARI,8567877999,0,0,3620,0,3620
OP10210007247,Mr. CH MAHESWARA REDDY,9505878781,1550,0,0,0,1550
OP10210007246,Mr. k kamal,9849737904,700,0,0,0,700
OP10210007249,Mr. N HANUMANTH RAO,8985109109,0,0,3450,0,3450
OP10210007250,Mrs. J VANI,8121271190,2150,0,0,0,2150
OP10210007253,Mrs. V PRAMILA DEVI,9291558868,2900,0,0,0,2900
OP10210007255,Mr. J HEMADITYA REDDY,7095087095,0,0,1600,0,1600
OP10210007257,Mrs. Y SATHYA VANI,9160879858,0,0,3500,0,3500
OP10210007258,Mrs. S ARUNA,9346335633,700,0,0,0,700
OP10210007272,Mr. KRISHNA RAO CH,9182220585,1100,0,0,0,1100
OP10210007273,Mrs. S RAJESWARI,9866663084,3250,0,0,0,3250
OP10210007277,Mr. MASTAN R,9848783506,8300,0,0,0,8300
OP10210007280,Mr. G SIVA NAGESWARA RAO,9346020875,1950,0,0,0,1950
OP10210007283,Mr. CH BALA VENKATESWA RAO,9392865407,2250,0,0,0,2250
OP10210007290,Mrs. V KOTESWARAMMA,9959004957,1750,0,0,0,1750
OP10210007289,Mrs. P ALICEE ,9505639623,2800,0,0,0,2800
OP10210007288,Mrs. P ALICEE ,9505639623,2750,0,0,0,2750
OP10210007302,Mrs. A SIVA KUMARI,8790629858,2950,0,0,0,2950
OP10210007306,Ms. SK BEEBI JAN ,9912527277,2550,0,0,0,2550
OP10210007312,Mr. D VENKATESWARLU NAIK,9908212008,0,0,2300,0,2300
OP10210007316,Mr. U GOPI ,8686898332,0,0,1100,0,1100
OP10210007317,Mr. K VICTOR PAUL ,9110568652,2850,0,0,0,2850
OP10210007314,Mrs. D MARTHAMMA ,7671004595,1100,0,0,0,1100
OP10210007318,Mr. T VEERANJINEYULU,6281743726,3450,0,0,0,3450
OP10210007320,Mr. P ANJINEYUL PRASAD,8885212124,0,0,3850,0,3850
OP10210007321,Ms. R APARNA,8247008215,0,0,2300,0,2300
OP10210007327,Mr. A KRISHNA REDDY,9441023856,1640,0,0,0,1640
OP10210007328,Mr. D DURGA PRASAD,9985852620,0,0,2050,0,2050
OP10210007329,Mr. I PEDDI REDDY ,9705650007,0,0,560,0,560
OP10210007331,Mr. JANAKI  RAM N,9666779668,1800,0,0,0,1800
OP10210007332,Mr. P VIJAY KUMAR,7993394070,0,0,1950,0,1950
OP10210007337,Mr. M NAGESWARA RAO,9182313725,3150,0,0,0,3150
OP10210007340,Mrs. T LALITHA KUMARI,9963346874,1365,0,0,0,1365
OP10210007345,Mrs. K RAJESHWARI,8567877999,1950,0,0,0,1950
OP10210007347,Mr. A SRINIVASA RAO,7569785933,2050,0,0,0,2050
OP10210007349,Mr. B VENKATESWARLU,8639975588,900,0,0,0,900
OP10210007356,Mr. P BALA KRISHNA ,9505532543,4050,0,0,0,4050
OP10210007352,Mr. CH BALA GALAIAH ,9666794429,2350,0,0,0,2350
OP10210007368,Mr. P VENKATA KRISHNA,9133289667,2250,0,0,0,2250
OP10210007370,Mr. PANDU RANGA RAO Y,9246484044,3050,0,0,0,3050
OP10210007377,Mrs. M MINUSHA ,9553151222,0,0,2750,0,2750
OP10210007378,Mr. KUNDURU KRISHNA REDDY,7416422741,0,0,1800,0,1800
OP10210007379,Mr. B VENKATA REDDY,9247235363,700,0,0,0,700
OP10210007380,Ms. J VARSHITHA,7093212330,1800,0,0,0,1800
OP10210007383,Mrs. G ANJAMMA,8550872966,2500,0,0,0,2500
OP10210007385,Mr. K VENKATESWARLU,9182165558,1155,0,0,0,1155
OP10210007389,Mrs. K UMA DEVI,9953571207,0,0,700,0,700
OP10210007393,Mr. P SOHEL BASHA ,7075003510,1400,0,0,0,1400
OP10210007374,Mrs. S RAJESWARI,9866763084,2000,0,0,0,2000
OP10210007397,Mrs. K KUMARI,8639242419,1150,0,0,0,1150
OP10210007398,Mr. K MADHUSUDHAN REDDY,8331933335,0,0,9550,0,9550
OP10210007404,Mr. S KRISHNA RAO,7989842050,1650,0,0,0,1650
OP10210007405,Ms. SK JANNATHUL ,9121870244,2330,0,0,0,2330
OP10210007408,Ms. J BHAVISHA,9059373530,1950,0,0,0,1950
OP10210007407,Mr. P GOWTHAM,8096572626,0,0,2350,0,2350
OP10210007410,Mr. P CHINNA BABU,7730053033,4700,0,0,0,4700
OP10210007414,Mrs. K RAJESHWARI,8567877999,1850,0,0,0,1850
OP10210007415,Mr. N RAVI TEJA,7795397314,0,0,3200,0,3200
OP10210007417,Mrs. S ARUNA,9346335633,0,0,700,0,700
OP10210007425,Mr. G HAREESH,7207320383,4350,0,0,0,4350
OP10210007429,Mr. J KASHAIAH,9533324759,0,0,3200,0,3200
OP10210007431,Mr. Y NAGUR REDDY ,6305613553,1100,0,0,0,1100
OP10210007434,Mrs. CH ANANTHA LAKSHMI,6301555840,0,0,3200,0,3200
OP10210007439,Mr. K SRINIVASA RAO,8985439304,1100,0,0,0,1100
OP10210007440,Mr. N DEEPAK NADH,9908722173,0,0,700,0,700
OP10210007436,Mr. Y NAGUR REDDY ,6305613553,700,0,0,0,700
OP10210007444,Mr. M MOHAN SRI KRISHNA,9652208297,0,0,2300,0,2300
OP10210007447,Mr. N VENKATESWARALU ,9030230718,3350,0,0,0,3350
OP10210007450,Mrs. SK SHABANA BEE,7569403534,700,0,0,0,700
OP10210007451,Mr. D GIRISH,9989942378,0,0,2750,0,2750
OP10210007452,Baby. SK RAFIYA,9346484615,1600,0,0,0,1600
OP10210007455,Mrs. R ANU RADHA,7013619373,2250,0,0,0,2250
OP10210007457,Mr. PRAVEEN ,8374754178,1600,0,0,0,1600
OP10210007462,Mrs. bhajyamma ,7989550481,0,0,2250,0,2250
OP10210007463,Mr. M SURESH,6301819975,0,0,1900,0,1900
OP10210007464,Mr. G SAMBHA SIVA RAO,8019124877,2350,0,0,0,2350
OP10210007467,Mrs. K VENKATA NARASAMMA,8977314220,0,0,1750,0,1750
OP10210007470,Mrs. K MARIYAMMA,9603155382,1900,0,0,0,1900
OP10210007471,Mr. M ANKAIAH,8106374984,2950,0,0,0,2950
OP10210007469,Mrs. K PARVATHI,9390534950,0,0,2900,0,2900
OP10210007476,Mrs. M SATYAVATHI,9494258375,2250,0,0,0,2250
OP10210007478,Mr. G MARIYADASU,8977717447,0,0,2200,0,2200
OP10210007477,Mr. M LINGESWARA RAO,9642303519,5150,0,0,0,5150
OP10210007482,Mr. T VEERANJINEYULU,6281743726,1800,0,0,0,1800
OP10210007483,Mr. SHAIK KARIMULLA,9666190204,0,0,3900,0,3900
OP10210007488,Mr. B RAMANAIAH ,9908959233,2950,0,0,0,2950
OP10210007493,Mrs. V SRI DEVI,9866373673,2415,0,0,0,2415
OP10210007502,Ms. E JAHNAVI,9676336959,0,0,1800,0,1800
OP10210007508,Mr. SK NAGUR BASHA,9908731187,0,0,2750,0,2750
OP10210007511,Mrs. P RAMA DEVI ,8555941669,1950,0,2750,0,4700
OP10210007510,Mr. B RAMAIAH,9000395936,0,0,2850,0,2850
OP10210007517,Mrs. SK FATHIMUNNISA ,7093850503,400,0,0,0,400
OP10210007520,Mr. K DHANUSH,9652652231,0,0,1800,0,1800
OP10210007522,Mr. K  VENKATA SUBBA RAO,9948310597,1400,0,0,0,1400
OP10210007523,Mrs. K UMA,9963819172,400,0,0,0,400
OP10210007509,Mrs. Y PADMA KUMARI,9985172110,2650,0,0,0,2650
OP10210007528,Mrs. B JYOTHI,9703859156,1750,0,0,0,1750
OP10210007539,Mr. I SRINIVAS RAO,9949458939,0,0,2750,0,2750
OP10210007544,Mr. LIMBA A,7032796338,0,0,2610,0,2610
OP10210007540,Mr. M SUKUNDHAR RAO ,9949121967,6350,0,0,0,6350
OP10210007549,Mr. N VENU,6300252625,0,0,2950,0,2950
OP10210007550,Mr. G SRINIVASA RAO,9966086064,2250,0,0,0,2250
OP10210007552,Ms. sk Haseena,9966768339,3000,0,0,0,3000
OP10210007553,Mrs. A MADHUMATHI,8125385859,0,0,700,0,700
OP10210007560,Mr. G VENKAT RAO ,9963826341,200,0,0,0,200
OP10210007561,Ms. K BHAVANA,9923058729,0,0,1950,0,1950
OP10210007567,Mr. p SIVA NAGA RAJU,9441542041,0,0,2950,0,2950
OP10210007571,Mr. P SURESH,9949676831,3450,0,0,0,3450
OP10210007573,Mr. P VENKATESWAR RAO,9959666038,0,0,700,0,700
OP10210007575,Mrs. T NAGENDRAMMA,9515686582,2650,0,0,0,2650
OP10210007576,Mrs. K RAJESHWARI,8567877999,1850,0,0,0,1850
OP10210007584,Mr. k SRINIVAS RAO,9642160552,2950,0,0,0,2950
OP10210007586,Mr. K VENKATA REDDY,8096309639,0,0,3000,0,3000
OP10210007587,Mrs. R MADHAVI ,9490113244,400,0,0,0,400
OP10210007598,Mr. G MAHESH BABU,9000613724,1000,0,2650,0,3650
OP10210007599,Ms. I PARVATHI PRIYANKA,9490757976,0,0,2300,0,2300
OP10210007600,Mr. J SESHU,9391206547,200,0,2200,0,2400
OP10210007605,Mrs. K PARVATHI,9490223806,2150,0,0,0,2150
OP10210007606,Mrs. M ANANTHA LAKSHMI ,9849382821,2250,0,0,0,2250
OP10210007607,Mr. P BAJI,9849591889,0,0,2950,0,2950
OP10210007610,Ms. B TANASI SAI,9396665212,0,0,2050,0,2050
OP10210007613,Mr. P ALLABAKSHU,9704728915,700,0,0,0,700
OP10210007615,Mr. n VISHNU,9848523506,2950,0,0,0,2950
OP10210007616,Mr. T GURAVAYYA,9908579986,2750,0,0,0,2750
OP10210007619,Mr. SK HARSHAD ALI,8333896786,0,0,2250,0,2250
OP10210007620,Mr. A CHINNA SESHAIAH ,9985641208,8250,0,0,0,8250
OP10210007621,Mrs. V RAJESWARI ,9885954427,1600,0,0,0,1600
OP10210007622,Mrs. A SUBHAMMA,9985339985,400,0,0,0,400
OP10210007626,Mr. CH PENCHALAIAH,9492338597,0,0,4000,0,4000
OP10210007627,Mrs. Y MERCY,9966244239,0,0,2750,0,2750
OP10210007628,Mr. M RAMA KRISHNA REDDY,9866460326,500,0,0,0,500
OP10210007629,Mr. SK KUTUBUDDIN,7013969469,0,0,5750,0,5750
OP10210007637,Ms. J LAKSHMI SAHASRA,9246485745,0,0,1950,0,1950
OP10210007638,Mr. M JEEVAN KUMAR,6303993543,2750,0,0,0,2750
OP10210007643,Mr. SHAIK KARIMULLA,9666190204,0,0,700,0,700
OP10210007642,Mr. M ANKAIAH,8106374984,700,0,0,0,700
OP10210007645,Mrs. V RAMA DEVI ,6303039485,1100,0,0,0,1100
OP10210007646,Ms. B KAVYA,7993171504,2750,0,0,0,2750
OP10210007649,Mrs. T NAGA SUDHA KALYANI,9948878749,0,0,2750,0,2750
OP10210007650,Mr. A SENKAR RAO,7382731420,0,0,2750,0,2750
OP10210007651,Mr. SK BAJI,7702721674,2150,0,0,0,2150
OP10210007583,Ms. K LETHIKA SWARUPA,8688484077,4250,0,0,0,4250
OP10210007657,Mr. E ANJINEYULU,8125677707,3450,0,0,0,3450
OP10210007663,Mrs. V MALLESWARI,9502941742,0,0,2700,0,2700
OP10210007658,Mr. M SRINIVAS,7382714181,1925,0,0,0,1925
OP10210007667,Mr. M SIVA PRASAD REDDY ,9346698555,0,0,2750,0,2750
OP10210007669,Mr. SHAIK KALESHA VALI,9912026939,0,0,700,0,700
OP10210007672,Ms. J LAKSHMI SAHASRA,9246485745,0,0,200,0,200
OP10210007674,Mr. SD RASHEED,8712380887,0,0,2750,0,2750
OP10210007675,Mrs. anitha n,9494858824,0,0,1200,0,1200
OP10210007677,Mr. k RAMI REDDY,9908056159,2700,0,0,0,2700
OP10210007678,Mr. G VENKATESWARLU,9848651654,4050,0,0,0,4050
OP10210007680,Mr. K MADHUSUDHAN REDDY,8331933335,3550,0,0,0,3550
OP10210007684,Mr. J KASHAIAH,9533324759,1600,0,0,0,1600
OP10210007685,Mr. SK KUTUBUDDIN,7013969469,400,0,0,0,400
OP10210007686,Mr. B YEDUKONDALU,6303306799,3650,0,2200,0,5850
OP10210007681,Mr. k kamal,9849737904,0,0,3300,0,3300
OP10210007696,Mrs. C V RAMADEVI ,9381081206,0,0,6600,0,6600
OP10210007699,Mr. SHAIK KARIMULLA,9666190204,400,0,0,0,400
OP10210007703,Mr. KRISHNA RAO CH,9182220585,0,0,2950,0,2950
OP10210007705,Master. PVN HEMANTH,9490912014,0,0,2000,0,2000
OP10210007706,Mrs. CHAND SULTAN,9391361263,2250,0,0,0,2250
OP10210007714,Mrs. A PARVATHAMMA,9666914645,3150,0,0,0,3150
OP10210007727,Mr. SK IMAMSA,8008755341,0,0,2025,0,2025
OP10210007726,Mr. M SRIKANTH,6303185949,0,0,3650,0,3650
OP10210007732,Mrs. B PARVATHI,9948202886,700,0,0,0,700
OP10210007733,Mr. M PEDDA PULLAIAH,9121472181,2450,0,0,0,2450
OP10210007736,Mr. S THIRUPATHI REDDY,9866968349,0,0,2560,0,2560
OP10210007737,Mrs. G SRI DEVI,8367085845,3350,0,0,0,3350
OP10210007719,Mr. Y NAGUR REDDY ,6305613553,100,0,0,0,100
OP10210007742,Mr. V RAJA SHEKAR,9885075069,4050,0,0,0,4050
OP10210007750,Mr. J YESHWANTH LAKSHMI RAMAIAH ,7382998086,2300,0,0,0,2300
OP10210007755,Mr. RAMIREDDY K V,9848365778,2300,0,0,0,2300
OP10210007753,Ms. S SAMIKSHA,7396963666,2300,0,0,0,2300
OP10210007754,Mr. M JASWANTH,9963915224,0,0,1100,0,1100
OP10210007759,Mrs. K VARDHAN RANI,7382419266,3450,0,0,0,3450
OP10210007752,Mr. g GOVARDHAN REDDY,9392216415,0,0,1520,0,1520
OP10210007756,Mr. E NAGA RAJU,8897371492,0,0,3450,0,3450
OP10210007758,Mr. V VEERA REDDY ,9052499069,0,0,1400,0,1400
OP10210007751,Mr. Y JAI RAO,9502604294,1913,0,0,0,1913
OP10210007760,Mr. V SUBBA RAO,9885876077,2900,0,0,0,2900
OP10210007762,Ms. SK FIRDOUS,6303771679,0,0,2070,0,2070
OP10210007768,Mrs. V SIRISHA,8919774691,2750,0,0,0,2750
OP10210007770,Mr. B GOPAL RAO,9959087889,3950,0,0,0,3950
OP10210007773,Mr. M ARUN KUMAR,9885713332,200,0,0,0,200
OP10210007774,Mr. S SINIVAS RAO ,9391515788,1600,0,0,0,1600
OP10210007776,Mrs. CH SAILAJA,9110384911,0,0,2700,0,2700
OP10210007786,Mr. B SRINU,9533893122,4250,0,0,0,4250
OP10210007787,Mr. TV SHARMA,9440541777,0,0,2000,0,2000
OP10210007789,Mrs. U RAMANA ,9391279969,2250,0,0,0,2250
OP10210007790,Mrs. A DEEPIKA ,9663527802,0,0,1650,0,1650
OP10210007778,Mr. B ASHOK REDDY,9912556008,0,0,1800,0,1800
OP10210007795,Mr. D CHINNA VENKATA SWAMI,9295019995,4500,0,0,0,4500
OP10210007796,Mr. U BHANU PRASAD,9989870977,2750,0,0,0,2750
OP10210007798,Mr. G SRINIVAS REDDY,9603133543,0,0,700,0,700
OP10210007797,Mrs. K RAJESHWARI,8567877999,0,0,5000,0,5000
OP10210007804,Mr. N VENKATA NARAYANA,8297361772,2100,0,0,0,2100
OP10210007806,Mrs. M ROJAMMA ,9441303501,0,0,9700,0,9700
OP10210007808,Mrs. P BHAVANI,7674060212,0,0,2650,0,2650
OP10210007811,Mr. K SIVA PRASAD REDDY,9848334650,6950,0,0,0,6950
OP10210007810,Mr. KSR ANJANEYULU,9949277260,3350,0,0,0,3350
OP10210007819,Mr. CH RAMA RAO,9985893224,0,0,700,0,700
OP10210007820,Mr. GJAYARAJU ,7095074344,1350,0,0,0,1350
OP10210007821,Mr. V VAMSI,9160204920,0,0,700,0,700
OP10210007822,Mrs. SHAHANA NAZEER S,8340872335,0,0,700,0,700
OP10210007824,Mr. P NIKHILESH,7386190317,0,0,1800,0,1800
OP10210007826,Ms. K LETHIKA SWARUPA,8688484077,700,0,0,0,700
OP10210007830,Mr. A VENU GOPAL RAO,8463917777,2700,0,0,0,2700
OP10210007829,Mr. P ANJINEYA NAIK,9966702282,1200,0,0,0,1200
OP10210007834,Mr. G NARENDRA KUMAR,9347018939,0,0,1600,0,1600
OP10210007837,Ms. P ALISU ,9505639623,2750,0,0,0,2750
OP10210007846,Mrs. B ADHILAKSHMI,9550189846,0,0,2750,0,2750
OP10210007847,Ms. B SAI HARSHITHA,8897556340,2050,0,0,0,2050
OP10210007849,Mr. V HARSHAVARDHAN,7799842244,0,0,6050,0,6050
OP10210007851,Mr. Y SATYANARAYANA,9010312722,2500,0,0,0,2500
OP10210007852,Mr. D DURGA PRASAD,9985852620,0,0,2100,0,2100
OP10210007854,Mr. M SIVAIAH,9705439605,0,0,2750,0,2750
OP10210007858,Mrs. M VIMALAMBA ,9550225648,2850,0,0,0,2850
OP10210007861,Mr. ADHINARAYANA N,9553429684,6000,0,0,0,6000
OP10210007868,Mr. S YELAMANDHA REDDY ,9440824192,1550,0,0,0,1550
OP10210007871,Mr. E ANJINEYULU,8125677707,0,0,3000,0,3000
OP10210007872,Mr. B VENKATESWARLU,8639975588,0,0,3400,0,3400
OP10210007873,Mrs. K MASHAMMA,9492902002,4350,0,0,0,4350
OP10210007869,Mr. A CHINNA SESHAIAH,8096272325,0,0,3450,0,3450
OP10210007878,Mr. s sambaiah,9492446780,1800,0,0,0,1800
OP10210007888,Mr. Y NAGUR REDDY ,6305613553,3850,0,0,0,3850
OP10210007889,Mr. K CHINNA SUBBAIAH,7989030768,0,0,2800,0,2800
OP10210007896,Mr. K SUBBA RAO ,9908062826,3100,0,0,0,3100
OP10210007895,Mrs. J RAMA DEVI,8008845487,2150,0,0,0,2150
OP10210007892,Mr. N KASI VISWANADH ,9985333424,2000,0,0,0,2000
OP10210007897,Mr. T RAMANA ,9848577212,0,0,1880,0,1880
OP10210007901,Mr. T SATYANARAYANA,9949398489,0,0,2550,0,2550
OP10210007904,Mrs. P RAHMATH,8309279532,0,0,2600,0,2600
OP10210007905,Mr. E RAVI KUMAR,9177479667,3650,0,0,0,3650
OP10210007907,Mr. D SIVA DATTA,8877115566,0,0,2600,0,2600
OP10210007910,Mr. V VENKATESWARLU,9849106608,3600,0,0,0,3600
OP10210007911,Mr. SK MADHAR VALI,8185883994,1300,0,0,0,1300
OP10210007913,Mr. A GOPI NADH,9110778500,0,0,2700,0,2700
OP10210007915,Mr. M RAJESH ,9949399831,2300,0,0,0,2300
OP10210007916,Mr. E NAGA RAJU,8897371492,1600,0,0,0,1600
OP10210007918,Mr. K CHIRANJIVI,9573523856,0,0,3050,0,3050
OP10210007931,Mr. M TIRUPATHI REDDY,9010440497,0,0,2450,0,2450
OP10210007930,Mr. CH SRINIVASULU,9441942173,3350,0,0,0,3350
OP10210007933,Mr. B PREM,9676881389,0,0,700,0,700
OP10210007935,Mr. SK KADHAR VALI,8618601630,0,0,2350,0,2350
OP10210007939,Mrs. P VENKATA SUBBAMMA,7661898685,200,0,0,0,200
OP10210007938,Mrs. SK HAFEEZA,9394022157,0,0,4000,0,4000
OP10210007937,Mr. D VENKATA REDDY,9959130395,0,0,2750,0,2750
OP10210007942,Mr. B SUBBA REDDY ,8688474559,2550,0,0,0,2550
OP10210007943,Mr. SK BAJI,7702721674,1100,0,0,0,1100
OP10210007936,Ms. M CHAMUNDESWARI,7989677907,0,0,2475,0,2475
OP10210007941,Mrs. SK SHAHEDA BEGUM ,8186875786,1450,0,0,0,1450
OP10210007947,Mrs. SK BHANU,9392139341,2400,0,0,0,2400
OP10210007950,Mr. Y SAMBA SIVA RAO,7780585586,1800,0,0,0,1800
OP10210007955,Mrs. SD HAFIZUNNISA,9603040741,2550,0,0,0,2550
OP10210007956,Mr. P RAJESH,8121090907,0,0,3600,0,3600
OP10210007957,Mr. G RAJESH,9848816325,2250,0,0,0,2250
OP10210007959,Mrs. SK VAZEER BEE,9177699226,0,0,2600,0,2600
OP10210007961,Mr. P ANJINEYULU,8555952016,0,0,2950,0,2950
OP10210007963,Mr. I GANGADHAR REDDY,9705650007,0,0,2650,0,2650
OP10210007964,Mrs. anitha n,9494858824,1200,0,0,0,1200
OP10210007969,Mr. N SUBBA RAO,9010433359,0,0,3150,0,3150
OP10210007972,Mrs. K SRAVANI,9908916366,1550,0,0,0,1550
OP10210007976,Mrs. B PRAMEELA,9177755442,4800,0,0,0,4800
OP10210007983,Mr. CH  RAMESH ,9705742230,1050,0,0,0,1050
OP10210007980,Mr. A BALAJI,9014291899,0,0,3250,0,3250
OP10210007979,Mr. B JOJI BABU,7287997889,0,0,1750,0,1750
OP10210007981,Mr. P MOHAN SANKAR ,8688638349,2100,0,0,0,2100
OP10210007984,Mrs. SK MASTHAN BEE,9133079786,3250,0,0,0,3250
OP10210007987,Mr. I SRINIVASA RAO,9731771913,0,0,3250,0,3250
OP10210007988,Mr. SHAIK KARIMULLA,9666190204,0,0,2350,0,2350
OP10210007993,Mrs. Y V FATHIMA,7032254516,0,0,1850,0,1850
OP10210007990,Mrs. P MUNNESWARAMMA,9640524178,0,0,3150,0,3150
OP10210007998,Mrs. M CHITTAMMA,9133177267,0,0,700,0,700
OP10210008002,Mr. GOPI M,8125629555,0,0,3250,0,3250
OP10210008004,Mr. P SHAM SAROJ,8096038879,700,0,0,0,700
OP10210008005,Mrs. B ADHILAKSHMI,9550189846,1100,0,0,0,1100
OP10210008011,Mrs. P SUBBA RAO,9346501036,2750,0,0,0,2750
OP10210008012,Mr. SK SHOAIB,8179017711,700,0,0,0,700
OP10210008015,Mrs. SK MASTHAN BEE,9133079786,700,0,0,0,700
OP10210008006,Mrs. T SIVAMMA,9885262040,1840,0,0,0,1840
OP10210008021,Mr. Y MALLIKARJUN REDDY,8483899994,0,0,2400,0,2400
OP10210008022,Mr. A SAMBI REDDY,9491664118,1800,0,0,0,1800
OP10210008024,Ms. B SAMYUKTHA,8309280247,0,0,5850,0,5850
OP10210008028,Mr. CH VENKATESWARLU ,7780244976,1800,0,0,0,1800
OP10210008030,Mr. G MANIKANTA,9010364565,4905,0,0,0,4905
OP10210008036,Mr. G VANAIAH,9963651909,3000,0,0,0,3000
OP10210008049,Mr. T PRAKASH,6302860592,200,0,0,0,200
OP10210008046,Master. K BHANU TEJA,6303528227,0,0,2100,0,2100
OP10210008051,Mr. B SRINIVASA REDDY,9989348707,3450,0,0,0,3450
OP10210008053,Mrs. G MAHALAKSHMI,9963636215,2800,0,0,0,2800
OP10210008054,Mr. Y NAGUR REDDY ,6305613553,0,0,800,0,800
OP10210008059,Mrs. MD GOUSYA,9390163329,2400,0,0,0,2400
OP10210008060,Mrs. P SUSEELA,9618481031,3000,0,0,0,3000
OP10210008061,Mrs. SD NAYEEMA,6281855602,0,0,1550,0,1550
OP10210008068,Mrs. K BHULAKSHMI,9440264466,0,0,3080,0,3080
OP10210008069,Ms. N ROOPA,9848083542,0,0,3350,0,3350
OP10210008070,Mrs. V ANNAPURNAMMA,9642994111,4785,0,0,0,4785
OP10210008071,Ms. B HEMASWARUPA,9703992774,0,0,3000,0,3000
OP10210008067,Mr. K SEETHA RAMAIAH,9515566113,0,0,5213,0,5213
OP10210008074,Mr. SGR KISHOR,9000168800,0,0,1350,0,1350
OP10210008077,Mr. K BABU RAO,9618706325,700,0,0,0,700
OP10210008080,Mr. T RAGHAVA,9505449312,2520,0,0,0,2520
OP10210008075,Mr. K SEETHA RAMAIAH,9912444545,0,0,3000,0,3000
OP10210008078,Ms. K SRI LATHA,8106857163,2695,0,0,0,2695
OP10210008086,Mr. A APPIREDDY,9866940051,0,0,2120,0,2120
OP10210008090,Mrs. J VENKATARATNAM,9908423789,3000,0,0,0,3000
OP10210008089,Mr. G VENKATESWARLU,9848651654,0,0,2000,0,2000
OP10210008095,Mrs. K PADMAJA ,8121410705,0,0,1600,0,1600
OP10210008096,Mrs. K MASHAMMA,9492902002,400,0,0,0,400
OP10210008098,Mr. D JAGADHISH REDDY,9704918468,2750,0,0,0,2750
OP10210008099,Mrs. PEDAKOTLA JYOTHI,7981952184,0,0,1395,0,1395
OP10210008100,Ms. P JYOTHI,8520850822,0,0,3000,0,3000
OP10210008102,Mr. M SRINIVAS REDDY,9949678119,2450,0,0,0,2450
OP10210008107,Mr. K VAMSI,8886666514,1470,0,0,0,1470
OP10210008111,Mr. L SANGAMESWARA RAO,7780792286,0,0,3000,0,3000
OP10210008113,Mr. G ASHOK REDDY,9866940051,0,0,560,0,560
OP10210008116,Mrs. k ESWARI DEVI,9705371519,0,0,1550,0,1550
OP10210008122,Mr. G SHANKAR REDDY,6300230090,0,0,3900,0,3900
OP10210008132,Mr. K DINESH,7207207031,700,0,0,0,700
OP10210008130,Mr. V VENKATESWARLU,9849106608,700,0,0,0,700
OP10210008127,Mr. K ARUMUGAM,9848711352,2835,0,0,0,2835
OP10210008131,Mrs. T VENKATA SUBBULU,7729806976,0,0,2200,0,2200
OP10210008134,Mr. K SRINIVASA RAO  ,7675011788,700,0,0,0,700
OP10210008133,Mr. V SRINIVASA RAO,7981173440,700,0,0,0,700
OP10210008135,Mr. M YESU BABU,9130380713,1550,0,700,0,2250
OP10210008137,Mrs. G NALINI,9391377084,2800,0,700,0,3500
OP10210008138,Mr. G MANIKANTA,9010364565,2070,0,0,0,2070
OP10210008126,Mr. M PRAKASH RAO,7893115584,1100,0,0,0,1100
OP10210008140,Mr. V BALA ANJANEYULU,9912877095,0,0,3950,0,3950
OP10210008148,Mrs. A SESHA RATNAM ,8333830861,2250,0,0,0,2250
OP10210008154,Mr. G JESSI ISAAC,9491312081,2600,0,500,0,3100
OP10210008160,Ms. Y AMRUTHA,9390896439,2550,0,0,0,2550
OP10210008162,Mr. M LINGESWARA RAO,9642303519,1100,0,0,0,1100
OP10210008169,Mr. G TEJDEEP,7569667578,0,0,2800,0,2800
OP10210008175,Mr. N SEETHAIAH,9063713141,0,0,2350,0,2350
OP10210008178,Mr. A LAKSHMA REDDY ,7382894053,0,0,2100,0,2100
OP10210008182,Mrs. B KRISHNA VENI,8309849567,0,0,700,0,700
OP10210008185,Mr. SK MASTAN VALI,7287047532,1200,0,1050,0,2250
OP10210008193,Mrs. D ISWARYA,9346024612,0,0,2250,0,2250
OP10210008194,Mr. D HANUMATH RAO,9848526415,2050,0,0,0,2050
OP10210008190,Mr. KHAN GOUSE MOHIDDIN,6303629830,3100,0,0,0,3100
OP10210008202,Mr. K VENKATESWARLU,9701050842,0,0,700,0,700
OP10210008203,Mr. K SIVA RAMAIAH,7799560010,0,0,2800,0,2800
OP10210008207,Mr. SRIDHAR BABU V,9603572730,2350,0,0,0,2350
OP10210008209,Mr. M SRINIVAS ,9441068989,2350,0,0,0,2350
OP10210008210,Mr. U SRINIVASA RAO,6305057147,700,0,0,0,700
OP10210008215,Mr. k RAYAP REDDY,7702588949,0,0,700,0,700
OP10210008219,Mrs. SK NASEEMA BEGUM,9640504484,0,0,2800,0,2800
OP10210008220,Mr. M LOHITH SAI,9154022307,0,0,700,0,700
OP10210008224,Mr. K BAJI BABU,7661852606,2523,0,0,0,2523
OP10210008221,Mr. VENKATESWA RAO ,9959756425,0,0,2400,0,2400
OP10210008097,Mr. P NAGA RAJU,7396738823,3000,0,450,0,3450
OP10210008230,Mr. D VENKATA RAO,9948340332,1450,0,0,0,1450
OP10210008228,Mrs. E PARVATHI,8639483221,0,0,3300,0,3300
OP10210008234,Mrs. SK KHAJA BEE ,9553118654,2250,0,0,0,2250
OP10210008226,Mr. N SIVA LINGAIAH,9676389168,1750,0,0,0,1750
OP10210008247,Mr. K CHINNA SUBBAIAH,7989030768,0,0,100,0,100
OP10210008248,Mrs. P NAGESWARI,8121712190,2600,0,0,0,2600
OP10210008251,Mr. SK JAMEER BASHA,8143451376,0,0,3550,0,3550
OP10210008254,Mr. D CHANDRA MOULI,9100243947,3050,0,0,0,3050
OP10210008255,Mrs. A VAJRAM,9032578755,0,0,2250,0,2250
OP10210008256,Mrs. T VIMALA,9885321512,0,0,2650,0,2650
OP10210008258,Mr. P SAMBA SIVA RAO ,9100851184,2350,0,0,0,2350
OP10210008257,Mr. T NAGESWAR RAO,9885321512,0,0,1750,0,1750
OP10210008260,Mr. K VAMSI KRISHNA REDDY,9440728936,2150,0,0,0,2150
OP10210008263,Mr. P SRK PRASAD,9000015104,0,0,8550,0,8550
OP10210008266,Mrs. SK AYESHA,9985603010,2025,0,0,0,2025
OP10210008262,Mr. T SRINIVASA RAO ,7396972429,5040,0,0,0,5040
OP10210008276,Mr. K GOWTHAM REDDY,7288855428,0,0,2850,0,2850
OP10210008278,Mr. MD AAMER,9573863947,0,0,2450,0,2450
OP10210008279,Mrs. G MALLESWARI,9985333424,0,0,2385,0,2385
OP10210008281,Mr. M SIVA RAO,9701686026,2150,0,0,0,2150
OP10210008285,Mrs. SD NAYEEMA,6281855602,0,0,400,0,400
OP10210008289,Mr. R PURNA CHANDRA RAO,8142837608,3400,0,0,0,3400
OP10210008293,Mrs. G LAKSHMI KUMARI,9493923495,2250,0,0,0,2250
OP10210008296,Mr. M HEMANTH ,9492471554,0,0,2600,0,2600
OP10210008297,Mrs. M SRI DEVI,9959937307,1550,0,0,0,1550
OP10210008299,Mr. POTHU RAJU P,9951706407,1750,0,0,0,1750
OP10210008304,Mrs. A RATHAMMA,7842025230,1100,0,0,0,1100
OP10210008305,Mr. E NAGA RAJU,8897371492,2400,0,0,0,2400
OP10210008306,Mr. B VASANTH ,9705359560,2250,0,0,0,2250
OP10210008308,Mr. SK KASHIM  SAIDHA,9000128392,4000,0,0,0,4000
OP10210008310,Mrs. N GOVARDHANAMMA ,7799424477,400,0,0,0,400
OP10210008313,Ms. P ALISU ,9505639623,2150,0,0,0,2150
OP10210008316,Mrs. T NAGENDRAMMA,9515686582,1150,0,0,0,1150
OP10210008318,Mrs. SK ZUBEDA,9390356865,700,0,0,0,700
OP10210008322,Mr. K SIVA PRASAD,9666763657,2250,0,0,0,2250
OP10210008309,Ms. M SONIKA,8186943469,0,0,2250,0,2250
OP10210008326,Mr. K NARASIMHA RAO,7416043426,8080,0,0,0,8080
OP10210008328,Mr. Teja K,9666704638,1500,0,200,0,1700
OP10210008331,Mrs. G BHAVYA JYOTHI,8688491218,3200,0,0,0,3200
OP10210008330,Mrs. K SONI,8886423237,0,0,2500,0,2500
OP10210008327,Mr. MADAN LAL JAIN,9440367256,1800,0,0,0,1800
OP10210008337,Mrs. K SUJATHA,9440017939,0,0,2700,0,2700
OP10210008345,Mrs. PARIMI SUBBULU,8328179765,0,0,1750,0,1750
OP10210008346,Mr. P SRINIVASULU ,8328179765,0,0,400,0,400
OP10210008349,Mr. T SIVA NAGESWARA RAO,9943856343,0,0,1000,0,1000
OP10210008354,Mr. SIVA REDDY K V S,9849495371,0,0,1920,0,1920
OP10210008356,Mrs. S NAGA LAKSHMI,9948579008,0,0,1960,0,1960
OP10210008359,Mrs. I VENKAYAMMA,9888299940,0,0,2350,0,2350
OP10210008361,Mr. MD RAFI,9533935339,0,0,700,0,700
OP10210008360,Mrs. A SUBAMMA,7286812429,1995,0,0,0,1995
OP10210008364,Mr. KSR ANJANEYULU,9949277260,2350,0,0,0,2350
OP10210008365,Mrs. P GORI BEE,9849591889,1300,0,0,0,1300
OP10210008367,Mr. Y NAGUR REDDY ,6305613553,1900,0,0,0,1900
OP10210008369,Mrs. K SHABEENA,7659841693,1550,0,0,0,1550
OP10210008370,Mr. BARAK HASAN,7207003584,4550,0,0,0,4550
OP10210008374,Mr. K SAMBA SIVA RAO,9502966499,0,0,3400,0,3400
OP10210008384,Mr. L VEERAIAH,9440013379,0,0,2850,0,2850
OP10210008385,Mr. A THIRAPATHI REDDY,9966637870,2350,0,0,0,2350
OP10210008381,Mr. T TRILOK CHAND ,9000934120,0,0,700,0,700
OP10210008386,Ms. P JYOTHI,8520850822,0,0,700,0,700
OP10210008387,Mrs. M NAGENDRAMMA,9676127286,0,0,1200,0,1200
OP10210008377,Mr. M VENKATESWARA RAO,9912340534,0,0,2000,0,2000
OP10210008392,Mr. B VENKATESWARLU,8639975588,0,0,1850,0,1850
OP10210008394,Mr. G NARSI REDDY,9036482562,200,0,0,0,200
OP10210008396,Mrs. K AMARESWARI D,9491666211,3550,0,0,0,3550
OP10210008395,Mr. Y MANOHAR,9912588049,0,0,2050,0,2050
OP10210008400,Mr. P VENKATESH,9052776285,700,0,0,0,700
OP10210008413,Mr. P ANIL KUMAR,9666827570,0,0,700,0,700
OP10210008414,Mr. Teja K,9666704638,0,0,1700,0,1700
OP10210008416,Mrs. D PURNAMMA,9347214574,2100,0,0,0,2100
OP10210008418,Mr. G JYOTHESWAR REDDY,7013017725,1800,0,0,0,1800
OP10210008419,Ms. G SINDHUJA,7013017725,1640,0,0,0,1640
OP10210008420,Mr. A KARTHK ,9010277169,0,0,1900,0,1900
OP10210008430,Mr. CH NARASIMHA RAO,9908823919,2150,0,0,0,2150
OP10210008434,Mr. K BHASKAR,7780307321,2850,0,0,0,2850
OP10210008440,Mr. K VISHNU VARDHAN,9441081053,2400,0,0,0,2400
OP10210008441,Mr. B SAI VISHNU,9441956732,1350,0,0,0,1350
OP10210008446,Mrs. B PRAMEELA,9177755442,1480,0,0,0,1480
OP10210008451,Mr. B UMA KHANTH SING,9701785770,4300,0,0,0,4300
OP10210008464,Mrs. S RADHIKA,8074915331,0,0,3650,0,3650
OP10210008471,Mr. KRISHNAREDDY M S R,8500450187,200,0,0,0,200
OP10210008473,Mr. B VENKATESH,6304907723,2570,0,260,0,2830
OP10210008474,Mr. G VENKATESWARLU,9948891599,700,0,0,0,700
OP10210008477,Mr. V DEVENDRA RAO,8919860940,3750,0,0,0,3750
OP10210008476,Mr. R NAGA BABU,9676277170,1800,0,0,0,1800
OP10210008479,Mr. P UMA MAHESWAR RAO,9959813181,4000,0,0,0,4000
OP10210008494,Mrs. B SOVAMMA,9849799590,0,0,3600,0,3600
OP10210008496,Mr. M SURI BABU,9963999019,1400,0,0,0,1400
OP10210008497,Mr. V VASU,9573328532,3050,0,0,0,3050
OP10210008498,Mr. M POTHU RAJU ,8686413186,700,0,0,0,700
OP10210008500,Mr. G ANJAIAH,7702387976,2850,0,0,0,2850
OP10210008501,Mr. M SURESH BABU,9908755113,1400,0,0,0,1400
OP10210008504,Mr. M NAGESWARA RAO,8125968545,0,0,2150,0,2150
OP10210008506,Mrs. PV SUNEETHA,9885324447,0,0,2400,0,2400
OP10210008509,Mr. PANDU RANGA RAO Y,9246484044,0,0,3050,0,3050
OP10210008511,Mrs. D RAMA KUMARI,8885050047,2500,0,0,0,2500
OP10210008514,Ms. SK BEEBI,8179201604,0,0,3200,0,3200
OP10210008515,Mrs. R MANGAMMA ,6300608803,2850,0,0,0,2850
OP10210008518,Mrs. P LALEETHA,9704999084,0,0,700,0,700
OP10210008527,Mr. L ASHOK KUMAR,7674872158,200,0,0,0,200
OP10210008553,Mr. B VENKAIAH,9160805185,1700,0,0,0,1700
OP10210008557,Mr. RAMANADHAM PURNA CHANDRA RAO,8142837608,0,0,1100,0,1100
OP10210008560,Mrs. SK ASMA TUNNISA,6302308091,0,0,2750,0,2750
OP10210008565,Mr. YVS PAWAN KUMAR,7993733999,0,0,5040,0,5040
OP10210008568,Mr. G SRINU,8555825209,0,0,3650,0,3650
OP10210008569,Mr. K VENKATAPPAIAH,7382462021,0,0,1150,0,1150
OP10210008572,Mr. CH JYOTHI BABU,8297192008,2050,0,0,0,2050
OP10210008582,Mr. G SAI KUMAR,9100340041,0,0,1550,0,1550
OP10210008581,Mr. J PRAVEEN,9494825827,0,0,2150,0,2150
OP10210008579,Mrs. Y NAGA MANI,9949677645,2150,0,0,0,2150
OP10210008584,Mrs. G VEERA RAGAVAMMA,9299004324,900,0,0,0,900
OP10210008585,Mrs. SK MUNTAJ,9154260727,0,0,700,0,700
OP10210008587,Mr. J YESHWANTH LAKSHMI RAMAIAH ,7382998086,2400,0,0,0,2400
OP10210008591,Mr. L JEEVAN,9985301213,1800,0,0,0,1800
OP10210008578,Mrs. SK NASEEMA BEGUM,9640504484,1000,0,0,0,1000
OP10210008597,Mr. M BABU,9866193057,0,0,1550,0,1550
OP10210008614,Mr. A GOUFRAN,8778792648,1900,0,0,0,1900
OP10210008613,Mrs. M ANJAMMA,9553077244,2050,0,0,0,2050
OP10210008616,Mr. V GOPAL KRISHNA ,9971968799,0,0,2150,0,2150
OP10210008617,Ms. SK JAHEDA,7075559014,2950,0,0,0,2950
OP10210008625,Mrs. J DEVAMANI,6300551316,2430,0,0,0,2430
OP10210008626,Mr. A GOUFRAN,8778792648,0,0,7700,0,7700
OP10210008627,Mr. SK ABDUL BASAITH,9381445581,0,0,2000,0,2000
OP10210008636,Mr. VENKATA RAO P,9032073387,2500,0,0,0,2500
OP10210008637,Mr. M ARUN KUMAR,9391939369,0,0,2850,0,2850
OP10210008639,Mrs. D PADMA,8500841796,0,0,2850,0,2850
OP10210008640,Mr. A SATYANARAYANA,8555981721,0,0,2500,0,2500
OP10210008647,Mr. R RAVI KUMAR,7981868961,0,0,2200,0,2200
OP10210008650,Mr. N KOTESWARA RAO NAIK,8374162981,1550,0,0,0,1550
OP10210008648,Mr. V DEVENDRA RAO,8919860940,2350,0,0,0,2350
OP10210008652,Mr. R SRINIVAS REDDY,9063572887,1300,0,0,0,1300
OP10210008656,Mr. A TEJA SRINIVAS,9346272606,0,0,2340,0,2340
OP10210008664,Mr. D SUBBA RAO,8186929524,0,0,4000,0,4000
OP10210008665,Mr. SK ARIF,9182322445,0,0,2950,0,2950
OP10210008667,Ms. T CHARU SARANYA,8639648512,0,0,2950,0,2950
OP10210008670,Mr. ADHINARAYANA N,9553429684,0,0,1200,0,1200
OP10210008669,Mr. K BRAMHAIAH ,9989170153,0,0,700,0,700
OP10210008673,Mrs. A NIRMALA,8247036822,0,0,700,0,700
OP10210008680,Mrs. D ANITHA,9553172377,1360,0,0,0,1360
OP10210008678,Mr. Teja K,9666704638,700,0,0,0,700
OP10210008679,Mr. G CHANDRA SEKHAR,8121120244,0,0,2500,0,2500
OP10210008684,Mr. CHILAKA VENKATESWARLU ,9666515740,700,0,0,0,700
OP10210008685,Mr. P SOHEL BASHA ,7075003510,1100,0,0,0,1100
OP10210008687,Mr. N RAVI,9985703819,2150,0,0,0,2150
OP10210008683,Ms. M DHANA LAKSHMI,9642242749,2650,0,0,0,2650
OP10210008700,Mr. B SRI KANTH ,9177895445,0,0,2300,0,2300
OP10210008708,Mrs. S JHANSI LAKSHMI,9515554277,2350,0,250,0,2600
OP10210008274,Mrs. SK GOUSIA,9063532849,700,0,0,0,700
OP10210008711,Mr. J BRAHMAIAH,9908129280,2150,0,0,0,2150
OP10210008712,Mrs. K RADHIKA,8186003866,0,0,2150,0,2150
OP10210008713,Mr. BASAVAIAH D,7396133576,0,0,2500,0,2500
OP10210008715,Mr. SK AHMED,9381913792,3550,0,0,0,3550
OP10210008716,Mrs. A ANJAMMA,7032909396,0,0,400,0,400
OP10210008718,Mr. Y AKHIL REDDY,9381611414,0,0,700,0,700
OP10210008714,Mr. A SRINIVAS,9849187012,700,0,0,0,700
OP10210008721,Mr. S SATYANARAYANA,9581405146,0,0,1450,0,1450
OP10210008722,Mr. D TULASI RAMAKRISHNA,7731024747,0,0,8550,0,8550
OP10210008723,Mr. A VENKATA NARAYANA,9177361114,1550,0,0,0,1550
OP10210008728,Mr. M TEERDHA NARAYANA,7075519233,850,0,0,0,850
OP10210008733,Mrs. K PARVATHI,9390534950,0,0,2600,0,2600
OP10210008737,Mr. K KOTESWARA RAO,9550243940,10200,0,0,0,10200
OP10210008744,Mrs. J SK FAZULUN,6300588512,2150,0,0,0,2150
OP10210008749,Mrs. K SRAVANI,9908916366,400,0,0,0,400
OP10210008740,Mr. N KOTESWARA RAO NAIK,8374162981,700,0,0,0,700
OP10210008756,Mrs. B SOVAMMA,9849799590,150,0,2000,0,2150
OP10210008760,Mr. K  VENKATA SUBBA RAO,9948310597,400,0,0,0,400
OP10210008762,Mr. CH THIRUPATHAIAH,9705775321,770,0,0,0,770
OP10210008765,Mrs. CH MADHAVI,9505513883,0,0,500,0,500
OP10210008767,Mr. Y THIRUPATHAIAH,9951626105,1900,0,0,0,1900
OP10210008768,Mrs. S JHANSI LAKSHMI,9515554277,1800,0,0,0,1800
OP10210008771,Mr. SYED RASSOL,6302890033,2150,0,0,0,2150
OP10210008772,Ms. G MARIYAMMA,9848538712,0,0,2600,0,2600
OP10210008774,Mr. K RAGHAVAIAH,6281334415,5950,0,0,0,5950
OP10210008779,Mrs. G VEERA RAGAVAMMA,9299004324,0,0,700,0,700
OP10210008781,Mr. K BAJI BABU,7661852606,100,0,0,0,100
OP10210008785,Mrs. N RAMA TULASEMMA,9866683566,2100,0,0,0,2100
OP10210008784,Mr. V VENKATESWARLU,9849106608,1900,0,0,0,1900
OP10210008793,Mrs. B RAJESWARI,9849023860,3250,0,0,0,3250
OP10210008786,Mr. SK MEERA VALI,8790095145,1575,0,0,0,1575
OP10210008796,Mr. P SAI KUMAR,8977086333,0,0,2250,0,2250
OP10210008798,Mrs. G SUJATHA,8686846899,0,0,2150,0,2150
OP10210008803,Mr. G JAYA SAI TEJA,8523834339,2150,0,0,0,2150
OP10210008804,Mr. G BALA SRINIVASA RAO,9491671869,700,0,0,0,700
OP10210008805,Mr. K MUDDULA KRISHNA,9703199964,0,0,1700,0,1700
OP10210008806,Mr. B SAMBAIAH,8106164570,2250,0,0,0,2250
OP10210008809,Mr. AVIMANI PAKEERAIAH,8008446603,0,0,2350,0,2350
OP10210008810,Mr. G RAMI REDDY,8688195262,3250,0,0,0,3250
OP10210008811,Mr. G GOPI,9121067844,0,0,3300,0,3300
OP10210008812,Mr. G ACHI REDDY,9000631762,0,0,2450,0,2450
OP10210008814,Mrs. S SAMBRAJYAM,9550136251,0,0,3250,0,3250
OP10210008816,Mrs. S AMRUTHA,6300944267,3350,0,0,0,3350
OP10210008829,Mr. D ANKI REDDY,9989142288,0,0,1750,0,1750
OP10210008831,Mrs. B HYMAVATHI,9642345632,0,0,2300,0,2300
OP10210008832,Mr. M CHANDRU NAIK,8125344763,400,0,0,0,400
OP10210008834,Mrs. K BRAHMANI,7396307603,750,0,0,0,750
OP10210008835,Mr. A VAMSI KRISHNA,9491705115,3650,0,0,0,3650
OP10210008840,Mr. P SURESH BABU,9505639623,1700,0,0,0,1700
OP10210008839,Ms. P ALISU ,9505639623,2050,0,0,0,2050
OP10210008837,Master Of. T MANIKESAVA REDDY,9912738662,0,0,20000,0,20000
OP10210008843,Mr. P SUBBA RAO,8106136662,0,0,2900,0,2900
OP10210008846,Mr. venkata krishna a,7799346204,0,0,1750,0,1750
OP10210008857,Mrs. J ACHAMMA,9640936638,0,0,6480,0,6480
OP10210008868,Mr. N RAVI,9985703819,0,0,700,0,700
OP10210008871,Ms. P MAHA VENKATA LAKSHMI,6305820779,0,0,34500,0,34500
OP10210008881,Mrs. R NAGA LAKSHMI,7676966681,0,0,700,0,700
OP10210008880,Mr. Y VAMSIDHAR,7676966681,0,0,700,0,700
OP10210008883,Mrs. K TIRUPATAMMA,9553577730,700,0,0,0,700
OP10210008885,Mr. venkata krishna a,7799346204,0,0,900,0,900
OP10210008886,Mr. G SRINIVAS,9550847777,4750,0,4500,0,9250
OP10210008892,Mrs. K KRISHNAVENI,9989097290,0,0,2250,0,2250
OP10210008894,Mrs. R NAGA MANI ,9440638769,700,0,0,0,700
OP10210008896,Mr. M SURINARAYANA REDDY,9989175777,0,0,700,0,700
OP10210008898,Mr. R YESHAIAH,6304947357,1450,0,0,0,1450
OP10210008902,Mr. KRISHNA RAO CH,9182220585,0,0,2655,0,2655
OP10210008910,Mr. B RAMAIAH,9000395936,2400,0,0,0,2400
OP10210008918,Mrs. N KANAKA DURGA ,9063619056,2250,0,0,0,2250
OP10210008920,Mrs. K SUBBAYAMMA,9849995722,2750,0,0,0,2750
OP10210008924,Mrs. P LAKSHMI,9949600152,0,0,1550,0,1550
OP10210008934,Mrs. P LAKSHMI,9949600152,0,0,700,0,700
OP10210008943,Mr. T NARESH,7893682774,2250,0,0,0,2250
OP10210008946,Mrs. K LAKSHMI SIREESHA,7680842019,0,0,2500,0,2500
OP10210008947,Mr. K NAGI REDDY,9490885129,1440,0,0,0,1440
OP10210008950,Mrs. P ADI LAKSHMI,8500110444,0,0,2400,0,2400
OP10210008954,Mr. KM MADHU,6301249411,0,0,9850,0,9850
OP10210008957,Mrs. B PADAMAVATHI ,9494152081,0,0,2150,0,2150
OP10210008959,Mr. BOJJA RAJESH,8688164286,1899,0,0,0,1899
OP10210008960,Mr. PRAVEEN J,9676560218,0,0,3500,0,3500
OP10210008963,Mr. SD JAVID,8919992417,0,0,4400,0,4400
OP10210008965,Mrs. SK SHAMMI,9704650922,3550,0,0,0,3550
OP10210008968,Mr. S BHASKARA RAO,9490639015,3000,0,0,0,3000
OP10210008969,Mrs. V KRISHNA SRAVANI,8125869439,4000,0,0,0,4000
OP10210008974,Mrs. P SIVA  NAGAMANI,9866145250,1450,0,0,0,1450
OP10210008977,Mr. M VENKATA REDDY,6309198318,0,0,2800,0,2800
OP10210008984,Mr. CH AKHILA,9985295550,0,0,2250,0,2250
OP10210008989,Mrs. G SAI LAKSHMI,9640053000,0,0,2850,0,2850
OP10210008983,Mr. K TAGORE,9676725785,0,0,490,0,490
OP10210008992,Mrs. G LAKSHMI,6281249592,0,0,2450,0,2450
OP10210008993,Mr. A ANJANEYA PRASAD,8142450312,0,0,2150,0,2150
OP10210008998,Mr. SK MAHABOOB BASHA ,9885927511,150,0,2000,0,2150
OP10210009006,Mr. P ANANATHA RAMAIAH,9642219195,0,0,1650,0,1650
OP10210009009,Mr. B SUDHAKAR ,9553122016,0,0,8750,0,8750
OP10210009011,Mr. SD KHASIM SYDU,8886817849,2350,0,0,0,2350
OP10210009013,Mr. S ASHOK,8985957737,0,0,700,0,700
OP10210009012,Mrs. B SUGUNA,7989381020,0,0,3100,0,3100
OP10210009014,Mr. G VENKATESWARLU,9848651654,2350,0,0,0,2350
OP10210009016,Mr. SKCH BAJI,9177246507,1750,0,0,0,1750
OP10210009019,Mrs. CH NAGA MARUTHI KUMARI,8096018167,3050,0,0,0,3050
OP10210009020,Mr. S APPALA RAJU,9347825189,0,0,2850,0,2850
OP10210009022,Mrs. V VENKATA RAMANA,9182597170,1750,0,0,0,1750
OP10210009023,Mr. CH RAMA KRISHNA,7702304586,2800,0,0,0,2800
OP10210009028,Mr. J YESHWANTH LAKSHMI RAMAIAH ,7382998086,2400,0,0,0,2400
OP10210009029,Mr. M GOPI  REDDY,9849144164,2050,0,0,0,2050
OP10210009032,Mrs. CH HARINI,9030547540,700,0,0,0,700
OP10210009031,Mrs. N RAMADEVI,9505000399,2840,0,0,0,2840
OP10210009034,Mrs. T ANJAMMA ,9398723424,1800,0,0,0,1800
OP10210009036,Mr. MD USMAN  ALI,9154562988,1720,0,0,0,1720
OP10210009042,Mr. N KOTI  REDDY,9010114197,700,0,0,0,700
OP10210009045,Mrs. M VIJAYA LAKSHMI,8074903500,2050,0,0,0,2050
OP10210009052,Mrs. K TRIVENI ,9052411331,700,0,0,0,700
OP10210009048,Mr. P YESU BABU,9703961939,2200,0,0,0,2200
OP10210009057,Mr. CHILAKA VENKATESWARLU ,9666515740,1800,0,0,0,1800
OP10210009060,Mr. K SAI KRISHNA ,7032433477,0,0,1100,0,1100
OP10210009061,Mrs. S MAHALAKSHMI,9676359485,1100,0,0,0,1100
OP10210009065,Mrs. G VENKATA NARAYANAMMA,7981550150,0,0,6500,0,6500
OP10210009070,Mr. G ANIL KUMAR,9620187249,0,0,2700,0,2700
OP10210009072,Mr. J CHAITANYA,9951166316,0,0,3250,0,3250
OP10210009073,Mrs. B PRASHANTHI,9704436036,2150,0,0,0,2150
OP10210009075,Mr. K BHAGAVANYA NAIK,9948630410,0,0,1665,0,1665
OP10210009083,Mrs. P ANKAMMA,9848661722,2850,0,0,0,2850
OP10210009084,Mr. T KIRAN KUMAR,9989176609,2000,0,0,0,2000
OP10210009085,Mrs. T SANTHA  KUMARI,9030503402,3050,0,0,0,3050
OP10210009087,Mrs. SK SHAHEENA,9440200890,0,0,3840,0,3840
OP10210009088,Mrs. K ANNAPURNAMMA,9177271919,0,0,2840,0,2840
OP10210009090,Mrs. M SIRISHA ,9177722737,2300,0,0,0,2300
OP10210009093,Mr. P KOTI REDDY,9949929649,0,0,1550,0,1550
OP10210009096,Mrs. B SESHAMMA,9441314695,3050,0,0,0,3050
OP10210009098,Mr. A ANJANEYA REDDY,9440483832,0,0,1100,0,1100
OP10210009106,Mrs. S ANASURYA,9440536199,0,0,2950,0,2950
OP10210009107,Mr. J LAVAN KUMAR,8179548201,1850,0,0,0,1850
OP10210009108,Mrs. S LAKSHMI KUMARI,9440201385,1900,0,0,0,1900
OP10210009109,Mr. R SUBBA RAO,6300144415,2850,0,0,0,2850
OP10210009111,Mrs. V RAMA KOTAMMA,6305821512,1750,0,0,0,1750
OP10210009121,Mrs. SK MEERABI,9949524877,700,0,0,0,700
OP10210009122,Mr. R SUBBA RAO,9182623004,3100,0,0,0,3100
OP10210009123,Mrs. SK CHANBI,9100364941,0,0,2350,0,2350
OP10210009124,Mr. B NAGARAJU ,9963339057,3400,0,0,0,3400
OP10210009125,Mr. M SRINIVAS,7075462719,2250,0,0,0,2250
OP10210009128,Mrs. J VENKATARATNAM,9908423789,1250,0,0,0,1250
OP10210009130,Mr. CH JYOTHI BABU,8297192008,1700,0,0,0,1700
OP10210009134,Mr. D MANIKANDAN,9994510186,0,0,2950,0,2950
OP10210009133,Mrs. D JAYA LAKSHMI,7997698572,700,0,0,0,700
OP10210009143,Mrs. K VISALAKSHI ,9502447068,3250,0,0,0,3250
OP10210009141,Mr. T MANTHRAYYA,6304661175,1785,0,0,0,1785
OP10210009144,Mr. B UDAY KIRAN,7013148516,0,0,2360,0,2360
OP10210009145,Mrs. B LAVANYA,6303031711,4250,0,0,0,4250
OP10210009146,Mrs. N SYAMALA,9908564399,6050,0,0,0,6050
OP10210009148,Mr. P RAKESH,9676396580,2850,0,0,0,2850
OP10210009151,Mr. R SRINIVAS REDDY,9063572887,1100,0,0,0,1100
OP10210009150,Mrs. S ARUNA,9346335633,700,0,0,0,700
OP10210009154,Mr. V RAMESH BABU,6300801701,0,0,490,0,490
OP10210009175,Mr. VENKATAPPAIAH S,9849950753,2000,0,0,0,2000
OP10210009176,Mrs. N LEELAVATHI,8247661312,0,0,3550,0,3550
OP10210009180,Mr. G SRI RAMULU,9133984423,2850,0,0,0,2850
OP10210009179,Mr. A PICHAIAH,7893404507,3050,0,0,0,3050
OP10210009178,Mr. SK MASTAN,9493941725,2422,0,0,0,2422
OP10210009182,Mr. SK JANI BASHA,9948081160,2500,0,0,0,2500
OP10210009188,Mr. SK KASHIM  SAIDHA,9000128392,1100,0,0,0,1100
OP10210009189,Mr. SRINIVASA RAO P,9866594116,3000,0,2250,0,5250
OP10210009198,Mr. K DESI NAIK ,9618342494,1900,0,0,0,1900
OP10210009202,Ms. K SUSEELA ,9848140546,1850,0,0,0,1850
OP10210009204,Ms. K YAMINI SMITHA,9177489198,2450,0,0,0,2450
OP10210009206,Mr. K KARIMULLA,9989731994,2350,0,0,0,2350
OP10210009208,Mrs. SANNAH HUSSAIN,7207003584,4850,0,0,0,4850
OP10210009207,Mrs. K RAMADEVI,9705234366,2250,0,0,0,2250
OP10210009209,Mr. K NAGI REDDY,9490885129,700,0,0,0,700
OP10210009219,Mrs. T SRAVANI,9885535836,0,0,700,0,700
OP10210009220,Mr. K NAGESWARA RAO,9849522019,0,0,200,0,200
OP10210009221,Mr. P RIYAZ KHAN,9100627095,0,0,3050,0,3050
OP10210009222,Mr. SK SHABBER,7702450623,3050,0,0,0,3050
OP10210009225,Ms. Y SRUTHI,9742001442,0,0,1750,0,1750
OP10210009224,Mrs. D RAMA DEVI,9133197663,2350,0,0,0,2350
OP10210009226,Mr. V NAGARJUNA,9618145665,7200,0,0,0,7200
OP10210009229,Mrs. V AKKAMMA,7702207219,950,0,0,0,950
OP10210009228,Mrs. T ROJA,9705586303,0,0,2252,0,2252
OP10210009230,Mr. SK JAMEER,8341533799,0,0,2100,0,2100
OP10210009231,Mr. K MAHESH,9908072512,0,0,3400,0,3400
OP10210009233,Mr. K VENKATA REDDY,9848271114,2240,0,0,0,2240
OP10210009234,Mrs. B BHARATHI,9160751271,0,0,2250,0,2250
OP10210009238,Mr. LAKSHMAN A,8885555973,0,0,1200,0,1200
OP10210009242,Mr. P ANJAIAH,9440605752,2000,0,0,0,2000
OP10210009244,Mr. M SRINIVASA RAO,7032658899,0,0,1800,0,1800
OP10210009247,Mrs. M VENAKATA RAMANA,9963638156,2135,0,0,0,2135
OP10210009250,Mr. A SRINIVASA REDDY,6305304069,4500,0,0,0,4500
OP10210009253,Mr. P SUBBA RAO ,9912120122,0,0,2350,0,2350
OP10210009258,Mr. G HARSHA VARDHAN,9182434794,0,0,2150,0,2150
OP10210009262,Mrs. PATAN SAJIDA PARVEEN,7995826046,0,0,2150,0,2150
OP10210009263,Mr. N VENKAT RAO,9963432746,3050,0,0,0,3050
OP10210009272,Mr. V SWARUP KUMAR,9441854392,0,0,3250,0,3250
OP10210009274,Mr. V VEERA REDDY ,9052499069,0,0,1400,0,1400
OP10210009276,Mrs. A MADHAVI,6304308116,0,0,950,0,950
OP10210009280,Mr. M NAGESWARA RAO,9553564086,3250,0,0,0,3250
OP10210009281,Mr. T SRINIVASA REDDY,9666945348,1920,0,0,0,1920
OP10210009282,Mrs. T LINGAMMA,8985778286,0,0,700,0,700
OP10210009287,Mr. P J R SESHA SAI ,9110798961,700,0,0,0,700
OP10210009286,Mrs. CH MADHAVI,9505513883,0,0,3225,0,3225
OP10210009289,Mr. SK BAJI,9866814634,0,0,2950,0,2950
OP10210009292,Mr. T RAVINDRA,7013341861,7850,0,0,0,7850
OP10210009293,Mr. Y KIRAN KUMAR,9676962898,0,0,2250,0,2250
OP10210009295,Mrs. G RAMA DEVI,8639971213,700,0,0,0,700
OP10210009299,Mr. SK ANWAR ,9884433788,0,0,5800,0,5800
OP10210009298,Mr. M KALYAN,6303514795,700,0,0,0,700
OP10210009302,Mr. D SIVA ,8919022975,2850,0,0,0,2850
OP10210009316,Mr. G KRISHNA REDDY,9490196295,1850,0,0,0,1850
OP10210009317,Mrs. SK MAHABOOB BI,9948626837,1600,0,0,0,1600
OP10210009315,Mr. SK TAJUDDIN,9642350069,3050,0,0,0,3050
OP10210009319,Mr. B BALA MURALI KRISHNA ,7673917318,1450,0,0,0,1450
OP10210009320,Mr. G GANGAIAH ,9502351966,950,0,0,0,950
OP10210009322,Mrs. B NAGESWARAMMA,9985695082,0,0,2950,0,2950
OP10210009335,Mr. N NAGANJANEYULU,8008049982,250,0,0,0,250
OP10210009341,Mr. G PRATHIK,7702340112,0,0,1900,0,1900
OP10210009344,Mr. B PRAVARSH REDDY,9848491690,1900,0,0,0,1900
OP10210009346,Mrs. G PREMALATHA,9392358311,0,0,2050,0,2050
OP10210009355,Mr. K SRINIVASA RAO,9014867781,2700,0,0,0,2700
OP10210009358,Ms. N ANJALI,9508202064,2400,0,0,0,2400
OP10210009356,Mrs. J REBECCA,8500780251,0,0,1000,0,1000
OP10210009357,Mr. J JAGADISH,8500780251,0,0,1000,0,1000
OP10210009360,Mr. K BHAGAVANYA NAIK,9948630410,0,0,1100,0,1100
OP10210009362,Ms. S PARIMALA,9848236567,1700,0,0,0,1700
OP10210009373,Mrs. K SRI LAKSHMI,9949693027,2000,0,0,0,2000
OP10210009379,Mr. M SATYANARAYANA,9291651127,3850,0,0,0,3850
OP10210009381,Mr. VENKATESH I,7675880570,0,0,7800,0,7800
OP10210009386,Mr. J CHAITANYA,9951166316,0,0,1700,0,1700
OP10210009393,Mrs. B PRASHANTHI,9704436036,400,0,0,0,400
OP10210009388,Mr. N SANKAR,9885810030,0,0,1350,0,1350
OP10210009391,Mr. K SREENIVASA RAO,9951332422,0,0,2050,0,2050
OP10210009382,Mr. P SAMBA SIVA RAO ,9100851184,2300,0,0,0,2300
OP10210009380,Mr. B KOONA REDDY,9505363172,3150,0,0,0,3150
OP10210009404,Mrs. CH NAGENDRAMMA,9963530299,2350,0,0,0,2350
OP10210009410,Mr. Y ANIL BABU,8886737373,0,0,700,0,700
OP10210009407,Mr. N RAVI TEJA,7795397314,3000,0,100,0,3100
OP10210009406,Mr. P VENKATESWARA RAO,7075955914,0,0,2750,0,2750
OP10210009416,Mr. SK IBRAHIM,8106155149,2150,0,700,0,2850
OP10210009423,Mr. M SATYANARAYANA,9291651127,3000,0,0,0,3000
OP10210009421,Mr. B VENKATESWARA RAO,7702741121,0,0,3800,0,3800
OP10210009422,Mr. P SAGAR,9642586258,0,0,3800,0,3800
OP10210009426,Ms. P ALISU ,9505639623,1350,0,0,0,1350
OP10210009428,Mrs. A BHARGAVI,9849786191,700,0,0,0,700
OP10210009415,Mr. CH ANJI,9908310004,0,0,1477,0,1477
OP10210009417,Mr. SK KARIMULLA,9121045060,0,0,1830,0,1830
OP10210009411,Mr. M BALA VENKATESWARA RAO,6304770418,0,0,1085,0,1085
OP10210009425,Mr. V RAJESHJ,7286808294,2600,0,0,0,2600
OP10210009418,Mrs. A NAGA MALLESWARI,9000927206,0,0,3250,0,3250
OP10210009433,Mrs. G VEERA RAGAVAMMA,9299004324,1540,0,0,0,1540
OP10210009434,Mrs. B BABY SAROJINI,9493301636,2600,0,3500,0,6100
OP10210009432,Mr. P ANJINEYULU,9704166356,0,0,1855,0,1855
OP10210009454,Mrs. D MANIKYAM,9505273121,0,0,2100,0,2100
OP10210009455,Mr. Y SIVAIAH,9392282145,700,0,0,0,700
OP10210009440,Mr. K VINCY,9133519996,0,0,700,0,700
OP10210009458,Mr. T SRINIVASA REDDY,9666945348,1100,0,0,0,1100
OP10210009465,Mr. G ACHI REDDY,9000631762,0,0,1350,0,1350
OP10210009461,Mr. SK SILAR,8919808224,2950,0,0,0,2950
OP10210009480,Mr. B LATIF NAIK,7993038293,3300,0,0,0,3300
OP10210009482,Mrs. V RAMYA,7032845867,1000,0,1750,0,2750
OP10210009490,Mr. L ANJI,9652057547,2950,0,0,0,2950
OP10210009491,Mr. SK SAMEER GOUS,9959182583,0,0,2250,0,2250
OP10210009493,Mrs. M DEENA,9398780729,2250,0,0,0,2250
OP10210009497,Mr. KSR ANJANEYULU,9949277260,2350,0,0,0,2350
OP10210009496,Mrs. P LAKSHMI DEVI,8885469498,0,0,2900,0,2900
OP10210009499,Mr. SK PEER BABU,9515695519,1100,0,0,0,1100
OP10210009501,Mr. B SURESH,8328498232,0,0,2950,0,2950
OP10210009509,Mrs. K DURGA,9392959126,2250,0,0,0,2250
OP10210009511,Mrs. G DURGA,9515304399,2400,0,0,0,2400
OP10210009503,Mr. S SUBBA RAO,9908348122,0,0,2000,0,2000
OP10210009513,Mr. B PREM BABU,9441675195,2400,0,0,0,2400
OP10210009505,Mr. M KRISHNA,9063584611,700,0,0,0,700
OP10210009492,Mr. E SOMASHEKAR REDDY,9440070701,0,0,490,0,490
OP10210009517,Mrs. V CHAPLI BAI,8497955164,700,0,0,0,700
OP10210009518,Mr. CH NAGESWARARAO ,9705974343,200,0,0,0,200
OP10210009519,Mr. V JAYA CHANDRA,8247253722,0,0,2400,0,2400
OP10210009526,Ms. K SUSEELA ,9848140546,700,0,0,0,700
OP10210009523,Mr. A SAMBI REDDY,9491664118,1360,0,0,0,1360
OP10210009527,Mr. CH ANJI,9908310004,4500,0,0,0,4500
OP10210009528,Mr. B RAMAIAH,9000395936,100,0,0,0,100
OP10210009530,Mrs. M VENKATA LAKSHMI,6303895703,5650,0,0,0,5650
OP10210009534,Mrs. S SUDHA RANI,7995874025,0,0,700,0,700
OP10210009536,Mrs. P MALLESWARI,9640644147,0,0,1900,0,1900
OP10210009542,Mr. G KIRAN KUMAR,7995473347,1700,0,0,0,1700
OP10210009549,Mrs. T SRAVANI,9885535836,0,0,1500,0,1500
OP10210009551,Mrs. P MALLESWARI,9640644147,700,0,0,0,700
OP10210009550,Mrs. T SYAMALA,9603707017,350,0,0,0,350
OP10210009556,Mr. M SEETHA RAMA RAJU,9912497955,3900,0,0,0,3900
OP10210009560,Mrs. SK HAZARA,7569163200,2150,0,0,0,2150
OP10210009563,Mrs. T SUJATHA KUMARI,8919170538,2150,0,0,0,2150
OP10210009562,Mrs. R ARUNA KUMARI,9030292764,0,0,630,0,630
OP10210009565,Mr. V SAMBA SIVA RAO,8074405097,2050,0,0,0,2050
OP10210009564,Mr. T SUDEEP,9848596679,0,0,2205,0,2205
OP10210009574,Mrs. B SWAPNA,9966227193,0,0,3200,0,3200
OP10210009580,Ms. M RENUMALLIKA,9010324451,3800,0,0,0,3800
OP10210009576,Mrs. SK KHASIM BEE,8466873581,2850,0,0,0,2850
OP10210009581,Mr. S KOTI REDDY,9441946629,2700,0,0,0,2700
OP10210009588,Mr. K BHUSAIAH,9849352268,3350,0,0,0,3350
OP10210009585,Mr. P SRINIVAS,9676781022,0,0,2025,0,2025
OP10210009591,Mrs. B PADMA,8466020267,2400,0,0,0,2400
OP10210009594,Mrs. CH REVATHI ,8886992169,0,0,3350,0,3350
OP10210009595,Mrs. V KRISHNA SRAVANI,8125869439,1700,0,0,0,1700
OP10210009596,Mrs. R GALEMMA,7702368382,3050,0,0,0,3050
OP10210009604,Mr. M SRINIVASA MURTHY,6301577105,0,0,5400,0,5400
OP10210009612,Mrs. A ANURADHA,9951169889,700,0,0,0,700
OP10210009613,Mr. B GOPI,9391398651,1550,0,0,0,1550
OP10210009615,Mr. K VENKATA NARASAIAH,8886275266,700,0,2250,0,2950
OP10210009614,Mrs. P YAMUNA,9502726034,2250,0,0,0,2250
OP10210009624,Mr. BOJJA RAJESH,8688164286,1450,0,0,0,1450
OP10210009621,Mr. K SUBBA RAO,7382463974,0,0,490,0,490
OP10210009632,Mr. P LEELA VASU DEV,9652980757,2850,0,0,0,2850
OP10210009634,Mr. N PRASAD RAO,9949732338,2975,0,0,0,2975
OP10210009635,Mr. A AJAY VARMA,7981117625,700,0,0,0,700
OP10210009639,Mrs. K SRAVANI,9908916366,1950,0,0,0,1950
OP10210009640,Mr. SK NABEESA,9949148115,2150,0,0,0,2150
OP10210009641,Mrs. ALPANE ,9440791900,1880,0,0,0,1880
OP10210009642,Mrs. N SYAMALA,9908564399,0,0,4350,0,4350
OP10210009643,Mr. N HARSHA VARDHAN,9494797548,0,0,3900,0,3900
OP10210009644,Mr. T SRINIVASA REDDY,9666945348,700,0,0,0,700
OP10210009647,Mr. Y PRASAD RAO,9959936958,0,0,2250,0,2250
OP10210009649,Mrs. N MOUNIKA,7306020140,0,0,700,0,700
OP10210009650,Mr. ABDUL SUBHAN ,9000889224,200,0,0,0,200
OP10210009655,Ms. B PAVANI,6300049069,0,0,1700,0,1700
OP10210009661,Mrs. I LAKSHMI ,9951856793,2350,0,0,0,2350
OP10210009663,Mrs. K VENKATA NAGA LAKSHMI,9618137668,0,0,2350,0,2350
OP10210009665,Mr. M RAVI KUMAR,8019443739,0,0,1700,0,1700
OP10210009674,Mr. K MAHESH,9908072512,0,0,1900,0,1900
OP10210009675,Mr. G SATWIK,8907559999,2350,0,0,0,2350
OP10210009678,Mr. B SAI KRISHNA,9441372857,1900,0,0,0,1900
OP10210009679,Mrs. T SIVA KUMARI,6304148746,700,0,0,0,700
OP10210009683,Mrs. C NAGENDHRAMMA,9393062268,3050,0,0,0,3050
OP10210009682,Mrs. M LAKSHMAN REDDY,6940294656,0,0,2250,0,2250
OP10210009688,Mr. SUBBA RAO B,9441134690,3450,0,0,0,3450
OP10210009686,Ms. S KEERTHI,9573418146,9500,0,0,0,9500
OP10210009693,Mr. B VENKATESWARA RAO,7702741121,0,0,1300,0,1300
OP10210009689,Mr. S SRINIVASARAO,9392091690,2150,0,0,0,2150
OP10210009695,Mr. SK RAMJAN,9493729072,2250,0,0,0,2250
OP10210009690,Mr. CH SRINIVASA RAO,9618205530,10620,0,0,0,10620
OP10210009706,Mr. N VENU,6300252625,0,0,1700,0,1700
OP10210009703,Mr. M SURESH BABU,9908755113,1900,0,0,0,1900
OP10210009707,Mr. V SATYA NANDHAM,9491344409,0,0,2250,0,2250
OP10210009714,Mr. M VENKATESWARA RAO,9985520091,0,0,2000,0,2000
OP10210009717,Mrs. B PADMA,8466020267,0,0,400,0,400
OP10210009719,Mrs. R VIJAYA LAKSHMI,9248300740,6000,0,0,0,6000
OP10210009732,Mrs. CH SRIMUKHI REDDY,9676877011,0,0,4100,0,4100
OP10210009731,Mr. KRISHNA RAO CH,9182220585,0,0,1800,0,1800
OP10210009735,Ms. T ARONIKA ,6300823559,700,0,0,0,700
OP10210009739,Ms. LAKSHWAMMA P,8639981819,0,0,2700,0,2700
OP10210009741,Mr. B MAHENDRA,9849261016,3050,0,0,0,3050
OP10210009749,Mr. M VENKATESWARLU,9949941294,700,0,0,0,700
OP10210009754,Mr. B PRAKASH REDDY,9059111233,0,0,3050,0,3050
OP10210009751,Mr. CH VENKATESWARLU,9010129730,8900,0,0,0,8900
OP10210009761,Mrs. M LEELAVATHI,8008558528,2850,0,0,0,2850
OP10210009762,Mr. M SEETHA RAMA RAJU,9912497955,1100,0,0,0,1100
OP10210009764,Mr. P MAHESH,9703041405,2850,0,0,0,2850
OP10210009772,Mrs. J RAMAKOTAMMA,9000394239,0,0,700,0,700
OP10210009776,Mrs. V AKKAMMA,7702207219,750,0,0,0,750
OP10210009780,Mrs. N SHASHIKALA,7382987792,2590,0,0,0,2590
OP10210009779,Mrs. K MALLESWARI,8801317494,0,0,1100,0,1100
OP10210009791,Mrs. K BHAVANI,9542294146,3050,0,0,0,3050
OP10210009793,Mrs. M GAYATHRI,9849642436,2850,0,0,0,2850
OP10210009796,Mr. BOJJA RAJESH,8688164286,700,0,0,0,700
OP10210009801,Mr. S SIVA SANKAR,9030566065,0,0,770,0,770
OP10210009816,Mr. K VENKAT ,9030113772,0,0,2400,0,2400
OP10210009818,Mr. P SRINIVASA RAO,7989693286,0,0,3050,0,3050
OP10210009813,Mr. G VENKATESWARLU,9848651654,1800,0,0,0,1800
OP10210009815,Mrs. P ESWARAMMA,9121154945,0,0,700,0,700
OP10210009820,Mrs. SK JANI BEGUM,9550180592,200,0,0,0,200
OP10210009821,Mrs. R KAVITHA,8639028933,700,0,0,0,700
OP10210009817,Mr. CH VENKATESWARLU,9010129730,2550,0,0,0,2550
OP10210009828,Ms. B NILIMA,9705494498,2750,0,0,0,2750
OP10210009825,Mr. CH KOTESWARA RAO,8374200670,2550,0,0,0,2550
OP10210009835,Mr. LAKSHMAN A,8885555973,1440,0,0,0,1440
OP10210009842,Mr. K NARASIMHA SWAMY,9885485613,400,0,700,0,1100
OP10210009841,Mr. B SINGA REDDY,9502517744,2450,0,0,0,2450
OP10210009843,Mr. M NAGA SEKHAR,6281923849,0,0,7950,0,7950
OP10210009844,Mr. VENKATA REDDY CH,9535597487,900,0,1125,0,2025
OP10210009839,Mr. L RAJESH,9182965719,2150,0,0,0,2150
OP10210009840,Mr. K SAMBA SIVA RAO,8185813550,0,0,3250,0,3250
OP10210009847,Mr. M RAMESH ,9000831042,1700,0,0,0,1700
OP10210009850,Mr. K GIRISH,9849476321,0,0,2250,0,2250
OP10210009855,Mr. V VIJAY RAJU,6302617614,0,0,2850,0,2850
OP10210009857,Mr. VENKATESWAR RAO ,9959756425,1700,0,0,0,1700
OP10210009858,Mrs. D RAJYA LAKSHMI,9581610824,0,0,2750,0,2750
OP10210009878,Mr. PB CHOWDARY,9394152040,0,0,1800,0,1800
OP10210009877,Mr. J HARI BABU,9010367364,0,0,3550,0,3550
OP10210009872,Mrs. V SARIKA,9703876852,0,0,2950,0,2950
OP10210009875,Mrs. G RAJAMMA,9133596763,2565,0,0,0,2565
OP10210009880,Mr. I NAVEEN BABU,9705947408,2150,0,0,0,2150
OP10210009876,Mr. A SRIKANTH,9391232340,0,0,1400,0,1400
OP10210009886,Mrs. K SABINA,8179022170,0,0,2200,0,2200
OP10210009879,Mrs. J RADHIKA,8886826611,0,0,700,0,700
OP10210009893,Mrs. CH SUNANDHAM,9392522698,0,0,200,0,200
OP10210009895,Mr. V PRASAD,9666630017,0,0,2250,0,2250
OP10210009896,Mrs. P SUDHA RANI,9963218952,0,0,2250,0,2250
OP10210009904,Mrs. K SIVA LAKSHMI,8885464555,0,0,2150,0,2150
OP10210009941,Mr. SK BAJI,9866814634,400,0,0,0,400
OP10210009944,Mrs. N SYAMALA,9908564399,0,0,2400,0,2400
OP10210009947,Mrs. E VENKATA BHARATHI,8885488891,0,0,700,0,700
OP10210009957,Mr. M NARASIMHA RAO,9052715560,0,0,12100,0,12100
OP10210009963,Mr. G SRINIVASA REDDY,8374242537,6000,0,1050,0,7050
OP10210009968,Mr. CH VENKATA RAO,9949066929,0,0,700,0,700
OP10210009973,Mrs. R BHAGYA LAKSHMI,9603789288,2250,0,0,0,2250
OP10210009975,Mr. K DAMODAR,9573457574,0,0,1720,0,1720
OP10210009977,Master. VIDHAVAN KARTHIK Y,7075642000,2400,0,0,0,2400
OP10210009982,Mr. V RAMAIAH,9666323837,3250,0,0,0,3250
OP10210009990,Mrs. M EVANJALI,9703668520,2850,0,0,0,2850
OP10210010000,Mr. K RAVINDRA BABU,9985881889,4600,0,1100,0,5700
OP10210010001,Mrs. S MALLESWARI,9390524741,0,0,2250,0,2250
OP10210010009,Mr. V SAMBI REDDY,9966644344,0,0,700,0,700
OP10210010002,Mr. B VENKATA RAMI REDDY,9959610756,0,0,700,0,700
OP10210010005,Mr. V RAMA RAO,8106651665,3550,0,0,0,3550
OP10210010004,Mr. T SAI PRAKASH,7075638730,2170,0,0,0,2170
OP10210010014,Mr. CH SRINIVASA RAO,9618205530,8100,0,0,0,8100
OP10210010020,Mr. J SIVA RAMA KRISHNA,9542769261,700,0,0,0,700
OP10210010022,Mrs. G SESHAMMA,7995134534,0,0,700,0,700
OP10210010028,Mr. B K SHANKAR SINGH,9949760498,2565,0,0,0,2565
OP10210010030,Mr. M KALYAN CHAKRAVARTHI,9000535355,1920,0,0,0,1920
OP10210010031,Mr. N RAVI,9985703819,0,0,2400,0,2400
OP10210010033,Mr. R NAVEEN,9581779295,0,0,2400,0,2400
OP10210010037,Ms. P ALISU ,9505639623,2150,0,0,0,2150
OP10210010040,Mr. K SUDHEER,7036383387,1550,0,0,0,1550
OP10210010042,Mrs. A VARUNA KUMARI,9581323234,0,0,9180,0,9180
OP10210010044,Mr. B H BASAVI REDDY,9542855769,3600,0,0,0,3600
OP10210010049,Mrs. S LAKSHMAMMA,9347825189,2100,0,0,0,2100
OP10210010046,Mr. K SURENDRA,8886883917,2900,0,0,0,2900
OP10210010052,Mrs. S JYOTHI,7893856222,2700,0,300,0,3000
OP10210010053,Mr. N ANIL KUMAR,9959816066,0,0,2500,0,2500
OP10210010055,Mrs. B GEETHA KUMARI,8099878008,700,0,0,0,700
OP10210010059,Mrs. SK KARIMUN ,8008329118,0,0,3050,0,3050
OP10210010060,Master. P MOHAN SHANKAR,9177427781,3050,0,0,0,3050
OP10210010062,Mr. N NARESH,8341701068,0,0,2250,0,2250
OP10210010081,Mr. K BHAGAVANYA NAIK,9948630410,0,0,1800,0,1800
OP10210010080,Mrs. K VENKATA RAMANAMMA,9492606573,1600,0,0,0,1600
OP10210010085,Mrs. B CHALLAMMA,7989730738,1505,0,0,0,1505
OP10210010082,Mr. K SUBBA RAO,9440444575,3050,0,0,0,3050
OP10210010087,Mrs. N RAMANAMMA,6304332117,2850,0,0,0,2850
OP10210010088,Mrs. Y LAKSHMI TRIVENI,8978014779,0,0,700,0,700
OP10210010092,Mr. M VISHNU MURTHY,9110593258,2950,0,0,0,2950
OP10210010095,Mrs. L UMA MAHESWARI,9866171045,100,0,0,0,100
OP10210010105,Mrs. R SANTHA  KUMARI,9916041600,0,0,2900,0,2900
OP10210010106,Mr. M SOMAIAH,8712277917,0,0,3050,0,3050
OP10210010108,Mr. K KARIMULLA,9989731994,0,0,250,0,250
OP10210010111,Ms. P DURGA DEVI ,9849795715,700,0,0,0,700
OP10210010112,Mr. A PRABHAKAR REDDY,9492247139,0,0,1300,0,1300
OP10210010116,Mrs. M MANEESHA,6304252576,0,0,2500,0,2500
OP10210010117,Mr. P VEERA REDDY,9989665733,2400,0,50,0,2450
OP10210010120,Mrs. G BHAVYA JYOTHI,8688491218,1800,0,0,0,1800
OP10210010123,Mrs. D VIJAYA LAKSHMI,9505885195,0,0,2250,0,2250
OP10210010128,Mrs. A VENKATA NARASAMMA,9000397885,0,0,700,0,700
OP10210010131,Mr. L VARALU,9703307400,3250,0,0,0,3250
OP10210010132,Mrs. L SAMRAJYAM,9490605121,2350,0,0,0,2350
OP10210010136,Mr. G LINGA REDDY,8712158167,700,0,0,0,700
OP10210010139,Ms. NIRMALA T,7382648201,2650,0,0,0,2650
OP10210010145,Mrs. B BABY SAROJINI,9493301636,2700,0,0,0,2700
OP10210010142,Mrs. D NASAR BEE,8121176937,700,0,0,0,700
OP10210010146,Mr. S SIVA NAGI REDDY,8112124847,0,0,700,0,700
OP10210010151,Mrs. R SWATHI,9394038120,700,0,0,0,700
OP10210010154,Ms. V SIVA PRASANNA,8464873782,0,0,2400,0,2400
OP10210010156,Mrs. A DEVAMANI,8500576744,0,0,2850,0,2850
OP10210010158,Mr. G MARUTHI,9963307056,0,0,2650,0,2650
OP10210010167,Mrs. N BHARGAVI,9949037228,0,0,4000,0,4000
OP10210010176,Mr. J HARI BABU,9010367364,0,0,400,0,400
OP10210010184,Mrs. SK JANAMMA,8465896347,0,0,2850,0,2850
OP10210010187,Mr. CH KOTAIAH ,7995767740,0,0,1330,0,1330
OP10210010189,Mr. T NEERAJ,9390456719,0,0,3300,0,3300
OP10210010191,Ms. G PRANEETHA,6305562048,0,0,1680,0,1680
OP10210010193,Mrs. Y PADMAVATHI,9849834471,0,0,2150,0,2150
OP10210010199,Mr. M RAJU,9949523515,0,0,1800,0,1800
OP10210010210,Ms. M SUSILA,9866492411,0,0,2850,0,2850
OP10210010214,Mrs. V MOUNIKA,7702454222,0,0,3900,0,3900
OP10210010215,Mrs. M VENKATA LAKSHMI,8688144445,2700,0,0,0,2700
OP10210010216,Mr. A KOTAIAH,8374575014,2700,0,0,0,2700
OP10210010218,Mr. A CHANDRA KUMAR,9550851753,0,0,3200,0,3200
OP10210010219,Mr. CH SRINIVASA RAO,9618205530,1800,0,0,0,1800
OP10210010221,Mr. K NAGARAJU REDDY,7416691225,2500,0,0,0,2500
OP10210010224,Mr. G SRINIVASA RAO,9642468796,4150,0,0,0,4150
OP10210010225,Mr. K VIJAY KUMAR,8106990508,0,0,2850,0,2850
OP10210010229,Mrs. N NAYOMMI,9849831403,0,0,2150,0,2150
OP10210010236,Mrs. CH AKHILA,9985295550,0,0,400,0,400
OP10210010240,Mr. A N V VENU GOPALA SWAMI,9849228384,2800,0,0,0,2800
OP10210010244,Mr. M SRINIVAS RAO,9246428082,0,0,700,0,700
OP10210010257,Mr. CH VENKATESWARLU,9010129730,1100,0,0,0,1100
OP10210010261,Ms. K NAGA DURGA,9951900215,0,0,2300,0,2300
OP10210010264,Mr. DHEERAJ KUMAR,9905734207,0,0,700,0,700
OP10210010267,Mr. M SATYANARAYANA,9885524417,3550,0,0,0,3550
OP10210010270,Mr. B CHANDRASHEAKR RAO,9676526586,2850,0,0,0,2850
OP10210010272,Mrs. R SWATHI,9394038120,200,0,0,0,200
OP10210010273,Mr. P SAMBAIAH,9700181477,1900,0,0,0,1900
OP10210010275,Mrs. A KOTESHWARI,9652252246,700,0,420,0,1120
OP10210010278,Mr. K  VENKATA SUBBA RAO,9948310597,400,0,0,0,400
OP10210010281,Mr. S V RAMANA MURTHY,9390035386,900,0,0,0,900
OP10210010282,Mr. N SANKAR,9885810030,0,2100,0,0,2100
OP10210010290,Mrs. Y KOTESWARAMMA,8106333832,2480,0,0,0,2480
OP10210010296,Mr. J KASHAIAH,9533324759,2700,0,0,0,2700
OP10210010297,Mrs. K ESWARAMMA  ,9542696444,0,0,2900,0,2900
OP10210010303,Mrs. P THIRUPATHAMMA,9133289667,2650,0,0,0,2650
OP10210010310,Ms. A SRI KOUSALYA,9985651643,700,0,0,0,700
OP10210010319,Mr. SK BAJI,9292959299,0,0,3650,0,3650
OP10210010322,Ms. E JAHNAVI,9676336959,2400,0,0,0,2400
OP10210010336,Mrs. J UMAMAHESHWARI,7093314445,0,0,3100,0,3100
OP10210010338,Mr. A JANAKIRAMAYYA,9885493288,1750,0,0,0,1750
OP10210010343,Mr. K DAVID,7799096657,3600,0,0,0,3600
OP10210010330,Mr. M KARTHIK,6300453811,0,0,1250,0,1250
OP10210010347,Mr. CH SRINIVASA RAO,9618205530,600,0,0,0,600
OP10210010356,Mr. A S RAJU ,9441215793,200,0,0,0,200
OP10210010351,Mr. K MACHERLA,6302515030,0,0,3750,0,3750
OP10210010353,Mr. CH MALA KONDAIAH,9573036466,3400,0,0,0,3400
OP10210010354,Mr. B CHANDRASHEAKR RAO,9676526586,1000,0,0,0,1000
OP10210010361,Mr. B VISHNU VARDHAN REDDY,9966536566,0,0,2850,0,2850
OP10210010360,Mr. B NARAYANA REDDY ,8096549595,0,0,2850,0,2850
OP10210010368,Mr. SK BASHA,7207203469,2280,0,0,0,2280
OP10210010371,Mrs. K MAHA LAKSHMAMMA,9449005779,0,0,3500,0,3500
OP10210010370,Mr. V ADHINARAYANA,9550118470,2850,0,0,0,2850
OP10210010377,Mrs. V SIRISHA,9985278279,1900,0,0,0,1900
OP10210010376,Mrs. SK LEELA BEE,7799328733,0,0,2485,0,2485
OP10210010379,Mrs. G MADHURI,8639921423,0,0,2510,0,2510
OP10210010378,Mrs. E LAKSHMI,9949259169,0,0,1050,0,1050
OP10210010405,Mr. BABU RAJENDRA PRASAD MAINENI,8096301390,0,0,3050,0,3050
OP10210010409,Mrs. SAMBRAJYAM R,9603095602,2350,0,0,0,2350
OP10210010400,Mrs. VANAJAKSHI G,8317566609,0,0,1900,0,1900
OP10210010399,Mr. CHANDRA MOHAN B,9440228649,3050,0,0,0,3050
OP10210010411,Mr. K  VENKATA SUBBA RAO,9948310597,400,0,0,0,400
OP10210010406,Mrs. RENUKA OLETI,6300451567,2150,0,0,0,2150
OP10210010403,Mr. SUBBA RAO BOLLU,9652586577,0,0,3050,0,3050
OP10210010416,Mrs. LAKSHMI KATYYANI K,7842010327,1850,0,0,0,1850
OP10210010412,Ms. DINITHA D,6303143784,990,0,0,0,990
OP10210010417,Mr. M SRINIVAS ,9441068989,1900,0,0,0,1900
OP10210010407,Mrs. SWARNALATHA KARRA,9177044022,0,0,200,0,200
OP10210010422,Ms. RATNA KUMARI S,7989792419,0,0,2850,0,2850
OP10210010438,Mrs. VENKATESWARAMMA M,9666978706,0,0,850,0,850
OP10210010441,Mr. B BHARGAV,9542484147,450,0,1700,0,2150
OP10210010444,Mr. K VENKATA GOPI CHAND,9966924296,0,0,2150,0,2150
OP10210010448,Mr. P MANIKANTA,9652243568,0,0,700,0,700
OP10210010450,Mr. R NAGA BABU,9676277170,2350,0,0,0,2350
OP10210010449,Mr. SK KHAJA MASTHAN,8464040870,0,0,2650,0,2650
OP10210010452,Mr. D SIVA NAGARAJU,9666984144,0,0,3050,0,3050
OP10210010454,Mr. SK MOULALI,9000051649,1700,0,0,0,1700
OP10210010455,Mrs. ANANTHAMMA K,9959441181,3300,0,100,0,3400
OP10210010458,Mrs. K SRIVANI ALIAS RANGAMMA,8985299343,700,0,2550,0,3250
OP10210010473,Mr. B UDAY KIRAN,7013148516,50,0,0,0,50
OP10210010477,Mr. A SRINIVASA REDDY ,9740631605,0,0,2600,0,2600
OP10210010479,Mr. K VEERANJANEYLU,9346757944,0,0,3000,0,3000
OP10210010481,Mr. SANJAY REDDY K,9247930657,2100,0,0,0,2100
OP10210010485,Mr. K GOPI,9705902451,0,0,2050,0,2050
OP10210010490,Mr. G VENKATESWARLU,9866842176,2700,0,0,0,2700
OP10210010487,Mrs. N KOTI LAKSHMI,9059881716,0,0,1550,0,1550
OP10210010498,Mr. R RAMA RAJU ,9885047870,2000,0,0,0,2000
OP10210010500,Mrs. M KUSUMAMBHA,8341530649,2290,0,0,0,2290
OP10210010502,Mrs. P VENKATA SUJATHA,9492610315,0,0,1800,0,1800
OP10210010503,Mrs. N SYAMALA,9908564399,2800,0,0,0,2800
OP10210010504,Mr. V RAVINDRA BABU,7731922604,0,0,3750,0,3750
OP10210010510,Mr. P SESHAIAH,7997035274,0,0,1100,0,1100
OP10210010509,Mr. D SUDHAKAR,9030241690,0,0,2080,0,2080
OP10210010513,Mr. J PAPARAO,8978046422,0,0,3000,0,3000
OP10210010516,Mrs. R DURGA,9505406629,3400,0,0,0,3400
OP10210010436,Mr. RAMA KRISHNA K,9849675524,0,0,5250,0,5250
OP10210010519,Mr. B SHIVANAGIREDDY,8978489026,0,0,700,0,700
OP10210010525,Mrs. B SWARAJA LAKSHMI,8142662924,1550,0,0,0,1550
OP10210010527,Mr. S RAJARAO,9949913397,2650,0,0,0,2650
OP10210010523,Mr. V VEERA REDDY ,9052499069,0,0,1900,0,1900
OP10210010530,Mrs. J SAVITHRI,9866794466,900,0,0,0,900
OP10210010524,Mrs. T ANUSUYAMMA,9652615182,3137,0,0,0,3137
OP10210010544,Mr. T sambaiah,9618535665,700,0,0,0,700
OP10210010545,Mrs. SK JAN BI,9603066758,0,0,2850,0,2850
OP10210010553,Mr. K MUDDULA KRISHNA,9703199964,0,0,2400,0,2400
OP10210010554,Mrs. K SRUJANA,8790665342,700,0,0,0,700
OP10210010565,Mr. Y YAKOBU,8179573008,2600,0,0,0,2600
OP10210010567,Mrs. S MAHALAKSHMI,9676359485,2350,0,0,0,2350
OP10210010570,Mr. N TEJA,9701794334,3750,0,0,0,3750
OP10210010571,Mr. K RAVINDRA BABU,9985881889,2700,0,0,0,2700
OP10210010573,Mr. K MALLIKARJUNA ,9704344986,1550,0,0,0,1550
OP10210010575,Mrs. D PRAMEELA DEVI,9652197089,0,0,700,0,700
OP10210010585,Mrs. S KOTESHWARI,6303329686,0,0,1400,0,1400
OP10210010594,Mrs. K SUSHILA,9542123818,0,0,700,0,700
OP10210010598,Mrs. K LAKSHMI KALAVATHI,9492709792,4000,0,0,0,4000
OP10210010605,Ms. S GAYATHRI SHIVA NANDHINI,9985467878,0,0,3750,0,3750
OP10210010602,Mr. B SRINIVASA REDDY,9951580429,0,0,1575,0,1575
OP10210010604,Mrs. G VEERA RAGAVAMMA,9299004324,0,0,1360,0,1360
OP10210010603,Mr. G SRINU,8466899912,0,0,2565,0,2565
OP10210010607,Mrs. A SAI,9848320509,1800,0,0,0,1800
OP10210010606,Mrs. T KUMARI,9705889409,3450,0,0,0,3450
OP10210010608,Mrs. G JAYA,7569199288,0,0,650,0,650
OP10210010616,Mrs. P ALICEE ,9505639623,1900,0,0,0,1900
OP10210010619,Mr. A SAMBHASIVA RAO,8555037693,0,0,3000,0,3000
OP10210010622,Mrs. N SAMBRAJYAM,7093503407,2750,0,0,0,2750
OP10210010623,Mrs. N SATHYA SREE,9030704852,0,0,1450,0,1450
OP10210010633,Mrs. U ANITHA REDDY,6302061480,0,0,2500,0,2500
OP10210010637,Mrs. J SYAMALA,9299300673,0,0,1800,0,1800
OP10210010639,Mr. T THIRUPATHI RAO,9618897374,0,0,3050,0,3050
OP10210010643,Mrs. A VENKATA LAKSHMI,9100917072,0,0,3800,0,3800
OP10210010649,Mr. D SUDHAKAR,9030241690,0,0,560,0,560
OP10210010651,Mrs. P MALLESWARI,9640644147,700,0,0,0,700
OP10210010652,Mr. A VIJAYA PRADEEP,9493980976,0,0,1750,0,1750
OP10210010655,Ms. V YSHNAVI,9848316362,1350,0,0,0,1350
OP10210010663,Mr. D SRINIVASA RAO,9347974860,2700,0,0,0,2700
OP10210010664,Mrs. S ANJAMMA,9581464885,2000,0,0,0,2000
OP10210010670,Mr. V VENKATA NARAYANA,9533100195,0,0,1800,0,1800
OP10210010671,Mrs. CH SWARNA,9703410850,0,0,1170,0,1170
OP10210010672,Mrs. A PADMAVATHI,9963981609,0,0,3250,0,3250
OP10210010668,Mr. M CHINNA YESU,7997579236,3200,0,0,0,3200
OP10210010679,Mr. CH KRISHNA RAO,8096886359,0,0,3250,0,3250
OP10210010686,Mr. M SRINIVASA REDDY,9640302125,2850,0,0,0,2850
OP10210010689,Mr. K SIVA RAMA KRISHNA REDDY,9492616533,0,0,2280,0,2280
OP10210010690,Mr. P MANIKANTA,9652243568,700,0,0,0,700
OP10210010692,Mr. LAKSHMAN A,8885555973,1440,0,0,0,1440
OP10210010695,Mrs. SK MUNWAR,9866812611,500,0,0,0,500
OP10210010698,Mr. B SATISH,8688128385,450,0,0,0,450
OP10210010709,Mr. K VENKATA GOPI CHAND,9966924296,1000,0,0,0,1000
OP10210010713,Mr. M CHINNA YESU,7997579236,10500,0,0,0,10500
OP10210010715,Mr. A SREEMAN NARAYANA,7842748488,3750,0,0,0,3750
OP10210010711,Mr. V RAVI,9949231210,3650,0,0,0,3650
OP10210010708,Mrs. S AGNESU,7386853454,3150,0,0,0,3150
OP10210010719,Mr. K DURGA PRASAD,7416322139,0,2250,0,0,2250
OP10210010724,Mr. G VIJAYA PRATHAP,9502727659,0,0,2150,0,2150
OP10210010728,Mrs. G SESHAMMA,7995134534,680,0,0,0,680
OP10210010734,Mr. PARISUDA RAO N,9949526915,2500,0,0,0,2500
OP10210010738,Ms. D MASTHAN BE,9505501156,3300,0,0,0,3300
OP10210010735,Mrs. G MINAKSHI,8186855766,700,0,0,0,700
OP10210010745,Mr. CH PEDDANNA,9182915646,3300,0,0,0,3300
OP10210010748,Mr. T RAMESH,9505357812,2250,0,0,0,2250
OP10210010749,Mr. A VAMSI KRISHNA,9533066999,4900,0,0,0,4900
OP10210010742,Mrs. SK NOORJAHAN BEE,9951359203,1250,0,0,0,1250
OP10210010751,Mr. M NAGARAJU,8599929555,0,0,4000,0,4000
OP10210010761,Mr. G MAHIMA KUMAR ,9014366678,880,0,0,0,880
OP10210010760,Mrs. SK NEELOFOR,9493657802,0,0,1912,0,1912
OP10210010766,Mrs. B NAGA MANI,9052839362,2450,0,0,0,2450
OP10210010765,Mr. K KIRAN BABU,9553614302,0,0,2240,0,2240
OP10210010773,Mr. B SAIDULU,8465954695,4050,0,0,0,4050
OP10210010777,Mr. K KARIMULLA,9989731994,1900,0,0,0,1900
OP10210010778,Mr. M MANIKANTA,8197749006,5400,0,0,0,5400
OP10210010768,Mr. B RAMAIAH,9000395936,2400,0,0,0,2400
OP10210010785,Mr. CH GURUVAIAH,9963638667,1200,0,0,0,1200
OP10210010791,Mr. G SRINIVASA RAO,9642468796,2150,0,0,0,2150
OP10210010787,Ms. BHAVYA SRI V,9246282555,2400,0,0,0,2400
OP10210010802,Mr. K RAMAIAH,6300128048,3050,0,0,0,3050
OP10210010803,Mrs. A SIVA KUMARI,8341403382,2000,0,0,0,2000
OP10210010805,Mr. V SRINIVASA REDDY,9441275137,0,0,1800,0,1800
OP10210010804,Mrs. K PARVATHI,9390534950,0,0,3750,0,3750
OP10210010809,Ms. CH HARIKA,9573343151,1250,0,0,0,1250
OP10210010810,Mrs. B POLERAMMA,9177461955,0,0,1650,0,1650
OP10210010811,Mr. B SATYA BABU,9182227988,0,0,3550,0,3550
OP10210010812,Mrs. K BHAVANI,9542294146,1900,0,0,0,1900
OP10210010816,Mr. T PURNA SURENDRA REDDY,8008327749,700,0,0,0,700
OP10210010814,Mr. M CHANDRU NAIK,8125344763,400,0,0,0,400
OP10210010815,Mr. N SANKAR,9885810030,2400,0,0,0,2400
OP10210010818,Mr. R SRINIVASA RAO,7995203140,3100,0,0,0,3100
OP10210010823,Mr. CH SUBBA RAO,9948819116,200,0,2550,0,2750
OP10210010822,Ms. CH HARIKA,9573343151,4500,0,0,0,4500
OP10210010824,Mrs. I HARITHA,9581378150,0,0,10600,0,10600
OP10210010833,Mr. B SIVA RAM PRASAD,9393935593,0,0,3250,0,3250
OP10210010834,Mr. J NANDHA KUMAR,9133067686,2950,0,0,0,2950
OP10210010843,Mrs. M GAYATHRI,9849642436,400,0,0,0,400
OP10210010844,Mr. CH JYOTHI BABU,8297192008,2400,0,0,0,2400
OP10210010853,Mrs. SK KHAJA BEE ,9553118654,0,0,2850,0,2850
OP10210010860,Mr. B KIRAN KUMAR,9182934244,0,0,3040,0,3040
OP10210010862,Mr. K NAGARAJU REDDY,7416691225,2400,0,0,0,2400
OP10210010867,Mrs. K NAGA MANI,7780147937,400,0,0,0,400
OP10210010870,Mrs. R PRIYA DARSHINI,9063551883,2000,0,250,0,2250
OP10210010873,Mr. J RAJESH,9652670570,0,0,2600,0,2600
OP10210010874,Mr. G KOTI REDDY,9000923397,2250,0,0,0,2250
OP10210010872,Mrs. SK FARHAD,6301257179,700,0,0,0,700
OP10210010876,Mr. S RAM GOPALA VARMA,9640349770,2250,0,0,0,2250
OP10210010877,Mr. K NAGA RAJU,9966773000,600,0,2600,0,3200
OP10210010893,Mr. N SURESH BABU,8639084245,0,0,7000,0,7000
OP10210010880,Mr. A LAKSHMANUDU,9177132356,1300,0,1550,0,2850
OP10210010892,Mrs. A HIMA BINDU,7337313882,1050,0,1000,0,2050
OP10210010883,Mrs. K NAGA JAYA LAKSHMI,9441452349,2150,0,0,0,2150
OP10210010886,Mrs. ANANTHAMMA K,9959441181,350,0,0,0,350
OP10210010896,Mrs. G JAYA,7569199288,0,0,2000,0,2000
OP10210010902,Mr. T SRINIVASA RAO ,7396972429,980,0,0,0,980
OP10210010914,Mrs. NAJIMA SK,9701030414,0,0,850,0,850
OP10210010912,Mr. B DINESH,8143090888,0,0,2570,0,2570
OP10210010915,Mrs. K MOUNIKA,7330877935,0,0,700,0,700
OP10210010916,Mr. N SURESH BABU,8639084245,2000,0,700,0,2700
OP10210010925,Mrs. D SRI LAKSHMI,9494402912,0,0,700,0,700
OP10210010917,Mr. K CHANDRA SHEKAR NAIK,8790101841,2320,0,0,0,2320
OP10210010919,Mrs. SK KHAJA BEE ,9553118654,700,0,0,0,700
OP10210010921,Mr. V PERUMALLA REDDY,9848671158,0,0,4100,0,4100
OP10210010926,Mr. A PEDDABBAI,6300221561,3000,0,250,0,3250
OP10210010929,Mr. K VENKATESWARA REDDY,8142914775,3400,0,0,0,3400
OP10210010939,Mr. P VEERAIAH,9390881490,900,0,0,0,900
OP10210010931,Mr. K LOKESH,7995922829,0,0,2000,0,2000
OP10210010937,Mr. M RAVI,9989791949,0,0,4000,0,4000
OP10210010947,Mrs. S NAGA ANAJANI DEVI,9392231534,1500,0,0,0,1500
OP10210010950,Mrs. S JHANSI LAKSHMI,9515554277,1700,0,0,0,1700
OP10210010956,Mr. A RATHAIAH,9885456538,0,0,700,0,700
OP10210010951,Mr. U SRINIVASA RAO,9494301814,1400,0,0,0,1400
OP10210010958,Mrs. K CHADRA LAKSHMI ,9985190225,1800,0,0,0,1800
OP10210010955,Mr. P NARENDRA,9908693985,0,0,3200,0,3200
OP10210010961,Mr. B SAIDULU,8465954695,0,0,1900,0,1900
OP10210010962,Mr. M VENKATESWARA RAO,7386173958,2350,0,0,0,2350
OP10210010963,Mr. P SAMBAIAH,9700181477,1400,0,0,0,1400
OP10210010967,Baby. M SUHAS PRINCE,8977888553,1800,0,0,0,1800
OP10210010970,Mr. K KRISHNA RAO,9849102266,1250,0,0,0,1250
OP10210010974,Mr. I DEELIP KUMAR,7735928965,0,0,3550,0,3550
OP10210010975,Mr. P UPENDHRA REDDY,9398739811,0,0,2250,0,2250
OP10210010981,Mr. KARTHEEK GUDIVADA,9791196649,0,0,2160,0,2160
OP10210010980,Mr. K UMA MAHESWAR RAO,9493441895,2000,0,0,0,2000
OP10210011012,Mr. J SRIKANTH,9494937373,700,2000,0,0,2700
OP10210011009,Ms. P MANASA VEENA,9912244256,0,0,2600,0,2600
OP10210011016,Mr. N SIVA RAMA KRISHNA,7659804406,2450,0,0,0,2450
OP10210011023,Mr. E S K LAL BASHA,9705550905,0,0,2250,0,2250
OP10210011027,Mr. K GOVARDHAN REDDY,9494766669,0,0,2400,0,2400
OP10210011031,Mr. CH JAGANADHAM,9177266906,3750,0,0,0,3750
OP10210011030,Ms. M LAKSHMI PRASANNA,9441763722,1920,0,0,0,1920
OP10210011033,Mr. MD AKBAR,9949304876,5850,0,0,0,5850
OP10210011037,Mrs. P BINDHUSRI,6300817262,2500,0,0,0,2500
OP10210011045,Mr. G RAMU,9949491876,2250,0,0,0,2250
OP10210011043,Ms. G NAVYA SREE,9000923397,2850,0,0,0,2850
OP10210011044,Ms. G KAVYA SREE,9000923397,2850,0,0,0,2850
OP10210011056,Mrs. B PADMA,9989779324,0,0,2400,0,2400
OP10210011057,Mr. NAGA BHUSHANA RAO A,9490256602,0,0,5100,0,5100
OP10210011060,Mrs. V PAVANI,9491957835,1750,0,0,0,1750
OP10210011062,Mr. V RAMESH KUMAR,9705989307,3500,0,1000,0,4500
OP10210011065,Mr. SK KHAJA MASTHAN,8464040870,1100,0,0,0,1100
OP10210011061,Mrs. T RAMADEVI,9866042563,2000,0,0,0,2000
OP10210011066,Mr. R VENKATESHWAR RAO,9573730218,0,0,2900,0,2900
OP10210011069,Mr. Y BHANU PRAKASH ,9440969884,0,0,2950,0,2950
OP10210011071,Mrs. G ADEMMA ,9989643914,0,0,1750,0,1750
OP10210011073,Mrs. M ANUSHA,9640262262,0,0,1850,0,1850
OP10210011076,Mrs. K CHUKKAMMA,9177297242,3200,0,0,0,3200
OP10210011079,Mrs. K SAKRI BAI,9849109218,0,0,1300,0,1300
OP10210011081,Mr. N CHNADRA SEKHAR ,7799491034,7700,0,0,0,7700
OP10210011082,Mr. J RAJESH,9652670570,0,0,700,0,700
OP10210011101,Mr. PATAN MAHABOOB SUBHANI,9849591889,2250,0,0,0,2250
OP10210011105,Mr. E VIJAY BHASKAR REDDY,9490925476,0,960,0,0,960
OP10210011107,Mr. B VAMSI KRISHNA,8497946812,0,0,1550,0,1550
OP10210011110,Mr. P VEERAIAH,9390881490,1500,0,0,0,1500
OP10210011114,Mr. B JOJI BABU,9985751749,1000,0,600,0,1600
OP10210011115,Mrs. P NAGA RANI,7287078723,3200,0,0,0,3200
OP10210011109,Mr. B SIVA RAM PRASAD,9393935593,1500,0,0,0,1500
OP10210011125,Mr. K MADHUBABU,9398548369,1200,0,0,0,1200
OP10210011127,Mr. G VENU AMBEDKAR,9490188533,0,0,700,0,700
OP10210011129,Mrs. S MAHALAKSHMI,9676359485,800,0,0,0,800
OP10210011130,Mr. CH VENKATA REDDY,9490059627,0,0,2450,0,2450
OP10210011133,Mrs. B PRASHANTHI,9704436036,0,0,825,0,825
OP10210011131,Mr. T KOTIREDDY,7981699508,3000,0,0,0,3000
OP10210011132,Mr. D RAMANAIAH  ,9908959233,0,0,2650,0,2650
OP10210011137,Mr. D VENKATESWARLU,9676965888,0,0,2350,0,2350
OP10210011135,Mrs. K LAKSHMI,8897749578,3700,0,0,0,3700
OP10210011138,Mr. K VIJAY,7330931422,1575,0,0,0,1575
OP10210011139,Mrs. K MARIYAMMA,9603155382,0,0,4050,0,4050
OP10210011142,Mrs. Y SUJATHA,8374744869,0,0,2950,0,2950
OP10210011143,Mr. CH NARASIMHA RAO,8639351852,0,0,1680,0,1680
OP10210011145,Mrs. N SYAMALA,9908564399,2000,0,0,0,2000
OP10210011148,Mrs. s VENKATA LAKSHMI,7036539666,0,0,490,0,490
OP10210011151,Mr. Y MURALI KRISHNA,9948389399,0,0,2750,0,2750
OP10210011149,Mrs. J VASAVI LAKSHMI,9248786344,3050,0,0,0,3050
OP10210011153,Mr. K NARAYANA REDDY,7893131233,0,0,5200,0,5200
OP10210011158,Mrs. J VASAVI LAKSHMI,9248786344,900,0,0,0,900
OP10210011167,Mr. SK KHAJA,9182673010,2000,0,0,0,2000
OP10210011170,Mr. M SAMBHASIVARAO,8333032281,0,0,2700,0,2700
OP10210011179,Mr. B SUBBA REDDY ,8688474559,2900,0,0,0,2900
OP10210011183,Mr. D VENKATESH,9014310376,2000,0,0,0,2000
OP10210011185,Mrs. J VASAVI LAKSHMI,9248786344,0,0,1500,0,1500
OP10210011187,Mr. SK KASIM SAHEB ,9989810597,0,0,2120,0,2120
OP10210011205,Mr. B ARUN KUMAR ,9949978784,2000,0,0,0,2000
OP10210011212,Ms. V BINDHUSRI,7569702527,2250,0,0,0,2250
OP10210011217,Mrs. A BHARGAVI,9849786191,2250,0,0,0,2250
OP10210011218,Mrs. B THIRUPATHAMMA,9966893613,1500,0,0,0,1500
OP10210011227,Ms. P ALISU ,9505639623,3700,0,0,0,3700
OP10210011225,Mr. K VENKATESWARA REDDY,8142914775,0,0,1100,0,1100
OP10210011230,Mr. D SUDHAKAR,9030241690,0,0,560,0,560
OP10210011229,Mr. T SRINIVASA RAO,7799326831,1200,0,0,0,1200
OP10210011237,Mrs. SK SUHANA,9441486984,1640,0,0,0,1640
OP10210011238,Mrs. B ANNAMMA,9963586835,2250,0,0,0,2250
OP10210011240,Mrs. A MADHAVI LATHA,9441452950,0,0,6500,0,6500
OP10210011241,Mrs. D LEELAVATHI,9391381621,0,0,700,0,700
OP10210011246,Mr. R SATYA NARAYANA,8331051452,4400,0,0,0,4400
OP10210011243,Mr. T RAGHAVA KARTHIK,9581437306,0,1900,0,0,1900
OP10210011245,Ms. SK RAHAMATUNNISA,7997880304,0,0,2250,0,2250
OP10210011250,Ms. M NEELIMA,9866563396,1500,0,0,0,1500
OP10210011251,Mrs. SWARNALATHA KARRA,9177044022,400,0,0,0,400
OP10210011253,Mr. P VEERAIAH,9390881490,1500,0,0,0,1500
OP10210011252,Mr. D SRIKANTH,8466847556,3200,0,0,0,3200
OP10210011258,Mr. V VENKATA RAO,9908825490,2350,0,0,0,2350
OP10210011263,Mr. M AKHIL MANOHAR,9440270180,550,0,0,0,550
OP10210011244,Mrs. SK VAHIJANA,9440200890,0,0,400,0,400
OP10210011273,Mr. K REDANKAMMA,9704979904,2750,0,0,0,2750
OP10210011271,Mr. U SESHAIAH,8506256182,1240,0,0,0,1240
OP10210011272,Mr. SK SUBHANI,9848682989,2250,0,0,0,2250
OP10210011276,Ms. AHALYA T,8977555349,1100,0,0,0,1100
OP10210011270,Mrs. K GOWTHAMI  ,8074229251,1350,0,0,0,1350
OP10210011278,Mr. G SRINIVASA RAO,7036997285,1050,0,0,0,1050
OP10210011292,Mrs. B BHARATHI,7569403801,1800,0,0,0,1800
OP10210011295,Mr. M VENKATESWARLU,9490845821,0,0,2600,0,2600
OP10210011297,Mrs. V ANNAPURNAMMA,9642994111,2100,0,0,0,2100
OP10210011293,Mr. K UMA MAHESWAR RAO,9493441895,2400,0,0,0,2400
OP10210011303,Mr. T PAVAN KUMAR,9701787001,1850,0,0,0,1850
OP10210011311,Mrs. M PAVANI,9949523514,0,0,700,0,700
OP10210011320,Mr. B MALLIKARJUN,9398717311,2950,0,0,0,2950
OP10210011321,Mr. SD THAJUDDIN,9985919687,0,0,700,0,700
OP10210011325,Mrs. P SESHAMMA,8590811147,4300,0,0,0,4300
OP10210011328,Mrs. K AKKAMMA,7702138969,2450,0,0,0,2450
OP10210011330,Mr. LAKSHMAN A,8885555973,1440,0,0,0,1440
OP10210011334,Mr. M ANJANEYULU,9866256242,0,0,4950,0,4950
OP10210011335,Master. M JAYADEEP,9866815683,0,0,1550,0,1550
OP10210011340,Mrs. P UMA MAHESHWARI,9550593212,0,0,4550,0,4550
OP10210011342,Mr. DV SUBRAHMANYAM,9291307510,350,0,0,0,350
OP10210011347,Mr. N DATHA SAI,7731818083,0,0,1550,0,1550
OP10210011352,Mr. T SRINIVASA REDDY,9666945348,1300,0,0,0,1300
OP10210011358,Mr. R SRINU,9949267268,0,0,2440,0,2440
OP10210011359,Mr. N BUJJI BABU,9390913357,700,0,0,0,700
OP10210011363,Mr. P SRINU,9182424496,0,0,2250,0,2250
OP10210011369,Mr. B SAIDULU,8465954695,700,0,0,0,700
OP10210011374,Mr. K MAHA LAKSHMI,9849995722,0,0,3150,0,3150
OP10210011375,Mr. S S SHANKAR REDDY,7013141567,0,0,700,0,700
OP10210011380,Master. P HARISH KARTHIK,7397445327,0,0,2750,0,2750
OP10210011384,Mr. P NARASIMHA RAO,9703545357,0,0,700,0,700
OP10210011387,Mr. D SURESH,9966903847,1650,0,0,0,1650
OP10210011383,Mr. CH KOTESWARA RAO,8309840416,2380,0,0,0,2380
OP10210011394,Mr. CH VENKATESWARLU ,7780244976,2400,0,0,0,2400
OP10210011396,Mr. S SAMBAIAH,7729858910,0,0,4800,0,4800
OP10210011393,Mrs. SK MAHIBOON,9441008052,0,0,4800,0,4800
OP10210011403,Ms. A VINNY STELLA,9014028645,0,0,700,0,700
OP10210011405,Ms. E DHANSHUKA,9676336959,1520,0,0,0,1520
OP10210011408,Mr. V SAMBHA SIVA RAO,9381155310,3800,0,1500,0,5300
OP10210011414,Mr. K KRISHNA RAO,9849102266,3600,0,0,0,3600
OP10210011417,Mrs. CH SWARNA,9703410850,1190,0,0,0,1190
OP10210011418,Mr. P MOHAMAD KHAN,9550028428,0,0,2250,0,2250
OP10210011410,Ms. K JESMITHA,9553775991,0,0,1550,0,1550
OP10210011424,Mr. A SAMBHASIVA RAO,9849771303,0,0,200,0,200
OP10210011437,Mr. A BRAMHA REDDY,6305227261,0,0,700,0,700
OP10210011435,Mr. V MALLIKARJUNA RAO,9676328726,2150,0,0,0,2150
OP10210011441,Mr. RISHI KESAVA REDDY K,8639752554,0,0,2600,0,2600
OP10210011446,Mr. SK SUBHANI,8008520726,200,0,0,0,200
OP10210011447,Mr. B SRINIVASA RAO,7386410720,1240,0,0,0,1240
OP10210011443,Mrs. K SURAMMA,6303660195,2565,0,0,0,2565
OP10210011453,Mr. K DANIEL,8317571880,0,0,1900,0,1900
OP10210011461,Ms. B SAMYUKTHA,8309280247,2500,0,0,0,2500
OP10210011463,Mr. B SRINIVASA RAO,9866436001,700,0,0,0,700
OP10210011469,Mrs. CH MADHAVI,9505513883,600,0,0,0,600
OP10210011466,Mr. N KODANDA RAMUDU,7661898810,0,0,2250,0,2250
OP10210011468,Mr. T PAVAN KUMAR,9701787001,3500,0,0,0,3500
OP10210011473,Mr. SK MUZAHED HUSSAIN,7569163200,0,0,2025,0,2025
OP10210011476,Mrs. PADMAJA G,9951435929,2700,0,0,0,2700
OP10210011483,Mr. A SAMBHASIVA RAO,9849771303,4350,0,0,0,4350
OP10210011496,Mrs. K LAKSHMI KAMALA,8121818000,1500,0,0,0,1500
OP10210011501,Mr. T VENKATA GIRI,9032427736,0,0,2450,0,2450
OP10210011502,Mr. P NARENDRA,9908693985,0,0,1900,0,1900
OP10210011507,Mrs. K KOTESWARAMMA,7093260692,3050,0,0,0,3050
OP10210011509,Mrs. K RAMA,9908101875,3800,0,0,0,3800
OP10210011506,Mrs. V VIJAYA LAKSHMI,9182775634,0,0,2250,0,2250
OP10210011511,Mr. L GOVINDH ,9000713430,100,0,700,0,800
OP10210011510,Mrs. PADMAJA G,9951435929,2000,0,0,0,2000
OP10210011516,Mrs. P NAGAMMA,8790912490,350,0,2700,0,3050
OP10210011530,Mr. P YASHWANTH,9030626273,300,0,1700,0,2000
OP10210011539,Mr. VENU GOPALA ACHARI K,9848265230,0,0,6000,0,6000
OP10210011378,Mr. R VENKATESWARLU,9440605877,100,0,0,0,100
OP10210011540,Mr. R VENKATESWARLU,9440605877,100,0,0,0,100
OP10210011541,Mrs. N NAYOMMI,9849831403,0,0,400,0,400
OP10210011543,Mrs. M DRAUPATHI,9618875040,5450,0,0,0,5450
OP10210011546,Mr. K NARAYANA REDDY,7893131233,2800,0,60,0,2860
OP10210011550,Mr. K NARAYANA REDDY,7893131233,0,0,2610,0,2610
OP10210011551,Mrs. CH THANUJA,9666883455,0,0,3395,0,3395
OP10210011555,Mrs. K RAJINI,7729942694,700,0,0,0,700
OP10210011561,Mrs. CH RAJINI KUMARI,9885880806,0,0,700,0,700
OP10210011563,Ms. A SINDHUJA,7330944915,0,0,700,0,700
OP10210011565,Mrs. Y AMBHIKA,9948982868,3600,0,0,0,3600
OP10210011566,Mr. P HARI,9848294446,3550,0,0,0,3550
OP10210011570,Mr. VENKATA SUBBA REDYY P,7382932092,0,0,1400,0,1400
OP10210011572,Mr. R VENKATA SAI,7670893475,1200,0,0,0,1200
OP10210011578,Mr. B SIVA RAM PRASAD,9393935593,2000,0,0,0,2000
OP10210011581,Mr. B SRINIVASA RAO,9948401696,900,0,0,0,900
OP10210011589,Mr. M NAGA SERATH KUMAR,9866256242,0,0,2250,0,2250
OP10210011592,Mr. SK SULTHAN BHASHA,9704495189,1750,0,0,0,1750
OP10210011593,Mrs. P NAGA RANI,7287078723,400,0,0,0,400
OP10210011594,Ms. SK RESHMA ,8885471130,0,0,2850,0,2850
OP10210011596,Mrs. SK BAZI,9182378274,0,0,2850,0,2850
OP10210011605,Mr. V PRADEEP KUMAR,7780429221,1050,0,0,0,1050
OP10210011612,Mr. Y MALLIKARJUN REDDY,8483899994,0,0,1400,0,1400
OP10210011613,Mr. D SUDHAKAR,9030241690,0,0,3600,0,3600
OP10210011615,Mrs. U RAMANA,8333934118,2000,0,0,0,2000
OP10210011617,Mr. R ALFRED,7396863028,2950,0,0,0,2950
OP10210011631,Mr. A MADHU SUDHAN REDDY,9393796756,0,0,1550,0,1550
OP10210011635,Mr. M RAJASEKAR REDDY,9963421333,0,0,1950,0,1950
OP10210011630,Mr. M CHANIKYA ,9490984757,1550,0,0,0,1550
OP10210011638,Mr. MD ANSAR,8885921708,0,0,2400,0,2400
OP10210011640,Mr. T SURENDRA BABU,9705214648,1750,0,0,0,1750
OP10210011643,Mr. SRINIVASA REDDY M,9603994814,3300,0,0,0,3300
OP10210011646,Mrs. P DHANA LAKSHMI,9347581929,0,0,1320,0,1320
OP10210011648,Mrs. SK MASTHAN BEE,9395362865,1800,0,0,0,1800
OP10210011654,Mr. P SRINIVASA REDDY,6281757423,0,0,2400,0,2400
OP10210011658,Mr. M ANJI REDDY,9704698373,2400,0,0,0,2400
OP10210011660,Mr. M NARENDRA BABU,7893609893,0,0,3350,0,3350
OP10210011657,Mr. LAKSHMAN A,8885555973,0,0,1800,0,1800
OP10210011661,Mr. K NAGA NATRAJ,9908165523,0,0,5450,0,5450
OP10210011663,Mrs. K LAKSHMI KUMARI,8331916569,200,0,2350,0,2550
OP10210011664,Mr. P SAMBA SIVA RAO ,9100851184,1800,0,0,0,1800
OP10210011665,Mr. K PULLAIAH,7730075006,2550,0,0,0,2550
OP10210011667,Mrs. K LAKSHMI,9542619176,1750,0,0,0,1750
OP10210011666,Mrs. K RAJYALAKSHMI,7330075006,4300,0,0,0,4300
OP10210011670,Ms. M NEELIMA,9866563396,1000,0,0,0,1000
OP10210011672,Mr. S RAVI TEJA,9966145957,0,0,1300,0,1300
OP10210011673,Mr. MD GOUSE,7036815616,0,0,1550,0,1550
OP10210011682,Mr. N SIVA KIRAN KUMAR,7337254063,0,0,3700,0,3700
OP10210011691,Mrs. CH V S N PADMAVATHI,9441253972,200,0,0,0,200
OP10210011695,Mrs. P VIJAYA LAKSHMI,9381889725,2800,0,0,0,2800
OP10210011701,Mrs. SK VAHIJANA,9440200890,0,0,200,0,200
OP10210011702,Mr. B MANA RAM,8790777234,3750,0,0,0,3750
OP10210011706,Mr. B SRINIVASA RAO,9948401696,600,0,0,0,600
OP10210011704,Mrs. S RAJESWARI,9642637085,600,0,0,0,600
OP10210011709,Mr. M NAGAIAH,8886779123,2900,0,0,0,2900
OP10210011712,Mrs. G RAMANI,9966857937,2850,0,0,0,2850
OP10210011718,Mrs. T ANJAMMA ,9398723424,2300,0,0,0,2300
OP10210011717,Mr. S ANANTHA BALA SWAMI,7013729954,0,0,3150,0,3150
OP10210011720,Mr. T KARUNAKAR REDDY,9963559121,0,0,2950,0,2950
OP10210011721,Mr. M MANIKANTA,8197749006,0,0,2350,0,2350
OP10210011722,Mrs. N ANJALI DEVI,8106909399,3300,0,0,0,3300
OP10210011735,Mr. AVIMANI PAKEERAIAH,8008446603,2500,0,0,0,2500
OP10210011738,Mrs. K VIJAYA DURGA,9177666241,2950,0,0,0,2950
OP10210011736,Mr. CH MAREDDY,9154288555,4800,0,0,0,4800
OP10210011741,Mr. SK RAHEEM,9492702703,0,0,1480,0,1480
OP10210011742,Mr. P SYAM SUNDAR,9059776756,0,2950,0,0,2950
OP10210011744,Mr. V NAGESWARA RAO,9347312487,0,0,2300,0,2300
OP10210011746,Mr. M VENKATA SHESHAGIRI RAO,9441819718,700,0,0,0,700
OP10210011748,Mrs. P NAGA RANI,7287078723,400,0,0,0,400
OP10210011750,Ms. A JAYA SRI,9963046393,0,0,2100,0,2100
OP10210011752,Mr. N HANUMANTH RAO,8985109109,0,0,6800,0,6800
OP10210011754,Mr. Y KUMARA SWAMI,8985301340,2150,0,0,0,2150
OP10210011737,Mr. MURALI KRISHNA M,9494997638,3800,0,0,0,3800
OP10210011761,Mrs. R JAYAMMA,6305956755,2700,0,0,0,2700
OP10210011763,Mr. K KRISHNA REDDY,8897456806,3600,0,0,0,3600
OP10210011762,Mrs. CH YAMINI KUMARI,9133545104,0,0,1600,0,1600
OP10210011764,Mr. T SRINIVASA RAO,9059619844,3200,0,0,0,3200
OP10210011770,Mrs. K SIRISHA,9490443039,0,0,2025,0,2025
OP10210011772,Baby. G SOUNDARYA,9177436388,2150,0,700,0,2850
OP10210011775,Mrs. K RAJINI,7729942694,1550,0,0,0,1550
OP10210011782,Mr. K TANDAVA KRISHNA,9492169609,2560,0,0,0,2560
OP10210011783,Mr. A RAVINDRA REDDY,9963299955,0,0,3160,0,3160
OP10210011790,Mr. P KOTESWARA RAO,9866145250,0,0,2850,0,2850
OP10210011794,Mr. P VEERANJINEYULU,9640197696,4950,0,0,0,4950
OP10210011796,Mrs. P UMA MAHESHWARI,9550593212,1920,0,0,0,1920
OP10210011786,Ms. AHALYA T,8977555349,2600,0,2600,0,5200
OP10210011825,Mrs. S SIVA PARVATHI,7036352986,850,0,0,0,850
OP10210011826,Ms. ROSHINI K,8247616665,0,0,3700,0,3700
OP10210011840,Mrs. S PADMAVATHI,9393787777,400,0,0,0,400
OP10210011837,Mr. V RAMESH KUMAR,9705989307,1250,0,0,0,1250
OP10210011841,Mr. L GOVINDH ,9000713430,0,0,2500,0,2500
OP10210011842,Mrs. V KRISHNA SRAVANI,8125869439,2500,0,0,0,2500
OP10210011843,Mr. ADIL SK,8919972534,2250,0,0,0,2250
OP10210011848,Mrs. M SUSEELA,8309528748,0,1900,0,0,1900
OP10210011847,Mr. CH VARA PRASAD,9989154389,0,0,2500,0,2500
OP10210011853,Mr. B JAI BABU,9703060125,700,0,0,0,700
OP10210011851,Mrs. M KRUPAMMA,9391717078,1000,0,0,0,1000
OP10210011856,Mr. SRIDHAR BABU V,9603572730,1120,0,0,0,1120
OP10210011855,Mr. D HARI BABU,7799888144,3050,0,0,0,3050
OP10210011860,Mr. K AMRUTH,9291707058,1950,0,0,0,1950
OP10210011869,Mrs. S RAJESWARI,9642637085,100,0,0,0,100
OP10210011868,Mrs. N SYAMALA,9908564399,2400,0,0,0,2400
OP10210011870,Mr. N VENKAT RAO,9963432746,1800,0,0,0,1800
OP10210011871,Mrs. M DHANA LAKSHMI,7032592878,0,0,1550,0,1550
OP10210011873,Mr. K P V PRASAD,9949369040,0,0,4515,0,4515
OP10210011877,Mrs. VANAJAKSHI G,8317566609,700,0,0,0,700
OP10210011887,Mrs. A MADHAVI,9666945348,0,0,1550,0,1550
OP10210011888,Mr. R VENKATESWARLU,9440605877,200,0,0,0,200
OP10210011889,Mr. VENKATESWAR RAO ,9959756425,0,0,3000,0,3000
OP10210011891,Mr. S MALLESWAR RAO,8897158500,1550,0,0,0,1550
OP10210011898,Mr. G SRI HARI RAJU,9705273523,2850,0,0,0,2850
OP10210011913,Mr. P MANI KUMAR,7995334089,0,0,2750,0,2750
OP10210011916,Mr. M RAMA KRISHNA,7013864287,4550,0,0,0,4550
OP10210011918,Mr. S ANJI REDDY,9966662208,0,0,2500,0,2500
OP10210011917,Mrs. L NAGA MANI,9985072667,0,0,9550,0,9550
OP10210011920,Mr. P NARENDRA,9908693985,0,0,1800,0,1800
OP10210011924,Mr. K SRINIVAS REDDY,9441213613,500,0,0,0,500
OP10210011925,Mrs. D ANNAMMA,9989873744,4000,0,2050,0,6050
OP10210011926,Mr. K VEERAIAH,8367063502,900,0,0,0,900
OP10210011933,Mrs. R KOTESWARAMMA,9581541548,3050,0,0,0,3050
OP10210011934,Mr. V VEERANJANEYULU,8500552708,3500,0,6000,0,9500
OP10210011943,Mrs. K K RAJESWARI,9948606586,0,0,700,0,700
OP10210011942,Mr. D SHIVA SHANKAR RAO,9849525795,0,0,2350,0,2350
OP10210011941,Mr. M SRI LAKSHMI,7382508665,0,0,945,0,945
OP10210011944,Mr. P SIVA REDDY,9160473141,0,0,3450,0,3450
OP10210011946,Mr. SK KASIM,9492856786,2850,0,0,0,2850
OP10210011948,Mrs. SK SHAHEN,7095013177,3550,0,0,0,3550
OP10210011951,Mrs. d sowmya ,9494418848,0,0,700,0,700
OP10210011962,Mr. K SRINIVAS REDDY,9441213613,1200,0,0,0,1200
OP10210011965,Mr. M NAGA SERATH KUMAR,9866256242,700,0,0,0,700
OP10210011970,Mrs. V RAMA DEVI,9553268440,200,0,1200,0,1400
OP10210011971,Mr. T KOTIREDDY,7981699508,400,0,0,0,400
OP10210011983,Mr. I SADHA SIVA,9866907604,700,0,0,0,700
OP10210011979,Mr. A SUBBA REDDY,9912120770,2520,0,0,0,2520
OP10210011981,Ms. P ALISU ,9505639623,2800,0,0,0,2800
OP10210011985,Mrs. G BHAGYA LAKSHMI,9640668456,4800,0,0,0,4800
OP10210011988,Mr. L SAMBI REDDY,9391037203,1560,0,0,0,1560
OP10210011990,Ms. J JENNY,9959829009,0,0,1650,0,1650
OP10210011991,Mrs. R RAJYA LAKSHMI,9963290634,3200,0,0,0,3200
OP10210011998,Mr. K SURESH BABU,9618071831,4150,0,0,0,4150
OP10210012002,Mrs. M SIVA RAVAMMA,6281224975,700,0,0,0,700
OP10210012013,Mr. J BRAHMANANDA REDDY,9701360424,0,0,3300,0,3300
OP10210012018,Mr. Y LINGAYYA,9849977147,900,0,0,0,900
OP10210012014,Mrs. M THULASI LAKSHMI,8096859297,2750,0,0,0,2750
OP10210012022,Mr. K MANOJ,9100905487,0,0,2250,0,2250
OP10210012023,Mr. CH TIRUPATHI REDDY ,9491515279,0,0,2650,0,2650
OP10210012019,Mr. V NAGESWARA RAO,9347312487,400,0,0,0,400
OP10210012025,Mrs. GARIKAPATI VYSHNAVI,7730041304,0,0,1080,0,1080
OP10210012029,Mrs. R SEETHA,7989562723,200,0,0,0,200
OP10210012032,Mrs. N INDHRANI,9010859623,700,0,0,0,700
OP10210012031,Mr. SK AADIL,9505958322,0,2350,0,0,2350
OP10210012034,Mrs. N SYAMALA,9908564399,2400,0,0,0,2400
OP10210012039,Mr. M NAGESWAR RAO,9866664525,1900,0,0,0,1900
OP10210012041,Mr. CH BAJI,9110384911,0,0,2150,0,2150
OP10210012043,Mrs. P THIRUPATHAMMA,9133289667,400,0,0,0,400
OP10210012050,Ms. Y SIVANI,8014327945,3150,0,0,0,3150
OP10210012055,Mrs. Y SANGEETHA LAKSHMI,7893198589,2500,0,0,0,2500
OP10210012052,Mr. B VENKATA BALA RANGAIAH,9347004546,420,0,2700,0,3120
OP10210012058,Mr. B MANA RAM,8790777234,2250,0,0,0,2250
OP10210012066,Mrs. V SUNITHA,9963520838,2600,0,0,0,2600
OP10210012071,Mr. K VEERANJANEYULU,9704924136,0,0,2250,0,2250
OP10210012073,Mr. M RAM PRASAD,6304467464,700,0,0,0,700
OP10210012074,Mr. CH VENKATA REDDY,9490059627,0,0,400,0,400
OP10210012076,Ms. SK NAZIYA MEERA,9052932448,850,0,0,0,850
OP10210012077,Mr. T SIVA ANIL KUMAR,9490188273,0,0,8900,0,8900
OP10210012084,Mr. A PARAMESWAR REDDY,9703506996,0,0,5350,0,5350
OP10210012082,Master. SK SHARUKH,9618637488,1450,0,0,0,1450
OP10210012079,Mrs. M SAI PRIYA,8985288060,0,0,315,0,315
OP10210012096,Mr. K TRINADH,8978914904,0,0,2700,0,2700
OP10210012101,Mr. B SRIDHAR BABU,8121226717,9345,0,0,0,9345
OP10210012102,Mr. M KOTAIAH,9949289908,0,0,3650,0,3650
OP10210012100,Mrs. K KALPANA,8297755190,1750,0,0,0,1750
OP10210012104,Mrs. R RANGA KUMARI,9052982552,0,0,3750,0,3750
OP10210012107,Mr. SRINIVASA RAO P,9866594116,7600,0,0,0,7600
OP10210012103,Mrs. D MANIKYAM,9502581560,3850,0,0,0,3850
OP10210012105,Mr. J KRANTHI,9642918925,1650,0,0,0,1650
OP10210012113,Mr. G SAI TEJA REDDY,9550678546,2480,0,0,0,2480
OP10210012116,Mr. C NAGESWARA RAO,9246461411,0,0,1650,0,1650
OP10210012124,Mr. P ARUN KUMAR,9705394482,1500,0,0,0,1500
OP10210012126,Mr. A GOPI REDDY,9100437457,2750,0,0,0,2750
OP10210012127,Mr. D APPI  REDDY,9849191225,1850,0,0,0,1850
OP10210012134,Mr. V SAMBHASIVA RAO,9963404468,2450,0,0,0,2450
OP10210012141,Mr. S RAMA KOTI,7780643557,3400,0,0,0,3400
OP10210012146,Mrs. L VENKATA RAMANA,9390269495,3350,0,0,0,3350
OP10210012150,Mrs. M PADMAVATHI,8374128350,1500,0,0,0,1500
OP10210012151,Mr. P HANUMA REDDY ,9989943557,0,0,2250,0,2250
OP10210012155,Mr. K TANDAVA KRISHNA,9492169609,1700,0,0,0,1700
OP10210012157,Mrs. L ARUNA KUMARI,8919556881,0,0,2650,0,2650
OP10210012158,Mr. P SHIVAIAH,9440249095,0,0,700,0,700
OP10210012160,Mrs. K DEVI,9848057429,0,0,2650,0,2650
OP10210012161,Mr. T RICHAD PREETHAM ,7798465274,0,0,700,0,700
OP10210012166,Mr. CH BAJI,9110384911,0,0,700,0,700
OP10210012167,Mrs. S SIVA PARAVATHI,8790771996,1350,0,0,0,1350
OP10210012168,Mrs. M DHANA LAKSHMI,8790045774,3650,0,0,0,3650
OP10210012189,Mrs. P SHOBA,9515524430,0,0,3250,0,3250
OP10210012188,Mrs. D VEDAVATHI DEVI,8977926951,2450,0,2000,0,4450
OP10210012187,Master. K ARJUN,9553233669,0,0,2950,0,2950
OP10210012191,Mr. M VENKATESWAR RAO,9553093621,0,0,4450,0,4450
OP10210012192,Mr. T PAVAN KUMAR,9701787001,1300,0,0,0,1300
OP10210012203,Mrs. SK SHAHEN,7095013177,0,0,1170,0,1170
OP10210012207,Mrs. Y HARSHITHA,9566178708,2650,0,0,0,2650
OP10210012202,Mr. CH HANUMA REDDY,9346605030,3100,0,0,0,3100
OP10210012204,Mr. SK CHAN BASHA,9948810281,0,0,4300,0,4300
OP10210012208,Mrs. V NAGA KAMESWARA RAO,6301677967,0,0,3400,0,3400
OP10210012211,Mr. V VENKATESWARA REDDY ,9866800703,1350,0,200,0,1550
OP10210012224,Mrs. K BHAGYA LAKSHMI,8688919785,2000,0,0,0,2000
OP10210012223,Mr. A PARDA SARADHI REDDY,9000878530,6300,0,0,0,6300
OP10210012228,Mrs. M VIJAYA LAKSHMI,9492387059,900,0,0,0,900
OP10210012231,Mr. V PAVAN,9008121947,0,0,2450,0,2450
OP10210012230,Mr. T VENKATESWARA REDDY,9949525610,0,0,3150,0,3150
OP10210012241,Mrs. A PRIYA DARSHINI ,7207607899,2280,0,0,0,2280
OP10210012246,Mr. J SRINIVASA RAO,9963395334,0,0,2750,0,2750
OP10210012247,Mr. SHAIK JANI BASHA ,8465945684,6150,0,0,0,6150
OP10210012256,Mr. L VARALU,9703307400,600,0,0,0,600
OP10210012257,Mrs. M DHANA LAKSHMI,7032592878,1300,0,0,0,1300
OP10210012260,Ms. B SAMYUKTHA,8309280247,2600,0,0,0,2600
OP10210012262,Mrs. SK MEERA BEE ,6304845266,2600,0,0,0,2600
OP10210012266,Mrs. K SRIDEVI,9885074850,0,0,1550,0,1550
OP10210012269,Mr. K SAI,8688787442,1650,0,0,0,1650
OP10210012280,Mrs. K ARUNA,9885626462,0,3160,0,0,3160
OP10210012285,Mr. P AJAY BABU,9848104540,1750,0,0,0,1750
OP10210012291,Mr. P SASHI VARDHAN REDDY,8464802292,0,0,2360,0,2360
OP10210012292,Mrs. D GAYATHRI,7386123464,700,0,0,0,700
OP10210012293,Mr. S BHUSHAIAH,9553435365,0,0,3850,0,3850
OP10210012295,Mrs. G VEERA RAGAVAMMA,9299004324,1600,0,0,0,1600
OP10210012300,Mr. G KRISHNA RAO,9989666065,700,0,0,0,700
OP10210012301,Mrs. CH SIVA PARVATHI,7330607448,0,0,2000,0,2000
OP10210012307,Mr. P SRINIVASA RAO,9291540657,2150,0,0,0,2150
OP10210012315,Mrs. B SUSHMA,9000580060,1250,0,0,0,1250
OP10210012314,Mrs. G BHAGYA LAKSHMI,9640668456,500,0,0,0,500
OP10210012317,Mr. K MUDDULA KRISHNA,9703199964,0,0,2400,0,2400
OP10210012318,Mrs. N ALEKHYA,9502622162,2250,0,0,0,2250
OP10210012319,Mr. R ANAND KUMAR ,8978092132,2550,0,0,0,2550
OP10210012320,Mrs. N BHUVANESWARI,9347008277,2250,0,0,0,2250
OP10210012322,Mr. SK RAFI,9704121163,0,0,2550,0,2550
OP10210012325,Mrs. SUBBAMMA DONTULA,8712334123,0,0,2750,0,2750
OP10210012326,Mrs. CH RAVANAMMA,8712334123,0,0,2000,0,2000
OP10210012333,Mrs. GARIKAPATI VYSHNAVI,7730041304,780,0,0,0,780
OP10210012341,Mrs. P SRI LAKSHMI,9768157777,1550,0,0,0,1550
OP10210012338,Mr. B SIVA RAM PRASAD,9393935593,0,0,1100,0,1100
OP10210012343,Mrs. V NAGENDRAM,7382789837,700,0,0,0,700
OP10210012342,Mrs. SK GULABSAR,8919972534,1960,0,0,0,1960
OP10210012346,Mr. Y PHANIDEEP,9566178708,280,0,7000,0,7280
OP10210012350,Mr. A BAPI REDDY,7981816453,4050,0,0,0,4050
OP10210012353,Mr. G SUBBA RAO,9247939395,0,0,700,0,700
OP10210012352,Mrs. K PRABHAVATHI,7285989999,2750,0,0,0,2750
OP10210012358,Mrs. K KOTESWARAMMA,7093260692,2300,0,0,0,2300
OP10210012357,Mr. D SIVA,9948345072,700,0,0,0,700
OP10210012356,Mr. SK MASTHAN VALI,9885365001,2340,0,0,0,2340
OP10210012368,Mr. B SRINIVASA RAO,9948401696,1300,0,0,0,1300
OP10210012362,Mrs. K PRASANNA LAKSHMI,7680041466,2250,0,0,0,2250
OP10210012369,Mrs. L VENKATA RAMANA,9390269495,2300,0,0,0,2300
OP10210012373,Mrs. M SIRISHA ,9177722737,2800,0,2000,0,4800
OP10210012376,Mrs. D ADEMMA,9966932820,500,0,1000,0,1500
OP10210012380,Mr. T SRINIVASA RAO,7799326831,400,0,0,0,400
OP10210012381,Mrs. K MAHALAKSHMI,9398048080,0,0,1800,0,1800
OP10210012390,Ms. D HARSHITHA,9966434238,1300,0,0,0,1300
OP10210012397,Mr. V ANIL  REDDY,9949522762,0,0,1500,0,1500
OP10210012391,Mrs. N SYAMALA,9908564399,2400,0,0,0,2400
OP10210012392,Mrs. V KAVITHA,7702332459,0,0,3350,0,3350
OP10210012394,Mr. K GANESH,9676950890,0,0,2750,0,2750
OP10210012400,Mr. L RAJU ,8008337167,0,0,2120,0,2120
OP10210012399,Mrs. SK SHAHEDA BEGUM ,8186875786,1800,0,0,0,1800
OP10210012396,Mr. T KASAIAH,9177461545,2750,0,0,0,2750
OP10210012401,Master. SRI VALIF N,9966368682,2050,0,0,0,2050
OP10210012405,Mrs. V PADMAVATHI,6305553007,2500,0,0,0,2500
OP10210012409,Mr. N MANOJ,9121192390,0,0,2300,0,2300
OP10210012420,Mr. A KRISHNA REDDY ,9912437979,0,0,2200,0,2200
OP10210012419,Mr. J VENKATESWARLU,9505851402,5130,0,0,0,5130
OP10210012428,Mrs. M DHANA LAKSHMI,7032592878,1900,0,0,0,1900
OP10210012437,Mrs. CH SWARAJYAM,9959949226,2950,0,0,0,2950
OP10210012440,Mr. V SURENDRA REDDY,9885324251,0,0,1800,0,1800
OP10210012436,Mrs. V VEERAMMA,9502006489,0,0,2450,0,2450
OP10210012439,Mr. G SRINIVASA RAO,7013201333,0,0,700,0,700
OP10210012444,Mrs. R GOWRI,7330709955,0,0,2350,0,2350
OP10210012446,Mrs. S ALEKHYA DEEPTHI,8333829001,0,0,2250,0,2250
OP10210012447,Mrs. CH VIJAYA LAKSHMI,9640097378,0,0,1800,0,1800
OP10210012454,Mr. B SRINIVASA RAO,9948401696,400,0,0,0,400
OP10210012451,Mrs. D SIVA KUMARI,9393539318,0,0,1450,0,1450
OP10210012458,Mrs. P JAYA KUMARI,9949523514,1300,0,0,0,1300
OP10210012467,Mrs. N NAGA MANI,9398469393,0,0,2850,0,2850
OP10210012470,Mr. M SATHYANARAYANA,7780480700,2950,0,0,0,2950
OP10210012478,Mrs. SK RIZWANA,9014102950,0,0,700,0,700
OP10210012435,Mr. B RAVI KUMAR,8328616897,0,0,700,0,700
OP10210012471,Mr. A SAMBI REDDY,9642290434,5800,0,0,0,5800
OP10210012472,Mrs. V NAGA KAMESWARA RAO,6301677967,0,0,1710,0,1710
OP10210012473,Mr. P SRINIVASA RAO,9985288289,2030,0,0,0,2030
OP10210012484,Mr. VENKATESWARLU M,9441417367,1575,0,0,0,1575
OP10210012486,Mr. M KIRAN KUMAR,9618998017,2450,0,0,0,2450
OP10210012492,Ms. CH PRASANNA DEVI,8639432567,0,0,2250,0,2250
OP10210012475,Mrs. K LALI BAI,9491115510,1015,0,0,0,1015
OP10210012494,Mrs. P BUCHAMMA,8885889686,1500,0,0,0,1500
OP10210012513,Mrs. S SWATHI,7989127772,0,0,2000,0,2000
OP10210012515,Mr. G NARASIMHA RAO,7995749697,1750,0,0,0,1750
OP10210012519,Mr. J MOHAN RAO,9989642292,2350,0,0,0,2350
OP10210012517,Mr. P SRINIVASA RAO,9291540657,700,0,0,0,700
OP10210012522,Mr. K CHAITANYA,8792605368,0,0,1550,0,1550
OP10210012525,Mr. CH PRAMILA RANI,9703876677,0,0,2250,0,2250
OP10210012529,Mrs. V NAGENDRAM,7382789837,0,0,2550,0,2550
OP10210012537,Mr. K KIRAN KUMAR,9000294975,200,0,0,0,200
OP10210012556,Mr. B VAMSI KRISHNA,6281504991,1550,0,0,0,1550
OP10210012562,Mr. T VENKATA SUBRAHMANYAM,8790875667,0,0,2600,0,2600
OP10210012564,Mr. L BHASKAR REDDY,9441504299,0,0,3440,0,3440
OP10210012566,Mr. B MADHU,7993197024,2070,0,0,0,2070
OP10210012572,Mr. K NAGESHWAR RAO,9000316324,1950,0,0,0,1950
OP10210012575,Mr. M VENKATESWARA RAO,8106460725,1050,0,0,0,1050
OP10210012577,Mrs. B SAKUNTHALA,7337279680,700,0,0,0,700
OP10210012568,Mr. B CHINNA AKKAIAH,9959488202,3800,0,0,0,3800
OP10210012585,Mr. A RAVI,9502560081,0,0,9540,0,9540
OP10210012594,Mr. A SAMBHA SIVA RAO,9177054266,3400,0,0,0,3400
OP10210012595,Mr. CH NAGESWARARAO ,9705974343,0,0,2450,0,2450
OP10210012596,Mrs. S MAHALAKSHMI,9676359485,2250,0,0,0,2250
OP10210012600,Mr. P LOKESH REDDY,9618138983,0,0,3550,0,3550
OP10210012599,Mr. A JANAKIRAMAYYA,9885493288,400,0,0,0,400
OP10210012604,Mrs. N MERY,8019800424,0,0,3750,0,3750
OP10210012605,Mr. CH B N SAI KIRAN,9866435393,0,0,3400,0,3400
OP10210012609,Mr. K SUBBA RAO,9703668776,0,0,2680,0,2680
OP10210012610,Mrs. D LEELAVATHI,9391381621,0,0,850,0,850
OP10210012612,Mr. K KRISHNA REDDY,8897456806,1400,0,0,0,1400
OP10210012616,Mr. P PRASAD,8885802711,0,0,4200,0,4200
OP10210012621,Mr. M MANIKANTA,8197749006,0,0,6700,0,6700
OP10210012630,Mr. V NARASIMHA RAO,9849427604,1400,0,0,0,1400
OP10210012634,Mr. V RAMESH KUMAR,9705989307,0,0,1600,0,1600
OP10210012633,Mrs. B DEVI,9885427202,900,0,0,0,900
OP10210012635,Mrs. T NAGA LAKSHMI ,9985223945,1200,0,0,0,1200
OP10210012638,Mrs. CH YAMINI KUMARI,9133545104,600,0,0,0,600
OP10210012643,Mr. J SIVANANDA PRASAD,9000838417,0,0,2000,0,2000
OP10210012649,Mrs. SK RAZIYA,8106095944,2000,0,0,0,2000
OP10210012653,Mrs. V ADI LAKSHMI,7893391703,3400,0,0,0,3400
OP10210012655,Mr. D HARI KRISHNA REDDY,7013263866,3750,0,0,0,3750
OP10210012658,Mrs. V MANGA DEVI,9444474530,0,0,3950,0,3950
OP10210012659,Mr. SK MD RAFI,7396955855,1550,0,0,0,1550
OP10210012668,Mr. V BALA SUBRAMANYAM,9848079147,2950,0,0,0,2950
OP10210012672,Mr. K RAVI BABU,8886444319,700,0,0,0,700
OP10210012678,Mr. T KASAIAH,9177461545,1600,0,0,0,1600
OP10210012679,Mrs. B THIRUPATHAMMA,9110346343,0,0,3400,0,3400
OP10210012673,Mr. A KOTI REDDY,9912318555,5520,0,0,0,5520
OP10210012681,Mrs. J JHANSI,8096359027,4900,0,0,0,4900
OP10210012682,Mr. N PRINCE,7799646483,0,0,950,0,950
OP10210012684,Mrs. CH VENKAYAMMA,6305883927,0,0,2450,0,2450
OP10210012689,Mr. I HANIMI REDDY,9652949495,0,0,2950,0,2950
OP10210012695,Mr. N PRINCE,7799646483,0,0,1500,0,1500
OP10210012704,Mr. RAJA SEKHAR REDDY MOVVA,9959165789,700,0,0,0,700
OP10210012705,Mr. B SUBBA REDDY ,8688474559,1900,0,0,0,1900
OP10210012706,Mr. SK SUBHANI,9246485282,2520,0,0,0,2520
OP10210012709,Mr. K VENKATA RAMANA REDDY,9550102216,900,0,0,0,900
OP10210012711,Mrs. G MANGAMMA,9908018338,700,0,0,0,700
OP10210012708,Ms. P ALISU ,9505639623,2600,0,0,0,2600
OP10210012712,Mrs. S BHARGAVI,8919472089,0,0,700,0,700
OP10210012713,Mrs. SK FAREEDA,7981369969,1400,0,0,0,1400
OP10210012719,Mr. N ADHAM SAHEB,9966368682,2850,0,0,0,2850
OP10210012725,Mr. VENKATA KRISHNA REDDY CH,9553295544,0,0,2360,0,2360
OP10210012727,Mrs. SK SHAHANAZ,9000455483,0,0,6000,0,6000
OP10210012741,Mrs. K DHANA LAKSHMI,9963636085,2840,0,0,0,2840
OP10210012740,Mr. CH ARJUN SINGH,9989597961,2280,0,0,0,2280
OP10210012746,Mr. M RAMA KRISHNA,9441711114,0,0,4350,0,4350
OP10210012751,Mr. T SUBBA REDDY,9701356884,4050,0,0,0,4050
OP10210012744,Mr. Y SHOWRI REDDY,9866772925,1800,0,0,0,1800
OP10210012747,Mr. D SHAPHAN PHILIP,8977442163,0,0,2950,0,2950
OP10210012749,Mrs. A ANASURYAMMA,9908653265,3400,0,0,0,3400
OP10210012738,Mr. T SESHAVATARAM,9440004464,3200,0,0,0,3200
OP10210012754,Mr. A THIRUPATHI RAO,7036566465,2950,0,0,0,2950
OP10210012742,Mr. CH SRINIVASA RAO,9959658451,0,0,4815,0,4815
OP10210012760,Mr. T SHANKAR REDDY,9866402649,3280,0,0,0,3280
OP10210012761,Mr. A HEMANTH,7801055577,2050,0,0,0,2050
OP10210012771,Mrs. M VIJAYAMMA,7702836013,2250,0,0,0,2250
OP10210012773,Mr. VEERANJANEYULU K,7680892738,0,0,2150,0,2150
OP10210012779,Mr. B SATYA BABU,9182227988,0,0,1150,0,1150
OP10210012780,Mr. K MADHAVA REDDY,8919851744,0,0,3240,0,3240
OP10210012799,Mr. V TIRUMULA REDDY,9848909598,1550,0,0,0,1550
OP10210012800,Mr. SK ASMATUNNISA,9849290111,0,0,2300,0,2300
OP10210012803,Mr. SD SHABEER,7893886517,0,0,2025,0,2025
OP10210012804,Mrs. A SUBBAYAMMA,8096179107,2480,0,0,0,2480
OP10210012805,Mrs. N SYAMALA,9908564399,1800,0,0,0,1800
OP10210012806,Mrs. N ANITHA,9502094291,1500,0,0,0,1500
OP10210012810,Mr. K VEERANJANEYULU,9704924136,250,0,3400,0,3650
OP10210012813,Mrs. J SAI PURNIMA,9989664885,1550,0,0,0,1550
OP10210012814,Mr. M MAHESH,7660095694,0,0,2150,0,2150
OP10210012817,Mr. V NAVANITH VARMA,7995536283,2250,0,0,0,2250
OP10210012816,Mr. T RAMA KRISHNA,9553621571,3000,0,50,0,3050
OP10210012809,Mrs. B MADHAVI,9052678806,2920,0,0,0,2920
OP10210012819,Mr. V SRINIVASA RAO,9000569424,6500,0,0,0,6500
OP10210012825,Mrs. B LACHAMMA,9010463904,2850,0,0,0,2850
OP10210012829,Mrs. CH MADHAVI,9505513883,750,0,0,0,750
OP10210012835,Mr. B LAKSHMI NARAYANA,7993861996,0,0,4130,0,4130
OP10210012837,Mr. SD MOHAMAD SADIK,7780723339,2950,0,0,0,2950
OP10210012838,Mr. V RAMAIAH,9666323837,0,0,3150,0,3150
OP10210012842,Mr. P VENKAIAH,7995510476,3150,0,0,0,3150
OP10210012840,Mr. A SRINIVAS,8885140656,2950,0,0,0,2950
OP10210012844,Mr. T NAVEEN KUMAR,9493990150,0,0,700,0,700
OP10210012846,Mr. T RAHUL REDDY,8886783777,0,0,700,0,700
OP10210012848,Mrs. M SRI DURGA SAI,9848585883,3700,0,0,0,3700
OP10210012850,Master. A MAHINDRA SAI,9553132183,0,0,1700,0,1700
OP10210012855,Mrs. M SUSEELA,8309528748,1350,0,0,0,1350
OP10210012851,Mrs. V ADI LAKSHMI,7893391703,250,0,0,0,250
OP10210012864,Mr. CH NAGARJUNA,9848036246,2600,0,0,0,2600
OP10210012863,Mrs. B RAJESWARI,9963585554,2450,0,0,0,2450
OP10210012866,Mrs. P DHANA LAKSHMI,9000123200,0,0,3200,0,3200
OP10210012865,Mrs. S NANDHAMMA,9010723529,4000,0,2000,0,6000
OP10210012867,Mr. SK SUBHANI,7386395942,2900,0,0,0,2900
OP10210012868,Mr. M CHINNA PRASAD,7729050648,2150,0,0,0,2150
OP10210012875,Mr. GUNJJI BULLI ANJAIAH,9553621557,2240,0,0,0,2240
OP10210012872,Mrs. M LAKSHMI  SRAVANI,8688876711,0,0,3750,0,3750
OP10210012884,Mrs. SK SHAHEN,7095013177,1170,0,0,0,1170
OP10210012878,Mr. KONDA BHANU AVINASH REDDY,9494681323,1800,0,0,0,1800
OP10210012893,Mr. B VENKATA BALA RANGAIAH,9347004546,2050,0,0,0,2050
OP10210012887,Mr. CH VENKATESWARLU ,7780244976,4200,0,0,0,4200
OP10210012886,Mrs. JAKIREDDY LAKSHMI,9014765598,2450,0,0,0,2450
OP10210012894,Mrs. R SAMRAJYAM,6305040519,3050,0,0,0,3050
OP10210012888,Mrs. V PADMAVATHI ,8328168590,0,0,2750,0,2750
OP10210012877,Mrs. DAVULURI SIVA NAGAMMA,6304802859,700,0,0,0,700
OP10210012899,Mrs. P SIVA PARVATHI,7382186945,2500,0,0,0,2500
OP10210012901,Mr. SK GOUSE,9440039612,0,0,3450,0,3450
OP10210012900,Ms. M VENNELA,9990939309,0,0,1720,0,1720
OP10210012904,Mr. V VEERAIAH,9618550892,2450,0,0,0,2450
OP10210012908,Mrs. M SIVA PARVATHI,9440061924,0,0,2500,0,2500
OP10210012918,Mrs. V NAGENDRAM,7382789837,2250,0,0,0,2250
OP10210012912,Mrs. V GANGAMMA,8977885656,2360,0,0,0,2360
OP10210012914,Mrs. G PADMAVATHI,9885718162,2400,0,0,0,2400
OP10210012915,Mr. T UDAYA RAJU,7702438365,480,0,0,0,480
OP10210012913,Mrs. SK PEER BI,9533398782,0,0,3450,0,3450
OP10210012921,Mrs. P BUCHAMMA,8885889686,1950,0,0,0,1950
OP10210012920,Mrs. K VENKATA LAKSHMI KUMARI,9381283292,2700,0,0,0,2700
OP10210012923,Mr. B GOKUL,8885882827,0,0,700,0,700
OP10210012928,Mr. G NAGENDRA RAO,9848477279,2800,0,0,0,2800
OP10210012936,Mrs. G RAMANI,9966857937,500,0,0,0,500
OP10210012940,Mrs. CH SIRISHA,9618873449,0,0,1520,0,1520
OP10210012937,Mr. M RANGA RATHNAM,9948234995,3150,0,0,0,3150
OP10210012935,Mrs. B THIRUPATHAMMA,9110346343,0,0,1700,0,1700
OP10210012944,Ms. MOUNIKA S,9347885192,0,0,1800,0,1800
OP10210012954,Mr. P VIMAL DEV,6303566654,0,0,3952,0,3952
OP10210012955,Mr. A SRIDHAR REDDY,9440641667,2160,0,0,0,2160
OP10210012943,Mrs. K RAJYALAKSHMI,7330075006,3650,0,0,0,3650
OP10210012942,Mr. K PULLAIAH,7730075006,2750,0,0,0,2750
OP10210012963,Mr. D HARI BABU,9010652320,3400,0,0,0,3400
OP10210012964,Mrs. A PRABAVATHI,8801221799,0,0,3300,0,3300
OP10210012977,Mr. T KOTIREDDY,7981699508,1400,0,0,0,1400
OP10210012972,Mr. M ANURADHA,9398822423,0,0,2450,0,2450
OP10210012976,Mr. N DINESH,8179620615,0,0,1100,0,1100
OP10210012978,Mr. SYED BAJI,7893029645,2000,0,250,0,2250
OP10210012989,Mrs. G RADHIKA,9100083869,0,0,2160,0,2160
OP10210012997,Mrs. K PADMA LAKSHMI,9440255887,0,0,3350,0,3350
OP10210013001,Mr. M ANJANEYULU,9866256242,2850,0,0,0,2850
OP10210013009,Mr. K RAJA RAMESH MOHAN,9177583233,0,0,1400,0,1400
OP10210013012,Mrs. N V LAKSHMI,9381305465,0,0,2250,0,2250
OP10210013017,Mrs. SK RAZIYA,8106095944,1900,0,0,0,1900
OP10210013016,Mrs. B VENKATA MAHA LAKSHMI,9985507398,2950,0,0,0,2950
OP10210013018,Mrs. M ANURADHA,9848236449,4280,0,0,0,4280
OP10210013020,Mr. T KASAIAH,9177461545,800,0,0,0,800
OP10210013022,Mr. CH MANI KUMAR,7337086203,0,0,3950,0,3950
OP10210013024,Mrs. D ADEMMA,9966932820,1550,0,0,0,1550
OP10210013026,Mr. SK HASSEN SAHEB,9121276966,1240,0,0,0,1240
OP10210013029,Mr. J V KOTESWAR RAO,9959575369,0,0,2750,0,2750
OP10210013032,Mr. P SRINIVASA REDDY,9381304108,3200,0,950,0,4150
OP10210013031,Mr. M SAMBA SIVA RAO,9133553559,1550,0,0,0,1550
OP10210013039,Mrs. SK KHASIM BEE,9177671991,1680,0,0,0,1680
OP10210013030,Mrs. K SANTHI,6360860509,0,0,4270,0,4270
OP10210013051,Mrs. P SRI LAKSHMI,9000168494,0,0,3150,0,3150
OP10210013059,Mrs. P NAGENDRAMMA,9441215788,0,0,2450,0,2450
OP10210013062,Mr. SK SUHANA,9502985356,2500,0,0,0,2500
OP10210013050,Mr. M VENKATESWARLU,9392446885,2200,0,3050,0,5250
OP10210013065,Mr. D DEVUDU,8897454442,2700,0,0,0,2700
OP10210013070,Mr. J ANJANEYULU,8499932688,0,0,1400,0,1400
OP10210013071,Mrs. P PADMA,9866302454,0,0,700,0,700
OP10210013076,Mr. J SESHAIAH,7670909691,9000,0,0,0,9000
OP10210013078,Mr. G VENKATA SATHYANARAYANA,7095621640,0,0,2500,0,2500
OP10210013079,Mrs. K BHAGYA LAKSHMI,8688919785,1600,0,0,0,1600
OP10210013080,Mr. R UMASUTHAM,8142060540,0,0,2950,0,2950
OP10210013086,Mrs. L VENKATA RAMANA,9390269495,1200,0,0,0,1200
OP10210013084,Mrs. A ANASURYAMMA,9908653265,700,0,0,0,700
OP10210013085,Mrs. SK BEEBI JAN ,9912527277,1920,0,0,0,1920
OP10210013093,Ms. M LAKSHMI PRASANNA,9441763722,200,0,0,0,200
OP10210013089,Mrs. K ANASUYA DEVI,7901263169,0,0,2500,0,2500
OP10210013091,Mr. P CHANDRA BABU,6303376759,0,0,4000,0,4000
OP10210013092,Mr. M V RAMESH BABU,9492670668,0,0,2360,0,2360
OP10210013094,Mr. Y SAI KRISHNA,9966909444,2450,0,0,0,2450
OP10210013097,Mr. N MAHESH BABU,9908988936,1750,0,0,0,1750
OP10210013108,Mrs. S ASHWINI,7024159351,0,0,2000,0,2000
OP10210013112,Mrs. M TULASAMMA,9290626371,7750,0,0,0,7750
OP10210013113,Mr. K  P RAKESH,9985559090,2000,0,2450,0,4450
OP10210013114,Mr. K PUNNA RAO,9346519595,0,0,3450,0,3450
OP10210013119,Mrs. K ANNAMMA,9652939275,2950,0,0,0,2950
OP10210013116,Mr. K VENU GOPAL REDDY ,9493924218,0,0,1900,0,1900
OP10210013115,Mr. K NAGA RAJU,9515131198,3160,0,0,0,3160
OP10210013125,Mr. T PAVAN KUMAR,9701787001,1300,0,0,0,1300
OP10210013131,Ms. B MAHESWARI,9490800965,0,0,2150,0,2150
OP10210013124,Mr. N MOHAN DAS,9010116265,0,0,3750,0,3750
OP10210013133,Mr. D SRINIVASA RAO,9347974860,3550,0,0,0,3550
OP10210013132,Mr. S RAVI TEJA,9966145957,3500,0,0,0,3500
OP10210013138,Mr. M N V ANIRUDH,9398822423,0,0,2750,0,2750
OP10210013137,Mrs. V VINATHA,9246282555,4300,0,0,0,4300
OP10210013139,Mr. A THIRUPATHI RAO,7036566465,2950,0,0,0,2950
OP10210013136,Mr. M VENKATESWARLU,9985557446,3600,0,0,0,3600
OP10210013134,Mr. O KALYAN KUMAR SWAMI,8317593085,300,0,3000,0,3300
OP10210013150,Mrs. SK SHAMEMA,9700259633,2900,0,0,0,2900
OP10210013153,Mrs. SK RAZIYA,8106095944,1900,0,0,0,1900
OP10210013158,Mrs. T VIJAYA LAKSHMI,6303679311,0,0,2135,0,2135
OP10210013160,Mr. G HANUMANTH RAO,8179140965,1850,0,0,0,1850
OP10210013161,Mr. K SAI SUKESH,9182934520,700,0,0,0,700
OP10210013163,Mr. V SRINIVAS,6304967703,2250,0,0,0,2250
OP10210013165,Mr. S MURTHY,6281633238,0,0,2700,0,2700
OP10210013170,Mrs. SK PEER BI,9533398782,0,0,1000,0,1000
OP10210013171,Mr. K KOTESWAR RAO,8125679988,0,0,3200,0,3200
OP10210013166,Mr. SK MAHEMOOD,9966063853,2250,0,0,0,2250
OP10210013175,Mrs. M LAKSHMI  SRAVANI,8688876711,300,0,1000,0,1300
OP10210013178,Mr. A SATYA NARAYANA RAO ,6303474824,0,0,2500,0,2500
OP10210013177,Mr. M K MALLESWAR RAO,9948058471,200,0,10000,0,10200
OP10210013179,Mrs. B THIRUPATHAMMA,9110346343,0,0,4350,0,4350
OP10210013182,Mrs. P HIDHAYATHUN,8142055159,1950,0,0,0,1950
OP10210013183,Mrs. L SUMATHI,9989095959,0,0,3650,0,3650
OP10210013187,Mr. GOVINDH SINGH,8341026025,0,0,2200,0,2200
OP10210013190,Mr. A GOPAL,9676712186,0,0,2000,0,2000
OP10210013193,Mr. P SIVA REDDY,9160473141,0,0,300,0,300
OP10210013195,Mrs. A LAKSHMI SWARUPA RANI,9618234631,0,0,2560,0,2560
OP10210013194,Mr. A PRAKASH REDDY,9989623349,0,0,4320,0,4320
OP10210013205,Mr. SK JANI BASHA,8019427135,1100,0,0,0,1100
OP10210013200,Mr. V POTHU RAJU,8106203400,3200,0,0,0,3200
OP10210013203,Mrs. P RUPI DEVI,8008334081,3820,0,0,0,3820
OP10210013211,Mr. G SRINIVAS REDDY,7386761604,3400,0,0,0,3400
OP10210013229,Mrs. T VIJAYA LAKSHMI,9059413129,3400,0,0,0,3400
OP10210013228,Mrs. T THIRUPATAMMA,9553621557,2950,0,0,0,2950
OP10210013233,Mrs. SWARNALATHA KARRA,9177044022,2050,0,0,0,2050
OP10210013230,Mr. K APPA RAO,9849966194,0,0,2200,0,2200
OP10210013232,Mrs. G BHAGYA LAKSHMI,9640668456,4700,0,0,0,4700
OP10210013237,Mr. K SRIDHAR,7989278133,10200,0,0,0,10200
OP10210013234,Mrs. CH SEETHA RAVAMMA,8978653828,2450,0,0,0,2450
OP10210013238,Master. T KAMALESH,9440249180,3100,0,0,0,3100
OP10210013231,Mr. ADIL SK,8919972534,0,0,3700,0,3700
OP10210013239,Mr. P GOPI KRISHNA,7013058005,2450,0,0,0,2450
OP10210013246,Mr. CH V V KOTESWARAO,9502011119,0,0,2440,0,2440
OP10210013257,Mr. P KONDA REDDY,9949056632,2560,0,0,0,2560
OP10210013253,Mrs. B BALA,9912399357,3000,0,0,0,3000
OP10210013254,Mr. N SESHAIAH,9390500940,2950,0,0,0,2950
OP10210013266,Mrs. V NAGA KAMESWARA RAO,6301677967,0,0,1845,0,1845
OP10210013256,Mr. RAMU E,9985579007,2850,0,700,0,3550
OP10210013258,Mr. G VAMSIDHAR,6302950737,0,0,3250,0,3250
OP10210013262,Mr. G MANJUSH,9703199964,0,0,11750,0,11750
OP10210013275,Mrs. K PRASANNA LAKSHMI,7680041466,0,0,1000,0,1000
OP10210013277,Ms. D HARSHITHA,9966434238,1900,0,0,0,1900
OP10210013284,Mr. P KRUPA RAO,9963234369,2600,0,0,0,2600
OP10210013283,Ms. J PRASANNA,9963509225,2850,0,0,0,2850
OP10210013295,Mrs. P YAMUNA,9502726034,700,0,0,0,700
OP10210013297,Mr. M GAGANA SURYA,9885310382,0,0,4850,0,4850
OP10210013296,Mr. V SIVA SANKAR,8008542060,2650,0,0,0,2650
OP10210013299,Mr. P YUSAF KHAN,9000602899,3650,0,0,0,3650
OP10210013300,Mr. K RAMESH KUMAR,8886777834,0,0,2200,0,2200
OP10210013302,Mr. P NAGENDRA BABU,7013913818,0,0,2450,0,2450
OP10210013305,Mrs. B SIVA MADHURI,9490240997,0,0,7300,0,7300
OP10210013307,Mr. KASI REDDY CH,9494946998,0,0,2000,0,2000
OP10210013301,Mr. A NARESH,8247855276,0,0,2600,0,2600
OP10210013317,Mr. B SIVA RAM PRASAD,9393935593,1800,0,0,0,1800
OP10210013315,Mrs. M PAMULAMMA,9951545554,3950,0,0,0,3950
OP10210013328,Mrs. K MOUNIKA,8333971437,0,0,1650,0,1650
OP10210013351,Mr. B CHINNI KRISHNA,9849873335,0,0,1000,0,1000
OP10210013354,Mr. A SRIDHAR REDDY,9440641667,1000,0,0,0,1000
OP10210013363,Mr. T UDAYA RAJU,7702438365,100,0,0,0,100
OP10210013362,Mr. Y CHINA RAMAIAH,9848560770,0,0,2560,0,2560
OP10210013364,Mr. V SRINIVASA RAO ,8374612459,1320,0,0,0,1320
OP10210013370,Mr. B KOTI REDDY,6302641463,3800,0,0,0,3800
OP10210013367,Mr. T SUNANDHA,9440652002,2560,0,0,0,2560
OP10210013368,Mr. S VENKATESWARLU,9676579306,2950,0,0,0,2950
OP10210013373,Mr. B VINOD,6301089895,0,0,2840,0,2840
OP10210013381,Mrs. L SUMATHI,9989095959,0,0,1450,0,1450
OP10210013384,Mrs. CH V S N PADMAVATHI,9441253972,2750,0,0,0,2750
OP10210013383,Mr. AMEER BASHA ,8099583446,0,0,5800,0,5800
OP10210013390,Mrs. A MALLESHWARI,8184917782,2800,0,0,0,2800
OP10210013391,Mr. D MOHAN RAJU,9100285466,0,0,2950,0,2950
OP10210013400,Mr. SHAIK JANI BASHA ,8465945684,2350,0,0,0,2350
OP10210013407,Mr. S VENKATESWARLU,6281234069,0,0,3200,0,3200
OP10210013410,Ms. U CHANDANA MADHURI,7989719119,2500,0,0,0,2500
OP10210013411,Mr. T KASAIAH,9177461545,900,0,0,0,900
OP10210013412,Mr. M SURESH KUMAR,8142003001,2560,0,0,0,2560
OP10210013413,Mr. B NARASIMHA RAO,7780106631,0,0,2500,0,2500
OP10210013414,Mr. J SURYA NARAYANA ,8179655924,2360,0,0,0,2360
OP10210013417,Mr. SK JANI,9550196045,0,0,3050,0,3050
OP10210013416,Mr. U VENKATA SUBBA RAO,7702771940,0,0,3550,0,3550
OP10210013418,Mr. K HEMA KUMAR,9704772150,0,0,2150,0,2150
OP10210013419,Mr. B NARASIMHA RAO,9390182143,2400,0,0,0,2400
OP10210013426,Baby. K CHARAN SATHYA VENKAT,9603453995,0,0,1670,0,1670
OP10210013439,Mrs. V GOUTHAMI,9346078555,0,0,2150,0,2150
OP10210013441,Mr. N SUBBARAYUDU,9885226807,2950,0,0,0,2950
OP10210013443,Mr. A SIRISHA,8008594394,750,0,0,0,750
OP10210013445,Mrs. N YESAMMA,9849945326,2950,0,0,0,2950
OP10210013446,Mrs. P RADHA,7075018668,0,0,4370,0,4370
OP10210013450,Ms. VENKATARAMANA K,9866269087,50,0,2000,0,2050
OP10210013461,Mr. B RAJA SEKHAR REDDY,9000853212,0,3550,0,0,3550
OP10210013466,Mr. R THIRAPATHI REDDY,9246481617,0,0,700,0,700
OP10210013467,Mr. P RAJESH,8121090907,0,0,4300,0,4300
OP10210013468,Mr. M KOTESWARAO ,8340046359,0,0,2150,0,2150
OP10210013471,Mrs. SK SRAVANI,9182205427,0,0,2250,0,2250
OP10210013472,Mr. N KANAKAYYA,7013232123,700,0,0,0,700
OP10210013465,Mr. M CHOWDARY,9603037734,0,0,250,0,250
OP10210013469,Mr. K PUNNA RAO,9346519595,2150,0,0,0,2150
OP10210013473,Mrs. K BHAGYA LAKSHMI,8688919785,2400,0,0,0,2400
OP10210013474,Mr. Y CHINA RAMAIAH,9848560770,0,0,400,0,400
OP10210013477,Mrs. B BABY SAROJINI,9493301636,1650,0,0,0,1650
OP10210013480,Mr. SK HASAN PEERA,8328564148,0,0,3550,0,3550
OP10210013486,Mrs. D THIRAPATHIAMMA,9989587352,1300,0,0,0,1300
OP10210013487,Mr. B GANGADHAR REDDY,9666210567,900,0,0,0,900
OP10210013478,Mrs. T RANGA NAYAKAMMA,9985214610,0,0,700,0,700
OP10210013493,Mrs. N SWARNALATHA,9666792619,0,0,700,0,700
OP10210013497,Mrs. G PADMAVATHI,9885718162,0,0,1900,0,1900
OP10210013499,Mr. V JAYA CHANDRA,8247253722,0,0,4400,0,4400
OP10210013501,Mr. J KRISHNA REDDY,9959437415,2350,0,0,0,2350
OP10210013504,Mr. GOVINDH SINGH,8341026025,0,0,1250,0,1250
OP10210013505,Mrs. D RAMA DEVI,9908739362,700,0,0,0,700
OP10210013507,Mr. k CHANDU,9652635302,700,0,0,0,700
OP10210013509,Mrs. T SRIDEVI,9701408858,3160,0,0,0,3160
OP10210013519,Mrs. N PADMA ,9542591702,2500,0,0,0,2500
OP10210013523,Mr. SK JANI,9550196045,200,0,0,0,200
OP10210013527,Mr. T NAGA MALLESWAR RAO,8790986651,0,0,2450,0,2450
OP10210013529,Mrs. A SIVAMMA,9848133321,0,0,2560,0,2560
OP10210013528,Mrs. A THIRUPATHI LAKSHMI,7989247306,0,0,2800,0,2800
OP10210013531,Mr. D VEERA BRAMHAM,7075677888,3400,0,0,0,3400
OP10210013535,Mr. V MUNI NAIK,7013528535,1950,0,0,0,1950
OP10210013544,Mrs. M NAGENDRAMMA,9989259683,3600,0,0,0,3600
OP10210013546,Mrs. G BHUVANESWARI,9177291461,0,0,1560,0,1560
OP10210013548,Mr. K A KOTESWARAO,9848174006,1800,0,0,0,1800
OP10210013552,Mrs. K MOUNIKA,8333971437,1550,0,0,0,1550
OP10210013556,Mrs. M RAMADEVI,9032023425,1750,0,0,0,1750
OP10210013558,Mr. R NAGA BABU,9676277170,3100,0,0,0,3100
OP10210013560,Mr. SK MD ASHWAK,9989528007,0,0,2400,0,2400
OP10210013564,Mrs. M NASARAMMA,9177669402,2500,0,0,0,2500
OP10210013566,Mr. N SATISH,7095074534,2250,0,0,0,2250
OP10210013567,Mr. P SANKAR RAO,9010721471,2950,0,0,0,2950
OP10210013569,Master. E SHAMUKESWAR REDDY,9885248303,1900,0,0,0,1900
OP10210013571,Mr. P NARENDRA,9908693985,0,0,1100,0,1100
OP10210013572,Master. S BHARGAV SAI,9949779696,1440,0,0,0,1440
OP10210013573,Mr. K NAGA RAJU,9966773000,0,0,2650,0,2650
OP10210013579,Mr. S VENKATESHWARLU,9951548280,3050,0,0,0,3050
OP10210013577,Mr. G PEDDA SOWRAIAH,9948026102,3450,0,0,0,3450
OP10210013576,Mrs. G MARIYAMMA,9441388028,1650,0,0,0,1650
OP10210013581,Ms. R NAGA VYSHNAVI,9912818733,2500,0,0,0,2500
OP10210013582,Ms. D HARSHITHA,9966434238,900,0,0,0,900
OP10210013594,Mrs. J JHANSI,8096359027,2550,0,0,0,2550
OP10210013589,Mr. P DEVANADHA DATHU,9866945660,2450,0,0,0,2450
OP10210013590,Mrs. B RAMA DEVI,9949241139,0,0,2250,0,2250
OP10210013607,Mr. P VENKATA SYAM PRASAD,8919609630,3000,0,0,0,3000
OP10210013610,Mrs. SK SHAHEN,7095013177,2100,0,0,0,2100
OP10210013613,Mr. G KOTI REDDY,9000923397,4250,0,0,0,4250
OP10210013622,Mr. N HANUMANTH RAO,9948694700,2000,0,1900,0,3900
OP10210013636,Mrs. B SAROJINI,9032078425,0,0,2300,0,2300
OP10210013637,Mr. V PRASAD,9666630017,2650,0,0,0,2650
OP10210013645,Mrs. A VENKAYAMMA,9542511231,2950,0,0,0,2950
OP10210013646,Mr. M NARASIMHA,9701178442,0,0,3250,0,3250
OP10210013648,Mr. N MOHAN,8885004232,3050,0,0,0,3050
OP10210013657,Mrs. SANNAH HUSSAIN,7207003584,6650,0,0,0,6650
OP10210013650,Mr. M SRI LAKSHMI,7382508665,1300,0,0,0,1300
OP10210013652,Mrs. K KOTESWARAMMA,7093260692,3100,0,0,0,3100
OP10210013649,Mr. N SAI GOPAL,7416792928,1050,0,0,0,1050
OP10210013653,Mrs. D VIJAYA LAKSHMI,9505885195,0,0,2350,0,2350
OP10210013654,Mrs. K DURGAMBHA,9949791689,0,0,2200,0,2200
OP10210013662,Mr. B GOKUL,8885882827,0,0,1900,0,1900
OP10210013668,Ms. P ALISU ,9505639623,2750,0,0,0,2750
OP10210013669,Mr. B SARVESWAR RAO,9346068534,1950,0,0,0,1950
OP10210013666,Mr. J KIRAN,6303438663,0,0,4400,0,4400
OP10210013672,Mrs. D VARA LAKSHMI,8184832010,0,0,5750,0,5750
OP10210013671,Mrs. V SAROJINI,9705674604,3750,0,0,0,3750
OP10210013665,Mr. CH VASANTHA RAO,9989936849,2250,0,0,0,2250
OP10210013684,Mr. P KRUPA RAO,9963234369,0,0,700,0,700
OP10210013685,Mrs. P SUNITHA,9160111258,0,0,2760,0,2760
OP10210013688,Mr. B KONDALU,8790825973,5500,0,0,0,5500
OP10210013691,Mr. D KOTESWAR RAO,9985266943,1400,0,0,0,1400
OP10210013690,Mr. A PAPA RAO,8801749436,0,0,5600,0,5600
OP10210013693,Mr. B SRINIVAS SINGH,7013591361,2150,0,0,0,2150
OP10210013697,Mr. R PUNNA RAO,9581074926,4000,0,0,0,4000
OP10210013698,Mr. MD IMRAN,9912391523,0,0,2950,0,2950
OP10210013709,Mr. D KOTESWAR RAO,8247367553,3300,0,0,0,3300
OP10210013714,Mr. AMEER BASHA ,8099583446,0,0,1400,0,1400
OP10210013723,Mr. B SRINIVAS SINGH,7013591361,900,0,0,0,900
OP10210013721,Mr. B AVINASH,7382893329,0,0,1750,0,1750
OP10210013725,Master. K KOTESWARA RAO,7036676432,2300,0,0,0,2300
OP10210013730,Mrs. B BABY SAROJINI,9493301636,250,0,0,0,250
OP10210013727,Mr. G LAKSHMI NARAYANA,9618486691,3550,0,0,0,3550
OP10210013728,Mr. P RAVI TEJA,8125959543,0,0,2950,0,2950
OP10210013729,Mrs. P PALLAVI,9705334882,0,0,3050,0,3050
OP10210013736,Mrs. G KAVITHA,9703346852,2000,0,50,0,2050
OP10210013738,Mr. M GAGANA SURYA,9885310382,2500,0,0,0,2500
OP10210013743,Mr. G JASHUVA,7893611302,2950,0,0,0,2950
OP10210013744,Ms. G RASHMIKA,8522818635,2350,0,0,0,2350
OP10210013745,Mrs. G VENKATA SWAPNA,8522818635,2200,0,0,0,2200
OP10210013747,Mr. B VEERAIAH,9059619844,3400,0,0,0,3400
OP10210013748,Mrs. K SINDHUSHA,9703812926,0,0,700,0,700
OP10210013760,Mr. P MANGA RAO,8790941446,2000,0,3400,0,5400
OP10210013758,Mr. B SATYA BABU,9182227988,0,0,4700,0,4700
OP10210013762,Mr. CH MAREDDY,9154288555,0,0,1650,0,1650
OP10210013761,Mr. L MAHESH REDDY,7386379512,0,0,3150,0,3150
OP10210013766,Mrs. B HAZARATH KUMARI ,8142111333,2350,0,0,0,2350
OP10210013765,Mr. CH SAMBA SIVA RAO,9177901304,0,0,4450,0,4450
OP10210013775,Mr. M VENKATA RAO,6302819518,4050,0,0,0,4050
OP10210013776,Mr. SHAIK JANI BASHA ,8465945684,1800,0,0,0,1800
OP10210013774,Mr. T NARAIAH,9059667273,3200,0,0,0,3200
OP10210013782,Mr. J KRISHNA REDDY,9959437415,1800,0,0,0,1800
OP10210013784,Mr. G SRI RAMULU,9351736377,1250,0,0,0,1250
OP10210013778,Mr. P BIKSHALU,9121060728,4050,0,0,0,4050
OP10210013781,Master. K SAI MANIKANTA,9010136513,1700,0,0,0,1700
OP10210013785,Mr. T NARAIAH,9059667273,200,0,0,0,200
OP10210013791,Mrs. V SANTHI ,9490750139,1880,0,0,0,1880
OP10210013795,Mr. K SUBHRAMANYAM,8885886715,0,0,2450,0,2450
OP10210013807,Mrs. V LAKSHMI,9542456109,0,0,700,0,700
OP10210013811,Master. G SANDEEP,8309215507,0,0,2450,0,2450
OP10210013815,Mrs. B VIJAYA,6281737107,4550,0,0,0,4550
OP10210013812,Mr. SK KARIMULLA ,9381817685,0,0,3550,0,3550
OP10210013819,Ms. A SRIVALLI,9989963866,1400,0,0,0,1400
OP10210013816,Mrs. B DHANA LAKSHMI,8897058717,2500,0,0,0,2500
OP10210013824,Mrs. Y U N SARVANI,9391037016,0,0,920,0,920
OP10210013818,Mr. P SOHEL BASHA ,7075003510,1145,0,2000,0,3145
OP10210013820,Mr. P KRUPA RAO,9963234369,0,0,2250,0,2250
OP10210013822,Mr. V NAGENDHRA BABU,9912173871,3250,0,0,0,3250
OP10210013813,Mrs. V KRISHNA SRAVANI,8125869439,3600,0,0,0,3600
OP10210013832,Mrs. N PRATHIBHA RANI,8374287116,1300,0,0,0,1300
OP10210013838,Mr. B RAJA SEKHAR REDDY,9000853212,700,0,0,0,700
OP10210013837,Mr. M S S PRASAD,8985229279,0,0,3400,0,3400
OP10210013836,Mr. A VENKATESWAR RAO,9959756425,2250,0,0,0,2250
OP10210013841,Mrs. SK MEERA BI,9948603889,840,0,0,0,840
OP10210013842,Mr. KASI REDDY CH,9494946998,3000,0,0,0,3000
OP10210013845,Mrs. V SANTHI ,9490750139,560,0,0,0,560
OP10210013843,Mrs. P BANGARAMMA,8121755669,3350,0,0,0,3350
OP10210013862,Mr. P SESHA GIRI RAO,9246486679,2000,0,0,0,2000
OP10210013850,Ms. Y DHINESH,9966045042,0,0,5350,0,5350
OP10210013856,Mr. B CHANDRA REDDY,9398560021,2500,0,20,0,2520
OP10210013865,Mr. M SAI HEMANTH,9959945798,2840,0,0,0,2840
OP10210013872,Mr. K ANJAIAH,9985697333,0,0,200,0,200
OP10210013871,Mrs. M NAGENDRAMMA,9989259683,1800,0,0,0,1800
OP10210013870,Mrs. M RANGAMMA,8341208523,0,0,3400,0,3400
OP10210013877,Mr. M V RAMESH BABU,9492670668,0,0,2500,0,2500
OP10210013878,Mr. G VENKATA SUBBA  RAO,9160316688,0,0,2750,0,2750
OP10210013879,Mr. D KOTESWAR RAO,9885533927,2800,0,0,0,2800
OP10210013885,Mrs. D SAILAJA,9885631202,0,0,700,0,700
OP10210013869,Mrs. D SAILAJA,9885631202,0,0,1000,0,1000
OP10210013890,Mr. R SIVA PRASAD,9347599256,0,0,700,0,700
OP10210013889,Mr. B GANGADHAR REDDY,9666210567,800,0,0,0,800
OP10210013903,Mr. T SRINIVASA REDDY,9666945348,1920,0,0,0,1920
OP10210013911,Mr. M ANJANEYULU,9666249371,3150,0,0,0,3150
OP10210013913,Mrs. G VARA LAKSHMI,9492647939,0,0,2350,0,2350
OP10210013917,Mr. SK ABDUL KALAM,6305349738,700,0,0,0,700
OP10210013918,Master. E SHAMUKESWAR REDDY,9885248303,700,0,0,0,700
OP10210013924,Mrs. K SUMALATHA,9573951410,0,0,2695,0,2695
OP10210013920,Mr. B SHANKAR REDDY,9848491690,3550,0,0,0,3550
OP10210013936,Mrs. K RAMA DEVI,9618145912,0,0,7692,0,7692
OP10210013937,Mr. M DAMODARA RAO,9848668999,0,0,2100,0,2100
OP10210013939,Mr. CH RAVI SHANKAR,9490057531,0,0,400,0,400
OP10210013938,Mrs. B BALA,9912399357,0,0,2400,0,2400
OP10210013941,Ms. B SRAVYA,9032873832,0,0,700,0,700
OP10210013946,Mr. T HARSHA VARDHAN,9533757218,0,0,3350,0,3350
OP10210013944,Ms. G NAVYA SREE,9000923397,2350,0,0,0,2350
OP10210013943,Ms. G KAVYA SREE,9000923397,2350,0,0,0,2350
OP10210013950,Mr. N SIVA RAMBABU,9063452919,0,0,2950,0,2950
OP10210013954,Mrs. G MARIYAMMA,9848757979,0,0,2250,0,2250
OP10210013947,Mr. SK IRFAN,6301152079,3150,0,0,0,3150
OP10210013961,Mr. SK MUZER AHMADH,9177152926,0,0,2400,0,2400
OP10210013973,Mr. D SURESH,9966903847,0,0,3300,0,3300
OP10210013974,Mr. SK GOUSE,9440039612,700,0,0,0,700
OP10210013976,Mr. G KRISHNA REDDY,8431613806,0,0,3450,0,3450
OP10210013978,Mr. Y ESWAR,9849413921,0,0,3080,0,3080
OP10210013983,Mrs. M KAMALA KUMARI,9912527819,0,0,2250,0,2250
OP10210013989,Mr. K HEMA KUMAR,9704772150,2200,0,0,0,2200
OP10210013991,Mr. M RAMA KRISHNA,9441711114,200,0,0,0,200
OP10210013986,Mrs. M YEMALAMMA,9885581807,3450,0,0,0,3450
OP10210013987,Mr. TIRUMALA REDDY J,9246909009,2600,0,0,0,2600
OP10210013985,Mrs. P SAI LAKSHMI,9059067560,0,0,2250,0,2250
OP10210013995,Mr. K CHALAPATHI RAO,9966599108,3850,0,0,0,3850
OP10210014001,Mr. K ANJINEYULU,6302747989,4050,0,2000,0,6050
OP10210014004,Mrs. N ANJALI DEVI,8106909399,700,0,0,0,700
OP10210014010,Ms. M PADMAVATHI,9703880846,0,0,2800,0,2800
OP10210014011,Mr. CH RAVI SHANKAR,9490057531,0,0,500,0,500
OP10210014014,Mr. VENKATESWARLU M,9441417367,2900,0,0,0,2900
OP10210014013,Mr. M SAMBA SIVA RAO,9849955224,3200,0,0,0,3200
OP10210014021,Ms. S KEERTHI,9573418146,0,0,1900,0,1900
OP10210014022,Mrs. B VIJAYA,6281737107,2150,0,0,0,2150
OP10210014015,Mr. D NARAPA REDDY,9666870666,4360,0,0,0,4360
OP10210014023,Mr. B VEERAIAH,9059619844,2850,0,0,0,2850
OP10210014016,Mr. J ANJI REDDY,9505696365,0,0,2520,0,2520
OP10210014017,Mr. KASI REDDY CH,9494946998,1800,0,0,0,1800
OP10210014025,Mr. A NARASIMHA RAO,9505878906,2560,0,0,0,2560
OP10210014027,Mr. D MAHA LAKSHMI,9666870666,2440,0,0,0,2440
OP10210014026,Mr. M VENKATESWARLU,9676103482,8160,0,0,0,8160
OP10210014029,Mr. L HANUMAIAH,9160836385,2500,0,0,0,2500
OP10210014036,Mr. L RAMA RAO,7095528678,1425,0,0,0,1425
OP10210014060,Mrs. N KAVITHA,6281737107,2750,0,0,0,2750
OP10210014056,Mr. P NARENDRA,9908693985,0,0,1100,0,1100
OP10210014059,Mr. N V REDDY,9666811974,0,0,2950,0,2950
OP10210014061,Mr. B NARASIMHA RAO,9390182143,2400,0,0,0,2400
OP10210014062,Mr. G SURESH,9948716326,2250,0,0,0,2250
OP10210014071,Mrs. P PADMA,9535928932,3550,0,0,0,3550
OP10210014073,Mrs. P VENKATESWARLU,9535928932,1850,0,0,0,1850
OP10210014082,Mr. SK JANI BASHA,8019427135,1500,0,0,0,1500
OP10210014085,Mr. G RATNA KUMAR,6281447374,2850,0,0,0,2850
OP10210014086,Mr. T SIVA ANIL KUMAR,9490188273,0,0,1900,0,1900
OP10210014091,Mr. SK SATHAR,9705963116,3750,0,0,0,3750
OP10210014090,Mrs. L RAJYALAKSHMI,7702739795,2000,0,3560,0,5560
OP10210014094,Mr. G SUBBA RAO,8919492841,4100,0,9500,0,13600
OP10210014093,Mrs. G VARA LAKSHMI,9492647939,0,0,700,0,700
OP10210014096,Mr. K BRAHMA REDDY,7981703972,1800,0,0,0,1800
OP10210014098,Ms. P LAKSHMI JYOTHIKA,9951089358,2450,0,0,0,2450
OP10210014102,Mr. A SIVA NAGESWAR RAO,9059770033,0,0,2250,0,2250
OP10210014104,Ms. J PUJA VYSHNAVI,8688240690,1505,0,0,0,1505
OP10210014105,Mr. G RAMU,9949491876,11750,0,0,0,11750
OP10210014110,Ms. K VINEELA,8096371319,5500,0,0,0,5500
OP10210014112,Mr. B SUDHAKAR ,9553122016,0,0,2900,0,2900
OP10210014117,Ms. R BHANU,9948394052,2600,0,0,0,2600
OP10210014118,Mr. K NAGI REDDY,9490885129,3750,0,0,0,3750
OP10210014121,Mr. B VEERAIAH,9059619844,800,0,0,0,800
OP10210014120,Mr. SK SOHEL,8019600786,0,0,3015,0,3015
OP10210014122,Ms. B SAMYUKTHA,8309280247,0,0,2800,0,2800
OP10210014123,Mr. D SIVA KESAVA,8341385654,0,0,3450,0,3450
OP10210014127,Mrs. K MOUNIKA,8333971437,0,0,2650,0,2650
OP10210014129,Mr. CH RAVI SHANKAR,9490057531,400,0,0,0,400
OP10210014132,Mrs. P HYMAVATHI,9866570850,2450,0,0,0,2450
OP10210014135,Mrs. V KAVITHA,9010172883,0,0,1750,0,1750
OP10210014136,Mr. Y SRINIVAS REDDY ,8500588375,0,0,9400,0,9400
OP10210014140,Mrs. K SRIVANI ALIAS RANGAMMA,8985299343,0,0,2700,0,2700
OP10210014133,Mr. K ANJANEYA PRASAD,9490768090,0,0,2000,0,2000
OP10210014138,Baby. MD HAMZA,8317589118,250,0,0,0,250
OP10210014146,Mrs. P NAGA LAKSHMI,8790034286,2950,0,0,0,2950
OP10210014148,Mr. G BHANU KUMAR,9666938194,1550,0,1500,0,3050
OP10210014130,Mr. B VENKAT RAO,9502963271,4300,0,0,0,4300
OP10210014144,Mr. B RAYANNA,7386214125,11500,0,6450,0,17950
OP10210014152,Mr. K VENKATESWARLU,9959754118,1550,0,0,0,1550
OP10210014151,Mr. R P VENKAIAH,8106992795,0,0,2950,0,2950
OP10210014158,Mr. T GURAVA REDDY ,9440263227,0,0,2250,0,2250
OP10210014187,Mr. M KARTHIK,9703405065,3000,0,0,0,3000
OP10210014190,Mr. M KARTHIK,9703405065,700,0,0,0,700
OP10210014188,Mrs. P DHANA LAKSHMI,9347581929,490,0,0,0,490
OP10210014191,Mrs. P VIJAYA LAKSHMI,7337302284,2600,0,0,0,2600
OP10210014192,Mr. N SAMBA SIVA RAO,9948291181,2400,0,0,0,2400
OP10210014200,Mrs. N PRATHIBHA RANI,8374287116,0,0,900,0,900
OP10210014206,Mr. D DEVUDU,8897454442,2400,0,0,0,2400
OP10210014203,Mr. G VENKATA SUBBA  RAO,9160316688,0,0,100,0,100
OP10210014208,Mr. V MALLIKARJUNA RAO,9676328726,2250,0,0,0,2250
OP10210014201,Mr. B KOTI REDDY,6302641463,2000,0,0,0,2000
OP10210014212,Mr. L NAGESWAR REDDY,9490342736,1100,0,0,0,1100
OP10210014218,Mr. A HASSAN ,9052637415,8400,0,0,0,8400
OP10210014219,Mr. K DESI NAIK ,9618342494,2250,0,0,0,2250
OP10210014221,Mrs. K NAGA MALLESWARI,9553300059,0,0,2560,0,2560
OP10210014222,Mr. M ANJANEYULU,9866256242,0,0,1900,0,1900
OP10210014214,Mr. T SATHI REDDY,9849891999,4950,0,0,0,4950
OP10210014225,Mr. T VENKATESWARLU REDDY,9491704379,1650,0,0,0,1650
OP10210014230,Mr. L SANKAR REDDY,9908446651,0,0,4800,0,4800
OP10210014235,Ms. B SATWIKA,9704077328,2150,0,0,0,2150
OP10210014236,Mr. A VARA KUMAR,8074895421,0,0,1000,0,1000
OP10210014238,Mr. M LAKSHMI MANOHAR,9705539253,0,0,3250,0,3250
OP10210014239,Mr. J SESHI REDDY,9010363695,700,0,0,0,700
OP10210014243,Ms. G NAGA AKSHARA,9948286780,0,0,2150,0,2150
OP10210014244,Mr. S PUNNAIAH,9014059553,0,0,4550,0,4550
OP10210014252,Mr. P KRUPA RAO,9963234369,0,0,1800,0,1800
OP10210014248,Mrs. PATAN AKHILA,8712348557,2025,0,0,0,2025
OP10210014246,Mr. K PULLAIAH,7730075006,2600,0,0,0,2600
OP10210014247,Mrs. K RAJYALAKSHMI,7330075006,2850,0,0,0,2850
OP10210014256,Mr. B CHANDRA REDDY,9398560021,1100,0,0,0,1100
OP10210014258,Mr. SHAIK KARIMULLA,9666190204,3690,0,0,0,3690
OP10210014260,Mr. B  NAVEEN KUMAR REDDY,8801842999,3500,0,1000,0,4500
OP10210014268,Mr. CH VENKATESWARLU,6309169329,200,0,0,0,200
OP10210014269,Mrs. K RAMADEVI,9705234366,3000,0,0,0,3000
OP10210014274,Mrs. A THIRUPATHI LAKSHMI,7989247306,700,0,0,0,700
OP10210014296,Mr. P KHADAR VALI,9949947984,0,0,600,0,600
OP10210014301,Mrs. C JYOTHI PRIYA,7036377799,3200,0,0,0,3200
OP10210014303,Mrs. V NAGENDRAMMA,7382789837,2850,0,0,0,2850
OP10210014304,Mr. M GOPI,9948311061,0,0,3550,0,3550
OP10210014306,Mrs. M ANJANI DEVI,9908603662,0,0,3600,0,3600
OP10210014307,Mr. K KOTESWAR RAO,8125679988,0,0,1800,0,1800
OP10210014309,Mrs. N DHANA LAKSHMI,9963174583,2280,0,0,0,2280
OP10210014300,Mr. T VENKATESWARLU,9849792052,2000,0,0,0,2000
OP10210014321,Mrs. CH PADMAVATHI,7993486049,2050,0,0,0,2050
OP10210014328,Mr. P SUDHAKAR VARMA,9492710609,0,0,3700,0,3700
OP10210014333,Mrs. S SAILAJA,7799057858,1800,0,0,0,1800
OP10210014335,Mr. D SIVA NAGULU,9182056751,0,0,1550,0,1550
OP10210014332,Mrs. J VIJAYA LAKSHMI,9133869907,0,0,3550,0,3550
OP10210014343,Ms. G PRIYA HASINI,6300139482,0,0,2950,0,2950
OP10210014351,Mr. K V N D PRASAD,8106529802,0,0,2450,0,2450
OP10210014350,Master. G KARTHIK,9701847030,0,0,1900,0,1900
OP10210014352,Mr. K SAMBA SIVA RAO,9701141084,0,0,4050,0,4050
OP10210014353,Mr. K ANANDA BABU,9177785503,2950,0,0,0,2950
OP10210014354,Mr. S PAPI REDDY,8121219291,0,0,1400,0,1400
OP10210014360,Mr. D SIDDAIAH,9701998892,0,0,3950,0,3950
OP10210014368,Mr. U SRINIVASA RAO,9963489003,1300,0,650,0,1950
OP10210014369,Mr. G RATNA KUMAR,6281447374,2050,0,0,0,2050
OP10210014372,Master. K KOTESWARA RAO,7036676432,2400,0,0,0,2400
OP10210014374,Mrs. K VIJAYA LAKSHMI,9014624611,2550,0,0,0,2550
OP10210014377,Mrs. V ANNAPURNAMMA,9642994111,0,0,8720,0,8720
OP10210014381,Mr. R RAVI KUMAR,9121563902,0,0,4050,0,4050
OP10210014382,Ms. M PADMAVATHI,9703880846,2400,0,0,0,2400
OP10210014387,Mr. P KIRAN REDDY,9908986737,0,0,2750,0,2750
OP10210014375,Mr. M CHOWDARY,9603037734,0,0,1150,0,1150
OP10210014384,Ms. K VINEELA,8096371319,3700,0,0,0,3700
OP10210014396,Mr. D THIRUMULA RAO,9959446512,3650,0,0,0,3650