Date,MR Number,Patient Reg.No,Patient Name,Gender,Age,Phone,Doctor Name,Invoice No,Investigations,Ref Amount,Total Amount,Discount,Due Discount,BillAmount ,PaidAmount,Due Amount,Pay Mode,User Name,Referral Type,Referral Doctor
01-04-2025,MR10210002532,OP10210004070,Mr. P ADILAKSHMI,Male,45Y,9603678733,Dr. SIDDHARTH REDDY  ALLA,OPRInv1021-202541184,ENDOSCOPY,,3300,0,0,3300,3300,0,Cash,NAGUR VALI  SHAIK,,
01-04-2025,MR10210002528,OP10210004071,Mr. B BALENDRA SHARMA  ,Male,30Y,8973662669,Dr. SIDDHARTH REDDY  ALLA,OPRInv1021-202541185,ENDOSCOPY,,3300,1000,0,2300,2300,0,UPI - PhonePe,Siddhartha Reddy ,Walk-In,Walk-In
01-04-2025,MR10210002530,OP10210004067,Mr. M PRADEEP REDDY  ,Male,42Y,7799224009,Dr. SIDDHARTH REDDY  ALLA,OPRInv1021-202541186,RUT,,500,0,0,500,500,0,Cash,NAGUR VALI  SHAIK,Walk-In,Walk-In
01-04-2025,MR10210002530,OP10210004067,Mr. M PRADEEP REDDY  ,Male,42Y,7799224009,Dr. SIDDHARTH REDDY  ALLA,OPRInv1021-202541187,ENDOSCOPY,,3300,500,0,2800,2800,0,Cash,NAGUR VALI  SHAIK,Walk-In,Walk-In
01-04-2025,MR10210002536,OP10210004076,Mr. SD SANAULLA,Male,60Y,9390511055,Dr. SIDDHARTH REDDY  ALLA,OPRInv1021-202541188,BIOPSY SMALL,,1000,0,0,1000,1000,0,Cash,NAGUR VALI  SHAIK,,
01-04-2025,MR10210002537,OP10210004077,Mr. SD SANAULLA,Male,60Y,9390511055,Dr. SIDDHARTH REDDY  ALLA,OPRInv1021-202541189,ENDOSCOPY,,3300,0,0,3300,3300,0,Cash,NAGUR VALI  SHAIK,,
01-04-2025,MR10210002418,OP10210004073,Mr. U VENKATESH  ,Male,31Y,7207410880,Dr. SIDDHARTH REDDY  ALLA,OPRInv1021-202541190,"ANESTHETIA SGA, Co2 CHARGES FOR PROCEDURE, O2 CHARGES FOR PROCEDURE, PNEUMATIC DILATATION",,28500,0,0,28500,28500,0,Cash,NAGUR VALI  SHAIK,Walk-In,Walk-In
02-04-2025,MR10210002540,OP10210004088,Mr. KOTI REDDY K,Male,54Y,9849370074,Dr. SIDDHARTH REDDY  ALLA,OPRInv1021-202542191,ENDOSCOPY,,3300,0,0,3300,3300,0,UPI - PhonePe,NAGUR VALI  SHAIK,,
02-04-2025,MR10210002543,OP10210004094,Mr. KOTI REDDY K,Male,54Y,9849370074,Dr. SIDDHARTH REDDY  ALLA,OPRInv1021-202542192,BIOPSY SMALL,,1000,0,0,1000,1000,0,UPI - PhonePe,NAGUR VALI  SHAIK,,
02-04-2025,MR10210002548,OP10210004102,Mrs. A RANI KUMAR,Female,65Y,9390567588,Dr. SIDDHARTH REDDY  ALLA,OPRInv1021-202542193,ERCP,,35000,0,0,35000,35000,0,Cash,NAGUR VALI  SHAIK,,
03-04-2025,MR10210002491,OP10210004105,Mr. B KOTESWARA RAO  ,Male,64Y,9963667455,Dr. SIDDHARTH REDDY  ALLA,OPRInv1021-202543194,"BIOPSY SMALL, ENDOSCOPY",,4300,0,0,4300,4300,0,Cash,NAGUR VALI  SHAIK,Walk-In,Walk-In
03-04-2025,MR10210002550,OP10210004109,Mr. VENKATA SAI MAHESH BABU PUVVADI,Male,36Y,9491704701,Dr. SIDDHARTH REDDY  ALLA,OPRInv1021-202543195,"ANESTHETIA UNDER GA, ERCP",,40000,0,0,40000,40000,0,UPI - PhonePe,NAGUR VALI  SHAIK,,
03-04-2025,MR10210001922,OP10210004111,Mrs. D MARTHAMMA  ,Female,55Y,8185820520,Dr. SIDDHARTH REDDY  ALLA,OPRInv1021-202543196,COLONOSCOPY,,6300,0,0,6300,6300,0,Cash,NAGUR VALI  SHAIK,Walk-In,Walk-In
03-04-2025,MR10210002551,OP10210004113,Mrs. VENKATA SOUNDARYAVATHI I,Female,45Y,9381898069,Dr. SIDDHARTH REDDY  ALLA,OPRInv1021-202543197,ENDOSCOPY,,3300,0,0,3300,3300,0,UPI - PhonePe,NAGUR VALI  SHAIK,,
03-04-2025,MR10210002552,OP10210004114,Mrs. PUNAMMA M,Female,47Y,8790739089,Dr. SIDDHARTH REDDY  ALLA,OPRInv1021-202543198,ENDOSCOPY,,3300,0,0,3300,3300,0,Cash,NAGUR VALI  SHAIK,,
03-04-2025,MR10210002557,OP10210004121,Mrs.  BHAVANI S,Female,35Y,9912098692,Dr. SIDDHARTH REDDY  ALLA,OPRInv1021-202543199,ENDOSCOPY,,3300,0,0,3300,3300,0,UPI - PhonePe,NAGUR VALI  SHAIK,,
03-04-2025,MR10210002558,OP10210004122,Mrs. PUNAMMA M,Female,47Y,8790739089,Dr. SIDDHARTH REDDY  ALLA,OPRInv1021-202543200,RUT,,500,0,0,500,500,0,Cash,NAGUR VALI  SHAIK,,
04-04-2025,MR10210002562,OP10210004135,Mrs. MARY G,Female,56Y,9866141429,Dr. SIDDHARTH REDDY  ALLA,OPRInv1021-202544201,BIOPSY SMALL,,1000,0,0,1000,1000,0,Cash,NAGUR VALI  SHAIK,,
04-04-2025,MR10210002563,OP10210004136,Mrs. DURGA G,Female,48Y,9381796616,Dr. SIDDHARTH REDDY  ALLA,OPRInv1021-202544202,RUT,,500,0,0,500,500,0,Cash,NAGUR VALI  SHAIK,,
04-04-2025,MR10210002564,OP10210004137,Mrs. DURGA G,Female,48Y,9381796616,Dr. SIDDHARTH REDDY  ALLA,OPRInv1021-202544203,ENDOSCOPY,,3300,0,0,3300,3300,0,Cash,NAGUR VALI  SHAIK,,
04-04-2025,MR10210002565,OP10210004138,Mrs. MARY G,Female,56Y,9866141429,Dr. SIDDHARTH REDDY  ALLA,OPRInv1021-202544204,ENDOSCOPY,,3300,0,0,3300,3300,0,Cash,NAGUR VALI  SHAIK,,
05-04-2025,MR10210002569,OP10210004149,Mrs. G N PRANATHI  ,Female,22Y,9963841374,Dr. SIDDHARTH REDDY  ALLA,OPRInv1021-202545205,ENDOSCOPY,,3300,500,0,2800,2800,0,UPI - PhonePe,NAGUR VALI  SHAIK,Walk-In,Walk-In
05-04-2025,MR10210002568,OP10210004147,Mrs. K RAMA DEVI  ,Female,48Y,9398486115,Dr. SIDDHARTH REDDY  ALLA,OPRInv1021-202545206,ENDOSCOPY,,3300,500,0,2800,2800,0,Cash,NAGUR VALI  SHAIK,Walk-In,Walk-In
05-04-2025,MR10210002570,OP10210004153,Mr. B BALA MURALI KRISHNA  ,Male,27Y,7673917318,Dr. SIDDHARTH REDDY  ALLA,OPRInv1021-202545207,ENDOSCOPY,,3300,0,0,3300,3300,0,UPI - PhonePe,NAGUR VALI  SHAIK,Walk-In,Walk-In
05-04-2025,MR10210002570,OP10210004153,Mr. B BALA MURALI KRISHNA  ,Male,27Y,7673917318,Dr. SIDDHARTH REDDY  ALLA,OPRInv1021-202545208,RUT,,500,0,0,500,500,0,Cash,NAGUR VALI  SHAIK,Walk-In,Walk-In
07-04-2025,MR10210002578,OP10210004169,Mrs.  DHANALAKSHMI P,Female,68Y,8977130546,Dr. SIDDHARTH REDDY  ALLA,OPRInv1021-202547209,"ANESTHETIA SGA, Co2 CHARGES FOR PROCEDURE, COLONOSCOPY, O2 CHARGES FOR PROCEDURE",,9800,0,0,9800,9800,0,Cash,NAGUR VALI  SHAIK,,
07-04-2025,MR10210002574,OP10210004164,Mrs. B SIVA PRIYA  ,Female,22Y,8688722128,Dr. SIDDHARTH REDDY  ALLA,OPRInv1021-202547210,ENDOSCOPY,,3300,0,0,3300,3300,0,Cash,NAGUR VALI  SHAIK,Walk-In,Walk-In
07-04-2025,MR10210002576,OP10210004166,Mr. L PRABHAKAR RAO  ,Male,68Y,9701772668,Dr. SIDDHARTH REDDY  ALLA,OPRInv1021-202547211,ENDOSCOPY,,3300,0,0,3300,3300,0,Cash,NAGUR VALI  SHAIK,Walk-In,Walk-In
07-04-2025,MR10210002576,OP10210004166,Mr. L PRABHAKAR RAO  ,Male,68Y,9701772668,Dr. SIDDHARTH REDDY  ALLA,OPRInv1021-202547212,RUT,,500,0,0,500,500,0,Cash,NAGUR VALI  SHAIK,Walk-In,Walk-In
07-04-2025,MR10210002583,OP10210004175,Mr. NARASIMHA RAO CH,Male,28Y,9063631389,Dr. SIDDHARTH REDDY  ALLA,OPRInv1021-202547213,ENDOSCOPY,,3300,0,0,3300,3300,0,UPI - PhonePe,NAGUR VALI  SHAIK,,
07-04-2025,MR10210002574,OP10210004164,Mrs. B SIVA PRIYA  ,Female,22Y,8688722128,Dr. SIDDHARTH REDDY  ALLA,OPRInv1021-202547214,RUT,,500,0,0,500,500,0,Cash,NAGUR VALI  SHAIK,Walk-In,Walk-In
07-04-2025,MR10210002584,OP10210004177,Mr. NARASIMHA RAO CH,Male,28Y,9063631389,Dr. SIDDHARTH REDDY  ALLA,OPRInv1021-202547215,RUT,,500,0,0,500,500,0,UPI - PhonePe,NAGUR VALI  SHAIK,,
07-04-2025,MR10210002585,OP10210004178,Mrs. M TRIVENI,Female,16Y,6300195836,Dr. SIDDHARTH REDDY  ALLA,OPRInv1021-202547216,ENDOSCOPY,,3300,0,0,3300,3300,0,Cash,NAGUR VALI  SHAIK,,
07-04-2025,MR10210002586,OP10210004179,Mrs. KOTI ANJAMMA,Female,51Y,9959106346,Dr. SIDDHARTH REDDY  ALLA,OPRInv1021-202547217,ENDOSCOPY,,3300,0,0,3300,3300,0,Cash,NAGUR VALI  SHAIK,,
07-04-2025,MR10210002587,OP10210004180,Mrs. KOTI ANJAMMA,Female,51Y,9959106346,Dr. SIDDHARTH REDDY  ALLA,OPRInv1021-202547218,RUT,,500,0,0,500,500,0,Cash,NAGUR VALI  SHAIK,,
08-04-2025,MR10210002589,OP10210004182,Mrs. P ANANTHA LAKSHMI,Female,34Y,7396316002,Dr. SIDDHARTH REDDY  ALLA,OPRInv1021-202548219,"ANESTHETIA SGA, Co2 CHARGES FOR PROCEDURE, O2 CHARGES FOR PROCEDURE, SG DILATATION",,18500,0,0,18500,18500,0,UPI - PhonePe,NAGUR VALI  SHAIK,Walk-In,Walk-In
09-04-2025,MR10210002588,OP10210004186,Mr. ch NARASIMHA MURTHY,Male,59Y,9963824427,Dr. SIDDHARTH REDDY  ALLA,OPRInv1021-202549220,ENDOSCOPY,,3300,500,0,2800,2800,0,UPI - PhonePe,NAGUR VALI  SHAIK,Walk-In,Walk-In
09-04-2025,MR10210002590,OP10210004185,Mr. G CHINNA PAPARAO  ,Male,48Y,9676638359,Dr. SIDDHARTH REDDY  ALLA,OPRInv1021-202549221,RUT,,500,0,0,500,500,0,Cash,NAGUR VALI  SHAIK,Walk-In,Walk-In
09-04-2025,MR10210002590,OP10210004185,Mr. G CHINNA PAPARAO  ,Male,48Y,9676638359,Dr. SIDDHARTH REDDY  ALLA,OPRInv1021-202549222,ENDOSCOPY,,3300,0,0,3300,3300,0,Cash,NAGUR VALI  SHAIK,Walk-In,Walk-In
09-04-2025,MR10210002592,OP10210004192,Mr. K KRISHNA PRASAD,Male,71Y,9885054098,Dr. SIDDHARTH REDDY  ALLA,OPRInv1021-202549223,"ANESTHETIA SGA, Co2 CHARGES FOR PROCEDURE, COLONOSCOPY, ENDOSCOPY, O2 CHARGES FOR PROCEDURE",,13100,0,0,13100,13100,0,UPI - PhonePe,NAGUR VALI  SHAIK,,
09-04-2025,MR10210001864,OP10210004191,Mrs. K PADMAVATHI  ,Female,40Y,9849845670,Dr. SIDDHARTH REDDY  ALLA,OPRInv1021-202549224,SG DILATATION,,15000,5000,0,10000,10000,0,UPI - PhonePe,Siddhartha Reddy ,Walk-In,Walk-In
09-04-2025,MR10210002593,OP10210004193,Mr. K KRISHNA PRASAD,Male,71Y,9885054098,Dr. SIDDHARTH REDDY  ALLA,OPRInv1021-202549225,"BIOPSY SMALL, RUT",,1500,0,0,1500,1500,0,Cash,NAGUR VALI  SHAIK,,
10-04-2025,MR10210002594,OP10210004194,Mr. KALIDASU V,Male,30Y,9100314340,Dr. SIDDHARTH REDDY  ALLA,OPRInv1021-2025410226,ENDOSCOPY,,3300,0,0,3300,3300,0,Cash,NAGUR VALI  SHAIK,Walk-In,Walk-In
10-04-2025,MR10210002597,OP10210004201,Mr. U SIVA KISHORE,Male,34Y,9701996107,Dr. SIDDHARTH REDDY  ALLA,OPRInv1021-2025410227,ENDOSCOPY,,3300,0,0,3300,3300,0,Cash,NAGUR VALI  SHAIK,,
10-04-2025,MR10210002594,OP10210004194,Mr. KALIDASU V,Male,30Y,9100314340,Dr. SIDDHARTH REDDY  ALLA,OPRInv1021-2025410228,RUT,,500,0,0,500,500,0,UPI - PhonePe,NAGUR VALI  SHAIK,Walk-In,Walk-In
10-04-2025,MR10210002598,OP10210004204,Mrs. MARIYAMMA D,Female,45Y,8500224879,Dr. SIDDHARTH REDDY  ALLA,OPRInv1021-2025410229,ENDOSCOPY,,3300,0,0,3300,3300,0,Cash,NAGUR VALI  SHAIK,,
11-04-2025,MR10210002595,OP10210004207,Mr. A PAMULA REDDY  ,Male,59Y,8500717856,Dr. SIDDHARTH REDDY  ALLA,OPRInv1021-2025411230,ENDOSCOPY,,3300,0,0,3300,3300,0,Cash,NAGUR VALI  SHAIK,Walk-In,Walk-In
11-04-2025,MR10210002599,OP10210004209,Mr. GJAYARAJU  ,Male,48Y,7095074344,Dr. SIDDHARTH REDDY  ALLA,OPRInv1021-2025411231,ENDOSCOPY,,3300,0,0,3300,3300,0,Cash,NAGUR VALI  SHAIK,Walk-In,Walk-In
11-04-2025,MR10210002600,OP10210004210,Mrs. T SAMRAJYAM,Female,60Y,9912842858,Dr. SIDDHARTH REDDY  ALLA,OPRInv1021-2025411232,ENDOSCOPY,,3300,0,0,3300,3300,0,Cash,NAGUR VALI  SHAIK,Walk-In,Walk-In
11-04-2025,MR10210002602,OP10210004213,Mrs. K ANJAMMA,Female,58Y,9492689767,Dr. SIDDHARTH REDDY  ALLA,OPRInv1021-2025411233,ENDOSCOPY,,3300,0,0,3300,3300,0,UPI - PhonePe,NAGUR VALI  SHAIK,,
11-04-2025,MR10210002600,OP10210004210,Mrs. T SAMRAJYAM,Female,60Y,9912842858,Dr. SIDDHARTH REDDY  ALLA,OPRInv1021-2025411234,RUT,,500,0,0,500,500,0,Cash,NAGUR VALI  SHAIK,Walk-In,Walk-In
11-04-2025,MR10210002604,OP10210004216,Mrs. K ANJAMMA,Female,58Y,9492689767,Dr. SIDDHARTH REDDY  ALLA,OPRInv1021-2025411235,RUT,,500,0,0,500,500,0,UPI - PhonePe,NAGUR VALI  SHAIK,,
11-04-2025,MR10210002599,OP10210004209,Mr. GJAYARAJU  ,Male,48Y,7095074344,Dr. SIDDHARTH REDDY  ALLA,OPRInv1021-2025411236,RUT,,500,0,0,500,500,0,Cash,NAGUR VALI  SHAIK,Walk-In,Walk-In
11-04-2025,MR10210002603,OP10210004214,Mrs. SK MAHIMUN,Female,65Y,9059893444,Dr. SIDDHARTH REDDY  ALLA,OPRInv1021-2025411237,"ANESTHETIA SGA, Co2 CHARGES FOR PROCEDURE, COLONOSCOPY, O2 CHARGES FOR PROCEDURE",,9800,0,0,9800,9800,0,UPI - PhonePe,NAGUR VALI  SHAIK,Walk-In,Walk-In
12-04-2025,MR10210002476,OP10210004221,Mr. BHAVYA SRI V,Male,17Y,9246282555,Dr. SIDDHARTH REDDY  ALLA,OPRInv1021-2025412238,ENDOSCOPY,,3300,0,0,3300,3300,0,Cash,NAGUR VALI  SHAIK,Walk-In,Walk-In
12-04-2025,MR10210000798,OP10210004220,Mr. B YALAMANDHA  ,Male,52Y,9640398881,Dr. SIDDHARTH REDDY  ALLA,OPRInv1021-2025412239,ENDOSCOPY,,3300,0,0,3300,3300,0,Cash,NAGUR VALI  SHAIK,Walk-In,Walk-In
12-04-2025,MR10210000798,OP10210004220,Mr. B YALAMANDHA  ,Male,52Y,9640398881,Dr. SIDDHARTH REDDY  ALLA,OPRInv1021-2025412240,RUT,,500,0,0,500,500,0,Cash,NAGUR VALI  SHAIK,Walk-In,Walk-In
14-04-2025,MR10210002613,OP10210004236,Mrs. K RATNA KUMARI  ,Female,65Y,9441489993,Dr. SIDDHARTH REDDY  ALLA,OPRInv1021-2025414241,ENDOSCOPY,,3300,0,0,3300,3300,0,Cash,NAGUR VALI  SHAIK,Walk-In,Walk-In
14-04-2025,MR10210002512,OP10210004243,Mrs. K Lakshmi  ,Female,40Y,7799100767,Dr. SIDDHARTH REDDY  ALLA,OPRInv1021-2025414242,"ENDOSCOPY, RUT",,3800,0,0,3800,3800,0,Cash,NAGUR VALI  SHAIK,Walk-In,Walk-In
14-04-2025,MR10210002613,OP10210004236,Mrs. K RATNA KUMARI  ,Female,65Y,9441489993,Dr. SIDDHARTH REDDY  ALLA,OPRInv1021-2025414243,RUT,,500,0,0,500,500,0,Cash,NAGUR VALI  SHAIK,Walk-In,Walk-In
14-04-2025,MR10210002618,OP10210004247,Mrs. Y POOJA  ,Female,42Y,9848966847,Dr. SIDDHARTH REDDY  ALLA,OPRInv1021-2025414244,ENDOSCOPY,,3300,0,0,3300,3300,0,Cash,NAGUR VALI  SHAIK,Walk-In,Walk-In
14-04-2025,MR10210002618,OP10210004247,Mrs. Y POOJA  ,Female,42Y,9848966847,Dr. SIDDHARTH REDDY  ALLA,OPRInv1021-2025414245,RUT,,500,0,0,500,500,0,Cash,NAGUR VALI  SHAIK,Walk-In,Walk-In
15-04-2025,MR10210002623,OP10210004259,Mr. V SURESH   ,Male,48Y,8519947429,Dr. SIDDHARTH REDDY  ALLA,OPRInv1021-2025415246,ENDOSCOPY,,3300,500,0,2800,2800,0,Cash,NAGUR VALI  SHAIK,Walk-In,Walk-In
15-04-2025,MR10210002631,OP10210004272,Mrs.  VENKATA RAMANA P,Female,55Y,9573382613,Dr. SIDDHARTH REDDY  ALLA,OPRInv1021-2025415248,ENDOSCOPY,,3300,0,0,3300,3300,0,Cash,NAGUR VALI  SHAIK,,
15-04-2025,MR10210002626,OP10210004266,Mrs. A SIVA NAGESWARAMMA  ,Female,39Y,9885091905,Dr. SIDDHARTH REDDY  ALLA,OPRInv1021-2025415249,ENDOSCOPY,,3300,0,0,3300,3300,0,Cash,NAGUR VALI  SHAIK,Walk-In,Walk-In
15-04-2025,MR10210002626,OP10210004266,Mrs. A SIVA NAGESWARAMMA  ,Female,39Y,9885091905,Dr. SIDDHARTH REDDY  ALLA,OPRInv1021-2025415250,RUT,,500,0,0,500,500,0,Cash,NAGUR VALI  SHAIK,Walk-In,Walk-In
16-04-2025,MR10210002633,OP10210004274,Mr. K SRINIVASA MURTHY,Male,52Y,9959796175,Dr. SIDDHARTH REDDY  ALLA,OPRInv1021-2025416251,"BIOPSY SMALL, ENDOSCOPY",,4300,0,0,4300,4300,0,UPI - PhonePe,NAGUR VALI  SHAIK,Walk-In,Walk-In
16-04-2025,MR10210002637,OP10210004283,Mrs. SIVA RAJA LAKSHMI C,Female,60Y,9030110009,Dr. SIDDHARTH REDDY  ALLA,OPRInv1021-2025416252,"ANESTHETIA SGA, Co2 CHARGES FOR PROCEDURE, COLONOSCOPY, O2 CHARGES FOR PROCEDURE",,9800,0,0,9800,9800,0,UPI - PhonePe,NAGUR VALI  SHAIK,,
16-04-2025,MR10210002638,OP10210004284,Mrs. SIVA RAJA LAKSHMI C,Female,60Y,9030110009,Dr. SIDDHARTH REDDY  ALLA,OPRInv1021-2025416253,BIOPSY SMALL,,1000,0,0,1000,1000,0,Cash,NAGUR VALI  SHAIK,,
16-04-2025,MR10210002634,OP10210004275,Mrs. Y SEETHA RAMULU  ,Female,58Y,9502981438,Dr. SIDDHARTH REDDY  ALLA,OPRInv1021-2025416254,"ANESTHETIA SGA, Co2 CHARGES FOR PROCEDURE, COLONOSCOPY, O2 CHARGES FOR PROCEDURE",,9800,0,0,9800,9800,0,UPI - PhonePe,NAGUR VALI  SHAIK,Walk-In,Walk-In
16-04-2025,MR10210002634,OP10210004275,Mrs. Y SEETHA RAMULU  ,Female,58Y,9502981438,Dr. SIDDHARTH REDDY  ALLA,OPRInv1021-2025416256,BIOPSY SMALL,,1000,0,0,1000,1000,0,UPI - PhonePe,NAGUR VALI  SHAIK,Walk-In,Walk-In
17-04-2025,MR10210002646,OP10210004301,Mrs. P K SANDHYA  ,Female,36Y,9441331494,Dr. SIDDHARTH REDDY  ALLA,OPRInv1021-2025417257,ENDOSCOPY,,3300,0,0,3300,3300,0,Cash,NAGUR VALI  SHAIK,Walk-In,Walk-In
17-04-2025,MR10210001211,OP10210004286,Mr. RANGANAYAKULU P,Male,84Y,7702735763,Dr. SIDDHARTH REDDY  ALLA,OPRInv1021-2025416255,ANESTHETIA UNDER GA,,5000,0,0,5000,5000,0,Cash,NAGUR VALI  SHAIK,Walk-In,Walk-In
17-04-2025,MR10210001211,OP10210004270,Mr. RANGANAYAKULU P,Male,84Y,7702735763,Dr. SIDDHARTH REDDY  ALLA,OPRInv1021-2025415247,ERCP,,35000,0,0,35000,35000,0,Cash,NAGUR VALI  SHAIK,Walk-In,Walk-In
17-04-2025,MR10210002646,OP10210004301,Mrs. P K SANDHYA  ,Female,36Y,9441331494,Dr. SIDDHARTH REDDY  ALLA,OPRInv1021-2025417258,RUT,,500,0,0,500,500,0,Cash,NAGUR VALI  SHAIK,Walk-In,Walk-In
18-04-2025,MR10210002648,OP10210004305,Mr. B H DINESH REDDY  ,Male,39Y,8309301887,Dr. SIDDHARTH REDDY  ALLA,OPRInv1021-2025418259,ENDOSCOPY,,3300,0,0,3300,3300,0,UPI - PhonePe,NAGUR VALI  SHAIK,Walk-In,Walk-In
18-04-2025,MR10210002651,OP10210004311,Mrs. LAKSHMI M,Female,40Y,9100218424,Dr. SIDDHARTH REDDY  ALLA,OPRInv1021-2025418260,ENDOSCOPY,,3300,0,0,3300,3300,0,Cash,NAGUR VALI  SHAIK,,
18-04-2025,MR10210002654,OP10210004321,Mrs. SARAMMA P,Female,40Y,6302164439,Dr. SIDDHARTH REDDY  ALLA,OPRInv1021-2025418261,ENDOSCOPY,,3300,0,0,3300,3300,0,Cash,NAGUR VALI  SHAIK,,
18-04-2025,MR10210002656,OP10210004323,Mr. SRINU G,Male,46Y,8367326991,Dr. SIDDHARTH REDDY  ALLA,OPRInv1021-2025418262,ENDOSCOPY,,3300,0,0,3300,3300,0,Cash,NAGUR VALI  SHAIK,,
18-04-2025,MR10210002657,OP10210004324,Mr. SRINU G,Male,46Y,8367326991,Dr. SIDDHARTH REDDY  ALLA,OPRInv1021-2025418263,RUT,,500,0,0,500,500,0,Cash,NAGUR VALI  SHAIK,,
18-04-2025,MR10210002660,OP10210004328,Mrs. SARAMMA P,Female,40Y,6302164439,Dr. SIDDHARTH REDDY  ALLA,OPRInv1021-2025418264,RUT,,500,0,0,500,500,0,Cash,NAGUR VALI  SHAIK,,
19-04-2025,MR10210002663,OP10210004333,Mrs. G LAKSHMI PAVANI  ,Female,32Y,7013386614,Dr. SIDDHARTH REDDY  ALLA,OPRInv1021-2025419265,ENDOSCOPY,,3300,0,0,3300,3300,0,UPI - PhonePe,NAGUR VALI  SHAIK,Walk-In,Walk-In
19-04-2025,MR10210002663,OP10210004333,Mrs. G LAKSHMI PAVANI  ,Female,32Y,7013386614,Dr. SIDDHARTH REDDY  ALLA,OPRInv1021-2025419266,RUT,,500,0,0,500,500,0,UPI - PhonePe,NAGUR VALI  SHAIK,Walk-In,Walk-In
19-04-2025,MR10210002672,OP10210004350,Mrs. M DHANALAKSHMI  ,Female,45Y,9398062878,Dr. SIDDHARTH REDDY  ALLA,OPRInv1021-2025419267,ENDOSCOPY,,3300,0,0,3300,3300,0,Cash,NAGUR VALI  SHAIK,Walk-In,Walk-In
19-04-2025,MR10210002670,OP10210004347,Mrs. K PAMULAMMA,Female,65Y,9992823456,Dr. SIDDHARTH REDDY  ALLA,OPRInv1021-2025419268,ENDOSCOPY,,3300,0,0,3300,3300,0,UPI - PhonePe,NAGUR VALI  SHAIK,Walk-In,Walk-In
19-04-2025,MR10210002674,OP10210004352,Baby. K KARTHIKEYA,Male,01Y,8096327740,Dr. SIDDHARTH REDDY  ALLA,OPRInv1021-2025419269,"ANESTHETIA SGA, Co2 CHARGES FOR PROCEDURE, FOREIGN BODY REMOVAL - BLUNT, O2 CHARGES FOR PROCEDURE",,13500,1000,0,12500,12500,0,UPI - PhonePe,NAGUR VALI  SHAIK,,
21-04-2025,MR10210002683,OP10210004362,Mr. RAJA SEKHAR REDDY A,Male,27Y,8919112993,Dr. SIDDHARTH REDDY  ALLA,OPRInv1021-2025421270,ENDOSCOPY,,3300,0,0,3300,3300,0,UPI - PhonePe,NAGUR VALI  SHAIK,,
21-04-2025,MR10210002676,OP10210004354,Mr. P SRINIVASA RAO  ,Male,54Y,9908238079,Dr. SIDDHARTH REDDY  ALLA,OPRInv1021-2025421271,ENDOSCOPY,,3300,0,0,3300,3300,0,Cash,NAGUR VALI  SHAIK,Walk-In,Walk-In
21-04-2025,MR10210002678,OP10210004356,Mr. D CHALAPATHI RAO  ,Male,45 Y,9391362125,Dr. SIDDHARTH REDDY  ALLA,OPRInv1021-2025421272,ENDOSCOPY,,3300,0,0,3300,3300,0,UPI - PhonePe,NAGUR VALI  SHAIK,Walk-In,Walk-In
21-04-2025,MR10210002675,OP10210004353,Mrs. V SIVAMMA  ,Female,64 Y,8331957835,Dr. SIDDHARTH REDDY  ALLA,OPRInv1021-2025421273,ENDOSCOPY,,3300,0,0,3300,3300,0,Cash,NAGUR VALI  SHAIK,Walk-In,Walk-In
21-04-2025,MR10210002679,OP10210004357,Mr. N VENKATESWARLU  ,Male,54Y,9704309954,Dr. SIDDHARTH REDDY  ALLA,OPRInv1021-2025421274,ENDOSCOPY,,3300,0,0,3300,3300,0,Cash,NAGUR VALI  SHAIK,Walk-In,Walk-In
21-04-2025,MR10210002431,OP10210004366,Mr. M SUKUNDHAR RAO  ,Male,56Y,9949121967,Dr. SIDDHARTH REDDY  ALLA,OPRInv1021-2025421275,ENDOSCOPY,,3300,0,0,3300,3300,0,Cash,NAGUR VALI  SHAIK,Walk-In,Walk-In
21-04-2025,MR10210002680,OP10210004358,Mr. V SRIKANTH  ,Male,32Y,9177792478,Dr. SIDDHARTH REDDY  ALLA,OPRInv1021-2025421276,ENDOSCOPY,,3300,0,0,3300,3300,0,UPI - PhonePe,NAGUR VALI  SHAIK,Walk-In,Walk-In
21-04-2025,MR10210002685,OP10210004365,Mr. P SAMBA SIVA RAO  ,Male,62Y,9100851184,Dr. SIDDHARTH REDDY  ALLA,OPRInv1021-2025421277,ENDOSCOPY,,3300,0,0,3300,3300,0,Cash,NAGUR VALI  SHAIK,Walk-In,Walk-In
21-04-2025,MR10210002675,OP10210004353,Mrs. V SIVAMMA  ,Female,64 Y,8331957835,Dr. SIDDHARTH REDDY  ALLA,OPRInv1021-2025421278,RUT,,500,0,0,500,500,0,Cash,NAGUR VALI  SHAIK,Walk-In,Walk-In
21-04-2025,MR10210002676,OP10210004354,Mr. P SRINIVASA RAO  ,Male,54Y,9908238079,Dr. SIDDHARTH REDDY  ALLA,OPRInv1021-2025421279,RUT,,500,0,0,500,500,0,UPI - PhonePe,NAGUR VALI  SHAIK,Walk-In,Walk-In
21-04-2025,MR10210002431,OP10210004366,Mr. M SUKUNDHAR RAO  ,Male,56Y,9949121967,Dr. SIDDHARTH REDDY  ALLA,OPRInv1021-2025421280,EVL BANDING ,,15000,3300,0,11700,11700,0,Cash,NAGUR VALI  SHAIK,Walk-In,Walk-In
21-04-2025,MR10210002678,OP10210004356,Mr. D CHALAPATHI RAO  ,Male,45 Y,9391362125,Dr. SIDDHARTH REDDY  ALLA,OPRInv1021-2025421281,RUT,,500,0,0,500,500,0,Cash,NAGUR VALI  SHAIK,Walk-In,Walk-In
21-04-2025,MR10210002685,OP10210004365,Mr. P SAMBA SIVA RAO  ,Male,62Y,9100851184,Dr. SIDDHARTH REDDY  ALLA,OPRInv1021-2025421282,BIOPSY SMALL,,1000,0,0,1000,1000,0,Cash,NAGUR VALI  SHAIK,Walk-In,Walk-In
21-04-2025,MR10210002691,OP10210004374,Mrs. adi lakshmamma t,Female,74Y,9666287105,Dr. SIDDHARTH REDDY  ALLA,OPRInv1021-2025421283,ENDOSCOPY,,3300,0,0,3300,3300,0,Cash,NAGUR VALI  SHAIK,,
21-04-2025,MR10210002686,OP10210004367,Mr. A SIVA RAMA KRISHNA  ,Male,29Y,9705223845,Dr. SIDDHARTH REDDY  ALLA,OPRInv1021-2025421284,ENDOSCOPY,,3300,0,0,3300,3300,0,Cash,NAGUR VALI  SHAIK,Walk-In,Walk-In
21-04-2025,MR10210002692,OP10210004375,Mrs. adi lakshmamma t,Female,74Y,9666287105,Dr. SIDDHARTH REDDY  ALLA,OPRInv1021-2025421285,RUT,,500,0,0,500,500,0,Cash,NAGUR VALI  SHAIK,,
21-04-2025,MR10210002686,OP10210004367,Mr. A SIVA RAMA KRISHNA  ,Male,29Y,9705223845,Dr. SIDDHARTH REDDY  ALLA,OPRInv1021-2025421286,RUT,,500,0,0,500,500,0,Cash,NAGUR VALI  SHAIK,Walk-In,Walk-In
21-04-2025,MR10210002695,OP10210004381,Mr. K SUNDARA RAO,Male,54Y,9030825011,Dr. SIDDHARTH REDDY  ALLA,OPRInv1021-2025421287,"BIOPSY SMALL, COLONOSCOPY",,7300,0,0,7300,7300,0,UPI - PhonePe,NAGUR VALI  SHAIK,,
22-04-2025,MR10210002694,OP10210004383,Mr. S KONDALU,Male,56Y,6302414678,Dr. SIDDHARTH REDDY  ALLA,OPRInv1021-2025422288,ENDOSCOPY,,3300,0,0,3300,3300,0,UPI - PhonePe,NAGUR VALI  SHAIK,Walk-In,Walk-In
22-04-2025,MR10210002698,OP10210004386,Mr. KOTAIAH A,Male,40Y,9573626377,Dr. SIDDHARTH REDDY  ALLA,OPRInv1021-2025422289,ENDOSCOPY,,3300,0,0,3300,3300,0,Cash,NAGUR VALI  SHAIK,,
22-04-2025,MR10210002699,OP10210004387,Mr. RAVINDRA BABU M,Male,68Y,9492473616,Dr. SIDDHARTH REDDY  ALLA,OPRInv1021-2025422290,ENDOSCOPY,,3300,0,0,3300,3300,0,Cash,NAGUR VALI  SHAIK,,
22-04-2025,MR10210002700,OP10210004389,Mrs. SK HAMMAJI,Female,25Y,9346323831,Dr. SIDDHARTH REDDY  ALLA,OPRInv1021-2025422291,ENDOSCOPY,,3300,0,0,3300,3300,0,Cash,NAGUR VALI  SHAIK,,
22-04-2025,MR10210002694,OP10210004383,Mr. S KONDALU,Male,56Y,6302414678,Dr. SIDDHARTH REDDY  ALLA,OPRInv1021-2025422292,EVL BANDING ,,15000,3300,0,11700,11700,0,Cash,NAGUR VALI  SHAIK,Walk-In,Walk-In
22-04-2025,MR10210002697,OP10210004384,Mr. M V SRINIVASULA REDDY  ,Male,42Y,8978026477,Dr. SIDDHARTH REDDY  ALLA,OPRInv1021-2025422293,ENDOSCOPY,,3300,500,0,2800,2800,0,Cash,NAGUR VALI  SHAIK,Walk-In,Walk-In
22-04-2025,MR10210002697,OP10210004384,Mr. M V SRINIVASULA REDDY  ,Male,42Y,8978026477,Dr. SIDDHARTH REDDY  ALLA,OPRInv1021-2025422294,BIOPSY SMALL,,1000,0,0,1000,1000,0,Cash,NAGUR VALI  SHAIK,Walk-In,Walk-In
23-04-2025,MR10210002701,OP10210004395,Mr. SK DASTA GIRI  ,Male,57Y,9848238848,Dr. SIDDHARTH REDDY  ALLA,OPRInv1021-2025423295,ENDOSCOPY,,3300,0,0,3300,3300,0,Cash,NAGUR VALI  SHAIK,Walk-In,Walk-In
23-04-2025,MR10210002704,OP10210004403,Mrs. T SUJATHA,Female,38Y,9100833925,Dr. SIDDHARTH REDDY  ALLA,OPRInv1021-2025423296,ENDOSCOPY,,3300,0,0,3300,3300,0,Cash,NAGUR VALI  SHAIK,Walk-In,Walk-In
23-04-2025,MR10210002701,OP10210004395,Mr. SK DASTA GIRI  ,Male,57Y,9848238848,Dr. SIDDHARTH REDDY  ALLA,OPRInv1021-2025423297,RUT,,500,0,0,500,500,0,Cash,NAGUR VALI  SHAIK,Walk-In,Walk-In
23-04-2025,MR10210002693,OP10210004397,Mr. V NAGIREDDY,Male,55Y,9966011332,Dr. SIDDHARTH REDDY  ALLA,OPRInv1021-2025423298,"ENDOSCOPY, RUT",,3800,0,0,3800,3800,0,Cash,NAGUR VALI  SHAIK,Walk-In,Walk-In
23-04-2025,MR10210002668,OP10210004405,Mrs. G SUBHASHINI,Female,39Y,9963834026,Dr. SIDDHARTH REDDY  ALLA,OPRInv1021-2025423299,"ANESTHETIA SGA, Co2 CHARGES FOR PROCEDURE, COLONOSCOPY, O2 CHARGES FOR PROCEDURE",,9800,0,0,9800,9800,0,Cash,NAGUR VALI  SHAIK,Walk-In,Walk-In
23-04-2025,MR10210002589,OP10210004400,Mrs. P ANANTHA LAKSHMI,Female,34Y,7396316002,Dr. SIDDHARTH REDDY  ALLA,OPRInv1021-2025423300,"ANESTHETIA SGA, Co2 CHARGES FOR PROCEDURE, O2 CHARGES FOR PROCEDURE, SG DILATATION",,18500,0,0,18500,18500,0,UPI - PhonePe,NAGUR VALI  SHAIK,Walk-In,Walk-In
23-04-2025,MR10210002707,OP10210004408,Mrs. M JHANSI LAKSHMI,Female,33Y,8074770470,Dr. SIDDHARTH REDDY  ALLA,OPRInv1021-2025423301,ERCP,,35000,0,0,35000,35000,0,UPI - PhonePe,NAGUR VALI  SHAIK,Walk-In,Walk-In
24-04-2025,MR10210002713,OP10210004423,Mrs. SUBHASHINI V,Female,65Y,9885900285,Dr. SIDDHARTH REDDY  ALLA,OPRInv1021-2025424302,"ANESTHETIA UNDER GA, ERCP",,40000,0,0,40000,40000,0,UPI - PhonePe,NAGUR VALI  SHAIK,Walk-In,Walk-In
24-04-2025,MR10210002715,OP10210004425,Mr. M MAHESH BABU,Male,35Y,7989873352,Dr. SIDDHARTH REDDY  ALLA,OPRInv1021-2025424303,"ENDOSCOPY, RUT",,3800,0,0,3800,3800,0,UPI - PhonePe,NAGUR VALI  SHAIK,Walk-In,Walk-In
24-04-2025,MR10210002716,OP10210004426,Mr. T VENKATA KOTESWARAO,Male,55Y,8143096792,Dr. SIDDHARTH REDDY  ALLA,OPRInv1021-2025424304,"ANESTHETIA SGA, Co2 CHARGES FOR PROCEDURE, COLONOSCOPY, ENDOSCOPY, O2 CHARGES FOR PROCEDURE",,13100,0,0,13100,13100,0,Cash,NAGUR VALI  SHAIK,Walk-In,Walk-In
24-04-2025,MR10210002718,OP10210004430,Mrs. DOLLY MAJHI  M,Female,45Y,7001640216,Dr. SIDDHARTH REDDY  ALLA,OPRInv1021-2025424305,"ERCP, EUS FNB",,65000,15000,0,50000,50000,0,UPI - PhonePe,NAGUR VALI  SHAIK,Walk-In,Walk-In
24-04-2025,MR10210002716,OP10210004433,Mr. T VENKATA KOTESWARAO,Male,55Y,8143096792,Dr. SIDDHARTH REDDY  ALLA,OPRInv1021-2025424306,BIOPSY LARGE,,2000,0,0,2000,2000,0,Cash,NAGUR VALI  SHAIK,Walk-In,Walk-In
24-04-2025,MR10210002711,OP10210004437,Mr. MOHANA KRISHNA A,Male,44Y,9640293333,Dr. SIDDHARTH REDDY  ALLA,OPRInv1021-2025424307,UGISCOPY + STENT REMOVAL,,5000,1700,0,3300,3300,0,UPI - PhonePe,Siddhartha Reddy ,Walk-In,Walk-In
25-04-2025,MR10210002722,OP10210004441,Mr. SK NAGOOL MEERA  ,Male,55Y,9848305441,Dr. SIDDHARTH REDDY  ALLA,OPRInv1021-2025425308,ENDOSCOPY,,3300,0,0,3300,3300,0,Cash,NAGUR VALI  SHAIK,Walk-In,Walk-In
25-04-2025,MR10210002659,OP10210004446,Mrs. K ARUNA KUMARI  ,Female,60Y,9291958902,Dr. SIDDHARTH REDDY  ALLA,OPRInv1021-2025425309,"ANESTHETIA SGA, Co2 CHARGES FOR PROCEDURE, COLONOSCOPY, O2 CHARGES FOR PROCEDURE",,9800,1500,0,8300,8300,0,Cash,NAGUR VALI  SHAIK,Walk-In,Walk-In
25-04-2025,MR10210002693,OP10210004447,Mr. V NAGIREDDY,Male,55Y,9966011332,Dr. SIDDHARTH REDDY  ALLA,OPRInv1021-2025425310,"ANESTHETIA SGA, Co2 CHARGES FOR PROCEDURE, COLONOSCOPY, O2 CHARGES FOR PROCEDURE",,9800,0,0,9800,9800,0,UPI - PhonePe,NAGUR VALI  SHAIK,Walk-In,Walk-In
25-04-2025,MR10210002725,OP10210004448,Mr. VENKATA RAMESH D,Male,50Y,9866632278,Dr. SIDDHARTH REDDY  ALLA,OPRInv1021-2025425311,ENDOSCOPY,,3300,0,0,3300,3300,0,UPI - PhonePe,NAGUR VALI  SHAIK,Walk-In,Walk-In
25-04-2025,MR10210002693,OP10210004447,Mr. V NAGIREDDY,Male,55Y,9966011332,Dr. SIDDHARTH REDDY  ALLA,OPRInv1021-2025425312,"ANESTHETIA SGA, Co2 CHARGES FOR PROCEDURE, COLONOSCOPY, O2 CHARGES FOR PROCEDURE",,9800,1500,0,8300,8300,0,UPI - PhonePe,NAGUR VALI  SHAIK,Walk-In,Walk-In
25-04-2025,MR10210002659,OP10210004446,Mrs. K ARUNA KUMARI  ,Female,60Y,9291958902,Dr. SIDDHARTH REDDY  ALLA,OPRInv1021-2025425313,BIOPSY SMALL,,1000,0,0,1000,1000,0,Cash,NAGUR VALI  SHAIK,Walk-In,Walk-In
25-04-2025,MR10210002722,OP10210004441,Mr. SK NAGOOL MEERA  ,Male,55Y,9848305441,Dr. SIDDHARTH REDDY  ALLA,OPRInv1021-2025425314,RUT,,500,0,0,500,500,0,Cash,NAGUR VALI  SHAIK,Walk-In,Walk-In
26-04-2025,MR10210002282,OP10210004451,Ms. A HARSHINI  ,Female,24Y,8497980715,Dr. SIDDHARTH REDDY  ALLA,OPRInv1021-2025426315,ENDOSCOPY,,3300,0,0,3300,3300,0,Cash,NAGUR VALI  SHAIK,Walk-In,Walk-In
26-04-2025,MR10210002282,OP10210004451,Ms. A HARSHINI  ,Female,24Y,8497980715,Dr. SIDDHARTH REDDY  ALLA,OPRInv1021-2025426316,RUT,,500,0,0,500,500,0,UPI - PhonePe,NAGUR VALI  SHAIK,Walk-In,Walk-In
26-04-2025,MR10210002728,OP10210004458,Mr. D SAIDA BABU  ,Male,28Y,8977981893,Dr. SIDDHARTH REDDY  ALLA,OPRInv1021-2025426317,ENDOSCOPY,,3300,0,0,3300,3300,0,UPI - PhonePe,NAGUR VALI  SHAIK,Walk-In,Walk-In
28-04-2025,MR10210002730,OP10210004464,Ms. DEEPIKA  M,Female,21Y,8886565945,Dr. SIDDHARTH REDDY  ALLA,OPRInv1021-2025428318,ENDOSCOPY,,3300,0,0,3300,3300,0,Cash,NAGUR VALI  SHAIK,Walk-In,Walk-In
28-04-2025,MR10210002685,OP10210004462,Mr. P SAMBA SIVA RAO  ,Male,62Y,9100851184,Dr. SIDDHARTH REDDY  ALLA,OPRInv1021-2025428319,"ANESTHETIA SGA, Co2 CHARGES FOR PROCEDURE, EVL BANDING , O2 CHARGES FOR PROCEDURE",,18500,2800,0,15700,15700,0,Cash,NAGUR VALI  SHAIK,Walk-In,Walk-In
28-04-2025,MR10210002732,OP10210004468,Mr. RAMA RAO B,Male,38Y,9390404897,Dr. SIDDHARTH REDDY  ALLA,OPRInv1021-2025428320,"ENDOSCOPY, RUT",,3800,0,0,3800,3800,0,Cash,NAGUR VALI  SHAIK,Walk-In,Walk-In
28-04-2025,MR10210002731,OP10210004467,Mrs. E RATHNA KUMARI  ,Female,36Y,8688463458,Dr. SIDDHARTH REDDY  ALLA,OPRInv1021-2025428321,ENDOSCOPY,,3300,0,0,3300,3300,0,Cash,NAGUR VALI  SHAIK,Walk-In,Walk-In
28-04-2025,MR10210002724,OP10210004473,Mr. K SRINIVASA REDDY  ,Male,58Y,9000066658,Dr. SIDDHARTH REDDY  ALLA,OPRInv1021-2025428322,ENDOSCOPY,,3300,0,0,3300,3300,0,Cash,NAGUR VALI  SHAIK,Walk-In,Walk-In
28-04-2025,MR10210001761,OP10210004470,Mr. SHAIK RAHIM  ,Male,37Y,9959948599,Dr. SIDDHARTH REDDY  ALLA,OPRInv1021-2025428323,ENDOSCOPY,,3300,0,0,3300,3300,0,Cash,NAGUR VALI  SHAIK,Walk-In,Walk-In
28-04-2025,MR10210002735,OP10210004478,Ms. M RAMANA KUMARI   ,Female,67Y,7799955144,Dr. SIDDHARTH REDDY  ALLA,OPRInv1021-2025428324,"ANESTHETIA SGA, Co2 CHARGES FOR PROCEDURE, COLONOSCOPY, ENDOSCOPY, O2 CHARGES FOR PROCEDURE",,13100,0,0,13100,13100,0,UPI - PhonePe,NAGUR VALI  SHAIK,Walk-In,Walk-In
28-04-2025,MR10210001761,OP10210004470,Mr. SHAIK RAHIM  ,Male,37Y,9959948599,Dr. SIDDHARTH REDDY  ALLA,OPRInv1021-2025428325,RUT,,500,0,0,500,500,0,Cash,NAGUR VALI  SHAIK,Walk-In,Walk-In
28-04-2025,MR10210002730,OP10210004482,Ms. DEEPIKA  M,Female,21Y,8886565945,Dr. SIDDHARTH REDDY  ALLA,OPRInv1021-2025428326,RUT,,500,0,0,500,500,0,Cash,NAGUR VALI  SHAIK,Walk-In,Walk-In
28-04-2025,MR10210002731,OP10210004467,Mrs. E RATHNA KUMARI  ,Female,36Y,8688463458,Dr. SIDDHARTH REDDY  ALLA,OPRInv1021-2025428327,RUT,,500,0,0,500,500,0,Cash,NAGUR VALI  SHAIK,Walk-In,Walk-In
28-04-2025,MR10210002733,OP10210004469,Mr. M ANANTHESWARA RAO  ,Male,65Y,9700300112,Dr. SIDDHARTH REDDY  ALLA,OPRInv1021-2025428328,ENDOSCOPY,,3300,0,0,3300,3300,0,UPI - PhonePe,NAGUR VALI  SHAIK,Walk-In,Walk-In
28-04-2025,MR10210002736,OP10210004483,Mrs. N SUJATHA LAKSHMI,Female,40Y,9949523628,Dr. SIDDHARTH REDDY  ALLA,OPRInv1021-2025428329,ENDOSCOPY,,3300,0,0,3300,3300,0,Cash,NAGUR VALI  SHAIK,Walk-In,Walk-In
28-04-2025,MR10210002738,OP10210004485,Mr. M RAMA KRISHNA REDDY  ,Male,29Y,9866460326,Dr. SIDDHARTH REDDY  ALLA,OPRInv1021-2025428330,RUT,,500,0,0,500,500,0,Cash,NAGUR VALI  SHAIK,Walk-In,Walk-In
28-04-2025,MR10210002739,OP10210004488,Mrs. SK RUBIHANA,Female,21Y,9059824957,Dr. SIDDHARTH REDDY  ALLA,OPRInv1021-2025428331,ENDOSCOPY,,3300,0,0,3300,3300,0,UPI - PhonePe,NAGUR VALI  SHAIK,Walk-In,Walk-In
28-04-2025,MR10210002546,OP10210004465,Ms. NAGA JYOTHI MUNNANGI,Female,60Y,8309869039,Dr. SIDDHARTH REDDY  ALLA,OPRInv1021-2025428332,"BIOPSY SMALL, ENDOSCOPY",,4300,1000,0,3300,3300,0,UPI - PhonePe,Siddhartha Reddy ,Walk-In,Walk-In
28-04-2025,MR10210002545,OP10210004466,Mr. M THIRUPATHI RAO,Male,54Y,9550163907,Dr. SIDDHARTH REDDY  ALLA,OPRInv1021-2025428333,ENDOSCOPY,,3300,1000,0,2300,2300,0,UPI - PhonePe,Siddhartha Reddy ,Walk-In,Walk-In
28-04-2025,MR10210002738,OP10210004485,Mr. M RAMA KRISHNA REDDY  ,Male,29Y,9866460326,Dr. SIDDHARTH REDDY  ALLA,OPRInv1021-2025428334,ENDOSCOPY,,3300,1000,0,2300,2300,0,Cash,Siddhartha Reddy ,Walk-In,Walk-In
28-04-2025,MR10210002735,OP10210004478,Ms. M RAMANA KUMARI   ,Female,67Y,7799955144,Dr. SIDDHARTH REDDY  ALLA,OPRInv1021-2025428335,RUT,,500,0,0,500,500,0,Cash,NAGUR VALI  SHAIK,Walk-In,Walk-In
28-04-2025,MR10210002740,OP10210004489,Mr. B RADHA KRTISHNA MURTHY,Male,62Y,9948624187,Dr. SIDDHARTH REDDY  ALLA,OPRInv1021-2025428336,DIAGNOSTIC EUS,,15000,3000,0,12000,12000,0,Cash,NAGUR VALI  SHAIK,Walk-In,Walk-In
29-04-2025,MR10210002742,OP10210004495,Mr. R RAMA KRISHNA   ,Male,45Y,9963403502,Dr. SIDDHARTH REDDY  ALLA,OPRInv1021-2025429337,ENDOSCOPY,,3300,0,0,3300,3300,0,UPI - PhonePe,NAGUR VALI  SHAIK,Walk-In,Walk-In
29-04-2025,MR10210002744,OP10210004502,Ms. REVATHI  B,Female,22Y,8919983676,Dr. SIDDHARTH REDDY  ALLA,OPRInv1021-2025429338,"ANESTHETIA UNDER GA, ERCP",,40000,0,0,40000,40000,0,Cash,NAGUR VALI  SHAIK,Walk-In,Walk-In
29-04-2025,MR10210002742,OP10210004495,Mr. R RAMA KRISHNA   ,Male,45Y,9963403502,Dr. SIDDHARTH REDDY  ALLA,OPRInv1021-2025429339,RUT,,500,0,0,500,500,0,Cash,NAGUR VALI  SHAIK,Walk-In,Walk-In
29-04-2025,MR10210002746,OP10210004504,Mr. SASANKA G,Male,33Y,9494430122,Dr. SIDDHARTH REDDY  ALLA,OPRInv1021-2025429340,ENDOSCOPY,,3300,1000,0,2300,2300,0,UPI - PhonePe,Siddhartha Reddy ,Walk-In,Walk-In
29-04-2025,MR10210002747,OP10210004505,Mr. D BHARGAV SAI,Male,29Y,9010545139,Dr. SIDDHARTH REDDY  ALLA,OPRInv1021-2025429341,"ANESTHETIA SGA, Co2 CHARGES FOR PROCEDURE, COLONOSCOPY, O2 CHARGES FOR PROCEDURE",,9800,0,0,9800,9800,0,UPI - PhonePe,NAGUR VALI  SHAIK,Walk-In,Walk-In
29-04-2025,MR10210002748,OP10210004506,Mr. venkateswarlu K,Male,65Y,9502534828,Dr. SIDDHARTH REDDY  ALLA,OPRInv1021-2025429342,ENDOSCOPY,,3300,1300,0,2000,2000,0,Cash,Siddhartha Reddy ,Walk-In,Walk-In
29-04-2025,MR10210002750,OP10210004509,Mr. K GUNADEEP ABHIRAM,Male,4YY,9866881558,Dr. SIDDHARTH REDDY  ALLA,OPRInv1021-2025429343,FOREIGN BODY REMOVAL - BLUNT,,10000,0,0,10000,10000,0,UPI - PhonePe,NAGUR VALI  SHAIK,Walk-In,Walk-In
30-04-2025,MR10210001458,OP10210004517,Mr. V SIVA REDDY  ,Male,49Y,8919918181,Dr. SIDDHARTH REDDY  ALLA,OPRInv1021-2025430344,"ANESTHETIA SGA, Co2 CHARGES FOR PROCEDURE, O2 CHARGES FOR PROCEDURE, SIGMOIDOSCOPY",,6800,0,0,6800,6800,0,UPI - PhonePe,NAGUR VALI  SHAIK,Walk-In,Walk-In
30-04-2025,MR10210002753,OP10210004519,Mrs. K LACHAVAMMA,Female,45Y,9963398539,Dr. SIDDHARTH REDDY  ALLA,OPRInv1021-2025430345,ENDOSCOPY,,3300,0,0,3300,3300,0,UPI - PhonePe,NAGUR VALI  SHAIK,Walk-In,Walk-In
30-04-2025,MR10210002754,OP10210004520,Mrs. V REVATHI,Female,73Y,7396115611,Dr. SIDDHARTH REDDY  ALLA,OPRInv1021-2025430346,ENDOSCOPY,,3300,0,0,3300,3300,0,Cash,NAGUR VALI  SHAIK,Walk-In,Walk-In
30-04-2025,MR10210002755,OP10210004522,Mrs. CH VIJAYAMMA,Female,65Y,9666707439,Dr. SIDDHARTH REDDY  ALLA,OPRInv1021-2025430347,ENDOSCOPY,,3300,0,0,3300,3300,0,Cash,NAGUR VALI  SHAIK,Walk-In,Walk-In
30-04-2025,MR10210002756,OP10210004524,Mr. SHAIK JANI BASHA  ,Male,42Y,8465945684,Dr. SIDDHARTH REDDY  ALLA,OPRInv1021-2025430348,ENDOSCOPY,,3300,0,0,3300,3300,0,Cash,NAGUR VALI  SHAIK,Walk-In,Walk-In
30-04-2025,MR10210002757,OP10210004526,Mrs. V DEVAKI,Female,73Y,7396115611,Dr. SIDDHARTH REDDY  ALLA,OPRInv1021-2025430349,BIOPSY SMALL,,1000,0,0,1000,1000,0,Cash,NAGUR VALI  SHAIK,Walk-In,Walk-In
01-05-2025,MR10210002760,OP10210004529,Mr. V ANJANEYULU,Male,67Y,7673945704,Dr. SIDDHARTH REDDY  ALLA,OPRInv1021-202551350,ENDOSCOPY,,3300,0,0,3300,3300,0,Cash,NAGUR VALI  SHAIK,Walk-In,Walk-In
01-05-2025,MR10210002760,OP10210004529,Mr. V ANJANEYULU,Male,67Y,7673945704,Dr. SIDDHARTH REDDY  ALLA,OPRInv1021-202551351,RUT,,500,0,0,500,500,0,Cash,NAGUR VALI  SHAIK,Walk-In,Walk-In
01-05-2025,MR10210002764,OP10210004538,Mr. y DHANAYA,Male,53Y,9849375741,Dr. SIDDHARTH REDDY  ALLA,OPRInv1021-202551352,ENDOSCOPY,,3300,0,0,3300,3300,0,UPI - PhonePe,NAGUR VALI  SHAIK,Walk-In,Walk-In
01-05-2025,MR10210002762,OP10210004534,Mr. K RAMANA,Male,42Y,9908959541,Dr. SIDDHARTH REDDY  ALLA,OPRInv1021-202551353,ENDOSCOPY,,3300,0,0,3300,3300,0,UPI - PhonePe,NAGUR VALI  SHAIK,Walk-In,Walk-In
01-05-2025,MR10210002762,OP10210004534,Mr. K RAMANA,Male,42Y,9908959541,Dr. SIDDHARTH REDDY  ALLA,OPRInv1021-202551354,RUT,,500,0,0,500,500,0,Cash,NAGUR VALI  SHAIK,Walk-In,Walk-In
01-05-2025,MR10210002211,OP10210004532,Mr. K SUNDAR RAO  ,Male,52Y,7893299459,Dr. SIDDHARTH REDDY  ALLA,OPRInv1021-202551355,POLYPECTOMY,,20000,2000,0,18000,18000,0,Cash,NAGUR VALI  SHAIK,Walk-In,Walk-In
02-05-2025,MR10210002773,OP10210004551,Mr. M RAJU,Male,50Y,9949464219,Dr. SIDDHARTH REDDY  ALLA,OPRInv1021-202552356,ENDOSCOPY,,3300,0,0,3300,3300,0,UPI - PhonePe,NAGUR VALI  SHAIK,Walk-In,Walk-In
02-05-2025,MR10210002775,OP10210004554,Mr. NAGARJUNA N  ,Male,36Y,9550999286,Dr. SIDDHARTH REDDY  ALLA,OPRInv1021-202552357,ENDOSCOPY,,3300,0,0,3300,3300,0,UPI - PhonePe,NAGUR VALI  SHAIK,Walk-In,Walk-In
02-05-2025,MR10210002773,OP10210004551,Mr. M RAJU,Male,50Y,9949464219,Dr. SIDDHARTH REDDY  ALLA,OPRInv1021-202552358,RUT,,500,0,0,500,500,0,UPI - PhonePe,NAGUR VALI  SHAIK,Walk-In,Walk-In
03-05-2025,MR10210002781,OP10210004567,Mr. P SRINU   ,Male,27Y,9912689653,Dr. SIDDHARTH REDDY  ALLA,OPRInv1021-202553359,ENDOSCOPY,,3300,0,0,3300,3300,0,Cash,NAGUR VALI  SHAIK,Walk-In,Walk-In
03-05-2025,MR10210002781,OP10210004567,Mr. P SRINU   ,Male,27Y,9912689653,Dr. SIDDHARTH REDDY  ALLA,OPRInv1021-202553360,RUT,,500,0,0,500,500,0,Cash,NAGUR VALI  SHAIK,Walk-In,Walk-In
05-05-2025,MR10210002790,OP10210004591,Mr. SAI HARSHA P,Male,22Y,6301782067,Dr. SIDDHARTH REDDY  ALLA,OPRInv1021-202555361,ENDOSCOPY,,3300,0,0,3300,3300,0,Cash,NAGUR VALI  SHAIK,Walk-In,Walk-In
05-05-2025,MR10210002790,OP10210004592,Mr. SAI HARSHA P,Male,22Y,6301782067,Dr. SIDDHARTH REDDY  ALLA,OPRInv1021-202555362,RUT,,500,0,0,500,500,0,Cash,NAGUR VALI  SHAIK,Walk-In,Walk-In
05-05-2025,MR10210002789,OP10210004589,Mr. D VENKATESWARLU CH,Male,65Y,9866005792,Dr. SIDDHARTH REDDY  ALLA,OPRInv1021-202555363,SIGMOIDOSCOPY,,3300,0,0,3300,3300,0,Cash,NAGUR VALI  SHAIK,Walk-In,Walk-In
05-05-2025,MR10210002788,OP10210004583,Mr. Y MANIKANTA  ,Male,19Y,7842748488,Dr. SIDDHARTH REDDY  ALLA,OPRInv1021-202555364,SG DILATATION,,15000,1500,0,13500,13500,0,UPI - PhonePe,NAGUR VALI  SHAIK,Walk-In,Walk-In
06-05-2025,MR10210002801,OP10210004612,Mrs. V VIJAYA  ,Female,50Y,9491373360,Dr. SIDDHARTH REDDY  ALLA,OPRInv1021-202556365,"ANESTHETIA SGA, Co2 CHARGES FOR PROCEDURE, COLONOSCOPY, O2 CHARGES FOR PROCEDURE",,9800,2000,0,7800,7800,0,UPI - PhonePe,NAGUR VALI  SHAIK,Walk-In,Walk-In
06-05-2025,MR10210002187,OP10210004608,Mr. A SRINIVASA REDDY  ,Male,31Y,9966278729,Dr. SIDDHARTH REDDY  ALLA,OPRInv1021-202556366,ENDOSCOPY,,3300,0,0,3300,3300,0,UPI - PhonePe,NAGUR VALI  SHAIK,Walk-In,Walk-In
06-05-2025,MR10210002800,OP10210004618,Mrs. LAKSHMI KUMARI N,Female,76Y,8179666768,Dr. SIDDHARTH REDDY  ALLA,OPRInv1021-202556367,ENDOSCOPY,,3300,0,0,3300,3300,0,Cash,NAGUR VALI  SHAIK,Walk-In,Walk-In
06-05-2025,MR10210002806,OP10210004621,Mrs. SUVARTHA CH,Female,35Y,9866190060,Dr. SIDDHARTH REDDY  ALLA,OPRInv1021-202556368,ENDOSCOPY,,3300,0,0,3300,3300,0,UPI - PhonePe,NAGUR VALI  SHAIK,Walk-In,Walk-In
06-05-2025,MR10210002807,OP10210004623,Mr. LAKSHMI GANESH A,Male,23Y,7569099256,Dr. SIDDHARTH REDDY  ALLA,OPRInv1021-202556369,"ENDOSCOPY, RUT",,3800,0,0,3800,3800,0,UPI - PhonePe,NAGUR VALI  SHAIK,Walk-In,Walk-In
06-05-2025,MR10210002809,OP10210004625,Mr.  SK NASAR  ,Male,65Y,9553844015,Dr. SIDDHARTH REDDY  ALLA,OPRInv1021-202556370,UGISCOPY + STENT REMOVAL,,5000,1700,0,3300,3300,0,UPI - PhonePe,Siddhartha Reddy ,Walk-In,Walk-In
06-05-2025,MR10210002808,OP10210004624,Mr. CH NAGA BHUSHANA  RAO  ,Male,53Y,9390545227,Dr. SIDDHARTH REDDY  ALLA,OPRInv1021-202556371,ENDOSCOPY,,3300,500,0,2800,2800,0,UPI - PhonePe,NAGUR VALI  SHAIK,Walk-In,Walk-In
06-05-2025,MR10210002810,OP10210004626,Mrs. P MALLESWARAMMA  ,Female,45Y,9959122501,Dr. SIDDHARTH REDDY  ALLA,OPRInv1021-202556372,ENDOSCOPY,,3300,0,0,3300,3300,0,UPI - PhonePe,NAGUR VALI  SHAIK,Walk-In,Walk-In
06-05-2025,MR10210002810,OP10210004626,Mrs. P MALLESWARAMMA  ,Female,45Y,9959122501,Dr. SIDDHARTH REDDY  ALLA,OPRInv1021-202556373,RUT,,500,0,0,500,500,0,Cash,NAGUR VALI  SHAIK,Walk-In,Walk-In
06-05-2025,MR10210002814,OP10210004631,Mr. m THIRUPATHAYA,Male,69Y,6302055477,Dr. SIDDHARTH REDDY  ALLA,OPRInv1021-202556374,"ANESTHETIA SGA, Co2 CHARGES FOR PROCEDURE, ENDOSCOPY, O2 CHARGES FOR PROCEDURE",,6800,0,0,6800,6800,0,Cash,NAGUR VALI  SHAIK,Walk-In,Walk-In
07-05-2025,MR10210002783,OP10210004632,Mr. D RAMI REDDY D,Male,44Y,8121004234,Dr. SIDDHARTH REDDY  ALLA,OPRInv1021-202557375,ENDOSCOPY,,3300,0,0,3300,3300,0,Cash,NAGUR VALI  SHAIK,Walk-In,Walk-In
07-05-2025,MR10210002783,OP10210004632,Mr. D RAMI REDDY D,Male,44Y,8121004234,Dr. SIDDHARTH REDDY  ALLA,OPRInv1021-202557376,RUT,,500,0,0,500,500,0,Cash,NAGUR VALI  SHAIK,Walk-In,Walk-In
07-05-2025,MR10210002173,OP10210004634,Mr. B SUBBA REDDY  ,Male,58Y,8688474559,Dr. SIDDHARTH REDDY  ALLA,OPRInv1021-202557377,ENDOSCOPY,,3300,0,0,3300,3300,0,Cash,NAGUR VALI  SHAIK,Walk-In,Walk-In
07-05-2025,MR10210002589,OP10210004635,Mrs. P ANANTHA LAKSHMI,Female,34Y,7396316002,Dr. SIDDHARTH REDDY  ALLA,OPRInv1021-202557378,"ANESTHETIA SGA, Co2 CHARGES FOR PROCEDURE, O2 CHARGES FOR PROCEDURE, SG DILATATION",,18500,0,0,18500,18500,0,UPI - PhonePe,NAGUR VALI  SHAIK,Walk-In,Walk-In
07-05-2025,MR10210002818,OP10210004639,Mr. K BRAMHAIAH,Male,72Y,9963316107,Dr. SIDDHARTH REDDY  ALLA,OPRInv1021-202557379,ENDOSCOPY,,3300,0,0,3300,3300,0,Cash,NAGUR VALI  SHAIK,Walk-In,Walk-In
08-05-2025,MR10210002823,OP10210004647,Mr. S V A REDDY  ,Male,30Y,9542983439,Dr. SIDDHARTH REDDY  ALLA,OPRInv1021-202558380,"ANESTHETIA SGA, Co2 CHARGES FOR PROCEDURE, COLONOSCOPY, ENDOSCOPY, O2 CHARGES FOR PROCEDURE",,13100,0,0,13100,13100,0,UPI - PhonePe,NAGUR VALI  SHAIK,Walk-In,Walk-In
08-05-2025,MR10210002824,OP10210004650,Mr. N ANILKUMAR  ,Male,27Y,8919060239,Dr. SIDDHARTH REDDY  ALLA,OPRInv1021-202558381,ENDOSCOPY,,3300,1000,0,2300,2300,0,Cash,Siddhartha Reddy ,Walk-In,Walk-In
09-05-2025,MR10210002834,OP10210004666,Mr. HARI KRISHNA K,Male,42Y,9963888227,Dr. SIDDHARTH REDDY  ALLA,OPRInv1021-202559382,ENDOSCOPY,,3300,0,0,3300,3300,0,UPI - PhonePe,NAGUR VALI  SHAIK,Walk-In,Walk-In
09-05-2025,MR10210002833,OP10210004663,Mrs. T SIRISHA  ,Female,43Y,9848895958,Dr. SIDDHARTH REDDY  ALLA,OPRInv1021-202559383,ENDOSCOPY,,3300,0,0,3300,3300,0,Cash,NAGUR VALI  SHAIK,Walk-In,Walk-In
09-05-2025,MR10210002835,OP10210004668,Mr. R SOMAIAH  ,Male,67Y,9908767486,Dr. SIDDHARTH REDDY  ALLA,OPRInv1021-202559384,ENDOSCOPY,,3300,500,0,2800,2800,0,Cash,NAGUR VALI  SHAIK,Walk-In,Walk-In
09-05-2025,MR10210002827,OP10210004676,Mrs. P GEETHA  ,Female,43Y,9966076666,Dr. SIDDHARTH REDDY  ALLA,OPRInv1021-202559385,"ANESTHETIA SGA, BIOPSY LARGE, Co2 CHARGES FOR PROCEDURE, COLONOSCOPY, ENDOSCOPY, O2 CHARGES FOR PROCEDURE",,15100,0,0,15100,15100,0,UPI - PhonePe,NAGUR VALI  SHAIK,Walk-In,Walk-In
09-05-2025,MR10210002831,OP10210004675,Mrs. N SANDHYA RANI,Female,45Y,7702606171,Dr. SIDDHARTH REDDY  ALLA,OPRInv1021-202559386,"BIOPSY SMALL, ENDOSCOPY",,4300,0,0,4300,4300,0,UPI - PhonePe,NAGUR VALI  SHAIK,Walk-In,Walk-In
09-05-2025,MR10210002840,OP10210004680,Mrs. PUSHPA LATHA M,Female,42Y,9848523630,Dr. SIDDHARTH REDDY  ALLA,OPRInv1021-202559387,ENDOSCOPY,,3300,0,0,3300,3300,0,UPI - PhonePe,NAGUR VALI  SHAIK,Walk-In,Walk-In
09-05-2025,MR10210002841,OP10210004681,Mrs. K CHANDRAVATHI  ,Female,60Y,9866182503,Dr. SIDDHARTH REDDY  ALLA,OPRInv1021-202559388,ENDOSCOPY,,3300,0,0,3300,3300,0,Cash,NAGUR VALI  SHAIK,Walk-In,Walk-In
09-05-2025,MR10210001429,OP10210004667,Ms. G GANGA RATHNAM  ,Female,41Y,9392246633,Dr. SIDDHARTH REDDY  ALLA,OPRInv1021-202559389,ERCP,,35000,0,0,35000,35000,0,Cash,NAGUR VALI  SHAIK,Walk-In,Walk-In
10-05-2025,MR10210002847,OP10210004692,Mrs.  RATNAVALI S,Female,37Y,8688080249,Dr. SIDDHARTH REDDY  ALLA,OPRInv1021-2025510390,ENDOSCOPY,,3300,0,0,3300,3300,0,Cash,NAGUR VALI  SHAIK,Walk-In,Walk-In
10-05-2025,MR10210002846,OP10210004689,Mr. N VENKAT RAO  ,Male,56Y,7095835400,Dr. SIDDHARTH REDDY  ALLA,OPRInv1021-2025510391,ENDOSCOPY,,3300,0,0,3300,3300,0,UPI - PhonePe,NAGUR VALI  SHAIK,Walk-In,Walk-In
10-05-2025,MR10210002847,OP10210004693,Mrs.  RATNAVALI S,Female,37Y,8688080249,Dr. SIDDHARTH REDDY  ALLA,OPRInv1021-2025510392,BIOPSY SMALL,,1000,0,0,1000,1000,0,Cash,NAGUR VALI  SHAIK,Walk-In,Walk-In
10-05-2025,MR10210001345,OP10210004690,Mr. K SAMBI REDDY  ,Male,67Y,9948195966,Dr. SIDDHARTH REDDY  ALLA,OPRInv1021-2025510393,BIOPSY SMALL,,1000,0,0,1000,1000,0,Cash,NAGUR VALI  SHAIK,Walk-In,Walk-In
10-05-2025,MR10210002848,OP10210004697,Mrs. NAGESWARAMMA S,Female,67Y,7330744784,Dr. SIDDHARTH REDDY  ALLA,OPRInv1021-2025510394,"ENDOSCOPY, RUT",,3800,0,0,3800,3800,0,UPI - PhonePe,NAGUR VALI  SHAIK,Walk-In,Walk-In
10-05-2025,MR10210002846,OP10210004689,Mr. N VENKAT RAO  ,Male,56Y,7095835400,Dr. SIDDHARTH REDDY  ALLA,OPRInv1021-2025510395,RUT,,500,0,0,500,500,0,UPI - PhonePe,NAGUR VALI  SHAIK,Walk-In,Walk-In
10-05-2025,MR10210002849,OP10210004699,Mrs. Y DEEPTHI  ,Female,24Y,9494476649,Dr. SIDDHARTH REDDY  ALLA,OPRInv1021-2025510396,"BIOPSY SMALL, ENDOSCOPY",,4300,0,0,4300,4300,0,UPI - PhonePe,NAGUR VALI  SHAIK,Walk-In,Walk-In
10-05-2025,MR10210001345,OP10210004690,Mr. K SAMBI REDDY  ,Male,67Y,9948195966,Dr. SIDDHARTH REDDY  ALLA,OPRInv1021-2025510397,ENDOSCOPY,,3300,1000,0,2300,2300,0,UPI - PhonePe,Siddhartha Reddy ,Walk-In,Walk-In
12-05-2025,MR10210002852,OP10210004712,Mr. L RAJESH,Male,26Y,9182965719,Dr. SIDDHARTH REDDY  ALLA,OPRInv1021-2025512398,ENDOSCOPY,,3300,0,0,3300,3300,0,UPI - PhonePe,NAGUR VALI  SHAIK,Walk-In,Walk-In
12-05-2025,MR10210002855,OP10210004716,Mrs. B SOWMYA SRI,Female,30Y,9966705528,Dr. SIDDHARTH REDDY  ALLA,OPRInv1021-2025512399,ENDOSCOPY,,3300,0,0,3300,3300,0,Cash,NAGUR VALI  SHAIK,Walk-In,Walk-In
12-05-2025,MR10210002855,OP10210004716,Mrs. B SOWMYA SRI,Female,30Y,9966705528,Dr. SIDDHARTH REDDY  ALLA,OPRInv1021-2025512400,RUT,,500,0,0,500,500,0,Cash,NAGUR VALI  SHAIK,Walk-In,Walk-In
12-05-2025,MR10210002858,OP10210004721,Mr. V SRINIVAS RAO,Male,58Y,9059109100,Dr. SIDDHARTH REDDY  ALLA,OPRInv1021-2025512401,ENDOSCOPY,,3300,0,0,3300,3300,0,UPI - PhonePe,NAGUR VALI  SHAIK,Walk-In,Walk-In
12-05-2025,MR10210002852,OP10210004712,Mr. L RAJESH,Male,26Y,9182965719,Dr. SIDDHARTH REDDY  ALLA,OPRInv1021-2025512402,RUT,,500,0,0,500,500,0,Cash,NAGUR VALI  SHAIK,Walk-In,Walk-In
12-05-2025,MR10210002860,OP10210004724,Mrs. U MADHAVI,Female,40Y,7989874856,Dr. SIDDHARTH REDDY  ALLA,OPRInv1021-2025512403,ENDOSCOPY,,3300,0,0,3300,3300,0,Cash,NAGUR VALI  SHAIK,Walk-In,Walk-In
12-05-2025,MR10210002858,OP10210004721,Mr. V SRINIVAS RAO,Male,58Y,9059109100,Dr. SIDDHARTH REDDY  ALLA,OPRInv1021-2025512404,BIOPSY SMALL,,1000,0,0,1000,1000,0,UPI - PhonePe,NAGUR VALI  SHAIK,Walk-In,Walk-In
12-05-2025,MR10210002860,OP10210004725,Mrs. U MADHAVI,Female,40Y,7989874856,Dr. SIDDHARTH REDDY  ALLA,OPRInv1021-2025512405,RUT,,500,0,0,500,500,0,UPI - PhonePe,NAGUR VALI  SHAIK,Walk-In,Walk-In
13-05-2025,MR10210002856,OP10210004728,Mr. T AMBETHKAR,Male,30Y,9949940219,Dr. SIDDHARTH REDDY  ALLA,OPRInv1021-2025513406,ENDOSCOPY,,3300,0,0,3300,3300,0,UPI - PhonePe,NAGUR VALI  SHAIK,Walk-In,Walk-In
13-05-2025,MR10210002856,OP10210004728,Mr. T AMBETHKAR,Male,30Y,9949940219,Dr. SIDDHARTH REDDY  ALLA,OPRInv1021-2025513407,RUT,,500,0,0,500,500,0,UPI - PhonePe,NAGUR VALI  SHAIK,Walk-In,Walk-In
13-05-2025,MR10210002862,OP10210004731,Mr. S UDAY BHASKAR REDDY,Male,42Y,9010777999,Dr. SIDDHARTH REDDY  ALLA,OPRInv1021-2025513408,ENDOSCOPY,,3300,0,0,3300,3300,0,UPI - PhonePe,NAGUR VALI  SHAIK,Walk-In,Walk-In
13-05-2025,MR10210002863,OP10210004736,Mrs. P PADMAVATHI,Female,48Y,9603240584,Dr. SIDDHARTH REDDY  ALLA,OPRInv1021-2025513409,"ANESTHETIA SGA, Co2 CHARGES FOR PROCEDURE, COLONOSCOPY, ENDOSCOPY, O2 CHARGES FOR PROCEDURE",,13100,1500,0,11600,11600,0,UPI - PhonePe,NAGUR VALI  SHAIK,Walk-In,Walk-In
14-05-2025,MR10210002866,OP10210004742,Mr. M NARASIMHA SWAMY,Male,34Y,8886807570,Dr. SIDDHARTH REDDY  ALLA,OPRInv1021-2025514410,ENDOSCOPY,,3300,0,0,3300,3300,0,Cash,NAGUR VALI  SHAIK,Walk-In,Walk-In
14-05-2025,MR10210002867,OP10210004743,Mrs. K PADMA,Female,47Y,7207901575,Dr. SIDDHARTH REDDY  ALLA,OPRInv1021-2025514411,ENDOSCOPY,,3300,0,0,3300,3300,0,Cash,NAGUR VALI  SHAIK,Walk-In,Walk-In
14-05-2025,MR10210002867,OP10210004743,Mrs. K PADMA,Female,47Y,7207901575,Dr. SIDDHARTH REDDY  ALLA,OPRInv1021-2025514412,ENDOSCOPY,,3300,0,0,3300,3300,0,Cash,NAGUR VALI  SHAIK,Walk-In,Walk-In
14-05-2025,MR10210001751,OP10210004745,Mr. M SIVA PRASAD REDDY  ,Male,45Y,9346698555,Dr. SIDDHARTH REDDY  ALLA,OPRInv1021-2025514413,SIGMOIDOSCOPY,,3300,0,0,3300,3300,0,UPI - PhonePe,NAGUR VALI  SHAIK,Walk-In,Walk-In
14-05-2025,MR10210002867,OP10210004743,Mrs. K PADMA,Female,47Y,7207901575,Dr. SIDDHARTH REDDY  ALLA,OPRInv1021-2025514414,RUT,,500,0,0,500,500,0,Cash,NAGUR VALI  SHAIK,Walk-In,Walk-In
14-05-2025,MR10210002866,OP10210004742,Mr. M NARASIMHA SWAMY,Male,34Y,8886807570,Dr. SIDDHARTH REDDY  ALLA,OPRInv1021-2025514415,RUT,,500,0,0,500,500,0,Cash,NAGUR VALI  SHAIK,Walk-In,Walk-In
14-05-2025,MR10210002874,OP10210004753,Mrs. V NANDINI,Female,13Y,8247882937,Dr. SIDDHARTH REDDY  ALLA,OPRInv1021-2025514416,ENDOSCOPY,,3300,0,0,3300,3300,0,Cash,NAGUR VALI  SHAIK,Walk-In,Walk-In
14-05-2025,MR10210002872,OP10210004751,Mr. M VENKATA APPAYA,Male,58Y,9966386687,Dr. SIDDHARTH REDDY  ALLA,OPRInv1021-2025514417,RUT,,500,0,0,500,500,0,Cash,NAGUR VALI  SHAIK,Walk-In,Walk-In
14-05-2025,MR10210002872,OP10210004751,Mr. M VENKATA APPAYA,Male,58Y,9966386687,Dr. SIDDHARTH REDDY  ALLA,OPRInv1021-2025514418,ENDOSCOPY,,3300,0,0,3300,3300,0,UPI - PhonePe,NAGUR VALI  SHAIK,Walk-In,Walk-In
14-05-2025,MR10210002211,OP10210004739,Mr. K SUNDAR RAO  ,Male,52Y,7893299459,Dr. SIDDHARTH REDDY  ALLA,OPRInv1021-2025514419,"ANESTHETIA SGA, Co2 CHARGES FOR PROCEDURE, O2 CHARGES FOR PROCEDURE",,3500,0,0,3500,3500,0,Cash,NAGUR VALI  SHAIK,Walk-In,Walk-In
14-05-2025,MR10210002211,OP10210004739,Mr. K SUNDAR RAO  ,Male,52Y,7893299459,Dr. SIDDHARTH REDDY  ALLA,OPRInv1021-2025514420,BIOPSY SMALL,,1000,0,0,1000,1000,0,Cash,NAGUR VALI  SHAIK,Walk-In,Walk-In
15-05-2025,MR10210002877,OP10210004764,Mr. V GANESH,Male,28Y,7569734430,Dr. SIDDHARTH REDDY  ALLA,OPRInv1021-2025515421,"ENDOSCOPY, SIGMOIDOSCOPY",,6600,0,0,6600,6600,0,Cash,NAGUR VALI  SHAIK,Walk-In,Walk-In
15-05-2025,MR10210002175,OP10210004766,Mr. VENKATESWARLU M,Male,60Y,9441417367,Dr. SIDDHARTH REDDY  ALLA,OPRInv1021-2025515422,ENDOSCOPY,,3300,0,0,3300,3300,0,Cash,NAGUR VALI  SHAIK,Walk-In,Walk-In
15-05-2025,MR10210002880,OP10210004768,Mrs. Y JYOTHI,Female,35Y,8106252967,Dr. SIDDHARTH REDDY  ALLA,OPRInv1021-2025515423,ENDOSCOPY,,3300,0,0,3300,3300,0,UPI - PhonePe,NAGUR VALI  SHAIK,Walk-In,Walk-In
15-05-2025,MR10210002881,OP10210004770,Mr. G JOGENDRA BABU,Male,53Y,9032975686,Dr. SIDDHARTH REDDY  ALLA,OPRInv1021-2025515424,ENDOSCOPY,,3300,0,0,3300,3300,0,Cash,NAGUR VALI  SHAIK,Walk-In,Walk-In
15-05-2025,MR10210002882,OP10210004771,Mr. B MADHYARAMULU,Male,80Y,9666795346,Dr. SIDDHARTH REDDY  ALLA,OPRInv1021-2025515425,ENDOSCOPY,,3300,0,0,3300,3300,0,Cash,NAGUR VALI  SHAIK,Walk-In,Walk-In
15-05-2025,MR10210002881,OP10210004772,Mr. G JOGENDRA BABU,Male,53Y,9032975686,Dr. SIDDHARTH REDDY  ALLA,OPRInv1021-2025515426,BIOPSY SMALL,,1000,0,0,1000,1000,0,Cash,NAGUR VALI  SHAIK,Walk-In,Walk-In
15-05-2025,MR10210002877,OP10210004764,Mr. V GANESH,Male,28Y,7569734430,Dr. SIDDHARTH REDDY  ALLA,OPRInv1021-2025515427,RUT,,500,0,0,500,500,0,UPI - PhonePe,NAGUR VALI  SHAIK,Walk-In,Walk-In
16-05-2025,MR10210002837,OP10210004775,Mr. G NAGI REDDY  ,Male,51Y,9963841374,Dr. SIDDHARTH REDDY  ALLA,OPRInv1021-2025516428,ENDOSCOPY,,3300,0,0,3300,3300,0,UPI - PhonePe,NAGUR VALI  SHAIK,Walk-In,Walk-In
16-05-2025,MR10210002884,OP10210004777,Mr. P CHENCHIREDDY,Male,40Y,9010981616,Dr. SIDDHARTH REDDY  ALLA,OPRInv1021-2025516429,ENDOSCOPY,,3300,0,0,3300,3300,0,UPI - PhonePe,NAGUR VALI  SHAIK,Walk-In,Walk-In
16-05-2025,MR10210001499,OP10210004788,Mr. M SRINIVAS  ,Male,47Y,9441068989,Dr. SIDDHARTH REDDY  ALLA,OPRInv1021-2025516430,ENDOSCOPY,,3300,0,0,3300,3300,0,UPI - PhonePe,NAGUR VALI  SHAIK,Walk-In,Walk-In
16-05-2025,MR10210002887,OP10210004791,Mrs. P BHAGYA LAKSHMI,Female,38Y,9542546900,Dr. SIDDHARTH REDDY  ALLA,OPRInv1021-2025516431,ENDOSCOPY,,3300,0,0,3300,3300,0,Cash,NAGUR VALI  SHAIK,Walk-In,Walk-In
16-05-2025,MR10210002889,OP10210004793,Mr. CH ADI BABU  ,Male,43Y,9177374344,Dr. SIDDHARTH REDDY  ALLA,OPRInv1021-2025516432,ENDOSCOPY,,3300,500,0,2800,2800,0,UPI - PhonePe,NAGUR VALI  SHAIK,Walk-In,Walk-In
16-05-2025,MR10210002887,OP10210004794,Mrs. P BHAGYA LAKSHMI,Female,38Y,9542546900,Dr. SIDDHARTH REDDY  ALLA,OPRInv1021-2025516433,RUT,,500,0,0,500,500,0,Cash,NAGUR VALI  SHAIK,Walk-In,Walk-In
16-05-2025,MR10210002837,OP10210004775,Mr. G NAGI REDDY  ,Male,51Y,9963841374,Dr. SIDDHARTH REDDY  ALLA,OPRInv1021-2025516434,"ANESTHETIA SGA, Co2 CHARGES FOR PROCEDURE, COLONOSCOPY, O2 CHARGES FOR PROCEDURE",,9800,0,0,9800,9800,0,UPI - PhonePe,NAGUR VALI  SHAIK,Walk-In,Walk-In
16-05-2025,MR10210002889,OP10210004793,Mr. CH ADI BABU  ,Male,43Y,9177374344,Dr. SIDDHARTH REDDY  ALLA,OPRInv1021-2025516435,RUT,,500,0,0,500,500,0,UPI - PhonePe,NAGUR VALI  SHAIK,Walk-In,Walk-In
16-05-2025,MR10210001499,OP10210004788,Mr. M SRINIVAS  ,Male,47Y,9441068989,Dr. SIDDHARTH REDDY  ALLA,OPRInv1021-2025516436,"ANESTHETIA SGA, APC, Co2 CHARGES FOR PROCEDURE, O2 CHARGES FOR PROCEDURE",,28500,0,0,28500,28500,0,UPI - PhonePe,NAGUR VALI  SHAIK,Walk-In,Walk-In
17-05-2025,MR10210002888,OP10210004797,Mr. K HARI KRISHNA  ,Male,29Y,9866359466,Dr. SIDDHARTH REDDY  ALLA,OPRInv1021-2025517437,"ANESTHETIA SGA, Co2 CHARGES FOR PROCEDURE, ENDOSCOPY, O2 CHARGES FOR PROCEDURE",,6800,0,0,6800,6800,0,UPI - PhonePe,NAGUR VALI  SHAIK,Walk-In,Walk-In
17-05-2025,MR10210002894,OP10210004809,Mr. P NARAYANA MURTHY,Male,65Y,9246484444,Dr. SIDDHARTH REDDY  ALLA,OPRInv1021-2025517438,"ANESTHETIA SGA, Co2 CHARGES FOR PROCEDURE, COLONOSCOPY, O2 CHARGES FOR PROCEDURE",,9800,0,0,9800,9800,0,Cash,NAGUR VALI  SHAIK,Walk-In,Walk-In
17-05-2025,MR10210002888,OP10210004797,Mr. K HARI KRISHNA  ,Male,29Y,9866359466,Dr. SIDDHARTH REDDY  ALLA,OPRInv1021-2025517439,RUT,,500,0,0,500,500,0,Cash,NAGUR VALI  SHAIK,Walk-In,Walk-In
17-05-2025,MR10210002895,OP10210004811,Mrs. G MARIYAMMA,Female,68Y,9704304758,Dr. SIDDHARTH REDDY  ALLA,OPRInv1021-2025517440,"ANESTHETIA SGA, Co2 CHARGES FOR PROCEDURE, COLONOSCOPY, O2 CHARGES FOR PROCEDURE",,9800,0,0,9800,9800,0,UPI - PhonePe,NAGUR VALI  SHAIK,Walk-In,Walk-In
17-05-2025,MR10210002895,OP10210004812,Mrs. G MARIYAMMA,Female,68Y,9704304758,Dr. SIDDHARTH REDDY  ALLA,OPRInv1021-2025517441,BIOPSY SMALL,,1000,0,0,1000,1000,0,UPI - PhonePe,NAGUR VALI  SHAIK,Walk-In,Walk-In
19-05-2025,MR10210002897,OP10210004815,Mr. T KOTESWARA RAO  ,Male,54Y,8801222922,Dr. SIDDHARTH REDDY  ALLA,OPRInv1021-2025519442,ENDOSCOPY,,3300,0,0,3300,3300,0,Cash,NAGUR VALI  SHAIK,Walk-In,Walk-In
19-05-2025,MR10210002898,OP10210004816,Mr. K LOKESH  ,Male,24Y,8341432333,Dr. SIDDHARTH REDDY  ALLA,OPRInv1021-2025519443,ENDOSCOPY,,3300,500,0,2800,2800,0,UPI - PhonePe,NAGUR VALI  SHAIK,Walk-In,Walk-In
19-05-2025,MR10210002902,OP10210004822,Mr. V NAGA BABU  ,Male,42Y,9000569910,Dr. SIDDHARTH REDDY  ALLA,OPRInv1021-2025519444,ENDOSCOPY,,3300,0,0,3300,3300,0,Cash,NAGUR VALI  SHAIK,Walk-In,Walk-In
19-05-2025,MR10210002900,OP10210004819,Mr. K MALLIKARJUNA  ,Male,36Y,9704344986,Dr. SIDDHARTH REDDY  ALLA,OPRInv1021-2025519445,ENDOSCOPY,,3300,0,0,3300,3300,0,UPI - PhonePe,NAGUR VALI  SHAIK,Walk-In,Walk-In
19-05-2025,MR10210002905,OP10210004826,Mrs. B NAGAMMA,Female,63Y,8500514424,Dr. SIDDHARTH REDDY  ALLA,OPRInv1021-2025519446,ENDOSCOPY,,3300,0,0,3300,3300,0,UPI - PhonePe,NAGUR VALI  SHAIK,Walk-In,Walk-In
19-05-2025,MR10210002900,OP10210004819,Mr. K MALLIKARJUNA  ,Male,36Y,9704344986,Dr. SIDDHARTH REDDY  ALLA,OPRInv1021-2025519447,RUT,,500,0,0,500,500,0,UPI - PhonePe,NAGUR VALI  SHAIK,Walk-In,Walk-In
19-05-2025,MR10210002902,OP10210004822,Mr. V NAGA BABU  ,Male,42Y,9000569910,Dr. SIDDHARTH REDDY  ALLA,OPRInv1021-2025519448,RUT,,500,0,0,500,500,0,Cash,NAGUR VALI  SHAIK,Walk-In,Walk-In
19-05-2025,MR10210002907,OP10210004828,Mr. V PULLA REDDY,Male,70Y,9959259405,Dr. SIDDHARTH REDDY  ALLA,OPRInv1021-2025519449,ENDOSCOPY,,3300,0,0,3300,3300,0,Cash,NAGUR VALI  SHAIK,Walk-In,Walk-In
19-05-2025,MR10210002907,OP10210004829,Mr. V PULLA REDDY,Male,70Y,9959259405,Dr. SIDDHARTH REDDY  ALLA,OPRInv1021-2025519450,RUT,,500,0,0,500,500,0,Cash,NAGUR VALI  SHAIK,Walk-In,Walk-In
19-05-2025,MR10210002788,OP10210004818,Mr. Y MANIKANTA  ,Male,19Y,7842748488,Dr. SIDDHARTH REDDY  ALLA,OPRInv1021-2025519451,SG DILATATION,,15000,1500,0,13500,13500,0,Cash,NAGUR VALI  SHAIK,Walk-In,Walk-In
19-05-2025,MR10210002908,OP10210004830,Mrs. PALOD  ANASUYA,Female,49Y,9705099202,Dr. SIDDHARTH REDDY  ALLA,OPRInv1021-2025519452,ERCP,,35000,0,0,35000,35000,0,UPI - PhonePe,NAGUR VALI  SHAIK,Walk-In,Walk-In
20-05-2025,MR10210002909,OP10210004831,Mr. S VENKATA KRISHNA,Male,39Y,9121643324,Dr. SIDDHARTH REDDY  ALLA,OPRInv1021-2025520453,ENDOSCOPY,,3300,0,0,3300,3300,0,UPI - PhonePe,NAGUR VALI  SHAIK,Walk-In,Walk-In
22-05-2025,MR10210002919,OP10210004853,Mrs. V NAGA MANI  ,Female,42Y,8333899121,Dr. SIDDHARTH REDDY  ALLA,OPRInv1021-2025522454,ENDOSCOPY,,3300,0,0,3300,3300,0,UPI - PhonePe,NAGUR VALI  SHAIK,Walk-In,Walk-In
22-05-2025,MR10210002917,OP10210004854,Mrs. P LAKSHMI TIRUPATHAMMA  ,Female,25Y,7013901453,Dr. SIDDHARTH REDDY  ALLA,OPRInv1021-2025522455,ENDOSCOPY,,3300,0,0,3300,3300,0,Cash,NAGUR VALI  SHAIK,Walk-In,Walk-In
22-05-2025,MR10210002920,OP10210004857,Mr. P SURESH  ,Male,48Y,9398670068,Dr. SIDDHARTH REDDY  ALLA,OPRInv1021-2025522456,ENDOSCOPY,,3300,0,0,3300,3300,0,Cash,NAGUR VALI  SHAIK,Walk-In,Walk-In
22-05-2025,MR10210002921,OP10210004859,Mrs. SK FATHIMA  ,Female,50Y,9908223210,Dr. SIDDHARTH REDDY  ALLA,OPRInv1021-2025522457,ENDOSCOPY,,3300,500,0,2800,2800,0,Cash,NAGUR VALI  SHAIK,Walk-In,Walk-In
22-05-2025,MR10210002921,OP10210004859,Mrs. SK FATHIMA  ,Female,50Y,9908223210,Dr. SIDDHARTH REDDY  ALLA,OPRInv1021-2025522458,RUT,,500,0,0,500,500,0,Cash,NAGUR VALI  SHAIK,Walk-In,Walk-In
22-05-2025,MR10210002917,OP10210004854,Mrs. P LAKSHMI TIRUPATHAMMA  ,Female,25Y,7013901453,Dr. SIDDHARTH REDDY  ALLA,OPRInv1021-2025522459,BIOPSY SMALL,,1000,0,0,1000,100,900,Cash,NAGUR VALI  SHAIK,Walk-In,Walk-In
22-05-2025,MR10210002917,OP10210004854,Mrs. P LAKSHMI TIRUPATHAMMA  ,Female,25Y,7013901453,Dr. SIDDHARTH REDDY  ALLA,OPRInv1021-2025522459,BIOPSY SMALL,,1000,0,0,900,900,0,Cash,NAGUR VALI  SHAIK,Walk-In,Walk-In
22-05-2025,MR10210002920,OP10210004857,Mr. P SURESH  ,Male,48Y,9398670068,Dr. SIDDHARTH REDDY  ALLA,OPRInv1021-2025522460,RUT,,500,0,0,500,500,0,Cash,NAGUR VALI  SHAIK,Walk-In,Walk-In
22-05-2025,MR10210002924,OP10210004866,Mr. B VENKATA SWAMY,Male,58Y,9966655421,Dr. SIDDHARTH REDDY  ALLA,OPRInv1021-2025522461,ENDOSCOPY,,3300,0,0,3300,3300,0,Cash,NAGUR VALI  SHAIK,Walk-In,Walk-In
22-05-2025,MR10210002924,OP10210004868,Mr. B VENKATA SWAMY,Male,58Y,9966655421,Dr. SIDDHARTH REDDY  ALLA,OPRInv1021-2025522462,RUT,,500,0,0,500,500,0,Cash,NAGUR VALI  SHAIK,Walk-In,Walk-In
22-05-2025,MR10210000408,OP10210004860,Mr. SATHISH I,Male,35Y,7675012799,Dr. SIDDHARTH REDDY  ALLA,OPRInv1021-2025522463,ENDOSCOPY,,3300,1500,0,1800,1800,0,Cash,Siddhartha Reddy ,Walk-In,Walk-In
23-05-2025,MR10210002923,OP10210004873,Mr. V RADHA KRISHNAIAH  ,Male,62Y,9989515862,Dr. SIDDHARTH REDDY  ALLA,OPRInv1021-2025523464,ENDOSCOPY,,3300,0,0,3300,3300,0,UPI - PhonePe,NAGUR VALI  SHAIK,Walk-In,Walk-In
23-05-2025,MR10210002928,OP10210004876,Mr. P SANKAR,Male,26Y,9381556480,Dr. SIDDHARTH REDDY  ALLA,OPRInv1021-2025523465,"ANESTHETIA SGA, Co2 CHARGES FOR PROCEDURE, COLONOSCOPY, O2 CHARGES FOR PROCEDURE",,9800,1000,0,8800,8800,0,UPI - PhonePe,NAGUR VALI  SHAIK,Walk-In,Walk-In
23-05-2025,MR10210002923,OP10210004873,Mr. V RADHA KRISHNAIAH  ,Male,62Y,9989515862,Dr. SIDDHARTH REDDY  ALLA,OPRInv1021-2025523466,RUT,,500,0,0,500,500,0,Cash,NAGUR VALI  SHAIK,Walk-In,Walk-In
24-05-2025,MR10210002935,OP10210004895,Mr. B VAMSINADH  ,Male,32Y,9676996569,Dr. SIDDHARTH REDDY  ALLA,OPRInv1021-2025524467,ENDOSCOPY,,3300,0,0,3300,3300,0,UPI - PhonePe,NAGUR VALI  SHAIK,Walk-In,Walk-In
24-05-2025,MR10210002935,OP10210004895,Mr. B VAMSINADH  ,Male,32Y,9676996569,Dr. SIDDHARTH REDDY  ALLA,OPRInv1021-2025524468,RUT,,500,0,0,500,500,0,UPI - PhonePe,NAGUR VALI  SHAIK,Walk-In,Walk-In
24-05-2025,MR10210002934,OP10210004893,Mr.  RAMA REDDY  D,Male,65Y,9849633982,Dr. SIDDHARTH REDDY  ALLA,OPRInv1021-2025524469,"ANESTHETIA SGA, BIOPSY SMALL",,4000,0,0,4000,4000,0,Cash,NAGUR VALI  SHAIK,Walk-In,Walk-In
24-05-2025,MR10210002940,OP10210004906,Mrs. M NAGAMMA,Female,50Y,9121635542,Dr. SIDDHARTH REDDY  ALLA,OPRInv1021-2025524470,ENDOSCOPY,,3300,0,0,3300,3300,0,UPI - PhonePe,NAGUR VALI  SHAIK,Walk-In,Walk-In
26-05-2025,MR10210002944,OP10210004912,Mr. D SRINIASA RAO,Male,57Y,9885742107,Dr. SIDDHARTH REDDY  ALLA,OPRInv1021-2025526471,"ENDOSCOPY, RUT",,3800,500,0,3300,3300,0,Cash,NAGUR VALI  SHAIK,Walk-In,Walk-In
26-05-2025,MR10210002950,OP10210004920,Mr. P RAMA RAO,Male,57Y,9701078230,Dr. SIDDHARTH REDDY  ALLA,OPRInv1021-2025526472,"ANESTHETIA SGA, Co2 CHARGES FOR PROCEDURE, COLONOSCOPY, O2 CHARGES FOR PROCEDURE",,9800,0,0,9800,9800,0,UPI - PhonePe,NAGUR VALI  SHAIK,Walk-In,Walk-In
26-05-2025,MR10210002948,OP10210004918,Mr. M SAMBI REDDY,Male,64Y,6300363697,Dr. SIDDHARTH REDDY  ALLA,OPRInv1021-2025526473,ENDOSCOPY,,3300,0,0,3300,3300,0,Cash,NAGUR VALI  SHAIK,Walk-In,Walk-In
26-05-2025,MR10210002949,OP10210004919,Mrs. SK APSANA,Female,24Y,9347823303,Dr. SIDDHARTH REDDY  ALLA,OPRInv1021-2025526474,ENDOSCOPY,,3300,500,0,2800,2800,0,Cash,NAGUR VALI  SHAIK,Walk-In,Walk-In
26-05-2025,MR10210002949,OP10210004919,Mrs. SK APSANA,Female,24Y,9347823303,Dr. SIDDHARTH REDDY  ALLA,OPRInv1021-2025526475,RUT,,500,0,0,500,500,0,Cash,NAGUR VALI  SHAIK,Walk-In,Walk-In
26-05-2025,MR10210002947,OP10210004917,Mrs. A NAGESWARAMMA,Female,64Y,9963833974,Dr. SIDDHARTH REDDY  ALLA,OPRInv1021-2025526476,ENDOSCOPY,,3300,0,0,3300,3300,0,Cash,NAGUR VALI  SHAIK,Walk-In,Walk-In
26-05-2025,MR10210002952,OP10210004924,Mrs. K NAGENDRAM,Female,57Y,7013447572,Dr. SIDDHARTH REDDY  ALLA,OPRInv1021-2025526477,ENDOSCOPY,,3300,0,0,3300,3300,0,UPI - PhonePe,NAGUR VALI  SHAIK,Walk-In,Walk-In
26-05-2025,MR10210002952,OP10210004926,Mrs. K NAGENDRAM,Female,57Y,7013447572,Dr. SIDDHARTH REDDY  ALLA,OPRInv1021-2025526478,RUT,,500,0,0,500,500,0,Cash,NAGUR VALI  SHAIK,Walk-In,Walk-In
26-05-2025,MR10210002954,OP10210004927,Mr. P THYAGA RAJU,Male,55Y,9440213987,Dr. SIDDHARTH REDDY  ALLA,OPRInv1021-2025526479,"ENDOSCOPY, RUT",,3800,1000,0,2800,2800,0,UPI - PhonePe,NAGUR VALI  SHAIK,Walk-In,Walk-In
26-05-2025,MR10210002705,OP10210004914,Ms. SK RESHMA  ,Female,22Y,9177066418,Dr. SIDDHARTH REDDY  ALLA,OPRInv1021-2025526480,ENDOSCOPY,,3300,1300,0,2000,2000,0,Cash,Siddhartha Reddy ,Walk-In,Walk-In
27-05-2025,MR10210002955,OP10210004932,Mrs. N ANASUYA,Female,47Y,9966123318,Dr. SIDDHARTH REDDY  ALLA,OPRInv1021-2025527481,ENDOSCOPY,,3300,0,0,3300,3300,0,UPI - PhonePe,NAGUR VALI  SHAIK,Walk-In,Walk-In
27-05-2025,MR10210002955,OP10210004933,Mrs. N ANASUYA,Female,47Y,9966123318,Dr. SIDDHARTH REDDY  ALLA,OPRInv1021-2025527482,"ANESTHETIA SGA, Co2 CHARGES FOR PROCEDURE, COLONOSCOPY, O2 CHARGES FOR PROCEDURE",,9800,2000,0,7800,7800,0,UPI - PhonePe,NAGUR VALI  SHAIK,Walk-In,Walk-In
27-05-2025,MR10210002956,OP10210004934,Mr. A RAMANA REDDY,Male,55Y,8919695935,Dr. SIDDHARTH REDDY  ALLA,OPRInv1021-2025527483,ENDOSCOPY,,3300,0,0,3300,3300,0,UPI - PhonePe,NAGUR VALI  SHAIK,Walk-In,Walk-In
27-05-2025,MR10210000924,OP10210004939,Mr. P ANIL KUMAR  ,Male,33Y,9652842989,Dr. SIDDHARTH REDDY  ALLA,OPRInv1021-2025527484,COLONOSCOPY,,6300,1300,0,5000,5000,0,Cash,NAGUR VALI  SHAIK,Walk-In,Walk-In
27-05-2025,MR10210002959,OP10210004943,Mr. G SAMUEL,Male,44Y,9440859128,Dr. SIDDHARTH REDDY  ALLA,OPRInv1021-2025527485,ENDOSCOPY,,3300,0,0,3300,3300,0,UPI - PhonePe,NAGUR VALI  SHAIK,Walk-In,Walk-In
27-05-2025,MR10210002960,OP10210004945,Mrs. A LAKSHMI TEJASWINI,Female,24Y,8374287994,Dr. SIDDHARTH REDDY  ALLA,OPRInv1021-2025527486,ENDOSCOPY,,3300,0,0,3300,3300,0,Cash,NAGUR VALI  SHAIK,Walk-In,Walk-In
27-05-2025,MR10210002961,OP10210004946,Mr. B RAMAIAH,Male,35Y,9603673379,Dr. SIDDHARTH REDDY  ALLA,OPRInv1021-2025527487,ENDOSCOPY,,3300,0,0,3300,3300,0,Cash,NAGUR VALI  SHAIK,Walk-In,Walk-In
27-05-2025,MR10210002959,OP10210004943,Mr. G SAMUEL,Male,44Y,9440859128,Dr. SIDDHARTH REDDY  ALLA,OPRInv1021-2025527488,"BIOPSY SMALL, RUT",,1500,0,0,1500,1500,0,UPI - PhonePe,NAGUR VALI  SHAIK,Walk-In,Walk-In
27-05-2025,MR10210002589,OP10210004942,Mrs. P ANANTHA LAKSHMI,Female,34Y,7396316002,Dr. SIDDHARTH REDDY  ALLA,OPRInv1021-2025527489,"ANESTHETIA SGA, Co2 CHARGES FOR PROCEDURE, O2 CHARGES FOR PROCEDURE, SG DILATATION",,18500,0,0,18500,18500,0,UPI - PhonePe,NAGUR VALI  SHAIK,Walk-In,Walk-In
27-05-2025,MR10210002961,OP10210004947,Mr. B RAMAIAH,Male,35Y,9603673379,Dr. SIDDHARTH REDDY  ALLA,OPRInv1021-2025527490,RUT,,500,0,0,500,500,0,Cash,NAGUR VALI  SHAIK,Walk-In,Walk-In
27-05-2025,MR10210002960,OP10210004945,Mrs. A LAKSHMI TEJASWINI,Female,24Y,8374287994,Dr. SIDDHARTH REDDY  ALLA,OPRInv1021-2025527491,RUT,,500,0,0,500,500,0,Cash,NAGUR VALI  SHAIK,Walk-In,Walk-In
28-05-2025,MR10210002963,OP10210004951,Mr. A NAGESWARAO,Male,71Y,9110392240,Dr. SIDDHARTH REDDY  ALLA,OPRInv1021-2025528492,"ANESTHETIA SGA, Co2 CHARGES FOR PROCEDURE, COLONOSCOPY, ENDOSCOPY, O2 CHARGES FOR PROCEDURE",,13100,1500,0,11600,11600,0,UPI - PhonePe,NAGUR VALI  SHAIK,Walk-In,Walk-In
28-05-2025,MR10210002964,OP10210004955,Mrs. B SUNITHA,Female,51Y,9959948798,Dr. SIDDHARTH REDDY  ALLA,OPRInv1021-2025528493,ENDOSCOPY,,3300,0,0,3300,3300,0,UPI - PhonePe,NAGUR VALI  SHAIK,Walk-In,Walk-In
28-05-2025,MR10210002963,OP10210004951,Mr. A NAGESWARAO,Male,71Y,9110392240,Dr. SIDDHARTH REDDY  ALLA,OPRInv1021-2025528494,BIOPSY LARGE,,2000,0,0,2000,2000,0,UPI - PhonePe,NAGUR VALI  SHAIK,Walk-In,Walk-In
29-05-2025,MR10210002970,OP10210004963,Mrs. M LAVANYA,Female,45Y,9502395088,Dr. SIDDHARTH REDDY  ALLA,OPRInv1021-2025529495,ENDOSCOPY,,3300,0,0,3300,3300,0,UPI - PhonePe,NAGUR VALI  SHAIK,Walk-In,Walk-In
29-05-2025,MR10210002970,OP10210004964,Mrs. M LAVANYA,Female,45Y,9502395088,Dr. SIDDHARTH REDDY  ALLA,OPRInv1021-2025529496,RUT,,500,0,0,500,500,0,UPI - PhonePe,NAGUR VALI  SHAIK,Walk-In,Walk-In
29-05-2025,MR10210002971,OP10210004968,Mr. M V  PRASAD REEDDY,Male,48Y,9701628303,Dr. SIDDHARTH REDDY  ALLA,OPRInv1021-2025529497,ENDOSCOPY,,3300,0,0,3300,3300,0,UPI - PhonePe,NAGUR VALI  SHAIK,Walk-In,Walk-In
29-05-2025,MR10210002969,OP10210004962,Mr. Y GOPI,Male,25Y,6304848614,Dr. SIDDHARTH REDDY  ALLA,OPRInv1021-2025529498,ENDOSCOPY,,3300,0,0,3300,3300,0,Cash,NAGUR VALI  SHAIK,Walk-In,Walk-In
29-05-2025,MR10210002971,OP10210004969,Mr. M V  PRASAD REEDDY,Male,48Y,9701628303,Dr. SIDDHARTH REDDY  ALLA,OPRInv1021-2025529499,BIOPSY SMALL,,1000,0,0,1000,1000,0,UPI - PhonePe,NAGUR VALI  SHAIK,Walk-In,Walk-In
29-05-2025,MR10210002975,OP10210004973,Mrs. N KUSUMAMBA,Female,60Y,9703275819,Dr. SIDDHARTH REDDY  ALLA,OPRInv1021-2025529500,"ANESTHETIA SGA, Co2 CHARGES FOR PROCEDURE, COLONOSCOPY, ENDOSCOPY, O2 CHARGES FOR PROCEDURE",,13100,0,0,13100,13100,0,Cash,NAGUR VALI  SHAIK,Walk-In,Walk-In
29-05-2025,MR10210002979,OP10210004981,Mrs. A ANITHA,Female,25Y,7888970161,Dr. SIDDHARTH REDDY  ALLA,OPRInv1021-2025529501,ENDOSCOPY,,3300,0,0,3300,3300,0,Cash,NAGUR VALI  SHAIK,Walk-In,Walk-In
30-05-2025,MR10210002431,OP10210004986,Mr. M SUKUNDHAR RAO  ,Male,56Y,9949121967,Dr. SIDDHARTH REDDY  ALLA,OPRInv1021-2025530502,ENDOSCOPY,,3300,0,0,3300,3300,0,Cash,NAGUR VALI  SHAIK,Walk-In,Walk-In
30-05-2025,MR10210002571,OP10210004988,Mr. M BHIMA RAO RAM SAE  ,Male,49Y,6305526733,Dr. SIDDHARTH REDDY  ALLA,OPRInv1021-2025530503,ENDOSCOPY,,3300,0,0,3300,3300,0,UPI - PhonePe,NAGUR VALI  SHAIK,Walk-In,Walk-In
30-05-2025,MR10210002571,OP10210004988,Mr. M BHIMA RAO RAM SAE  ,Male,49Y,6305526733,Dr. SIDDHARTH REDDY  ALLA,OPRInv1021-2025530504,RUT,,500,0,0,500,500,0,Cash,NAGUR VALI  SHAIK,Walk-In,Walk-In
30-05-2025,MR10210002983,OP10210004993,Mr. D CHENCHU BABU,Male,64Y,8919815378,Dr. SIDDHARTH REDDY  ALLA,OPRInv1021-2025530505,"COLONOSCOPY, ENDOSCOPY",,9600,0,0,9600,9600,0,UPI - PhonePe,NAGUR VALI  SHAIK,Walk-In,Walk-In
30-05-2025,MR10210002984,OP10210004995,Mr. B NARAYANA MURTHY  ,Male,69Y,8519803848,Dr. SIDDHARTH REDDY  ALLA,OPRInv1021-2025530506,ENDOSCOPY,,3300,0,0,3300,3300,0,UPI - PhonePe,NAGUR VALI  SHAIK,Walk-In,Walk-In
30-05-2025,MR10210002983,OP10210005000,Mr. D CHENCHU BABU,Male,64Y,8919815378,Dr. SIDDHARTH REDDY  ALLA,OPRInv1021-2025530507,BIOPSY SMALL,,1000,0,0,1000,1000,0,UPI - PhonePe,NAGUR VALI  SHAIK,Walk-In,Walk-In
30-05-2025,MR10210002431,OP10210004986,Mr. M SUKUNDHAR RAO  ,Male,56Y,9949121967,Dr. SIDDHARTH REDDY  ALLA,OPRInv1021-2025530508,EVL BANDING ,,15000,7000,0,8000,8000,0,Cash,Siddhartha Reddy ,Walk-In,Walk-In
31-05-2025,MR10210002987,OP10210005007,Mr. K VENU GOPAL  ,Male,46Y,9440347001,Dr. SIDDHARTH REDDY  ALLA,OPRInv1021-2025531509,ENDOSCOPY,,3300,0,0,3300,3300,0,Cash,NAGUR VALI  SHAIK,Walk-In,Walk-In
31-05-2025,MR10210002965,OP10210005008,Mrs. M SATYAVATHI,Female,66Y,9494258375,Dr. SIDDHARTH REDDY  ALLA,OPRInv1021-2025531510,"ANESTHETIA SGA, COLONOSCOPY",,9300,1000,0,8300,8300,0,Cash,NAGUR VALI  SHAIK,Walk-In,Walk-In
02-06-2025,MR10210002476,OP10210005026,Mr. BHAVYA SRI V,Male,17Y,9246282555,Dr. SIDDHARTH REDDY  ALLA,OPRInv1021-202562511,"ANESTHETIA SGA, Co2 CHARGES FOR PROCEDURE, COLONOSCOPY, O2 CHARGES FOR PROCEDURE",,9800,1000,0,8800,8800,0,Cash,NAGUR VALI  SHAIK,Walk-In,Walk-In
02-06-2025,MR10210002788,OP10210005027,Mr. Y MANIKANTA  ,Male,19Y,7842748488,Dr. SIDDHARTH REDDY  ALLA,OPRInv1021-202562512,SG DILATATION,,15000,1500,0,13500,13500,0,Cash,NAGUR VALI  SHAIK,Walk-In,Walk-In
02-06-2025,MR10210002997,OP10210005039,Mrs. A LAKSHMI NARASAMMA,Female,57Y,9492903303,Dr. SIDDHARTH REDDY  ALLA,OPRInv1021-202562513,"ANESTHETIA UNDER GA, ERCP",,40000,0,0,40000,40000,0,UPI - PhonePe,NAGUR VALI  SHAIK,Walk-In,Walk-In
02-06-2025,MR10210002965,OP10210005043,Mrs. M SATYAVATHI,Female,66Y,9494258375,Dr. SIDDHARTH REDDY  ALLA,OPRInv1021-202562514,BIOPSY SMALL,,1000,0,0,1000,1000,0,Cash,NAGUR VALI  SHAIK,Walk-In,Walk-In
02-06-2025,MR10210002999,OP10210005044,Mrs. M JHANSI LAKSHMI  ,Female,33Y,8074770470,Dr. SIDDHARTH REDDY  ALLA,OPRInv1021-202562515,UGISCOPY + STENT REMOVAL,,5000,1700,0,3300,3300,0,Cash,Siddhartha Reddy ,Walk-In,Walk-In
02-06-2025,MR10210002744,OP10210005045,Ms. REVATHI  B,Female,21Y,8919983676,Dr. SIDDHARTH REDDY  ALLA,OPRInv1021-202562516,UGISCOPY + STENT REMOVAL,,5000,1700,0,3300,3300,0,Cash,Siddhartha Reddy ,Walk-In,Walk-In
02-06-2025,MR10210003001,OP10210005047,Mr. D L SIVA SAI KUMAR,Male,20Y,6309625235,Dr. SIDDHARTH REDDY  ALLA,OPRInv1021-202562517,"BIOPSY LARGE, COLONOSCOPY",,8300,2300,0,6000,6000,0,Cash,NAGUR VALI  SHAIK,Walk-In,Walk-In
03-06-2025,MR10210003003,OP10210005050,Mr. B SRINIVAS,Male,32Y,9912541042,Dr. SIDDHARTH REDDY  ALLA,OPRInv1021-202563518,ENDOSCOPY,,3300,0,0,3300,3300,0,Cash,NAGUR VALI  SHAIK,Walk-In,Walk-In
03-06-2025,MR10210003003,OP10210005051,Mr. B SRINIVAS,Male,32Y,9912541042,Dr. SIDDHARTH REDDY  ALLA,OPRInv1021-202563519,RUT,,500,0,0,500,500,0,Cash,NAGUR VALI  SHAIK,Walk-In,Walk-In
03-06-2025,MR10210003009,OP10210005060,Mrs. J NAGA LAKSHMI,Female,34Y,9912460783,Dr. SIDDHARTH REDDY  ALLA,OPRInv1021-202563520,"ENDOSCOPY, RUT",,3800,0,0,3800,3800,0,Cash,SAI REDDY G,Walk-In,Walk-In
04-06-2025,MR10210003010,OP10210005066,Mrs. K JAYA LAKSHMI  ,Female,36Y,9945969826,Dr. SIDDHARTH REDDY  ALLA,OPRInv1021-202564521,ENDOSCOPY,,3300,0,0,3300,3300,0,UPI - PhonePe,NAGUR VALI  SHAIK,Walk-In,Walk-In
04-06-2025,MR10210003010,OP10210005066,Mrs. K JAYA LAKSHMI  ,Female,36Y,9945969826,Dr. SIDDHARTH REDDY  ALLA,OPRInv1021-202564522,RUT,,500,0,0,500,500,0,UPI - PhonePe,NAGUR VALI  SHAIK,Walk-In,Walk-In
04-06-2025,MR10210003015,OP10210005072,Mr. V SUDHAKAR  ,Male,40Y,9100451708,Dr. SIDDHARTH REDDY  ALLA,OPRInv1021-202564523,ENDOSCOPY,,3300,0,0,3300,3300,0,Cash,NAGUR VALI  SHAIK,Walk-In,Walk-In
04-06-2025,MR10210003016,OP10210005074,Mrs. D USHA RANI,Female,26Y,9676312919,Dr. SIDDHARTH REDDY  ALLA,OPRInv1021-202564524,ENDOSCOPY,,3300,0,0,3300,3300,0,UPI - PhonePe,NAGUR VALI  SHAIK,Walk-In,Walk-In
04-06-2025,MR10210003013,OP10210005067,Mrs. N PRAMEELA  ,Female,41Y,9704033102,Dr. SIDDHARTH REDDY  ALLA,OPRInv1021-202564525,ENDOSCOPY,,3300,0,0,3300,3300,0,Cash,NAGUR VALI  SHAIK,Walk-In,Walk-In
05-06-2025,MR10210002986,OP10210005084,Mr. CH VENKATESWARA RAO  ,Male,58Y,9848399808,Dr. SIDDHARTH REDDY  ALLA,OPRInv1021-202565526,ENDOSCOPY,,3300,0,0,3300,3300,0,UPI - PhonePe,NAGUR VALI  SHAIK,Walk-In,Walk-In
05-06-2025,MR10210003023,OP10210005089,Mr. S VENU GOPALA RAO  ,Male,48Y,7893908368,Dr. SIDDHARTH REDDY  ALLA,OPRInv1021-202565527,ENDOSCOPY,,3300,0,0,3300,3300,0,UPI - PhonePe,NAGUR VALI  SHAIK,Walk-In,Walk-In
05-06-2025,MR10210003023,OP10210005089,Mr. S VENU GOPALA RAO  ,Male,48Y,7893908368,Dr. SIDDHARTH REDDY  ALLA,OPRInv1021-202565528,BIOPSY LARGE,,2000,0,0,2000,2000,0,UPI - PhonePe,NAGUR VALI  SHAIK,Walk-In,Walk-In
06-06-2025,MR10210003021,OP10210005094,Mrs. CH POOJITHA  ,Female,33Y,9701100138,Dr. SIDDHARTH REDDY  ALLA,OPRInv1021-202566529,ENDOSCOPY,,3300,0,0,3300,3300,0,UPI - PhonePe,NAGUR VALI  SHAIK,Walk-In,Walk-In
09-06-2025,MR10210003038,OP10210005119,Mrs. M KRISHNA KUMARI,Female,65Y,9914363595,Dr. SIDDHARTH REDDY  ALLA,OPRInv1021-202569530,ENDOSCOPY,,3300,0,0,3300,3300,0,UPI - PhonePe,NAGUR VALI  SHAIK,Walk-In,Walk-In
09-06-2025,MR10210003036,OP10210005117,Mr. K VEERA VASANTH RAO  ,Male,58Y,9299751712,Dr. SIDDHARTH REDDY  ALLA,OPRInv1021-202569531,"ANESTHETIA SGA, Co2 CHARGES FOR PROCEDURE, COLONOSCOPY, O2 CHARGES FOR PROCEDURE",,9800,1000,0,8800,8800,0,UPI - PhonePe,NAGUR VALI  SHAIK,Walk-In,Walk-In
09-06-2025,MR10210003033,OP10210005110,Mr. CH SAI VIGNESH  ,Male,22Y,9848227440,Dr. SIDDHARTH REDDY  ALLA,OPRInv1021-202569532,RUT,,500,0,0,500,500,0,Cash,NAGUR VALI  SHAIK,Walk-In,Walk-In
09-06-2025,MR10210003033,OP10210005110,Mr. CH SAI VIGNESH  ,Male,22Y,9848227440,Dr. SIDDHARTH REDDY  ALLA,OPRInv1021-202569533,ENDOSCOPY,,3300,0,0,3300,3300,0,UPI - PhonePe,NAGUR VALI  SHAIK,Walk-In,Walk-In
09-06-2025,MR10210003041,OP10210005123,Mrs. S INDIRA,Female,47Y,6309365328,Dr. SIDDHARTH REDDY  ALLA,OPRInv1021-202569534,ENDOSCOPY,,3300,0,0,3300,3300,0,UPI - PhonePe,NAGUR VALI  SHAIK,Walk-In,Walk-In
09-06-2025,MR10210003036,OP10210005117,Mr. K VEERA VASANTH RAO  ,Male,58Y,9299751712,Dr. SIDDHARTH REDDY  ALLA,OPRInv1021-202569535,BIOPSY SMALL,,1000,0,0,1000,1000,0,Cash,NAGUR VALI  SHAIK,Walk-In,Walk-In
10-06-2025,MR10210002517,OP10210005132,Mrs. V SAMBRAJYAM  ,Female,73Y,9866127926,Dr. SIDDHARTH REDDY  ALLA,OPRInv1021-2025610536,"BIOPSY SMALL, ENDOSCOPY",,4300,0,0,4300,4300,0,Cash,NAGUR VALI  SHAIK,Walk-In,Walk-In
10-06-2025,MR10210003047,OP10210005138,Mr. N NAGA KIRAN  ,Male,27Y,7731914191,Dr. SIDDHARTH REDDY  ALLA,OPRInv1021-2025610537,ENDOSCOPY,,3300,0,0,3300,3300,0,UPI - PhonePe,NAGUR VALI  SHAIK,Walk-In,Walk-In
10-06-2025,MR10210003048,OP10210005140,Mrs. T SRI DEVI,Female,43Y,7989207858,Dr. SIDDHARTH REDDY  ALLA,OPRInv1021-2025610538,ENDOSCOPY,,3300,0,0,3300,3300,0,UPI - PhonePe,NAGUR VALI  SHAIK,Walk-In,Walk-In
10-06-2025,MR10210003045,OP10210005136,Mrs. Y LAKSHMI  ,Female,45Y,9848371460,Dr. SIDDHARTH REDDY  ALLA,OPRInv1021-2025610539,ENDOSCOPY,,3300,0,0,3300,3300,0,UPI - PhonePe,NAGUR VALI  SHAIK,Walk-In,Walk-In
10-06-2025,MR10210003045,OP10210005136,Mrs. Y LAKSHMI  ,Female,45Y,9848371460,Dr. SIDDHARTH REDDY  ALLA,OPRInv1021-2025610540,RUT,,500,0,0,500,500,0,Cash,NAGUR VALI  SHAIK,Walk-In,Walk-In
10-06-2025,MR10210003047,OP10210005138,Mr. N NAGA KIRAN  ,Male,27Y,7731914191,Dr. SIDDHARTH REDDY  ALLA,OPRInv1021-2025610541,RUT,,500,0,0,500,500,0,UPI - PhonePe,NAGUR VALI  SHAIK,Walk-In,Walk-In
11-06-2025,MR10210003051,OP10210005145,Mr. K SUBBA REDDY  ,Male,55Y,9966448444,Dr. SIDDHARTH REDDY  ALLA,OPRInv1021-2025611542,ENDOSCOPY,,3300,500,0,2800,2800,0,UPI - PhonePe,NAGUR VALI  SHAIK,Walk-In,Walk-In
11-06-2025,MR10210003051,OP10210005145,Mr. K SUBBA REDDY  ,Male,55Y,9966448444,Dr. SIDDHARTH REDDY  ALLA,OPRInv1021-2025611543,RUT,,500,0,0,500,500,0,UPI - PhonePe,NAGUR VALI  SHAIK,Walk-In,Walk-In
11-06-2025,MR10210002908,OP10210005147,Mrs. PALOD ANASUYA,Female,50Y,9705099202,Dr. SIDDHARTH REDDY  ALLA,OPRInv1021-2025611544,UGISCOPY + STENT REMOVAL,,5000,1700,0,3300,3300,0,Cash,Siddhartha Reddy ,Walk-In,Walk-In
11-06-2025,MR10210003050,OP10210005144,Mrs. G SEETHAMMA  ,Female,43Y,8185889295,Dr. SIDDHARTH REDDY  ALLA,OPRInv1021-2025611545,ENDOSCOPY,,3300,0,0,3300,3300,0,Cash,NAGUR VALI  SHAIK,Walk-In,Walk-In
11-06-2025,MR10210003050,OP10210005144,Mrs. G SEETHAMMA  ,Female,43Y,8185889295,Dr. SIDDHARTH REDDY  ALLA,OPRInv1021-2025611546,RUT,,500,0,0,500,500,0,Cash,NAGUR VALI  SHAIK,Walk-In,Walk-In
12-06-2025,MR10210002589,OP10210005158,Mrs. P ANANTHA LAKSHMI,Female,34Y,7396316002,Dr. SIDDHARTH REDDY  ALLA,OPRInv1021-2025612547,"ANESTHETIA SGA, Co2 CHARGES FOR PROCEDURE, O2 CHARGES FOR PROCEDURE, SG DILATATION",,18500,0,0,18500,18500,0,UPI - PhonePe,NAGUR VALI  SHAIK,Walk-In,Walk-In
13-06-2025,MR10210003056,OP10210005164,Mr. p sandeep,Male,27Y,9944596226,Dr. SIDDHARTH REDDY  ALLA,OPRInv1021-2025613548,"BIOPSY SMALL, ENDOSCOPY",,4300,0,0,4300,4300,0,UPI - PhonePe,NAGUR VALI  SHAIK,Walk-In,Walk-In
13-06-2025,MR10210002531,OP10210005168,Mr. M CHANIKYA  ,Male,33Y,9490984757,Dr. SIDDHARTH REDDY  ALLA,OPRInv1021-2025613549,ENDOSCOPY,,3300,0,0,3300,3300,0,Cash,NAGUR VALI  SHAIK,Walk-In,Walk-In
13-06-2025,MR10210003060,OP10210005175,Mr. A VENKATESWARA RAO,Male,73Y,9948513352,Dr. SIDDHARTH REDDY  ALLA,OPRInv1021-2025613550,"ANESTHETIA SGA, Co2 CHARGES FOR PROCEDURE, COLONOSCOPY, ENDOSCOPY, O2 CHARGES FOR PROCEDURE",,13100,2500,0,10600,10600,0,Cash,NAGUR VALI  SHAIK,Walk-In,Walk-In
13-06-2025,MR10210002531,OP10210005168,Mr. M CHANIKYA  ,Male,33Y,9490984757,Dr. SIDDHARTH REDDY  ALLA,OPRInv1021-2025613551,RUT,,500,0,0,500,500,0,Cash,NAGUR VALI  SHAIK,Walk-In,Walk-In
14-06-2025,MR10210003063,OP10210005180,Mr. K BALA SUBBA RAO  ,Male,65Y,9848488013,Dr. SIDDHARTH REDDY  ALLA,OPRInv1021-2025614552,ENDOSCOPY,,3300,0,0,3300,3300,0,Cash,NAGUR VALI  SHAIK,Walk-In,Walk-In
14-06-2025,MR10210002991,OP10210005178,Mr. sri  ram ,Male,23Y,7013598017,Dr. SIDDHARTH REDDY  ALLA,OPRInv1021-2025614553,ENDOSCOPY,,3300,500,0,2800,2800,0,UPI - PhonePe,NAGUR VALI  SHAIK,Walk-In,Walk-In
14-06-2025,MR10210002943,OP10210005181,Mr. MAHABOOB SUBHANI  ,Male,48Y,7337498325,Dr. SIDDHARTH REDDY  ALLA,OPRInv1021-2025614554,ENDOSCOPY,,3300,500,0,2800,2800,0,Cash,NAGUR VALI  SHAIK,Walk-In,Walk-In
14-06-2025,MR10210003064,OP10210005182,Mr. A V S REDDY  ,Male,60Y,9701390918,Dr. SIDDHARTH REDDY  ALLA,OPRInv1021-2025614555,"ANESTHETIA SGA, Co2 CHARGES FOR PROCEDURE, COLONOSCOPY, ENDOSCOPY, O2 CHARGES FOR PROCEDURE",,13100,0,0,13100,13100,0,UPI - PhonePe,NAGUR VALI  SHAIK,Walk-In,Walk-In
14-06-2025,MR10210003065,OP10210005186,Mrs. D SUBBA RATNAM,Female,62Y,9989153311,Dr. SIDDHARTH REDDY  ALLA,OPRInv1021-2025614556,ENDOSCOPY,,3300,0,0,3300,3300,0,UPI - PhonePe,NAGUR VALI  SHAIK,Walk-In,Walk-In
14-06-2025,MR10210003065,OP10210005190,Mrs. D SUBBA RATNAM,Female,62Y,9989153311,Dr. SIDDHARTH REDDY  ALLA,OPRInv1021-2025614557,"BIOPSY SMALL, RUT",,1500,0,0,1500,1500,0,UPI - PhonePe,NAGUR VALI  SHAIK,Walk-In,Walk-In
14-06-2025,MR10210003063,OP10210005180,Mr. K BALA SUBBA RAO  ,Male,65Y,9848488013,Dr. SIDDHARTH REDDY  ALLA,OPRInv1021-2025614558,BIOPSY SMALL,,1000,0,0,1000,1000,0,Cash,NAGUR VALI  SHAIK,Walk-In,Walk-In
14-06-2025,MR10210003068,OP10210005194,Mr. K MADHUBABU,Male,28Y,9398548369,Dr. SIDDHARTH REDDY  ALLA,OPRInv1021-2025614559,ENDOSCOPY,,3300,0,0,3300,3300,0,Cash,NAGUR VALI  SHAIK,Walk-In,Walk-In
14-06-2025,MR10210003067,OP10210005193,Mrs. B PADMA,Female,38Y,9381865924,Dr. SIDDHARTH REDDY  ALLA,OPRInv1021-2025614560,ENDOSCOPY,,3300,0,0,3300,3300,0,Cash,NAGUR VALI  SHAIK,Walk-In,Walk-In
14-06-2025,MR10210002991,OP10210005178,Mr. sri  ram ,Male,23Y,7013598017,Dr. SIDDHARTH REDDY  ALLA,OPRInv1021-2025614561,RUT,,500,0,0,500,500,0,UPI - PhonePe,NAGUR VALI  SHAIK,Walk-In,Walk-In
14-06-2025,MR10210003068,OP10210005194,Mr. K MADHUBABU,Male,28Y,9398548369,Dr. SIDDHARTH REDDY  ALLA,OPRInv1021-2025614562,RUT,,500,0,0,500,500,0,Cash,NAGUR VALI  SHAIK,Walk-In,Walk-In
14-06-2025,MR10210003067,OP10210005193,Mrs. B PADMA,Female,38Y,9381865924,Dr. SIDDHARTH REDDY  ALLA,OPRInv1021-2025614563,RUT,,500,0,0,500,500,0,Cash,NAGUR VALI  SHAIK,Walk-In,Walk-In
14-06-2025,MR10210003064,OP10210005182,Mr. A V S REDDY  ,Male,60Y,9701390918,Dr. SIDDHARTH REDDY  ALLA,OPRInv1021-2025614564,RUT,,500,0,0,500,500,0,Cash,NAGUR VALI  SHAIK,Walk-In,Walk-In
14-06-2025,MR10210003071,OP10210005198,Mr. SK KOUSAR,Male,8Y,9966802205,Dr. SIDDHARTH REDDY  ALLA,OPRInv1021-2025614565,ENDOSCOPY,,3300,0,0,3300,3300,0,UPI - PhonePe,NAGUR VALI  SHAIK,Walk-In,Walk-In
16-06-2025,MR10210003075,OP10210005205,Mr. N DHANAIAH,Male,66Y,8688843488,Dr. SIDDHARTH REDDY  ALLA,OPRInv1021-2025616566,ENDOSCOPY,,3300,0,0,3300,3300,0,Cash,NAGUR VALI  SHAIK,Walk-In,Walk-In
16-06-2025,MR10210003077,OP10210005208,Mrs. G BHARATHI LAKSHMI,Female,45Y,7207399715,Dr. SIDDHARTH REDDY  ALLA,OPRInv1021-2025616567,ENDOSCOPY,,3300,0,0,3300,3300,0,Cash,NAGUR VALI  SHAIK,Walk-In,Walk-In
16-06-2025,MR10210002788,OP10210005207,Mr. Y MANIKANTA  ,Male,19Y,7842748488,Dr. SIDDHARTH REDDY  ALLA,OPRInv1021-2025616568,SG DILATATION,,15000,1500,0,13500,13500,0,Cash,NAGUR VALI  SHAIK,Walk-In,Walk-In
16-06-2025,MR10210003082,OP10210005218,Mr. M SIVAIAH,Male,88Y,9912074108,Dr. SIDDHARTH REDDY  ALLA,OPRInv1021-2025616569,ENDOSCOPY,,3300,0,0,3300,3300,0,UPI - PhonePe,NAGUR VALI  SHAIK,Walk-In,Walk-In
17-06-2025,MR10210002012,OP10210005225,Mr. P MOHAN SANKAR  ,Male,22Y,8688638349,Dr. SIDDHARTH REDDY  ALLA,OPRInv1021-2025617570,SIGMOIDOSCOPY,,3300,0,0,3300,3300,0,Cash,NAGUR VALI  SHAIK,Walk-In,Walk-In
17-06-2025,MR10210003086,OP10210005227,Mr. R RAMA RAJU  ,Male,49Y,9885047870,Dr. SIDDHARTH REDDY  ALLA,OPRInv1021-2025617571,RUT,,500,0,0,500,500,0,Cash,NAGUR VALI  SHAIK,Walk-In,Walk-In
17-06-2025,MR10210003086,OP10210005227,Mr. R RAMA RAJU  ,Male,49Y,9885047870,Dr. SIDDHARTH REDDY  ALLA,OPRInv1021-2025617572,ENDOSCOPY,,3300,0,0,3300,3300,0,Cash,NAGUR VALI  SHAIK,Walk-In,Walk-In
17-06-2025,MR10210003087,OP10210005229,Mr. K SAMBA SIVA RAO  ,Male,65Y,9849130993,Dr. SIDDHARTH REDDY  ALLA,OPRInv1021-2025617573,"ANESTHETIA SGA, Co2 CHARGES FOR PROCEDURE, COLONOSCOPY, ENDOSCOPY, O2 CHARGES FOR PROCEDURE",,13100,1500,0,11600,11600,0,UPI - PhonePe,NAGUR VALI  SHAIK,Walk-In,Walk-In
17-06-2025,MR10210003090,OP10210005235,Mr. M SRINIVASA RAO,Male,48Y,9603233714,Dr. SIDDHARTH REDDY  ALLA,OPRInv1021-2025617574,ENDOSCOPY,,3300,0,0,3300,3300,0,UPI - PhonePe,NAGUR VALI  SHAIK,Walk-In,Walk-In
17-06-2025,MR10210003087,OP10210005229,Mr. K SAMBA SIVA RAO  ,Male,65Y,9849130993,Dr. SIDDHARTH REDDY  ALLA,OPRInv1021-2025617575,BIOPSY SMALL,,1000,0,0,1000,1000,0,UPI - PhonePe,NAGUR VALI  SHAIK,Walk-In,Walk-In
18-06-2025,MR10210003095,OP10210005244,Mr. M SHANKAR REDDY  ,Male,59Y,9963639542,Dr. SIDDHARTH REDDY  ALLA,OPRInv1021-2025618576,ENDOSCOPY,,3300,0,0,3300,3300,0,Cash,NAGUR VALI  SHAIK,Walk-In,Walk-In
18-06-2025,MR10210003096,OP10210005245,Mr. V SRINIVASA RAO  ,Male,46Y,9848520825,Dr. SIDDHARTH REDDY  ALLA,OPRInv1021-2025618577,ENDOSCOPY,,3300,0,0,3300,3300,0,UPI - PhonePe,NAGUR VALI  SHAIK,Walk-In,Walk-In
18-06-2025,MR10210003097,OP10210005247,Mr. G SOMA RAJU  ,Male,42Y,9392920816,Dr. SIDDHARTH REDDY  ALLA,OPRInv1021-2025618578,ENDOSCOPY,,3300,500,0,2800,2800,0,Cash,NAGUR VALI  SHAIK,Walk-In,Walk-In
18-06-2025,MR10210003095,OP10210005244,Mr. M SHANKAR REDDY  ,Male,59Y,9963639542,Dr. SIDDHARTH REDDY  ALLA,OPRInv1021-2025618579,RUT,,500,0,0,500,500,0,Cash,NAGUR VALI  SHAIK,Walk-In,Walk-In
18-06-2025,MR10210003096,OP10210005245,Mr. V SRINIVASA RAO  ,Male,46Y,9848520825,Dr. SIDDHARTH REDDY  ALLA,OPRInv1021-2025618580,BIOPSY SMALL,,1000,0,0,1000,1000,0,Cash,NAGUR VALI  SHAIK,Walk-In,Walk-In
19-06-2025,MR10210003101,OP10210005259,Mrs. G SANDHYA  ,Female,27Y,9948242482,Dr. SIDDHARTH REDDY  ALLA,OPRInv1021-2025619581,ENDOSCOPY,,3300,0,0,3300,3300,0,UPI - PhonePe,NAGUR VALI  SHAIK,Walk-In,Walk-In
19-06-2025,MR10210003101,OP10210005259,Mrs. G SANDHYA  ,Female,27Y,9948242482,Dr. SIDDHARTH REDDY  ALLA,OPRInv1021-2025619582,RUT,,500,0,0,500,500,0,Cash,NAGUR VALI  SHAIK,Walk-In,Walk-In
19-06-2025,MR10210003103,OP10210005264,Mr. T KISHORE REDDY  ,Male,32Y,7799357721,Dr. SIDDHARTH REDDY  ALLA,OPRInv1021-2025619583,ENDOSCOPY,,3300,0,0,3300,3300,0,UPI - PhonePe,NAGUR VALI  SHAIK,Walk-In,Walk-In
20-06-2025,MR10210002431,OP10210005277,Mr. M SUKUNDHAR RAO  ,Male,56Y,9949121967,Dr. SIDDHARTH REDDY  ALLA,OPRInv1021-2025620584,"ANESTHETIA SGA, Co2 CHARGES FOR PROCEDURE, COLONOSCOPY, O2 CHARGES FOR PROCEDURE",,9800,1500,0,8300,8300,0,Cash,NAGUR VALI  SHAIK,Walk-In,Walk-In
20-06-2025,MR10210003107,OP10210005276,Mr. M REDDEPPA REDDY  ,Male,41Y,9704519704,Dr. SIDDHARTH REDDY  ALLA,OPRInv1021-2025620585,ENDOSCOPY,,3300,0,0,3300,3300,0,UPI - PhonePe,NAGUR VALI  SHAIK,Walk-In,Walk-In
20-06-2025,MR10210003111,OP10210005285,Mrs. M BHU LAKSHMI,Female,58Y,9618441130,Dr. SIDDHARTH REDDY  ALLA,OPRInv1021-2025620586,ENDOSCOPY,,3300,0,0,3300,3300,0,UPI - PhonePe,NAGUR VALI  SHAIK,Walk-In,Walk-In
20-06-2025,MR10210003110,OP10210005284,Mr. T SRINIVASA RAO  ,Male,50Y,7396972429,Dr. SIDDHARTH REDDY  ALLA,OPRInv1021-2025620587,ENDOSCOPY,,3300,1300,0,2000,2000,0,Cash,Siddhartha Reddy ,Walk-In,Walk-In
21-06-2025,MR10210003115,OP10210005291,Mrs. A LAKSHMI  ,Female,48Y,8341950526,Dr. SIDDHARTH REDDY  ALLA,OPRInv1021-2025621588,"ENDOSCOPY, RUT",,3800,0,0,3800,3800,0,Cash,NAGUR VALI  SHAIK,Walk-In,Walk-In
21-06-2025,MR10210003121,OP10210005300,Mrs. G NIRMALA,Female,51Y,9676369903,Dr. SIDDHARTH REDDY  ALLA,OPRInv1021-2025621589,ERCP,,35000,0,0,35000,35000,0,UPI - PhonePe,NAGUR VALI  SHAIK,Walk-In,Walk-In
21-06-2025,MR10210003120,OP10210005298,Mr. K BUJJI REDDY  ,Male,36Y,8712361880,Dr. SIDDHARTH REDDY  ALLA,OPRInv1021-2025621590,"ENDOSCOPY, RUT",,3800,0,0,3800,3800,0,UPI - PhonePe,NAGUR VALI  SHAIK,Walk-In,Walk-In
21-06-2025,MR10210003122,OP10210005302,Mrs. K VIJAYALAKSHMI,Female,63Y,9396613579,Dr. SIDDHARTH REDDY  ALLA,OPRInv1021-2025621591,ENDOSCOPY,,3300,0,0,3300,3300,0,Cash,NAGUR VALI  SHAIK,Walk-In,Walk-In
21-06-2025,MR10210003124,OP10210005305,Mr. M VENKATA KRISHNA,Male,29Y,9676578397,Dr. SIDDHARTH REDDY  ALLA,OPRInv1021-2025621592,ENDOSCOPY,,3300,0,0,3300,3300,0,UPI - PhonePe,NAGUR VALI  SHAIK,Walk-In,Walk-In
21-06-2025,MR10210003117,OP10210005294,Mrs. G RADHIKA  ,Female,40Y,9848578297,Dr. SIDDHARTH REDDY  ALLA,OPRInv1021-2025621593,ENDOSCOPY,,3300,1300,0,2000,2000,0,Cash,Siddhartha Reddy ,Walk-In,Walk-In
22-06-2025,MR10210003127,OP10210005313,Baby. SK ABDUL AHAD,Female,1Y,9290001430,Dr. SIDDHARTH REDDY  ALLA,OPRInv1021-2025622594,FOREIGN BODY REMOVAL - BLUNT,,10000,0,0,10000,10000,0,Cash,NAGUR VALI  SHAIK,Walk-In,Walk-In
23-06-2025,MR10210003130,OP10210005317,Mr. J GOVARDHAN,Male,25Y,9966293324,Dr. SIDDHARTH REDDY  ALLA,OPRInv1021-2025623595,ENDOSCOPY,,3300,0,0,3300,3300,0,UPI - PhonePe,NAGUR VALI  SHAIK,Walk-In,Walk-In
23-06-2025,MR10210002685,OP10210005318,Mr. P SAMBA SIVA RAO  ,Male,62Y,9100851184,Dr. SIDDHARTH REDDY  ALLA,OPRInv1021-2025623596,ENDOSCOPY,,3300,0,0,3300,3300,0,Cash,NAGUR VALI  SHAIK,Walk-In,Walk-In
23-06-2025,MR10210003133,OP10210005321,Mr. N SUBHA REDDY,Male,20Y,7013047303,Dr. SIDDHARTH REDDY  ALLA,OPRInv1021-2025623597,ENDOSCOPY,,3300,0,0,3300,3300,0,UPI - PhonePe,NAGUR VALI  SHAIK,Walk-In,Walk-In
23-06-2025,MR10210003130,OP10210005317,Mr. J GOVARDHAN,Male,25Y,9966293324,Dr. SIDDHARTH REDDY  ALLA,OPRInv1021-2025623598,RUT,,500,0,0,500,500,0,UPI - PhonePe,NAGUR VALI  SHAIK,Walk-In,Walk-In
23-06-2025,MR10210003133,OP10210005321,Mr. N SUBHA REDDY,Male,20Y,7013047303,Dr. SIDDHARTH REDDY  ALLA,OPRInv1021-2025623599,RUT,,500,0,0,500,500,0,Cash,NAGUR VALI  SHAIK,Walk-In,Walk-In
23-06-2025,MR10210003128,OP10210005314,Mr. A VENKATAIAH,Male,70Y,9640667707,Dr. SIDDHARTH REDDY  ALLA,OPRInv1021-2025623600,ERCP,,35000,0,0,35000,35000,0,Cash,NAGUR VALI  SHAIK,Walk-In,Walk-In
23-06-2025,MR10210003128,OP10210005314,Mr. A VENKATAIAH,Male,70Y,9640667707,Dr. SIDDHARTH REDDY  ALLA,OPRInv1021-2025623601,BIOPSY LARGE,,2000,500,0,1500,1500,0,UPI - PhonePe,NAGUR VALI  SHAIK,Walk-In,Walk-In
24-06-2025,MR10210003142,OP10210005343,Mr. S SRINIVAS RAO,Male,43Y,8500589619,Dr. SIDDHARTH REDDY  ALLA,OPRInv1021-2025624602,ENDOSCOPY,,3300,0,0,3300,3300,0,Cash,NAGUR VALI  SHAIK,Walk-In,Walk-In
24-06-2025,MR10210003145,OP10210005346,Mr. B RAMA SWAMY,Male,56Y,9052355410,Dr. SIDDHARTH REDDY  ALLA,OPRInv1021-2025624603,ENDOSCOPY,,3300,0,0,3300,3300,0,Cash,NAGUR VALI  SHAIK,Walk-In,Walk-In
24-06-2025,MR10210003147,OP10210005348,Mr. SAMBAIAH P,Male,75Y,9392359237,Dr. SIDDHARTH REDDY  ALLA,OPRInv1021-2025624604,ENDOSCOPY,,3300,0,0,3300,3300,0,Cash,NAGUR VALI  SHAIK,Walk-In,Walk-In
24-06-2025,MR10210003148,OP10210005349,Mr. P RAMESH,Male,33Y,7075075355,Dr. SIDDHARTH REDDY  ALLA,OPRInv1021-2025624605,ENDOSCOPY,,3300,0,0,3300,2815,485,Cash,NAGUR VALI  SHAIK,Walk-In,Walk-In
24-06-2025,MR10210003148,OP10210005349,Mr. P RAMESH,Male,33Y,7075075355,Dr. SIDDHARTH REDDY  ALLA,OPRInv1021-2025624605,ENDOSCOPY,,3300,0,0,485,485,0,Cash,NAGUR VALI  SHAIK,Walk-In,Walk-In
24-06-2025,MR10210003148,OP10210005349,Mr. P RAMESH,Male,33Y,7075075355,Dr. SIDDHARTH REDDY  ALLA,OPRInv1021-2025624606,RUT,,500,0,0,500,500,0,UPI - PhonePe,NAGUR VALI  SHAIK,Walk-In,Walk-In
24-06-2025,MR10210003142,OP10210005343,Mr. S SRINIVAS RAO,Male,43Y,8500589619,Dr. SIDDHARTH REDDY  ALLA,OPRInv1021-2025624607,RUT,,500,0,0,500,500,0,Cash,NAGUR VALI  SHAIK,Walk-In,Walk-In
25-06-2025,MR10210002936,OP10210005360,Mr. SD NIZAM ,Male,25Y,9640207038,Dr. SIDDHARTH REDDY  ALLA,OPRInv1021-2025625608,ENDOSCOPY,,3300,0,0,3300,3300,0,UPI - PhonePe,NAGUR VALI  SHAIK,Walk-In,Walk-In
25-06-2025,MR10210002936,OP10210005360,Mr. SD NIZAM ,Male,25Y,9640207038,Dr. SIDDHARTH REDDY  ALLA,OPRInv1021-2025625609,RUT,,500,0,0,500,500,0,Cash,NAGUR VALI  SHAIK,Walk-In,Walk-In
25-06-2025,MR10210003155,OP10210005367,Mrs. G POOJITHA,Female,24Y,9347805808,Dr. SIDDHARTH REDDY  ALLA,OPRInv1021-2025625610,ENDOSCOPY,,3300,0,0,3300,3300,0,UPI - PhonePe,NAGUR VALI  SHAIK,Walk-In,Walk-In
25-06-2025,MR10210003155,OP10210005367,Mrs. G POOJITHA,Female,24Y,9347805808,Dr. SIDDHARTH REDDY  ALLA,OPRInv1021-2025625611,RUT,,500,0,0,500,500,0,UPI - PhonePe,NAGUR VALI  SHAIK,Walk-In,Walk-In
25-06-2025,MR10210003159,OP10210005372,Mr. M RAJENDRA PRASAD,Male,59Y,9014322264,Dr. SIDDHARTH REDDY  ALLA,OPRInv1021-2025625612,ENDOSCOPY,,3300,0,0,3300,3300,0,UPI - PhonePe,NAGUR VALI  SHAIK,Walk-In,Walk-In
26-06-2025,MR10210003156,OP10210005388,Mrs. K UDAY LAKSHMI ,Female,60Y,9951967667,Dr. SIDDHARTH REDDY  ALLA,OPRInv1021-2025626613,"ANESTHETIA SGA, Co2 CHARGES FOR PROCEDURE, ENDOSCOPY, O2 CHARGES FOR PROCEDURE",,6800,0,0,6800,6800,0,Cash,NAGUR VALI  SHAIK,Walk-In,Walk-In
26-06-2025,MR10210003156,OP10210005388,Mrs. K UDAY LAKSHMI ,Female,60Y,9951967667,Dr. SIDDHARTH REDDY  ALLA,OPRInv1021-2025626614,BIOPSY SMALL,,1000,0,0,1000,1000,0,Cash,NAGUR VALI  SHAIK,Walk-In,Walk-In
26-06-2025,MR10210001983,OP10210005383,Mr. P NARAYANA MURTHY ,Male,78Y,9246484444,Dr. SIDDHARTH REDDY  ALLA,OPRInv1021-2025626615,"ANESTHETIA SGA, Co2 CHARGES FOR PROCEDURE, ENDOSCOPY, O2 CHARGES FOR PROCEDURE",,6800,0,0,6800,6800,0,UPI - PhonePe,NAGUR VALI  SHAIK,Walk-In,Walk-In
26-06-2025,MR10210003168,OP10210005391,Mr. A KALYAN ,Male,39Y,9949907126,Dr. SIDDHARTH REDDY  ALLA,OPRInv1021-2025626616,ENDOSCOPY,,3300,0,0,3300,3300,0,Cash,NAGUR VALI  SHAIK,Walk-In,Walk-In
26-06-2025,MR10210003167,OP10210005390,Mr. P BABJI ,Male,40Y,6300477537,Dr. SIDDHARTH REDDY  ALLA,OPRInv1021-2025626617,ENDOSCOPY,,3300,0,0,3300,3300,0,Cash,NAGUR VALI  SHAIK,Walk-In,Walk-In
26-06-2025,MR10210003169,OP10210005394,Mrs. S PAVITHRA,Female,23Y,7075795457,Dr. SIDDHARTH REDDY  ALLA,OPRInv1021-2025626618,"ANESTHETIA SGA, Co2 CHARGES FOR PROCEDURE, COLONOSCOPY, O2 CHARGES FOR PROCEDURE",,9800,1500,0,8300,8300,0,Cash,NAGUR VALI  SHAIK,Walk-In,Walk-In
26-06-2025,MR10210003122,OP10210005395,Mrs. K VIJAYALAKSHMI,Female,63Y,9396613579,Dr. SIDDHARTH REDDY  ALLA,OPRInv1021-2025626619,"ANESTHETIA SGA, Co2 CHARGES FOR PROCEDURE, O2 CHARGES FOR PROCEDURE, SG DILATATION",,18500,3000,0,15500,15500,0,UPI - PhonePe,NAGUR VALI  SHAIK,Walk-In,Walk-In
26-06-2025,MR10210003167,OP10210005390,Mr. P BABJI ,Male,40Y,6300477537,Dr. SIDDHARTH REDDY  ALLA,OPRInv1021-2025626620,RUT,,500,0,0,500,500,0,Cash,NAGUR VALI  SHAIK,Walk-In,Walk-In
26-06-2025,MR10210003173,OP10210005399,Mrs. Y RAMANAMMA,Female,55Y,7995159613,Dr. SIDDHARTH REDDY  ALLA,OPRInv1021-2025626621,"BIOPSY LARGE, ERCP",,37000,500,0,36500,36500,0,Cash,NAGUR VALI  SHAIK,Walk-In,Walk-In
27-06-2025,MR10210003177,OP10210005402,Mrs. M PADMAVATHI ,Female,43Y,9985692932,Dr. SIDDHARTH REDDY  ALLA,OPRInv1021-2025627622,ENDOSCOPY,,3300,0,0,3300,3300,0,Cash,NAGUR VALI  SHAIK,Walk-In,Walk-In
27-06-2025,MR10210003172,OP10210005404,Mrs. P VARALAKSHMI,Female,49Y,8686593536,Dr. SIDDHARTH REDDY  ALLA,OPRInv1021-2025627623,"ANESTHETIA SGA, Co2 CHARGES FOR PROCEDURE, COLONOSCOPY, O2 CHARGES FOR PROCEDURE",,9800,0,0,9800,9800,0,Cash,NAGUR VALI  SHAIK,Walk-In,Walk-In
27-06-2025,MR10210003179,OP10210005405,Mr. K ANILKUMAR,Male,30Y,9884964683,Dr. SIDDHARTH REDDY  ALLA,OPRInv1021-2025627624,ENDOSCOPY,,3300,0,0,3300,3300,0,UPI - PhonePe,NAGUR VALI  SHAIK,Walk-In,Walk-In
27-06-2025,MR10210003179,OP10210005408,Mr. K ANILKUMAR,Male,30Y,9884964683,Dr. SIDDHARTH REDDY  ALLA,OPRInv1021-2025627625,RUT,,500,0,0,500,500,0,UPI - PhonePe,NAGUR VALI  SHAIK,Walk-In,Walk-In
27-06-2025,MR10210001066,OP10210005406,Mr. E SATYAVENI ,Male,62Y,9848328289,Dr. SIDDHARTH REDDY  ALLA,OPRInv1021-2025627626,"ANESTHETIA SGA, Co2 CHARGES FOR PROCEDURE, COLONOSCOPY, ENDOSCOPY, O2 CHARGES FOR PROCEDURE",,13100,0,0,13100,13100,0,UPI - PhonePe,NAGUR VALI  SHAIK,Walk-In,Walk-In
27-06-2025,MR10210003185,OP10210005418,Mr. M VENKATESWARLU,Male,59Y,9441417367,Dr. SIDDHARTH REDDY  ALLA,OPRInv1021-2025627627,ENDOSCOPY,,3300,0,0,3300,3300,0,Cash,NAGUR VALI  SHAIK,Walk-In,Walk-In
27-06-2025,MR10210001066,OP10210005406,Mr. E SATYAVENI ,Male,62Y,9848328289,Dr. SIDDHARTH REDDY  ALLA,OPRInv1021-2025627628,BIOPSY LARGE,,2000,0,0,2000,2000,0,UPI - PhonePe,NAGUR VALI  SHAIK,Walk-In,Walk-In
27-06-2025,MR10210003190,OP10210005427,Mrs. SAMBRAJYAM B,Female,68Y,9490848674,Dr. SIDDHARTH REDDY  ALLA,OPRInv1021-2025627629,"ANESTHETIA SGA, Co2 CHARGES FOR PROCEDURE, COLONOSCOPY, O2 CHARGES FOR PROCEDURE",,9800,0,0,9800,9800,0,UPI - PhonePe,SAI REDDY G,Walk-In,Walk-In
27-06-2025,MR10210003191,OP10210005428,Mrs. SAMBRAJYAM G,Female,70Y,9490848674,Dr. SIDDHARTH REDDY  ALLA,OPRInv1021-2025627630,BIOPSY SMALL,,1000,0,0,1000,1000,0,UPI - PhonePe,NAGUR VALI  SHAIK,Walk-In,Walk-In
28-06-2025,MR10210003192,OP10210005430,Mr. CHITTARANJAN DAS T,Male,72Y,9849467062,Dr. SIDDHARTH REDDY  ALLA,OPRInv1021-2025628631,ENDOSCOPY,,3300,0,0,3300,3300,0,Cash,NAGUR VALI  SHAIK,Walk-In,Walk-In
28-06-2025,MR10210003193,OP10210005433,Ms. PRIYANKA T,Female,35Y,7981950348,Dr. SIDDHARTH REDDY  ALLA,OPRInv1021-2025628632,ENDOSCOPY,,3300,0,0,3300,3300,0,UPI - PhonePe,NAGUR VALI  SHAIK,Walk-In,Walk-In
28-06-2025,MR10210003189,OP10210005432,Mr. LIMBA A,Male,55Y,7032796338,Dr. SIDDHARTH REDDY  ALLA,OPRInv1021-2025628633,ENDOSCOPY,,3300,0,0,3300,3300,0,UPI - PhonePe,NAGUR VALI  SHAIK,Walk-In,Walk-In
28-06-2025,MR10210002247,OP10210005429,Mr. G SIVA REDDY ,Male,64Y,9492240538,Dr. SIDDHARTH REDDY  ALLA,OPRInv1021-2025628634,ENDOSCOPY,,3300,0,0,3300,3300,0,Cash,NAGUR VALI  SHAIK,Walk-In,Walk-In
28-06-2025,MR10210003193,OP10210005437,Ms. PRIYANKA T,Female,35Y,7981950348,Dr. SIDDHARTH REDDY  ALLA,OPRInv1021-2025628635,RUT,,500,0,0,500,500,0,Cash,NAGUR VALI  SHAIK,Walk-In,Walk-In
28-06-2025,MR10210003192,OP10210005438,Mr. CHITTARANJAN DAS T,Male,72Y,9849467062,Dr. SIDDHARTH REDDY  ALLA,OPRInv1021-2025628636,RUT,,500,0,0,500,500,0,Cash,NAGUR VALI  SHAIK,Walk-In,Walk-In
28-06-2025,MR10210001919,OP10210005436,Mr. V VASANTHA RAO ,Male,50Y,9676336943,Dr. SIDDHARTH REDDY  ALLA,OPRInv1021-2025628637,ENDOSCOPY,,3300,500,0,2800,2800,0,Cash,NAGUR VALI  SHAIK,Walk-In,Walk-In
28-06-2025,MR10210003197,OP10210005446,Ms. SRI LAKSHMI B,Female,44Y,8297337177,Dr. SIDDHARTH REDDY  ALLA,OPRInv1021-2025628638,ENDOSCOPY,,3300,0,0,3300,3300,0,Cash,NAGUR VALI  SHAIK,Walk-In,Walk-In
28-06-2025,MR10210003196,OP10210005442,Mr. B SRINIVASA RAO ,Male,47Y,8142452002,Dr. SIDDHARTH REDDY  ALLA,OPRInv1021-2025628639,ENDOSCOPY,,3300,0,0,3300,3300,0,UPI - PhonePe,NAGUR VALI  SHAIK,Walk-In,Walk-In
28-06-2025,MR10210003198,OP10210005449,Mr. S VENKATESWAR RAO ,Male,28Y,7989538368,Dr. SIDDHARTH REDDY  ALLA,OPRInv1021-2025628640,ENDOSCOPY,,3300,500,0,2800,2800,0,UPI - PhonePe,NAGUR VALI  SHAIK,Walk-In,Walk-In
28-06-2025,MR10210003199,OP10210005461,Mrs. GOUSIYA SK,Female,49Y,8008018316,Dr. SIDDHARTH REDDY  ALLA,OPRInv1021-2025628641,"ANESTHETIA SGA, Co2 CHARGES FOR PROCEDURE, FOREIGN BODY REMOVAL - SHARP, O2 CHARGES FOR PROCEDURE",,23500,5000,0,18500,18500,0,UPI - PhonePe,NAGUR VALI  SHAIK,Walk-In,Walk-In
28-06-2025,MR10210003198,OP10210005449,Mr. S VENKATESWAR RAO ,Male,28Y,7989538368,Dr. SIDDHARTH REDDY  ALLA,OPRInv1021-2025628642,RUT,,500,0,0,500,500,0,UPI - PhonePe,NAGUR VALI  SHAIK,Walk-In,Walk-In
28-06-2025,MR10210003196,OP10210005442,Mr. B SRINIVASA RAO ,Male,47Y,8142452002,Dr. SIDDHARTH REDDY  ALLA,OPRInv1021-2025628643,RUT,,500,0,0,500,500,0,UPI - PhonePe,NAGUR VALI  SHAIK,Walk-In,Walk-In
30-06-2025,MR10210003202,OP10210005467,Mrs. G SIRISHA KUMARI ,Female,78Y,9885963234,Dr. SIDDHARTH REDDY  ALLA,OPRInv1021-2025630644,ENDOSCOPY,,3300,500,0,2800,2800,0,Cash,NAGUR VALI  SHAIK,Walk-In,Walk-In
30-06-2025,MR10210003203,OP10210005468,Mr. SIVA PRASAD REDDY M,Male,45Y,9346698555,Dr. SIDDHARTH REDDY  ALLA,OPRInv1021-2025630645,SIGMOIDOSCOPY,,3300,0,0,3300,3300,0,UPI - PhonePe,NAGUR VALI  SHAIK,Walk-In,Walk-In
30-06-2025,MR10210003201,OP10210005466,Mr. K GARGEYA ,Male,15Y,7331139987,Dr. SIDDHARTH REDDY  ALLA,OPRInv1021-2025630646,"ANESTHETIA SGA, Co2 CHARGES FOR PROCEDURE, COLONOSCOPY, O2 CHARGES FOR PROCEDURE",,9800,0,0,9800,9800,0,Cash,NAGUR VALI  SHAIK,Walk-In,Walk-In
30-06-2025,MR10210003204,OP10210005470,Mrs. G LAKSHMI ,Female,57Y,9885253098,Dr. SIDDHARTH REDDY  ALLA,OPRInv1021-2025630647,RUT,,500,0,0,500,500,0,Cash,NAGUR VALI  SHAIK,Walk-In,Walk-In
30-06-2025,MR10210003206,OP10210005474,Mr. G BHU LAKSHMI ,Male,46Y,9848877585,Dr. SIDDHARTH REDDY  ALLA,OPRInv1021-2025630648,RUT,,500,0,0,500,500,0,Cash,NAGUR VALI  SHAIK,Walk-In,Walk-In
30-06-2025,MR10210003206,OP10210005474,Mr. G BHU LAKSHMI ,Male,46Y,9848877585,Dr. SIDDHARTH REDDY  ALLA,OPRInv1021-2025630649,ENDOSCOPY,,3300,0,0,3300,3300,0,Cash,NAGUR VALI  SHAIK,Walk-In,Walk-In
30-06-2025,MR10210003204,OP10210005470,Mrs. G LAKSHMI ,Female,57Y,9885253098,Dr. SIDDHARTH REDDY  ALLA,OPRInv1021-2025630650,ENDOSCOPY,,3300,0,0,3300,3300,0,Cash,NAGUR VALI  SHAIK,Walk-In,Walk-In
01-07-2025,MR10210003209,OP10210005486,Mr. M CHOLA RAJU,Male,51Y,9505490044,Dr. SIDDHARTH REDDY  ALLA,OPRInv1021-202571651,ENDOSCOPY,,3300,0,0,3300,3300,0,UPI - PhonePe,NAGUR VALI  SHAIK,Walk-In,Walk-In
01-07-2025,MR10210003209,OP10210005486,Mr. M CHOLA RAJU,Male,51Y,9505490044,Dr. SIDDHARTH REDDY  ALLA,OPRInv1021-202571652,RUT,,500,0,0,500,500,0,Cash,NAGUR VALI  SHAIK,Walk-In,Walk-In
01-07-2025,MR10210003212,OP10210005489,Mrs. M ANANTHA LAKSHMI ,Female,54Y,9849382821,Dr. SIDDHARTH REDDY  ALLA,OPRInv1021-202571653,ENDOSCOPY,,3300,0,0,3300,3300,0,Cash,NAGUR VALI  SHAIK,Walk-In,Walk-In
01-07-2025,MR10210003088,OP10210005488,Mr. P RAMA KRISHNA ,Male,29Y,9676268849,Dr. SIDDHARTH REDDY  ALLA,OPRInv1021-202571654,ENDOSCOPY,,3300,500,0,2800,2800,0,Cash,NAGUR VALI  SHAIK,Walk-In,Walk-In
01-07-2025,MR10210003194,OP10210005494,Mr. DR B V RAMANA REDDY ,Male,53Y,7989417982,Dr. SIDDHARTH REDDY  ALLA,OPRInv1021-202571655,"ANESTHETIA SGA, Co2 CHARGES FOR PROCEDURE, COLONOSCOPY, ENDOSCOPY, O2 CHARGES FOR PROCEDURE",,13100,0,0,13100,13100,0,Cash,NAGUR VALI  SHAIK,Walk-In,Walk-In
01-07-2025,MR10210003214,OP10210005495,Mr. THIRUMALAREDDY B,Male,47Y,9848885660,Dr. SIDDHARTH REDDY  ALLA,OPRInv1021-202571656,"ANESTHETIA SGA, Co2 CHARGES FOR PROCEDURE, COLONOSCOPY, ENDOSCOPY, O2 CHARGES FOR PROCEDURE",,13100,0,0,13100,13100,0,Cash,NAGUR VALI  SHAIK,Walk-In,Walk-In
01-07-2025,MR10210003088,OP10210005488,Mr. P RAMA KRISHNA ,Male,29Y,9676268849,Dr. SIDDHARTH REDDY  ALLA,OPRInv1021-202571657,RUT,,500,0,0,500,500,0,UPI - PhonePe,NAGUR VALI  SHAIK,Walk-In,Walk-In
01-07-2025,MR10210003215,OP10210005497,Mrs. VITLESWARAMMA CH,Female,62Y,9346904245,Dr. SIDDHARTH REDDY  ALLA,OPRInv1021-202571658,ENDOSCOPY,,3300,0,0,3300,3300,0,Cash,NAGUR VALI  SHAIK,Walk-In,Walk-In
01-07-2025,MR10210003216,OP10210005507,Mr. C V V SATYA NARAYANA,Male,51Y,9441073183,Dr. SIDDHARTH REDDY  ALLA,OPRInv1021-202571659,"ANESTHETIA SGA, Co2 CHARGES FOR PROCEDURE, COLONOSCOPY, O2 CHARGES FOR PROCEDURE",,9800,0,0,9800,9800,0,UPI - PhonePe,NAGUR VALI  SHAIK,Walk-In,Walk-In
02-07-2025,MR10210003219,OP10210005514,Mrs. DIVYA N ,Female,34Y,7997478701,Dr. SIDDHARTH REDDY  ALLA,OPRInv1021-202572660,ENDOSCOPY,,3300,0,0,3300,3300,0,UPI - PhonePe,NAGUR VALI  SHAIK,Walk-In,Walk-In
02-07-2025,MR10210003221,OP10210005509,Mrs. G KUMARI ,Female,35Y,8712255278,Dr. SIDDHARTH REDDY  ALLA,OPRInv1021-202572661,ENDOSCOPY,,3300,0,0,3300,3300,0,Cash,NAGUR VALI  SHAIK,Walk-In,Walk-In
02-07-2025,MR10210003052,OP10210005515,Mrs. P RAMYA KRISHNA,Female,43Y,8121485669,Dr. SIDDHARTH REDDY  ALLA,OPRInv1021-202572662,ENDOSCOPY,,3300,0,0,3300,3300,0,UPI - PhonePe,NAGUR VALI  SHAIK,Walk-In,Walk-In
02-07-2025,MR10210003227,OP10210005518,Mr. SK ABDUL SATTAR ,Male,58Y,8341914120,Dr. SIDDHARTH REDDY  ALLA,OPRInv1021-202572663,"ANESTHETIA SGA, Co2 CHARGES FOR PROCEDURE, COLONOSCOPY, ENDOSCOPY, O2 CHARGES FOR PROCEDURE",,13100,1500,0,11600,11600,0,UPI - PhonePe,NAGUR VALI  SHAIK,Walk-In,Walk-In
02-07-2025,MR10210003230,OP10210005521,Mr. B JESHWANTH ,Male,16Y,8498840298,Dr. SIDDHARTH REDDY  ALLA,OPRInv1021-202572664,ENDOSCOPY,,3300,0,0,3300,3300,0,Cash,NAGUR VALI  SHAIK,Walk-In,Walk-In
02-07-2025,MR10210003224,OP10210005513,Mrs. R MADHAVI ,Female,52Y,9966591267,Dr. SIDDHARTH REDDY  ALLA,OPRInv1021-202572665,BIOPSY SMALL,,1000,0,0,1000,1000,0,Cash,NAGUR VALI  SHAIK,Walk-In,Walk-In
02-07-2025,MR10210003221,OP10210005509,Mrs. G KUMARI ,Female,35Y,8712255278,Dr. SIDDHARTH REDDY  ALLA,OPRInv1021-202572666,RUT,,500,0,0,500,500,0,Cash,NAGUR VALI  SHAIK,Walk-In,Walk-In
02-07-2025,MR10210003225,OP10210005516,Mrs. CH HANUMAYAMMA ,Female,68Y,9440734365,Dr. SIDDHARTH REDDY  ALLA,OPRInv1021-202572667,"ANESTHETIA SGA, Co2 CHARGES FOR PROCEDURE, COLONOSCOPY, O2 CHARGES FOR PROCEDURE",,9800,1000,0,8800,8800,0,UPI - PhonePe,NAGUR VALI  SHAIK,Walk-In,Walk-In
02-07-2025,MR10210003233,OP10210005527,Mr. S THIRUPATAYA,Male,55Y,7382725396,Dr. SIDDHARTH REDDY  ALLA,OPRInv1021-202572668,ENDOSCOPY,,3300,0,0,3300,3300,0,UPI - PhonePe,NAGUR VALI  SHAIK,Walk-In,Walk-In
03-07-2025,MR10210003235,OP10210005532,Mrs. R NAGA MALLESWARI ,Female,40Y,8688965392,Dr. SIDDHARTH REDDY  ALLA,OPRInv1021-202573669,ENDOSCOPY,,3300,0,0,3300,3300,0,Cash,NAGUR VALI  SHAIK,Walk-In,Walk-In
03-07-2025,MR10210003234,OP10210005531,Mrs. G MADHAVI ,Female,42Y,9885756383,Dr. SIDDHARTH REDDY  ALLA,OPRInv1021-202573670,RUT,,500,0,0,500,500,0,UPI - PhonePe,NAGUR VALI  SHAIK,Walk-In,Walk-In
03-07-2025,MR10210003234,OP10210005531,Mrs. G MADHAVI ,Female,42Y,9885756383,Dr. SIDDHARTH REDDY  ALLA,OPRInv1021-202573671,ENDOSCOPY,,3300,0,0,3300,3300,0,UPI - PhonePe,NAGUR VALI  SHAIK,Walk-In,Walk-In
03-07-2025,MR10210003236,OP10210005533,Mr. SK AMEER ,Male,28Y,8121365458,Dr. SIDDHARTH REDDY  ALLA,OPRInv1021-202573672,"ENDOSCOPY, RUT",,3800,0,0,3800,3800,0,Cash,NAGUR VALI  SHAIK,Walk-In,Walk-In
03-07-2025,MR10210003238,OP10210005537,Mrs. D LAKSHMI TIRUPATHAMMA ,Female,35Y,7842415328,Dr. SIDDHARTH REDDY  ALLA,OPRInv1021-202573673,ENDOSCOPY,,3300,0,0,3300,3300,0,UPI - PhonePe,NAGUR VALI  SHAIK,Walk-In,Walk-In
04-07-2025,MR10210003243,OP10210005552,Mrs. V RAMA DEVI ,Female,50Y,9912728349,Dr. SIDDHARTH REDDY  ALLA,OPRInv1021-202574674,ENDOSCOPY,,3300,0,0,3300,3300,0,Cash,NAGUR VALI  SHAIK,Walk-In,Walk-In
04-07-2025,MR10210003181,OP10210005553,Mrs. K SUJATHA,Female,65Y,9440017939,Dr. SIDDHARTH REDDY  ALLA,OPRInv1021-202574675,"ANESTHETIA SGA, Co2 CHARGES FOR PROCEDURE, COLONOSCOPY, ENDOSCOPY, O2 CHARGES FOR PROCEDURE",,13100,2000,0,11100,11100,0,Cash,NAGUR VALI  SHAIK,Walk-In,Walk-In
04-07-2025,MR10210003245,OP10210005555,Mr. E SAI,Male,27Y,7093933312,Dr. SIDDHARTH REDDY  ALLA,OPRInv1021-202574676,ENDOSCOPY,,3300,500,0,2800,2800,0,Cash,NAGUR VALI  SHAIK,Walk-In,Walk-In
04-07-2025,MR10210003244,OP10210005554,Mrs. A RAJANI ,Female,48Y,8790906707,Dr. SIDDHARTH REDDY  ALLA,OPRInv1021-202574677,"ANESTHETIA SGA, Co2 CHARGES FOR PROCEDURE, COLONOSCOPY, ENDOSCOPY, O2 CHARGES FOR PROCEDURE",,13100,0,0,13100,13100,0,UPI - PhonePe,NAGUR VALI  SHAIK,Walk-In,Walk-In
04-07-2025,MR10210003245,OP10210005556,Mr. E SAI,Male,27Y,7093933312,Dr. SIDDHARTH REDDY  ALLA,OPRInv1021-202574678,RUT,,500,0,0,500,500,0,Cash,NAGUR VALI  SHAIK,Walk-In,Walk-In
04-07-2025,MR10210003247,OP10210005559,Mrs. V CHANDANA ,Female,48Y,9390097323,Dr. SIDDHARTH REDDY  ALLA,OPRInv1021-202574679,ENDOSCOPY,,3300,0,0,3300,3300,0,UPI - PhonePe,NAGUR VALI  SHAIK,Walk-In,Walk-In
04-07-2025,MR10210003248,OP10210005560,Mr. K SAMBA SIVA RAO,Male,70Y,9704622984,Dr. SIDDHARTH REDDY  ALLA,OPRInv1021-202574680,ENDOSCOPY,,3300,0,0,3300,3300,0,Cash,NAGUR VALI  SHAIK,Walk-In,Walk-In
04-07-2025,MR10210003247,OP10210005559,Mrs. V CHANDANA ,Female,48Y,9390097323,Dr. SIDDHARTH REDDY  ALLA,OPRInv1021-202574681,RUT,,500,0,0,500,500,0,Cash,NAGUR VALI  SHAIK,Walk-In,Walk-In
04-07-2025,MR10210003181,OP10210005553,Mrs. K SUJATHA,Female,65Y,9440017939,Dr. SIDDHARTH REDDY  ALLA,OPRInv1021-202574682,"BIOPSY SMALL, RUT",,1500,0,0,1500,1500,0,Cash,NAGUR VALI  SHAIK,Walk-In,Walk-In
04-07-2025,MR10210003244,OP10210005554,Mrs. A RAJANI ,Female,48Y,8790906707,Dr. SIDDHARTH REDDY  ALLA,OPRInv1021-202574683,BIOPSY SMALL,,1000,0,0,1000,1000,0,UPI - PhonePe,NAGUR VALI  SHAIK,Walk-In,Walk-In
05-07-2025,MR10210003078,OP10210005567,Mr. M BALA KRISHNA ,Male,40Y,6302553840,Dr. SIDDHARTH REDDY  ALLA,OPRInv1021-202575684,ENDOSCOPY,,3300,0,0,3300,3300,0,UPI - PhonePe,NAGUR VALI  SHAIK,Walk-In,Walk-In
05-07-2025,MR10210003257,OP10210005575,Mrs. P YELAMANDAMMA,Female,60Y,9441750529,Dr. SIDDHARTH REDDY  ALLA,OPRInv1021-202575685,ENDOSCOPY,,3300,0,0,3300,3300,0,Cash,NAGUR VALI  SHAIK,Walk-In,Walk-In
05-07-2025,MR10210003256,OP10210005574,Mrs. E SIVA PARVATHI ,Female,37Y,9912197062,Dr. SIDDHARTH REDDY  ALLA,OPRInv1021-202575686,ENDOSCOPY,,3300,0,0,3300,3300,0,Cash,NAGUR VALI  SHAIK,Walk-In,Walk-In
05-07-2025,MR10210003259,OP10210005578,Mr. B SUDHAKAR ,Male,60Y,9553122016,Dr. SIDDHARTH REDDY  ALLA,OPRInv1021-202575687,ENDOSCOPY,,3300,0,0,3300,3300,0,UPI - PhonePe,NAGUR VALI  SHAIK,Walk-In,Walk-In
05-07-2025,MR10210003256,OP10210005574,Mrs. E SIVA PARVATHI ,Female,37Y,9912197062,Dr. SIDDHARTH REDDY  ALLA,OPRInv1021-202575688,RUT,,500,0,0,500,500,0,Cash,NAGUR VALI  SHAIK,Walk-In,Walk-In
05-07-2025,MR10210003260,OP10210005581,Mr. K BABU ,Male,49Y,7396254661,Dr. SIDDHARTH REDDY  ALLA,OPRInv1021-202575689,ENDOSCOPY,,3300,0,0,3300,3300,0,UPI - PhonePe,NAGUR VALI  SHAIK,Walk-In,Walk-In
05-07-2025,MR10210003231,OP10210005584,Mr. P VEKATA MOHAN RAO,Male,55Y,9618734948,Dr. SIDDHARTH REDDY  ALLA,OPRInv1021-202575690,COLONOSCOPY,,6300,1300,0,5000,5000,0,Cash,NAGUR VALI  SHAIK,Walk-In,Walk-In
05-07-2025,MR10210003263,OP10210005586,Mrs. NAGA SUNITHA A,Female,42Y,9014276928,Dr. SIDDHARTH REDDY  ALLA,OPRInv1021-202575691,ENDOSCOPY,,3300,0,0,3300,3300,0,Cash,NAGUR VALI  SHAIK,Walk-In,Walk-In
05-07-2025,MR10210003231,OP10210005584,Mr. P VEKATA MOHAN RAO,Male,55Y,9618734948,Dr. SIDDHARTH REDDY  ALLA,OPRInv1021-202575692,BIOPSY SMALL,,1000,0,0,1000,1000,0,Cash,NAGUR VALI  SHAIK,Walk-In,Walk-In
07-07-2025,MR10210003258,OP10210005598,Mr. K RAJESH ,Male,44Y,9615778778,Dr. SIDDHARTH REDDY  ALLA,OPRInv1021-202577693,"ANESTHETIA SGA, Co2 CHARGES FOR PROCEDURE, COLONOSCOPY, O2 CHARGES FOR PROCEDURE",,9800,0,0,9800,9800,0,Cash,NAGUR VALI  SHAIK,Walk-In,Walk-In
07-07-2025,MR10210003269,OP10210005596,Mr. SK CHINNA  JANI BASHA,Male,53Y,9866035726,Dr. SIDDHARTH REDDY  ALLA,OPRInv1021-202577694,ENDOSCOPY,,3300,0,0,3300,3300,0,UPI - PhonePe,NAGUR VALI  SHAIK,Walk-In,Walk-In
07-07-2025,MR10210003269,OP10210005596,Mr. SK CHINNA  JANI BASHA,Male,53Y,9866035726,Dr. SIDDHARTH REDDY  ALLA,OPRInv1021-202577695,RUT,,500,0,0,500,500,0,Cash,NAGUR VALI  SHAIK,Walk-In,Walk-In
07-07-2025,MR10210003272,OP10210005603,Mr. D SRINIVAS REDDY,Male,30Y,9866287332,Dr. SIDDHARTH REDDY  ALLA,OPRInv1021-202577696,BEDSIDE ENDOSCOPY,,5000,1500,0,3500,3500,0,UPI - PhonePe,Siddhartha Reddy ,Walk-In,Walk-In
07-07-2025,MR10210003274,OP10210005607,Mrs. N VENKATA RAMANA,Female,30Y,7013047303,Dr. SIDDHARTH REDDY  ALLA,OPRInv1021-202577697,ENDOSCOPY,,3300,0,0,3300,3300,0,Cash,NAGUR VALI  SHAIK,Walk-In,Walk-In
07-07-2025,MR10210002192,OP10210005593,Mr. A APPI REDDY ,Male,72Y,9959584864,Dr. SIDDHARTH REDDY  ALLA,OPRInv1021-202577698,"COLONOSCOPY, ENDOSCOPY, RUT",,10100,3000,0,7100,7100,0,UPI - PhonePe,NAGUR VALI  SHAIK,Walk-In,Walk-In
07-07-2025,MR10210003258,OP10210005598,Mr. K RAJESH ,Male,44Y,9615778778,Dr. SIDDHARTH REDDY  ALLA,OPRInv1021-202577699,"BIOPSY SMALL, POLYPECTOMY",,21000,0,0,21000,21000,0,UPI - PhonePe,NAGUR VALI  SHAIK,Walk-In,Walk-In
08-07-2025,MR10210003280,OP10210005615,Mr. A SIVA RAMI REDDY ,Male,32Y,8328613141,Dr. SIDDHARTH REDDY  ALLA,OPRInv1021-202578700,COLONOSCOPY,,6300,0,0,6300,6300,0,Cash,NAGUR VALI  SHAIK,Walk-In,Walk-In
08-07-2025,MR10210003283,OP10210005619,Mr. Y SRINU ,Male,50Y,9885804595,Dr. SIDDHARTH REDDY  ALLA,OPRInv1021-202578701,ENDOSCOPY,,3300,0,0,3300,3300,0,Cash,NAGUR VALI  SHAIK,Walk-In,Walk-In
08-07-2025,MR10210003046,OP10210005613,Mr. CH VENKATESWARA RAO ,Male,74Y,9492079104,Dr. SIDDHARTH REDDY  ALLA,OPRInv1021-202578702,"ANESTHETIA SGA, Co2 CHARGES FOR PROCEDURE, COLONOSCOPY, O2 CHARGES FOR PROCEDURE",,9800,0,0,9800,9800,0,Cash,NAGUR VALI  SHAIK,Walk-In,Walk-In
08-07-2025,MR10210003280,OP10210005615,Mr. A SIVA RAMI REDDY ,Male,32Y,8328613141,Dr. SIDDHARTH REDDY  ALLA,OPRInv1021-202578703,BIOPSY LARGE,,2000,0,0,2000,2000,0,UPI - PhonePe,NAGUR VALI  SHAIK,Walk-In,Walk-In
08-07-2025,MR10210003289,OP10210005629,Mrs. P RAMA DEVI,Female,40Y,9704096239,Dr. SIDDHARTH REDDY  ALLA,OPRInv1021-202578704,ENDOSCOPY,,3300,0,0,3300,3300,0,Cash,NAGUR VALI  SHAIK,Walk-In,Walk-In
08-07-2025,MR10210003290,OP10210005630,Mrs. B VENKATA RAMANA,Female,45Y,9666271966,Dr. SIDDHARTH REDDY  ALLA,OPRInv1021-202578705,ENDOSCOPY,,3300,0,0,3300,3300,0,UPI - PhonePe,NAGUR VALI  SHAIK,Walk-In,Walk-In
09-07-2025,MR10210003288,OP10210005636,Mr. K VENKATA RAO ,Male,74Y,9885294421,Dr. SIDDHARTH REDDY  ALLA,OPRInv1021-202579706,"ANESTHETIA SGA, Co2 CHARGES FOR PROCEDURE, COLONOSCOPY, O2 CHARGES FOR PROCEDURE",,9800,0,0,9800,9800,0,Cash,NAGUR VALI  SHAIK,Walk-In,Walk-In
09-07-2025,MR10210003291,OP10210005633,Mrs. P SUSEELA ,Female,50Y,9014975508,Dr. SIDDHARTH REDDY  ALLA,OPRInv1021-202579707,"ANESTHETIA SGA, Co2 CHARGES FOR PROCEDURE, COLONOSCOPY, O2 CHARGES FOR PROCEDURE",,9800,0,0,9800,9800,0,Cash,NAGUR VALI  SHAIK,Walk-In,Walk-In
09-07-2025,MR10210003292,OP10210005634,Mrs. K KEERTHANA RANI ,Female,28Y,9398589675,Dr. SIDDHARTH REDDY  ALLA,OPRInv1021-202579708,ENDOSCOPY,,3300,0,0,3300,3300,0,UPI - PhonePe,NAGUR VALI  SHAIK,Walk-In,Walk-In
09-07-2025,MR10210003293,OP10210005637,Mrs. A KONDAMMA ,Female,50Y,9394215599,Dr. SIDDHARTH REDDY  ALLA,OPRInv1021-202579709,ENDOSCOPY,,3300,0,0,3300,3300,0,UPI - PhonePe,NAGUR VALI  SHAIK,Walk-In,Walk-In
09-07-2025,MR10210003294,OP10210005638,Mr. A RAMANA ,Male,55Y,9394215599,Dr. SIDDHARTH REDDY  ALLA,OPRInv1021-202579710,"ANESTHETIA SGA, Co2 CHARGES FOR PROCEDURE, COLONOSCOPY, O2 CHARGES FOR PROCEDURE",,9800,0,0,9800,9800,0,UPI - PhonePe,NAGUR VALI  SHAIK,Walk-In,Walk-In
09-07-2025,MR10210003296,OP10210005640,Mr. SUDHAKAR A,Male,25Y,9121586893,Dr. SIDDHARTH REDDY  ALLA,OPRInv1021-202579711,ENDOSCOPY,,3300,0,0,3300,3300,0,UPI - PhonePe,NAGUR VALI  SHAIK,Walk-In,Walk-In
09-07-2025,MR10210003292,OP10210005634,Mrs. K KEERTHANA RANI ,Female,28Y,9398589675,Dr. SIDDHARTH REDDY  ALLA,OPRInv1021-202579712,RUT,,500,0,0,500,500,0,Cash,NAGUR VALI  SHAIK,Walk-In,Walk-In
09-07-2025,MR10210003285,OP10210005635,Mrs. K PADMAJA ,Female,45Y,8121410705,Dr. SIDDHARTH REDDY  ALLA,OPRInv1021-202579713,"ANESTHETIA SGA, BIOPSY LARGE, Co2 CHARGES FOR PROCEDURE, ENDOSCOPY, O2 CHARGES FOR PROCEDURE",,8800,1500,0,7300,7300,0,Cash,NAGUR VALI  SHAIK,Walk-In,Walk-In
09-07-2025,MR10210003298,OP10210005646,Mr. SANDEEP KUMAR K,Male,45Y,7330659184,Dr. SIDDHARTH REDDY  ALLA,OPRInv1021-202579714,ENDOSCOPY,,3300,0,0,3300,3300,0,Cash,NAGUR VALI  SHAIK,Walk-In,Walk-In
09-07-2025,MR10210003302,OP10210005651,Mr. G GURAVAIAH,Male,55Y,9963838842,Dr. SIDDHARTH REDDY  ALLA,OPRInv1021-202579715,ENDOSCOPY,,3300,0,0,3300,3300,0,UPI - PhonePe,NAGUR VALI  SHAIK,Walk-In,Walk-In
09-07-2025,MR10210003300,OP10210005649,Mr. T PRABHU ,Male,43Y,9515896503,Dr. SIDDHARTH REDDY  ALLA,OPRInv1021-202579716,ENDOSCOPY,,3300,0,0,3300,3300,0,Cash,NAGUR VALI  SHAIK,Walk-In,Walk-In
09-07-2025,MR10210003302,OP10210005652,Mr. G GURAVAIAH,Male,55Y,9963838842,Dr. SIDDHARTH REDDY  ALLA,OPRInv1021-202579717,RUT,,500,0,0,500,500,0,Cash,NAGUR VALI  SHAIK,Walk-In,Walk-In
09-07-2025,MR10210003295,OP10210005639,Mrs. M MARIYAMMA ,Female,27Y,6302245044,Dr. SIDDHARTH REDDY  ALLA,OPRInv1021-202579718,RUT,,500,0,0,500,500,0,UPI - PhonePe,NAGUR VALI  SHAIK,Walk-In,Walk-In
09-07-2025,MR10210003295,OP10210005639,Mrs. M MARIYAMMA ,Female,27Y,6302245044,Dr. SIDDHARTH REDDY  ALLA,OPRInv1021-202579719,ENDOSCOPY,,3300,0,0,3300,3300,0,UPI - PhonePe,NAGUR VALI  SHAIK,Walk-In,Walk-In
09-07-2025,MR10210003301,OP10210005650,Mrs. P DURGA BHAVANI ,Female,25Y,9030387996,Dr. SIDDHARTH REDDY  ALLA,OPRInv1021-202579720,ENDOSCOPY,,3300,0,0,3300,3300,0,UPI - PhonePe,NAGUR VALI  SHAIK,Walk-In,Walk-In
09-07-2025,MR10210003293,OP10210005637,Mrs. A KONDAMMA ,Female,50Y,9394215599,Dr. SIDDHARTH REDDY  ALLA,OPRInv1021-202579721,RUT,,500,0,0,500,500,0,Cash,NAGUR VALI  SHAIK,Walk-In,Walk-In
09-07-2025,MR10210003301,OP10210005650,Mrs. P DURGA BHAVANI ,Female,25Y,9030387996,Dr. SIDDHARTH REDDY  ALLA,OPRInv1021-202579722,RUT,,500,0,0,500,500,0,Cash,NAGUR VALI  SHAIK,Walk-In,Walk-In
10-07-2025,MR10210003308,OP10210005661,Mr. K NARESH KUMAR ,Male,33Y,9493200834,Dr. SIDDHARTH REDDY  ALLA,OPRInv1021-2025710723,ENDOSCOPY,,3300,0,0,3300,3300,0,Cash,NAGUR VALI  SHAIK,Walk-In,Walk-In
10-07-2025,MR10210003309,OP10210005663,Mr. M SUBBA RAO ,Male,60Y,6302069984,Dr. SIDDHARTH REDDY  ALLA,OPRInv1021-2025710724,ENDOSCOPY,,3300,0,0,3300,3300,0,UPI - PhonePe,NAGUR VALI  SHAIK,Walk-In,Walk-In
10-07-2025,MR10210003308,OP10210005661,Mr. K NARESH KUMAR ,Male,33Y,9493200834,Dr. SIDDHARTH REDDY  ALLA,OPRInv1021-2025710725,RUT,,500,0,0,500,500,0,Cash,NAGUR VALI  SHAIK,Walk-In,Walk-In
10-07-2025,MR10210003309,OP10210005663,Mr. M SUBBA RAO ,Male,60Y,6302069984,Dr. SIDDHARTH REDDY  ALLA,OPRInv1021-2025710726,BIOPSY SMALL,,1000,0,0,1000,1000,0,Cash,NAGUR VALI  SHAIK,Walk-In,Walk-In
10-07-2025,MR10210003310,OP10210005665,Mr. K VENKATESH ,Male,29Y,9966520996,Dr. SIDDHARTH REDDY  ALLA,OPRInv1021-2025710727,RUT,,500,0,0,500,500,0,UPI - PhonePe,NAGUR VALI  SHAIK,Walk-In,Walk-In
11-07-2025,MR10210003282,OP10210005678,Mrs. S NAGA MALLESWARI ,Female,48Y,6305647675,Dr. SIDDHARTH REDDY  ALLA,OPRInv1021-2025711728,ENDOSCOPY,,3300,0,0,3300,3300,0,Cash,NAGUR VALI  SHAIK,Walk-In,Walk-In
11-07-2025,MR10210003315,OP10210005680,Mrs. P PRASUNAMBA ,Female,52Y,9666632128,Dr. SIDDHARTH REDDY  ALLA,OPRInv1021-2025711729,ENDOSCOPY,,3300,0,0,3300,3300,0,Cash,NAGUR VALI  SHAIK,Walk-In,Walk-In
11-07-2025,MR10210003282,OP10210005678,Mrs. S NAGA MALLESWARI ,Female,48Y,6305647675,Dr. SIDDHARTH REDDY  ALLA,OPRInv1021-2025711730,RUT,,500,0,0,500,500,0,Cash,NAGUR VALI  SHAIK,Walk-In,Walk-In
11-07-2025,MR10210003315,OP10210005680,Mrs. P PRASUNAMBA ,Female,52Y,9666632128,Dr. SIDDHARTH REDDY  ALLA,OPRInv1021-2025711731,RUT,,500,0,0,500,500,0,Cash,NAGUR VALI  SHAIK,Walk-In,Walk-In
11-07-2025,MR10210003322,OP10210005694,Mrs. D BHUSAMMA ,Female,59Y,9652264812,Dr. SIDDHARTH REDDY  ALLA,OPRInv1021-2025711732,ENDOSCOPY,,3300,0,0,3300,3300,0,Cash,NAGUR VALI  SHAIK,Walk-In,Walk-In
11-07-2025,MR10210003324,OP10210005699,Mr. BALARAJU N,Male,75Y,9393124444,Dr. SIDDHARTH REDDY  ALLA,OPRInv1021-2025711733,ENDOSCOPY,,3300,0,0,3300,3300,0,UPI - PhonePe,NAGUR VALI  SHAIK,Walk-In,Walk-In
11-07-2025,MR10210003322,OP10210005694,Mrs. D BHUSAMMA ,Female,59Y,9652264812,Dr. SIDDHARTH REDDY  ALLA,OPRInv1021-2025711734,RUT,,500,0,0,500,500,0,Cash,NAGUR VALI  SHAIK,Walk-In,Walk-In
12-07-2025,MR10210003328,OP10210005706,Mr. A HASSAN ,Male,35Y,9052637415,Dr. SIDDHARTH REDDY  ALLA,OPRInv1021-2025712735,ENDOSCOPY,,3300,0,0,3300,3300,0,Cash,NAGUR VALI  SHAIK,Walk-In,Walk-In
12-07-2025,MR10210003329,OP10210005707,Ms. K SRI MANASA ,Female,32Y,9030626437,Dr. SIDDHARTH REDDY  ALLA,OPRInv1021-2025712736,ENDOSCOPY,,3300,0,0,3300,3300,0,UPI - PhonePe,NAGUR VALI  SHAIK,Walk-In,Walk-In
12-07-2025,MR10210003335,OP10210005725,Mr. P VENKATA KALYAN ,Male,24Y,9014932675,Dr. SIDDHARTH REDDY  ALLA,OPRInv1021-2025712737,COLONOSCOPY,,6300,0,0,6300,6300,0,UPI - PhonePe,NAGUR VALI  SHAIK,Walk-In,Walk-In
13-07-2025,MR10210003342,OP10210005738,Mr. P HASSAN VALI ,Male,56Y,9550025017,Dr. SIDDHARTH REDDY  ALLA,OPRInv1021-2025713738,ENDOSCOPY,,3300,0,0,3300,3300,0,Cash,NAGUR VALI  SHAIK,Walk-In,Walk-In
13-07-2025,MR10210003341,OP10210005737,Mr. K PUNNARAO ,Male,27Y,8186934024,Dr. SIDDHARTH REDDY  ALLA,OPRInv1021-2025713739,ENDOSCOPY,,3300,0,0,3300,3300,0,Cash,NAGUR VALI  SHAIK,Walk-In,Walk-In
13-07-2025,MR10210003330,OP10210005736,Mr. E SAMBA SIVA RAO ,Male,41Y,9945933672,Dr. SIDDHARTH REDDY  ALLA,OPRInv1021-2025713740,RUT,,500,0,0,500,500,0,UPI - PhonePe,NAGUR VALI  SHAIK,Walk-In,Walk-In
13-07-2025,MR10210003344,OP10210005740,Mrs. SK NOORJAHAN,Female,50Y,8142212846,Dr. SIDDHARTH REDDY  ALLA,OPRInv1021-2025713741,ENDOSCOPY,,3300,0,0,3300,3300,0,UPI - PhonePe,NAGUR VALI  SHAIK,Walk-In,Walk-In
13-07-2025,MR10210003330,OP10210005736,Mr. E SAMBA SIVA RAO ,Male,41Y,9945933672,Dr. SIDDHARTH REDDY  ALLA,OPRInv1021-2025713742,ENDOSCOPY,,3300,500,0,2800,2800,0,UPI - PhonePe,NAGUR VALI  SHAIK,Walk-In,Walk-In
13-07-2025,MR10210003344,OP10210005741,Mrs. SK NOORJAHAN,Female,50Y,8142212846,Dr. SIDDHARTH REDDY  ALLA,OPRInv1021-2025713743,RUT,,500,0,0,500,500,0,UPI - PhonePe,NAGUR VALI  SHAIK,Walk-In,Walk-In
13-07-2025,MR10210003341,OP10210005737,Mr. K PUNNARAO ,Male,27Y,8186934024,Dr. SIDDHARTH REDDY  ALLA,OPRInv1021-2025713744,RUT,,500,0,0,500,500,0,Cash,NAGUR VALI  SHAIK,Walk-In,Walk-In
14-07-2025,MR10210003227,OP10210005746,Mr. SK ABDUL SATTAR ,Male,58Y,8341914120,Dr. SIDDHARTH REDDY  ALLA,OPRInv1021-2025714745,"ANESTHETIA SGA, Co2 CHARGES FOR PROCEDURE, O2 CHARGES FOR PROCEDURE, POLYPECTOMY",,23500,5000,0,18500,18500,0,UPI - PhonePe,NAGUR VALI  SHAIK,Walk-In,Walk-In
14-07-2025,MR10210003345,OP10210005743,Mr. SYED AMEER BASHA ,Male,29Y,7093913556,Dr. SIDDHARTH REDDY  ALLA,OPRInv1021-2025714746,RUT,,500,0,0,500,500,0,Cash,NAGUR VALI  SHAIK,Walk-In,Walk-In
14-07-2025,MR10210003352,OP10210005760,Mr. JAGAN MOHJAN RAO K,Male,52Y,9553078799,Dr. SIDDHARTH REDDY  ALLA,OPRInv1021-2025714747,ENDOSCOPY,,3300,0,0,3300,3300,0,Cash,NAGUR VALI  SHAIK,Walk-In,Walk-In
14-07-2025,MR10210003345,OP10210005743,Mr. SYED AMEER BASHA ,Male,29Y,7093913556,Dr. SIDDHARTH REDDY  ALLA,OPRInv1021-2025714748,ENDOSCOPY,,3300,0,0,3300,3300,0,Cash,NAGUR VALI  SHAIK,Walk-In,Walk-In
14-07-2025,MR10210003352,OP10210005761,Mr. JAGAN MOHJAN RAO K,Male,52Y,9553078799,Dr. SIDDHARTH REDDY  ALLA,OPRInv1021-2025714749,BIOPSY SMALL,,1000,0,0,1000,1000,0,Cash,NAGUR VALI  SHAIK,Walk-In,Walk-In
14-07-2025,MR10210003227,OP10210005746,Mr. SK ABDUL SATTAR ,Male,58Y,8341914120,Dr. SIDDHARTH REDDY  ALLA,OPRInv1021-2025714750,BIOPSY SMALL,,1000,0,0,1000,1000,0,UPI - PhonePe,NAGUR VALI  SHAIK,Walk-In,Walk-In
15-07-2025,MR10210003357,OP10210005768,Mr. P BALA KRISHNA ,Male,46Y,9505532543,Dr. SIDDHARTH REDDY  ALLA,OPRInv1021-2025715751,ENDOSCOPY,,3300,0,0,3300,3300,0,Cash,NAGUR VALI  SHAIK,Walk-In,Walk-In
15-07-2025,MR10210003356,OP10210005767,Mrs. B MAHA LAKSHMI ,Female,40Y,9391814513,Dr. SIDDHARTH REDDY  ALLA,OPRInv1021-2025715752,ENDOSCOPY,,3300,0,0,3300,3300,0,Cash,NAGUR VALI  SHAIK,Walk-In,Walk-In
15-07-2025,MR10210003358,OP10210005770,Mr. SK MAHABOOB SUBHANI ,Male,53Y,8317613144,Dr. SIDDHARTH REDDY  ALLA,OPRInv1021-2025715753,ENDOSCOPY,,3300,0,0,3300,3300,0,Cash,NAGUR VALI  SHAIK,Walk-In,Walk-In
15-07-2025,MR10210003359,OP10210005771,Mrs. SK SAIDA BEE ,Female,59Y,9490657240,Dr. SIDDHARTH REDDY  ALLA,OPRInv1021-2025715754,ENDOSCOPY,,3300,0,0,3300,3300,0,Cash,NAGUR VALI  SHAIK,Walk-In,Walk-In
15-07-2025,MR10210003094,OP10210005769,Mrs. G SIVA LAKSHMI ,Female,42Y,9381659606,Dr. SIDDHARTH REDDY  ALLA,OPRInv1021-2025715755,COLONOSCOPY,,6300,0,0,6300,6300,0,Cash,NAGUR VALI  SHAIK,Walk-In,Walk-In
15-07-2025,MR10210003094,OP10210005769,Mrs. G SIVA LAKSHMI ,Female,42Y,9381659606,Dr. SIDDHARTH REDDY  ALLA,OPRInv1021-2025715756,"ANESTHETIA SGA, Co2 CHARGES FOR PROCEDURE, O2 CHARGES FOR PROCEDURE",,3500,0,0,3500,3500,0,UPI - PhonePe,NAGUR VALI  SHAIK,Walk-In,Walk-In
15-07-2025,MR10210003356,OP10210005767,Mrs. B MAHA LAKSHMI ,Female,40Y,9391814513,Dr. SIDDHARTH REDDY  ALLA,OPRInv1021-2025715757,RUT,,500,0,0,500,500,0,Cash,NAGUR VALI  SHAIK,Walk-In,Walk-In
15-07-2025,MR10210003357,OP10210005768,Mr. P BALA KRISHNA ,Male,46Y,9505532543,Dr. SIDDHARTH REDDY  ALLA,OPRInv1021-2025715758,RUT,,500,0,0,500,500,0,Cash,NAGUR VALI  SHAIK,Walk-In,Walk-In
15-07-2025,MR10210003358,OP10210005770,Mr. SK MAHABOOB SUBHANI ,Male,53Y,8317613144,Dr. SIDDHARTH REDDY  ALLA,OPRInv1021-2025715759,RUT,,500,0,0,500,500,0,Cash,NAGUR VALI  SHAIK,Walk-In,Walk-In
15-07-2025,MR10210003359,OP10210005771,Mrs. SK SAIDA BEE ,Female,59Y,9490657240,Dr. SIDDHARTH REDDY  ALLA,OPRInv1021-2025715760,RUT,,500,0,0,500,500,0,Cash,NAGUR VALI  SHAIK,Walk-In,Walk-In
15-07-2025,MR10210003094,OP10210005769,Mrs. G SIVA LAKSHMI ,Female,42Y,9381659606,Dr. SIDDHARTH REDDY  ALLA,OPRInv1021-2025715761,BIOPSY SMALL,,1000,0,0,1000,1000,0,UPI - PhonePe,NAGUR VALI  SHAIK,Walk-In,Walk-In
16-07-2025,MR10210003265,OP10210005781,Mr. SK AMIN ,Male,15Y,9505886998,Dr. SIDDHARTH REDDY  ALLA,OPRInv1021-2025716762,ENDOSCOPY,,3300,0,0,3300,3300,0,Cash,NAGUR VALI  SHAIK,Walk-In,Walk-In
16-07-2025,MR10210003363,OP10210005785,Mr. G VENKATESH REDDY ,Male,33Y,9666045405,Dr. SIDDHARTH REDDY  ALLA,OPRInv1021-2025716763,ENDOSCOPY,,3300,0,0,3300,3300,0,UPI - PhonePe,NAGUR VALI  SHAIK,Walk-In,Walk-In
16-07-2025,MR10210003363,OP10210005785,Mr. G VENKATESH REDDY ,Male,33Y,9666045405,Dr. SIDDHARTH REDDY  ALLA,OPRInv1021-2025716764,RUT,,500,0,0,500,500,0,Cash,NAGUR VALI  SHAIK,Walk-In,Walk-In
16-07-2025,MR10210003265,OP10210005781,Mr. SK AMIN ,Male,15Y,9505886998,Dr. SIDDHARTH REDDY  ALLA,OPRInv1021-2025716765,RUT,,500,0,0,500,500,0,Cash,NAGUR VALI  SHAIK,Walk-In,Walk-In
16-07-2025,MR10210000527,OP10210005787,Mrs. RADHA S,Female,37Y,9542640322,Dr. SIDDHARTH REDDY  ALLA,OPRInv1021-2025716766,ENDOSCOPY,,3300,0,0,3300,3300,0,Cash,NAGUR VALI  SHAIK,Walk-In,Walk-In
16-07-2025,MR10210003365,OP10210005788,Mr. MEHABOOB BASHA ,Male,35Y,9618894733,Dr. SIDDHARTH REDDY  ALLA,OPRInv1021-2025716767,ENDOSCOPY,,3300,0,0,3300,3300,0,Cash,NAGUR VALI  SHAIK,Walk-In,Walk-In
16-07-2025,MR10210000527,OP10210005787,Mrs. RADHA S,Female,37Y,9542640322,Dr. SIDDHARTH REDDY  ALLA,OPRInv1021-2025716768,RUT,,500,0,0,500,500,0,Cash,NAGUR VALI  SHAIK,Walk-In,Walk-In
16-07-2025,MR10210003362,OP10210005783,Mr. G VEERAIAH ,Male,67Y,9110582148,Dr. SIDDHARTH REDDY  ALLA,OPRInv1021-2025716769,"ANESTHETIA SGA, Co2 CHARGES FOR PROCEDURE, COLONOSCOPY, ENDOSCOPY, O2 CHARGES FOR PROCEDURE",,13100,0,0,13100,13100,0,Cash,NAGUR VALI  SHAIK,Walk-In,Walk-In
16-07-2025,MR10210002514,OP10210005782,Mr. G VENKATA REDDY ,Male,47Y,9963220173,Dr. SIDDHARTH REDDY  ALLA,OPRInv1021-2025716770,BIOPSY SMALL,,1000,0,0,1000,1000,0,Cash,NAGUR VALI  SHAIK,Walk-In,Walk-In
16-07-2025,MR10210003362,OP10210005783,Mr. G VEERAIAH ,Male,67Y,9110582148,Dr. SIDDHARTH REDDY  ALLA,OPRInv1021-2025716771,BIOPSY SMALL,,1000,0,0,1000,1000,0,Cash,NAGUR VALI  SHAIK,Walk-In,Walk-In
17-07-2025,MR10210003373,OP10210005804,Ms. E NIRMALA ,Female,44Y,7780340221,Dr. SIDDHARTH REDDY  ALLA,OPRInv1021-2025717772,ENDOSCOPY,,3300,0,0,3300,3300,0,UPI - PhonePe,NAGUR VALI  SHAIK,Walk-In,Walk-In
17-07-2025,MR10210003374,OP10210005807,Mr. VEERANJANEYULU M,Male,34Y,9010136462,Dr. SIDDHARTH REDDY  ALLA,OPRInv1021-2025717773,COLONOSCOPY,,6300,0,0,6300,6300,0,UPI - PhonePe,NAGUR VALI  SHAIK,Walk-In,Walk-In
17-07-2025,MR10210003373,OP10210005804,Ms. E NIRMALA ,Female,44Y,7780340221,Dr. SIDDHARTH REDDY  ALLA,OPRInv1021-2025717774,RUT,,500,0,0,500,500,0,Cash,NAGUR VALI  SHAIK,Walk-In,Walk-In
17-07-2025,MR10210003375,OP10210005808,Mr. K BHASKAR ,Male,42Y,8297026678,Dr. SIDDHARTH REDDY  ALLA,OPRInv1021-2025717775,ENDOSCOPY,,3300,0,0,3300,3300,0,Cash,NAGUR VALI  SHAIK,Walk-In,Walk-In
17-07-2025,MR10210003374,OP10210005814,Mr. VEERANJANEYULU M,Male,34Y,9010136462,Dr. SIDDHARTH REDDY  ALLA,OPRInv1021-2025717776,COLONOSCOPY,,6300,0,0,6300,6300,0,UPI - PhonePe,NAGUR VALI  SHAIK,Walk-In,Walk-In
17-07-2025,MR10210003380,OP10210005816,Mr. NAGA PHANIDHRA V,Male,24Y,9346429851,Dr. SIDDHARTH REDDY  ALLA,OPRInv1021-2025717777,ENDOSCOPY,,3300,0,0,3300,3300,0,UPI - PhonePe,NAGUR VALI  SHAIK,Walk-In,Walk-In
17-07-2025,MR10210003380,OP10210005817,Mr. NAGA PHANIDHRA V,Male,24Y,9346429851,Dr. SIDDHARTH REDDY  ALLA,OPRInv1021-2025717778,RUT,,500,0,0,500,500,0,UPI - PhonePe,NAGUR VALI  SHAIK,Walk-In,Walk-In
18-07-2025,MR10210003384,OP10210005825,Mr. SASI GOWTHAM A,Male,10Y,9247466808,Dr. SIDDHARTH REDDY  ALLA,OPRInv1021-2025718779,"ANESTHETIA SGA, Co2 CHARGES FOR PROCEDURE, ENDOSCOPY, O2 CHARGES FOR PROCEDURE",,6800,0,0,6800,6800,0,Cash,NAVITHA N,Walk-In,Walk-In
18-07-2025,MR10210003383,OP10210005823,Mr. L VENKATESWAR RAO ,Male,27Y,9550500585,Dr. SIDDHARTH REDDY  ALLA,OPRInv1021-2025718780,ENDOSCOPY,,3300,0,0,3300,3300,0,UPI - PhonePe,NAVITHA N,Walk-In,Walk-In
18-07-2025,MR10210003385,OP10210005828,Mrs. M LAKSHMI THIRUPATHAMMA ,Female,39Y,9963005994,Dr. SIDDHARTH REDDY  ALLA,OPRInv1021-2025718781,ENDOSCOPY,,3300,0,0,3300,3300,0,Cash,NAVITHA N,Walk-In,Walk-In
18-07-2025,MR10210003378,OP10210005827,Mr. Y CHANDRA SEKHAR REDDY ,Male,55Y,9441665659,Dr. SIDDHARTH REDDY  ALLA,OPRInv1021-2025718782,EVL BANDING ,,15000,0,0,15000,15000,0,UPI - PhonePe,NAVITHA N,Walk-In,Walk-In
18-07-2025,MR10210003376,OP10210005826,Mrs. I JAY VAISHNAVI ,Female,9Y1D,9704794946,Dr. SIDDHARTH REDDY  ALLA,OPRInv1021-2025718783,"ANESTHETIA SGA, Co2 CHARGES FOR PROCEDURE, COLONOSCOPY, O2 CHARGES FOR PROCEDURE",,9800,2000,0,7800,7800,0,UPI - PhonePe,NAVITHA N,Walk-In,Walk-In
18-07-2025,MR10210003385,OP10210005828,Mrs. M LAKSHMI THIRUPATHAMMA ,Female,39Y,9963005994,Dr. SIDDHARTH REDDY  ALLA,OPRInv1021-2025718784,RUT,,500,0,0,500,500,0,Cash,NAVITHA N,Walk-In,Walk-In
18-07-2025,MR10210003387,OP10210005832,Mr. SK NAGUL MEERA,Male,33Y,9966671986,Dr. SIDDHARTH REDDY  ALLA,OPRInv1021-2025718785,ENDOSCOPY,,3300,0,0,3300,3000,300,Cash,NAVITHA N,Walk-In,Walk-In
16-02-2026,MR10210003387,OP10210005832,Mr. SK NAGUL MEERA,Male,33Y,9966671986,Dr. SIDDHARTH REDDY  ALLA,OPRInv1021-2025718785,ENDOSCOPY,,3300,0,300,0,0,0,Cash,NAVITHA N,Walk-In,Walk-In
18-07-2025,MR10210003386,OP10210005830,Mr. K PRAVEEN KUMAR ,Male,45Y,9849166266,Dr. SIDDHARTH REDDY  ALLA,OPRInv1021-2025718786,ENDOSCOPY,,3300,0,0,3300,3300,0,UPI - PhonePe,NAVITHA N,Walk-In,Walk-In
18-07-2025,MR10210003386,OP10210005830,Mr. K PRAVEEN KUMAR ,Male,45Y,9849166266,Dr. SIDDHARTH REDDY  ALLA,OPRInv1021-2025718787,RUT,,500,0,0,500,500,0,UPI - PhonePe,NAVITHA N,Walk-In,Walk-In
19-07-2025,MR10210003393,OP10210005841,Mr. M SIVA REDDY ,Male,56Y,9618369290,Dr. SIDDHARTH REDDY  ALLA,OPRInv1021-2025719788,ENDOSCOPY,,3300,0,0,3300,3300,0,Cash,NAVITHA N,Walk-In,Walk-In
19-07-2025,MR10210003394,OP10210005844,Mrs. N SUNANDHA,Female,46Y,6300624086,Dr. SIDDHARTH REDDY  ALLA,OPRInv1021-2025719789,ENDOSCOPY,,3300,0,0,3300,3300,0,Cash,NAVITHA N,Walk-In,Walk-In
19-07-2025,MR10210003395,OP10210005845,Mr. T HIMAVANTH,Male,41Y,9885637203,Dr. SIDDHARTH REDDY  ALLA,OPRInv1021-2025719790,ENDOSCOPY,,3300,0,0,3300,3300,0,Cash,NAVITHA N,Walk-In,Walk-In
19-07-2025,MR10210003397,OP10210005847,Mrs. K AMEENA BEE ,Female,46Y,9701614791,Dr. SIDDHARTH REDDY  ALLA,OPRInv1021-2025719791,"ANESTHETIA SGA, Co2 CHARGES FOR PROCEDURE, COLONOSCOPY, O2 CHARGES FOR PROCEDURE",,9800,0,0,9800,9800,0,Cash,NAVITHA N,Walk-In,Walk-In
19-07-2025,MR10210003395,OP10210005852,Mr. T HIMAVANTH,Male,41Y,9885637203,Dr. SIDDHARTH REDDY  ALLA,OPRInv1021-2025719792,RUT,,500,0,0,500,500,0,UPI - PhonePe,NAVITHA N,Walk-In,Walk-In
19-07-2025,MR10210003394,OP10210005860,Mrs. N SUNANDHA,Female,46Y,6300624086,Dr. SIDDHARTH REDDY  ALLA,OPRInv1021-2025719793,RUT,,500,0,0,500,500,0,Cash,NAVITHA N,Walk-In,Walk-In
21-07-2025,MR10210003412,OP10210005873,Mrs. P SHESHA RATNAM,Female,73Y,9441947789,Dr. SIDDHARTH REDDY  ALLA,OPRInv1021-2025721794,ENDOSCOPY,,3300,0,0,3300,3300,0,Cash,NAVITHA N,Walk-In,Walk-In
21-07-2025,MR10210003411,OP10210005872,Mrs. P GYANTI DEVI ,Female,43Y,9570070991,Dr. SIDDHARTH REDDY  ALLA,OPRInv1021-2025721795,ENDOSCOPY,,3300,0,0,3300,3300,0,Cash,NAVITHA N,Walk-In,Walk-In
21-07-2025,MR10210003413,OP10210005877,Mrs. A BHASAVAMMA ,Female,65Y,9581837474,Dr. SIDDHARTH REDDY  ALLA,OPRInv1021-2025721796,ENDOSCOPY,,3300,0,0,3300,3300,0,Cash,NAVITHA N,Walk-In,Walk-In
21-07-2025,MR10210003317,OP10210005875,Ms. P RITHWIKA ,Female,18Y,9848160778,Dr. SIDDHARTH REDDY  ALLA,OPRInv1021-2025721797,ENDOSCOPY,,3300,0,0,3300,3300,0,Cash,NAVITHA N,Walk-In,Walk-In
21-07-2025,MR10210003413,OP10210005877,Mrs. A BHASAVAMMA ,Female,65Y,9581837474,Dr. SIDDHARTH REDDY  ALLA,OPRInv1021-2025721798,RUT,,500,0,0,500,500,0,Cash,NAVITHA N,Walk-In,Walk-In
21-07-2025,MR10210003416,OP10210005883,Mr. SK JANI ,Male,25Y,7780371352,Dr. SIDDHARTH REDDY  ALLA,OPRInv1021-2025721799,ENDOSCOPY,,3300,0,0,3300,3300,0,UPI - PhonePe,NAVITHA N,Walk-In,Walk-In
21-07-2025,MR10210003317,OP10210005875,Ms. P RITHWIKA ,Female,18Y,9848160778,Dr. SIDDHARTH REDDY  ALLA,OPRInv1021-2025721800,RUT,,500,0,0,500,500,0,UPI - PhonePe,NAVITHA N,Walk-In,Walk-In
21-07-2025,MR10210003412,OP10210005886,Mrs. P SHESHA RATNAM,Female,73Y,9441947789,Dr. SIDDHARTH REDDY  ALLA,OPRInv1021-2025721801,RUT,,500,0,0,500,500,0,Cash,NAVITHA N,Walk-In,Walk-In
21-07-2025,MR10210003411,OP10210005872,Mrs. P GYANTI DEVI ,Female,43Y,9570070991,Dr. SIDDHARTH REDDY  ALLA,OPRInv1021-2025721802,RUT,,500,0,0,500,500,0,Cash,NAVITHA N,Walk-In,Walk-In
21-07-2025,MR10210003418,OP10210005887,Mr. B KIRAN KUMAR,Male,50Y,9177979899,Dr. SIDDHARTH REDDY  ALLA,OPRInv1021-2025721803,"ANESTHETIA SGA, Co2 CHARGES FOR PROCEDURE, ENDOSCOPY, O2 CHARGES FOR PROCEDURE",,6800,0,0,6800,6800,0,UPI - PhonePe,NAVITHA N,Walk-In,Walk-In
21-07-2025,MR10210003119,OP10210005882,Mr. M RAJESH ,Male,39Y,9949399831,Dr. SIDDHARTH REDDY  ALLA,OPRInv1021-2025721804,ENDOSCOPY,,3300,0,0,3300,3300,0,Cash,NAVITHA N,Walk-In,Walk-In
21-07-2025,MR10210003418,OP10210005888,Mr. B KIRAN KUMAR,Male,50Y,9177979899,Dr. SIDDHARTH REDDY  ALLA,OPRInv1021-2025721805,BIOPSY SMALL,,1000,0,0,1000,1000,0,Cash,NAVITHA N,Walk-In,Walk-In
21-07-2025,MR10210003119,OP10210005882,Mr. M RAJESH ,Male,39Y,9949399831,Dr. SIDDHARTH REDDY  ALLA,OPRInv1021-2025721806,RUT,,500,0,0,500,500,0,Cash,NAVITHA N,Walk-In,Walk-In
21-07-2025,MR10210003416,OP10210005883,Mr. SK JANI ,Male,25Y,7780371352,Dr. SIDDHARTH REDDY  ALLA,OPRInv1021-2025721807,RUT,,500,0,0,500,500,0,Cash,NAVITHA N,Walk-In,Walk-In
22-07-2025,MR10210003399,OP10210005896,Mr. A ANJI REDDY ,Male,65Y,9182861881,Dr. SIDDHARTH REDDY  ALLA,OPRInv1021-2025722808,ENDOSCOPY,,3300,0,0,3300,3300,0,Cash,NAVITHA N,Walk-In,Walk-In
22-07-2025,MR10210003419,OP10210005893,Mr. J RAMU ,Male,47Y,9441322228,Dr. SIDDHARTH REDDY  ALLA,OPRInv1021-2025722809,"ANESTHETIA SGA, Co2 CHARGES FOR PROCEDURE, COLONOSCOPY, O2 CHARGES FOR PROCEDURE",,9800,0,0,9800,9800,0,UPI - PhonePe,NAVITHA N,Walk-In,Walk-In
22-07-2025,MR10210003399,OP10210005896,Mr. A ANJI REDDY ,Male,65Y,9182861881,Dr. SIDDHARTH REDDY  ALLA,OPRInv1021-2025722810,RUT,,500,0,0,500,500,0,Cash,NAVITHA N,Walk-In,Walk-In
22-07-2025,MR10210003303,OP10210005902,Mrs. P SRI LAKSHMI ,Female,39Y,9948345125,Dr. SIDDHARTH REDDY  ALLA,OPRInv1021-2025722811,ENDOSCOPY,,3300,500,0,2800,2800,0,Cash,Siddhartha Reddy ,Walk-In,Walk-In
22-07-2025,MR10210003303,OP10210005902,Mrs. P SRI LAKSHMI ,Female,39Y,9948345125,Dr. SIDDHARTH REDDY  ALLA,OPRInv1021-2025722812,RUT,,500,0,0,500,500,0,Cash,NAVITHA N,Walk-In,Walk-In
22-07-2025,MR10210003423,OP10210005898,Mrs. SITHAMAHAIAKSHMI K,Female,65Y,7093744377,Dr. SIDDHARTH REDDY  ALLA,OPRInv1021-2025722813,"ANESTHETIA SGA, Co2 CHARGES FOR PROCEDURE, COLONOSCOPY, ENDOSCOPY, O2 CHARGES FOR PROCEDURE",,13100,0,0,13100,13100,0,UPI - PhonePe,NAVITHA N,Walk-In,Walk-In
23-07-2025,MR10210003430,OP10210005913,Mr. S VIJAY KUMAR,Male,52Y,9490041723,Dr. SIDDHARTH REDDY  ALLA,OPRInv1021-2025723814,ENDOSCOPY,,3300,0,0,3300,3300,0,UPI - PhonePe,NAVITHA N,Walk-In,Walk-In
23-07-2025,MR10210003435,OP10210005921,Mr. K KALYAN,Male,15Y,9908392962,Dr. SIDDHARTH REDDY  ALLA,OPRInv1021-2025723815,ENDOSCOPY,,3300,0,0,3300,3300,0,Cash,NAVITHA N,Walk-In,Walk-In
23-07-2025,MR10210003435,OP10210005924,Mr. K KALYAN,Male,15Y,9908392962,Dr. SIDDHARTH REDDY  ALLA,OPRInv1021-2025723816,RUT,,500,0,0,500,500,0,Cash,NAVITHA N,Walk-In,Walk-In
23-07-2025,MR10210003438,OP10210005928,Mr. M VENKATA GURU PRASAD RAO,Male,60Y,9246466694,Dr. SIDDHARTH REDDY  ALLA,OPRInv1021-2025723817,"BIOPSY LARGE, BIOPSY SMALL",,3000,0,0,3000,3000,0,UPI - PhonePe,NAVITHA N,Walk-In,Walk-In
24-07-2025,MR10210002663,OP10210005930,Mrs. G LAKSHMI PAVANI ,Female,32Y,7013386614,Dr. SIDDHARTH REDDY  ALLA,OPRInv1021-2025724818,"ANESTHETIA SGA, Co2 CHARGES FOR PROCEDURE, COLONOSCOPY, O2 CHARGES FOR PROCEDURE",,9800,0,0,9800,9800,0,UPI - PhonePe,NAVITHA N,Walk-In,Walk-In
25-07-2025,MR10210003401,OP10210005947,Mr. IRFAN AHMAD ,Male,43Y,9059944073,Dr. SIDDHARTH REDDY  ALLA,OPRInv1021-2025725819,ENDOSCOPY,,3300,0,0,3300,3300,0,Cash,NAVITHA N,Walk-In,Walk-In
25-07-2025,MR10210003226,OP10210005948,Mr. K MAHESH ,Male,25Y,9346111627,Dr. SIDDHARTH REDDY  ALLA,OPRInv1021-2025725820,COLONOSCOPY,,6300,1000,0,5300,5300,0,UPI - PhonePe,NAVITHA N,Walk-In,Walk-In
25-07-2025,MR10210003446,OP10210005949,Mrs. P RADHA RANI ,Female,46Y,8919691464,Dr. SIDDHARTH REDDY  ALLA,OPRInv1021-2025725821,ENDOSCOPY,,3300,0,0,3300,3300,0,UPI - PhonePe,NAVITHA N,Walk-In,Walk-In
25-07-2025,MR10210003446,OP10210005949,Mrs. P RADHA RANI ,Female,46Y,8919691464,Dr. SIDDHARTH REDDY  ALLA,OPRInv1021-2025725822,RUT,,500,0,0,500,500,0,Cash,NAVITHA N,Walk-In,Walk-In
25-07-2025,MR10210003401,OP10210005947,Mr. IRFAN AHMAD ,Male,43Y,9059944073,Dr. SIDDHARTH REDDY  ALLA,OPRInv1021-2025725823,RUT,,500,0,0,500,500,0,Cash,NAVITHA N,Walk-In,Walk-In
25-07-2025,MR10210003226,OP10210005948,Mr. K MAHESH ,Male,25Y,9346111627,Dr. SIDDHARTH REDDY  ALLA,OPRInv1021-2025725824,COLONOSCOPY,,6300,1000,0,5300,5300,0,UPI - PhonePe,NAVITHA N,Walk-In,Walk-In
25-07-2025,MR10210003436,OP10210005950,Ms. KSUJATHA ,Female,70Y,9849982222,Dr. SIDDHARTH REDDY  ALLA,OPRInv1021-2025725825,"ANESTHETIA SGA, Co2 CHARGES FOR PROCEDURE, COLONOSCOPY, ENDOSCOPY, O2 CHARGES FOR PROCEDURE, RUT",,13600,0,0,13600,13600,0,Cash,NAVITHA N,Walk-In,Walk-In
25-07-2025,MR10210003447,OP10210005957,Mr. K CHANDRA SEKHAR RAO ,Male,64Y,9290033773,Dr. SIDDHARTH REDDY  ALLA,OPRInv1021-2025725826,"ANESTHETIA SGA, BIOPSY SMALL, Co2 CHARGES FOR PROCEDURE, COLONOSCOPY, ENDOSCOPY, O2 CHARGES FOR PROCEDURE",,14100,2000,0,12100,12100,0,Cash,NAVITHA N,Walk-In,Walk-In
26-07-2025,MR10210003449,OP10210005962,Mr. D VEERAIAH ,Male,57Y,9032578755,Dr. SIDDHARTH REDDY  ALLA,OPRInv1021-2025726827,COLONOSCOPY,,6300,0,0,6300,6300,0,UPI - PhonePe,NAVITHA N,Walk-In,Walk-In
26-07-2025,MR10210003453,OP10210005965,Mr. RASHEED SK,Female,65Y,8466056633,Dr. SIDDHARTH REDDY  ALLA,OPRInv1021-2025726828,"ANESTHETIA SGA, Co2 CHARGES FOR PROCEDURE, COLONOSCOPY, O2 CHARGES FOR PROCEDURE",,9800,0,0,9800,9800,0,UPI - PhonePe,NAVITHA N,Walk-In,Walk-In
26-07-2025,MR10210003451,OP10210005960,Mr. P BHARGAV REDDY ,Male,28Y,9908923834,Dr. SIDDHARTH REDDY  ALLA,OPRInv1021-2025726829,ENDOSCOPY,,3300,0,0,3300,3300,0,UPI - PhonePe,NAVITHA N,Walk-In,Walk-In
26-07-2025,MR10210000948,OP10210005963,Mr. R HIMAGNA SOBAN ,Male,13Y,6304499608,Dr. SIDDHARTH REDDY  ALLA,OPRInv1021-2025726830,SIGMOIDOSCOPY,,3300,0,0,3300,3300,0,Cash,NAVITHA N,Walk-In,Walk-In
26-07-2025,MR10210003456,OP10210005971,Mrs. T SINGAMMA,Female,60Y,9866388369,Dr. SIDDHARTH REDDY  ALLA,OPRInv1021-2025726831,ENDOSCOPY,,3300,0,0,3300,2000,1300,Cash,NAVITHA N,Walk-In,Walk-In
16-02-2026,MR10210003456,OP10210005971,Mrs. T SINGAMMA,Female,60Y,9866388369,Dr. SIDDHARTH REDDY  ALLA,OPRInv1021-2025726831,ENDOSCOPY,,3300,0,1300,0,0,0,Cash,NAVITHA N,Walk-In,Walk-In
26-07-2025,MR10210003451,OP10210005960,Mr. P BHARGAV REDDY ,Male,28Y,9908923834,Dr. SIDDHARTH REDDY  ALLA,OPRInv1021-2025726832,RUT,,500,0,0,500,500,0,Cash,NAVITHA N,Walk-In,Walk-In
26-07-2025,MR10210003074,OP10210005969,Mrs. M SUNITHA ,Female,37Y,9885353967,Dr. SIDDHARTH REDDY  ALLA,OPRInv1021-2025726833,ENDOSCOPY,,3300,0,0,3300,3300,0,Cash,NAVITHA N,Walk-In,Walk-In
26-07-2025,MR10210003074,OP10210005969,Mrs. M SUNITHA ,Female,37Y,9885353967,Dr. SIDDHARTH REDDY  ALLA,OPRInv1021-2025726834,RUT,,500,0,0,500,500,0,UPI - PhonePe,NAVITHA N,Walk-In,Walk-In
26-07-2025,MR10210003462,OP10210005983,Mr. P LAKSHMI SUNDARAMMA,Male,57Y,9949400135,Dr. SIDDHARTH REDDY  ALLA,OPRInv1021-2025726835,ENDOSCOPY,,3300,0,0,3300,3300,0,Cash,NAVITHA N,Walk-In,Walk-In
26-07-2025,MR10210003449,OP10210005962,Mr. D VEERAIAH ,Male,57Y,9032578755,Dr. SIDDHARTH REDDY  ALLA,OPRInv1021-2025726836,"ENDOSCOPY, RUT",,3800,0,0,3800,3800,0,UPI - PhonePe,NAVITHA N,Walk-In,Walk-In
27-07-2025,MR10210003464,OP10210005992,Mr. S SUNIL ,Male,36Y,9133133183,Dr. SIDDHARTH REDDY  ALLA,OPRInv1021-2025727837,ENDOSCOPY,,3300,0,0,3300,3300,0,UPI - PhonePe,NAVITHA N,Walk-In,Walk-In
27-07-2025,MR10210003464,OP10210005992,Mr. S SUNIL ,Male,36Y,9133133183,Dr. SIDDHARTH REDDY  ALLA,OPRInv1021-2025727838,RUT,,500,0,0,500,500,0,UPI - PhonePe,NAVITHA N,Walk-In,Walk-In
27-07-2025,MR10210003468,OP10210005994,Mr. V VENKATESWARLU ,Male,62Y,9866621221,Dr. SIDDHARTH REDDY  ALLA,OPRInv1021-2025727839,ENDOSCOPY,,3300,0,0,3300,3300,0,Cash,NAVITHA N,Walk-In,Walk-In
28-07-2025,MR10210003472,OP10210006000,Mrs. A BHARATHI,Female,40Y,9948187363,Dr. SIDDHARTH REDDY  ALLA,OPRInv1021-2025728840,ENDOSCOPY,,3300,0,0,3300,3300,0,UPI - PhonePe,NAVITHA N,Walk-In,Walk-In
28-07-2025,MR10210003467,OP10210006003,Mrs. K SREE LATHA ,Female,41Y,6361410376,Dr. SIDDHARTH REDDY  ALLA,OPRInv1021-2025728841,ENDOSCOPY,,3300,0,0,3300,3300,0,Cash,NAVITHA N,Walk-In,Walk-In
28-07-2025,MR10210003476,OP10210006007,Mrs. V KALPANA ,Female,37Y,9553893940,Dr. SIDDHARTH REDDY  ALLA,OPRInv1021-2025728842,ENDOSCOPY,,3300,0,0,3300,3300,0,UPI - PhonePe,NAVITHA N,Walk-In,Walk-In
28-07-2025,MR10210003467,OP10210006003,Mrs. K SREE LATHA ,Female,41Y,6361410376,Dr. SIDDHARTH REDDY  ALLA,OPRInv1021-2025728843,RUT,,500,0,0,500,500,0,Cash,NAVITHA N,Walk-In,Walk-In
28-07-2025,MR10210003478,OP10210006010,Mrs. V SREE LATHA ,Female,33Y,7286048960,Dr. SIDDHARTH REDDY  ALLA,OPRInv1021-2025728844,ENDOSCOPY,,3300,0,0,3300,3300,0,UPI - PhonePe,NAVITHA N,Walk-In,Walk-In
28-07-2025,MR10210003475,OP10210006005,Mrs. T KONDAMMA ,Female,35Y,9493935584,Dr. SIDDHARTH REDDY  ALLA,OPRInv1021-2025728845,ENDOSCOPY,,3300,0,0,3300,3300,0,UPI - PhonePe,NAVITHA N,Walk-In,Walk-In
28-07-2025,MR10210003476,OP10210006007,Mrs. V KALPANA ,Female,37Y,9553893940,Dr. SIDDHARTH REDDY  ALLA,OPRInv1021-2025728846,RUT,,500,0,0,500,500,0,Cash,NAVITHA N,Walk-In,Walk-In
28-07-2025,MR10210003479,OP10210006012,Mrs. CH ANURADHA,Female,51Y,7780154767,Dr. SIDDHARTH REDDY  ALLA,OPRInv1021-2025728847,ENDOSCOPY,,3300,0,0,3300,3300,0,UPI - PhonePe,NAVITHA N,Walk-In,Walk-In
28-07-2025,MR10210003479,OP10210006016,Mrs. CH ANURADHA,Female,51Y,7780154767,Dr. SIDDHARTH REDDY  ALLA,OPRInv1021-2025728848,RUT,,500,0,0,500,500,0,Cash,NAVITHA N,Walk-In,Walk-In
28-07-2025,MR10210003482,OP10210006017,Mrs. SRILATHA REDDY,Female,08Y,7702590428,Dr. SIDDHARTH REDDY  ALLA,OPRInv1021-2025728849,"BIOPSY SMALL, ENDOSCOPY",,4300,0,0,4300,4300,0,Cash,NAVITHA N,Walk-In,Walk-In
28-07-2025,MR10210003477,OP10210006008,Mr. D SHUKI BAI ,Male,75Y,9014593980,Dr. SIDDHARTH REDDY  ALLA,OPRInv1021-2025728850,ENDOSCOPY,,3300,0,0,3300,3300,0,UPI - PhonePe,NAVITHA N,Walk-In,Walk-In
28-07-2025,MR10210003473,OP10210006001,Mr. K VIKHIL REDDY ,Male,17Y,8179880216,Dr. SIDDHARTH REDDY  ALLA,OPRInv1021-2025728851,ENDOSCOPY,,3300,500,0,2800,2800,0,Cash,NAVITHA N,Walk-In,Walk-In
28-07-2025,MR10210003478,OP10210006010,Mrs. V SREE LATHA ,Female,33Y,7286048960,Dr. SIDDHARTH REDDY  ALLA,OPRInv1021-2025728852,RUT,,500,0,0,500,500,0,UPI - PhonePe,NAVITHA N,Walk-In,Walk-In
28-07-2025,MR10210003475,OP10210006005,Mrs. T KONDAMMA ,Female,35Y,9493935584,Dr. SIDDHARTH REDDY  ALLA,OPRInv1021-2025728853,RUT,,500,0,0,500,500,0,Cash,NAVITHA N,Walk-In,Walk-In
28-07-2025,MR10210003480,OP10210006013,Mr. G YEDUKONDALU ,Male,55Y,9966554190,Dr. SIDDHARTH REDDY  ALLA,OPRInv1021-2025728854,ENDOSCOPY,,3300,0,0,3300,3300,0,Cash,NAVITHA N,Walk-In,Walk-In
29-07-2025,MR10210003489,OP10210006029,Mr. T UMA KANTHA RAO,Male,75Y,9440003840,Dr. SIDDHARTH REDDY  ALLA,OPRInv1021-2025729855,ENDOSCOPY,,3300,0,0,3300,3300,0,UPI - PhonePe,NAVITHA N,Walk-In,Walk-In
29-07-2025,MR10210003490,OP10210006030,Mr. J LAKSHMI NARAYANA,Male,60Y,6281555875,Dr. SIDDHARTH REDDY  ALLA,OPRInv1021-2025729856,ENDOSCOPY,,3300,0,0,3300,3300,0,UPI - PhonePe,NAVITHA N,Walk-In,Walk-In
29-07-2025,MR10210003490,OP10210006031,Mr. J LAKSHMI NARAYANA,Male,60Y,6281555875,Dr. SIDDHARTH REDDY  ALLA,OPRInv1021-2025729857,RUT,,500,0,0,500,500,0,UPI - PhonePe,NAVITHA N,Walk-In,Walk-In
29-07-2025,MR10210003491,OP10210006036,Mr. R BALOJI NAIK ,Male,43Y,8501811112,Dr. SIDDHARTH REDDY  ALLA,OPRInv1021-2025729858,SIGMOIDOSCOPY,,3300,500,0,2800,2800,0,UPI - PhonePe,NAVITHA N,Walk-In,Walk-In
30-07-2025,MR10210003498,OP10210006047,Mr. D VENKATA REDDY ,Male,50Y,9701050025,Dr. SIDDHARTH REDDY  ALLA,OPRInv1021-2025730859,ENDOSCOPY,,3300,0,0,3300,3300,0,Cash,NAVITHA N,Walk-In,Walk-In
30-07-2025,MR10210003499,OP10210006049,Mr. L RAJU ,Male,42Y,8008337167,Dr. SIDDHARTH REDDY  ALLA,OPRInv1021-2025730860,ENDOSCOPY,,3300,0,0,3300,3300,0,UPI - PhonePe,NAVITHA N,Walk-In,Walk-In
30-07-2025,MR10210003500,OP10210006051,Mrs. S ARUNA,Female,46Y,9849929518,Dr. SIDDHARTH REDDY  ALLA,OPRInv1021-2025730861,ENDOSCOPY,,3300,0,0,3300,3300,0,UPI - PhonePe,NAVITHA N,Walk-In,Walk-In
30-07-2025,MR10210003499,OP10210006049,Mr. L RAJU ,Male,42Y,8008337167,Dr. SIDDHARTH REDDY  ALLA,OPRInv1021-2025730862,RUT,,500,0,0,500,500,0,UPI - PhonePe,NAVITHA N,Walk-In,Walk-In
30-07-2025,MR10210003500,OP10210006053,Mrs. S ARUNA,Female,46Y,9849929518,Dr. SIDDHARTH REDDY  ALLA,OPRInv1021-2025730863,RUT,,500,0,0,500,500,0,UPI - PhonePe,NAVITHA N,Walk-In,Walk-In
30-07-2025,MR10210003497,OP10210006045,Mrs. B NIRMALA ,Female,65Y,9949524668,Dr. SIDDHARTH REDDY  ALLA,OPRInv1021-2025730864,"ANESTHETIA SGA, Co2 CHARGES FOR PROCEDURE, COLONOSCOPY, ENDOSCOPY, O2 CHARGES FOR PROCEDURE",,13100,2000,0,11100,11100,0,Cash,NAVITHA N,Walk-In,Walk-In
30-07-2025,MR10210003498,OP10210006047,Mr. D VENKATA REDDY ,Male,50Y,9701050025,Dr. SIDDHARTH REDDY  ALLA,OPRInv1021-2025730865,RUT,,500,0,0,500,500,0,Cash,NAVITHA N,Walk-In,Walk-In
30-07-2025,MR10210003504,OP10210006058,Mr. KUSHVANTH G,Male,15Y,7288038875,Dr. SIDDHARTH REDDY  ALLA,OPRInv1021-2025730866,ENDOSCOPY,,3300,0,0,3300,3300,0,Cash,NAVITHA N,Walk-In,Walk-In
30-07-2025,MR10210003505,OP10210006059,Mr. JAI SURYA B,Male,22Y,9959644410,Dr. SIDDHARTH REDDY  ALLA,OPRInv1021-2025730867,ENDOSCOPY,,3300,0,0,3300,3300,0,UPI - PhonePe,NAVITHA N,Walk-In,Walk-In
30-07-2025,MR10210003505,OP10210006059,Mr. JAI SURYA B,Male,22Y,9959644410,Dr. SIDDHARTH REDDY  ALLA,OPRInv1021-2025730868,RUT,,500,0,0,500,500,0,UPI - PhonePe,NAVITHA N,Walk-In,Walk-In
30-07-2025,MR10210003504,OP10210006061,Mr. KUSHVANTH G,Male,15Y,7288038875,Dr. SIDDHARTH REDDY  ALLA,OPRInv1021-2025730869,RUT,,500,0,0,500,500,0,Cash,NAVITHA N,Walk-In,Walk-In
30-07-2025,MR10210003506,OP10210006060,Mr. I SAI VARUN TEJ,Male,10Y,6300350913,Dr. SIDDHARTH REDDY  ALLA,OPRInv1021-2025730870,"ANESTHETIA SGA, Co2 CHARGES FOR PROCEDURE, ENDOSCOPY, O2 CHARGES FOR PROCEDURE",,6800,0,0,6800,6800,0,UPI - Amazon,NAVITHA N,Walk-In,Walk-In
30-07-2025,MR10210003497,OP10210006045,Mrs. B NIRMALA ,Female,65Y,9949524668,Dr. SIDDHARTH REDDY  ALLA,OPRInv1021-2025730871,"BIOPSY SMALL, POLYPECTOMY",,21000,0,0,21000,21000,0,Cash,NAVITHA N,Walk-In,Walk-In
31-07-2025,MR10210003510,OP10210006067,Mrs. J LAKSHMI RAJYAM ,Female,75Y,7893739242,Dr. SIDDHARTH REDDY  ALLA,OPRInv1021-2025731872,"ANESTHETIA SGA, Co2 CHARGES FOR PROCEDURE, COLONOSCOPY, ENDOSCOPY, O2 CHARGES FOR PROCEDURE",,13100,3000,0,10100,10100,0,Cash,Siddhartha Reddy ,Walk-In,Walk-In
31-07-2025,MR10210003513,OP10210006073,Mr. A MAHESH,Male,28Y,9603611538,Dr. SIDDHARTH REDDY  ALLA,OPRInv1021-2025731873,"ANESTHETIA SGA, Co2 CHARGES FOR PROCEDURE, COLONOSCOPY, O2 CHARGES FOR PROCEDURE",,9800,0,0,9800,9800,0,Cash,NAVITHA N,Walk-In,Walk-In
01-08-2025,MR10210003516,OP10210006076,Mr. SK DAWOD VALI,Male,35Y,7032214954,Dr. SIDDHARTH REDDY  ALLA,OPRInv1021-202581874,ENDOSCOPY,,3300,0,0,3300,3300,0,UPI - PhonePe,NAVITHA N,Walk-In,Walk-In
01-08-2025,MR10210003517,OP10210006077,Mr. G SAIDA REDDY,Male,47Y,9908334960,Dr. SIDDHARTH REDDY  ALLA,OPRInv1021-202581875,ENDOSCOPY,,3300,0,0,3300,3300,0,UPI - PhonePe,NAVITHA N,Walk-In,Walk-In
01-08-2025,MR10210003517,OP10210006079,Mr. G SAIDA REDDY,Male,47Y,9908334960,Dr. SIDDHARTH REDDY  ALLA,OPRInv1021-202581876,RUT,,500,0,0,500,500,0,UPI - PhonePe,NAVITHA N,Walk-In,Walk-In
01-08-2025,MR10210003518,OP10210006080,Ms. R SUNITHA ,Female,30Y,6281737614,Dr. SIDDHARTH REDDY  ALLA,OPRInv1021-202581877,ENDOSCOPY,,3300,0,0,3300,3300,0,UPI - PhonePe,NAVITHA N,Walk-In,Walk-In
01-08-2025,MR10210003518,OP10210006080,Ms. R SUNITHA ,Female,30Y,6281737614,Dr. SIDDHARTH REDDY  ALLA,OPRInv1021-202581878,RUT,,500,0,0,500,500,0,UPI - PhonePe,NAVITHA N,Walk-In,Walk-In
01-08-2025,MR10210003522,OP10210006088,Mr. J PAPARAO,Male,57Y,8978046422,Dr. SIDDHARTH REDDY  ALLA,OPRInv1021-202581879,ENDOSCOPY,,3300,0,0,3300,3300,0,UPI - PhonePe,NAVITHA N,Walk-In,Walk-In
01-08-2025,MR10210003522,OP10210006088,Mr. J PAPARAO,Male,57Y,8978046422,Dr. SIDDHARTH REDDY  ALLA,OPRInv1021-202581880,RUT,,500,0,0,500,500,0,Cash,NAVITHA N,Walk-In,Walk-In
02-08-2025,MR10210003526,OP10210006096,Mrs. P LAKSHMI ,Female,29Y,9652297705,Dr. SIDDHARTH REDDY  ALLA,OPRInv1021-202582881,"ENDOSCOPY, RUT",,3800,0,0,3800,3800,0,Cash,NAVITHA N,Walk-In,Walk-In
02-08-2025,MR10210001115,OP10210006099,Mr. CH VENKATESWARLU ,Male,70Y,7780244976,Dr. SIDDHARTH REDDY  ALLA,OPRInv1021-202582882,ENDOSCOPY,,3300,0,0,3300,3300,0,Cash,NAVITHA N,Walk-In,Walk-In
02-08-2025,MR10210003527,OP10210006103,Mrs. Y MANGAMMA ,Female,50Y,9441941078,Dr. SIDDHARTH REDDY  ALLA,OPRInv1021-202582883,RUT,,500,0,0,500,500,0,Cash,NAVITHA N,Walk-In,Walk-In
02-08-2025,MR10210003527,OP10210006103,Mrs. Y MANGAMMA ,Female,50Y,9441941078,Dr. SIDDHARTH REDDY  ALLA,OPRInv1021-202582884,ENDOSCOPY,,3300,0,0,3300,3300,0,Cash,NAVITHA N,Walk-In,Walk-In
04-08-2025,MR10210003530,OP10210006122,Mrs. G UMADEVI ,Female,55Y,9849083626,Dr. SIDDHARTH REDDY  ALLA,OPRInv1021-202584885,"ANESTHETIA SGA, Co2 CHARGES FOR PROCEDURE, COLONOSCOPY, O2 CHARGES FOR PROCEDURE",,9800,0,0,9800,9800,0,Cash,NAVITHA N,Walk-In,Walk-In
04-08-2025,MR10210003538,OP10210006124,Mr. Y SAMBI REDDY ,Male,46Y,9848749591,Dr. SIDDHARTH REDDY  ALLA,OPRInv1021-202584886,ENDOSCOPY,,3300,0,0,3300,3300,0,UPI - PhonePe,NAVITHA N,Walk-In,Walk-In
04-08-2025,MR10210002043,OP10210006121,Ms. SK SAJIDA ,Female,15Y,8074130302,Dr. SIDDHARTH REDDY  ALLA,OPRInv1021-202584887,ENDOSCOPY,,3300,0,0,3300,3300,0,Cash,NAVITHA N,Walk-In,Walk-In
04-08-2025,MR10210003537,OP10210006119,Mrs. M LAKSHMI,Female,48Y,8328562560,Dr. SIDDHARTH REDDY  ALLA,OPRInv1021-202584888,ENDOSCOPY,,3300,0,0,3300,3300,0,UPI - PhonePe,NAVITHA N,Walk-In,Walk-In
04-08-2025,MR10210003541,OP10210006130,Mr. M VISHAL REDDY ,Male,16Y,9494676184,Dr. SIDDHARTH REDDY  ALLA,OPRInv1021-202584889,ENDOSCOPY,,3300,0,0,3300,3300,0,UPI - PhonePe,NAVITHA N,Walk-In,Walk-In
04-08-2025,MR10210003537,OP10210006119,Mrs. M LAKSHMI,Female,48Y,8328562560,Dr. SIDDHARTH REDDY  ALLA,OPRInv1021-202584890,RUT,,500,0,0,500,500,0,Cash,NAVITHA N,Walk-In,Walk-In
04-08-2025,MR10210002043,OP10210006121,Ms. SK SAJIDA ,Female,15Y,8074130302,Dr. SIDDHARTH REDDY  ALLA,OPRInv1021-202584891,RUT,,500,0,0,500,500,0,Cash,NAVITHA N,Walk-In,Walk-In
04-08-2025,MR10210003432,OP10210006134,Mrs. SK SALMA ,Female,29Y,9705220006,Dr. SIDDHARTH REDDY  ALLA,OPRInv1021-202584892,ENDOSCOPY,,3300,0,0,3300,3300,0,Cash,NAVITHA N,Walk-In,Walk-In
04-08-2025,MR10210003542,OP10210006132,Mrs. M SATYAMMA ,Female,45Y,8187879328,Dr. SIDDHARTH REDDY  ALLA,OPRInv1021-202584893,ENDOSCOPY,,3300,0,0,3300,3300,0,Cash,NAVITHA N,Walk-In,Walk-In
04-08-2025,MR10210003432,OP10210006134,Mrs. SK SALMA ,Female,29Y,9705220006,Dr. SIDDHARTH REDDY  ALLA,OPRInv1021-202584894,RUT,,500,0,0,500,500,0,Cash,NAVITHA N,Walk-In,Walk-In
04-08-2025,MR10210003542,OP10210006132,Mrs. M SATYAMMA ,Female,45Y,8187879328,Dr. SIDDHARTH REDDY  ALLA,OPRInv1021-202584895,RUT,,500,0,0,500,500,0,UPI - PhonePe,NAVITHA N,Walk-In,Walk-In
04-08-2025,MR10210003541,OP10210006130,Mr. M VISHAL REDDY ,Male,16Y,9494676184,Dr. SIDDHARTH REDDY  ALLA,OPRInv1021-202584896,RUT,,500,0,0,500,500,0,Cash,NAVITHA N,Walk-In,Walk-In
04-08-2025,MR10210003538,OP10210006124,Mr. Y SAMBI REDDY ,Male,46Y,9848749591,Dr. SIDDHARTH REDDY  ALLA,OPRInv1021-202584897,RUT,,500,0,0,500,500,0,Cash,NAVITHA N,Walk-In,Walk-In
04-08-2025,MR10210003547,OP10210006140,Mr. Y YALAMANDA REDDY ,Male,38Y,9912002255,Dr. SIDDHARTH REDDY  ALLA,OPRInv1021-202584898,ENDOSCOPY,,3300,1000,0,2300,2300,0,Cash,Siddhartha Reddy ,Walk-In,Walk-In
04-08-2025,MR10210003544,OP10210006137,Mr. P SRINIVASA RAO ,Male,44Y,8143725862,Dr. SIDDHARTH REDDY  ALLA,OPRInv1021-202584899,"COLONOSCOPY, ENDOSCOPY",,9600,3000,0,6600,6600,0,Cash,Siddhartha Reddy ,Walk-In,Walk-In
05-08-2025,MR10210003551,OP10210006147,Mrs. K SAROJAMMA ,Female,71Y,8008939449,Dr. SIDDHARTH REDDY  ALLA,OPRInv1021-202585900,ENDOSCOPY,,3300,0,0,3300,3300,0,UPI - PhonePe,NAVITHA N,Walk-In,Walk-In
05-08-2025,MR10210003552,OP10210006149,Mr. SK MAHAMAAD FIROZ ,Male,23Y,7013041414,Dr. SIDDHARTH REDDY  ALLA,OPRInv1021-202585901,ENDOSCOPY,,3300,0,0,3300,3300,0,UPI - PhonePe,NAVITHA N,Walk-In,Walk-In
05-08-2025,MR10210003552,OP10210006149,Mr. SK MAHAMAAD FIROZ ,Male,23Y,7013041414,Dr. SIDDHARTH REDDY  ALLA,OPRInv1021-202585902,RUT,,500,0,0,500,500,0,UPI - PhonePe,NAVITHA N,Walk-In,Walk-In
05-08-2025,MR10210003551,OP10210006147,Mrs. K SAROJAMMA ,Female,71Y,8008939449,Dr. SIDDHARTH REDDY  ALLA,OPRInv1021-202585903,BIOPSY SMALL,,1000,0,0,1000,1000,0,UPI - PhonePe,NAVITHA N,Walk-In,Walk-In
05-08-2025,MR10210003555,OP10210006155,Mrs. K ESTARU RANI ,Female,35Y,9908232771,Dr. SIDDHARTH REDDY  ALLA,OPRInv1021-202585904,ENDOSCOPY,,3300,300,0,3000,3000,0,UPI - PhonePe,NAVITHA N,Walk-In,Walk-In
05-08-2025,MR10210003555,OP10210006155,Mrs. K ESTARU RANI ,Female,35Y,9908232771,Dr. SIDDHARTH REDDY  ALLA,OPRInv1021-202585905,RUT,,500,0,0,500,500,0,UPI - PhonePe,NAVITHA N,Walk-In,Walk-In
06-08-2025,MR10210003561,OP10210006163,Mr. K JAGADEESH CHANDRA SHEKAR ,Male,20Y,9008895259,Dr. SIDDHARTH REDDY  ALLA,OPRInv1021-202586906,ENDOSCOPY,,3300,0,0,3300,3300,0,Cash,NAVITHA N,Walk-In,Walk-In
06-08-2025,MR10210003559,OP10210006161,Mr. M CHUKKAIAH ,Male,75Y,9492902002,Dr. SIDDHARTH REDDY  ALLA,OPRInv1021-202586907,"ANESTHETIA SGA, Co2 CHARGES FOR PROCEDURE, COLONOSCOPY, O2 CHARGES FOR PROCEDURE",,9800,0,0,9800,9800,0,UPI - PhonePe,NAVITHA N,Walk-In,Walk-In
06-08-2025,MR10210003560,OP10210006162,Mr. K ASHOKVARDHAN REDDY ,Male,36Y,9966124333,Dr. SIDDHARTH REDDY  ALLA,OPRInv1021-202586908,ENDOSCOPY,,3300,1000,0,2300,2300,0,Cash,Siddhartha Reddy ,Walk-In,Walk-In
06-08-2025,MR10210003562,OP10210006166,Ms. SRAVANA RANI K,Female,43Y,9666660819,Dr. SIDDHARTH REDDY  ALLA,OPRInv1021-202586909,ENDOSCOPY,,3300,0,0,3300,3300,0,UPI - PhonePe,NAVITHA N,Walk-In,Walk-In
06-08-2025,MR10210003560,OP10210006162,Mr. K ASHOKVARDHAN REDDY ,Male,36Y,9966124333,Dr. SIDDHARTH REDDY  ALLA,OPRInv1021-202586910,RUT,,500,0,0,500,500,0,Cash,NAVITHA N,Walk-In,Walk-In
06-08-2025,MR10210003565,OP10210006174,Mr. VENKATA RAGHAVARAO S,Male,26Y,9110399629,Dr. SIDDHARTH REDDY  ALLA,OPRInv1021-202586911,"ANESTHETIA SGA, Co2 CHARGES FOR PROCEDURE, COLONOSCOPY, O2 CHARGES FOR PROCEDURE",,9800,0,0,9800,9800,0,UPI - PhonePe,NAVITHA N,Walk-In,Walk-In
06-08-2025,MR10210003561,OP10210006163,Mr. K JAGADEESH CHANDRA SHEKAR ,Male,20Y,9008895259,Dr. SIDDHARTH REDDY  ALLA,OPRInv1021-202586912,BIOPSY SMALL,,1000,0,0,1000,1000,0,Cash,NAVITHA N,Walk-In,Walk-In
06-08-2025,MR10210003566,OP10210006176,Mr. VENKATA RAGHAVA RAO S,Male,26Y,9110399629,Dr. SIDDHARTH REDDY  ALLA,OPRInv1021-202586913,BIOPSY SMALL,,1000,0,0,1000,1000,0,UPI - PhonePe,NAVITHA N,Walk-In,Walk-In
07-08-2025,MR10210003569,OP10210006184,Baby. G BHAVYA SRI ,Female,10Y1D,9030606611,Dr. SIDDHARTH REDDY  ALLA,OPRInv1021-202587914,"ANESTHETIA SGA, Co2 CHARGES FOR PROCEDURE, ENDOSCOPY, O2 CHARGES FOR PROCEDURE",,6800,0,0,6800,6800,0,UPI - PhonePe,NAVITHA N,Walk-In,Walk-In
07-08-2025,MR10210003572,OP10210006189,Mrs. D NAGA LAKSHMI ,Female,65Y,9963297184,Dr. SIDDHARTH REDDY  ALLA,OPRInv1021-202587915,ENDOSCOPY,,3300,0,0,3300,3300,0,UPI - PhonePe,NAVITHA N,Walk-In,Walk-In
07-08-2025,MR10210002180,OP10210006192,Mr. V SRINIVASA RAO ,Male,23Y,8374612459,Dr. SIDDHARTH REDDY  ALLA,OPRInv1021-202587916,ENDOSCOPY,,3300,0,0,3300,3300,0,UPI - PhonePe,NAVITHA N,Walk-In,Walk-In
07-08-2025,MR10210003572,OP10210006189,Mrs. D NAGA LAKSHMI ,Female,65Y,9963297184,Dr. SIDDHARTH REDDY  ALLA,OPRInv1021-202587917,RUT,,500,0,0,500,500,0,UPI - PhonePe,NAVITHA N,Walk-In,Walk-In
07-08-2025,MR10210002180,OP10210006192,Mr. V SRINIVASA RAO ,Male,23Y,8374612459,Dr. SIDDHARTH REDDY  ALLA,OPRInv1021-202587918,RUT,,500,0,0,500,500,0,UPI - PhonePe,NAVITHA N,Walk-In,Walk-In
08-08-2025,MR10210003577,OP10210006197,Mr. K VENKATA KARTHIKEYA,Male,18Y,9553982150,Dr. SIDDHARTH REDDY  ALLA,OPRInv1021-202588919,ENDOSCOPY,,3300,0,0,3300,3300,0,UPI - PhonePe,NAVITHA N,Walk-In,Walk-In
08-08-2025,MR10210003576,OP10210006196,Mr. B BAJI ,Male,43Y,8790160819,Dr. SIDDHARTH REDDY  ALLA,OPRInv1021-202588920,ENDOSCOPY,,3300,0,0,3300,3300,0,Cash,NAVITHA N,Walk-In,Walk-In
08-08-2025,MR10210003578,OP10210006200,Mr. K ANJANEYULU,Male,74Y,9866433588,Dr. SIDDHARTH REDDY  ALLA,OPRInv1021-202588921,"ANESTHETIA SGA, Co2 CHARGES FOR PROCEDURE, COLONOSCOPY, ENDOSCOPY, O2 CHARGES FOR PROCEDURE",,13100,0,0,13100,13100,0,UPI - PhonePe,NAVITHA N,Walk-In,Walk-In
08-08-2025,MR10210003580,OP10210006202,Mrs. GNANA SUNDARI,Female,64Y,9603474619,Dr. SIDDHARTH REDDY  ALLA,OPRInv1021-202588922,"ANESTHETIA SGA, Co2 CHARGES FOR PROCEDURE, COLONOSCOPY, O2 CHARGES FOR PROCEDURE",,9800,0,0,9800,9800,0,Cash,NAVITHA N,Walk-In,Walk-In
09-08-2025,MR10210003582,OP10210006205,Ms. NAGA MALLESWARI K,Female,45Y,7036709017,Dr. SIDDHARTH REDDY  ALLA,OPRInv1021-202589923,ENDOSCOPY,,3300,0,0,3300,3300,0,Cash,NAVITHA N,Walk-In,Walk-In
09-08-2025,MR10210003579,OP10210006204,Mr. JAGADISH PANDEY,Male,53Y,9000993439,Dr. SIDDHARTH REDDY  ALLA,OPRInv1021-202589924,RUT,,500,0,0,500,500,0,UPI - PhonePe,NAVITHA N,Walk-In,Walk-In
09-08-2025,MR10210003584,OP10210006207,Ms. SK ANISA ,Female,25Y,9603779245,Dr. SIDDHARTH REDDY  ALLA,OPRInv1021-202589925,ENDOSCOPY,,3300,500,0,2800,2800,0,Cash,NAVITHA N,Walk-In,Walk-In
09-08-2025,MR10210003579,OP10210006204,Mr. JAGADISH PANDEY,Male,53Y,9000993439,Dr. SIDDHARTH REDDY  ALLA,OPRInv1021-202589926,ENDOSCOPY,,3300,1000,0,2300,2300,0,Cash,Siddhartha Reddy ,Walk-In,Walk-In
09-08-2025,MR10210003585,OP10210006208,Ms. K RAMA DHANUSH ,Female,17Y,8897886687,Dr. SIDDHARTH REDDY  ALLA,OPRInv1021-202589927,ENDOSCOPY,,3300,500,0,2800,2800,0,UPI - PhonePe,NAVITHA N,Walk-In,Walk-In
09-08-2025,MR10210003585,OP10210006208,Ms. K RAMA DHANUSH ,Female,17Y,8897886687,Dr. SIDDHARTH REDDY  ALLA,OPRInv1021-202589928,RUT,,500,0,0,500,500,0,Cash,NAVITHA N,Walk-In,Walk-In
09-08-2025,MR10210003587,OP10210006212,Mrs. ANUSHA K ,Female,25Y,9951346246,Dr. SIDDHARTH REDDY  ALLA,OPRInv1021-202589929,ENDOSCOPY,,3300,0,0,3300,3300,0,UPI - PhonePe,NAVITHA N,Walk-In,Walk-In
09-08-2025,MR10210003588,OP10210006213,Mr. SAI PAVAN S ,Male,27Y,9398562671,Dr. SIDDHARTH REDDY  ALLA,OPRInv1021-202589930,ENDOSCOPY,,3300,0,0,3300,3300,0,UPI - PhonePe,NAVITHA N,Walk-In,Walk-In
09-08-2025,MR10210003588,OP10210006213,Mr. SAI PAVAN S ,Male,27Y,9398562671,Dr. SIDDHARTH REDDY  ALLA,OPRInv1021-202589931,RUT,,500,0,0,500,500,0,UPI - PhonePe,NAVITHA N,Walk-In,Walk-In
09-08-2025,MR10210003587,OP10210006212,Mrs. ANUSHA K ,Female,25Y,9951346246,Dr. SIDDHARTH REDDY  ALLA,OPRInv1021-202589932,RUT,,500,0,0,500,500,0,Cash,NAVITHA N,Walk-In,Walk-In
09-08-2025,MR10210003584,OP10210006207,Ms. SK ANISA ,Female,25Y,9603779245,Dr. SIDDHARTH REDDY  ALLA,OPRInv1021-202589933,RUT,,500,0,0,500,500,0,Cash,NAVITHA N,Walk-In,Walk-In
09-08-2025,MR10210003590,OP10210006216,Mr. SAMBA SIVA RAO M,Male,32Y,9618363166,Dr. SIDDHARTH REDDY  ALLA,OPRInv1021-202589934,RUT,,500,0,0,500,500,0,Cash,NAVITHA N,Walk-In,Walk-In
09-08-2025,MR10210003591,OP10210006217,Mr. SAI SRIDHAR M V,Male,23Y,9912719649,Dr. SIDDHARTH REDDY  ALLA,OPRInv1021-202589935,RUT,,500,0,0,500,500,0,UPI - PhonePe,NAVITHA N,Walk-In,Walk-In
09-08-2025,MR10210003590,OP10210006216,Mr. SAMBA SIVA RAO M,Male,32Y,9618363166,Dr. SIDDHARTH REDDY  ALLA,OPRInv1021-202589936,ENDOSCOPY,,3300,1300,0,2000,2000,0,Cash,Siddhartha Reddy ,Walk-In,Walk-In
09-08-2025,MR10210003591,OP10210006217,Mr. SAI SRIDHAR M V,Male,23Y,9912719649,Dr. SIDDHARTH REDDY  ALLA,OPRInv1021-202589937,ENDOSCOPY,,3300,0,0,3300,3300,0,UPI - PhonePe,NAVITHA N,Walk-In,Walk-In
11-08-2025,MR10210003594,OP10210006226,Mr. K SRINIVAS REDDY ,Male,40Y,9010666548,Dr. SIDDHARTH REDDY  ALLA,OPRInv1021-2025811938,COLONOSCOPY,,6300,0,0,6300,6300,0,Cash,NAVITHA N,Walk-In,Walk-In
11-08-2025,MR10210003596,OP10210006231,Ms. ASIYA SK,Female,42Y,9494936612,Dr. SIDDHARTH REDDY  ALLA,OPRInv1021-2025811939,ENDOSCOPY,,3300,0,0,3300,3300,0,UPI - PhonePe,NAVITHA N,Walk-In,Walk-In
11-08-2025,MR10210001803,OP10210006229,Mr. SK JANI BASHA ,Male,51Y,9963903288,Dr. SIDDHARTH REDDY  ALLA,OPRInv1021-2025811940,ENDOSCOPY,,3300,0,0,3300,3300,0,Cash,NAVITHA N,Walk-In,Walk-In
11-08-2025,MR10210003598,OP10210006235,Mr. SAMSON P,Male,34Y,8374335750,Dr. SIDDHARTH REDDY  ALLA,OPRInv1021-2025811941,"ANESTHETIA SGA, Co2 CHARGES FOR PROCEDURE, COLONOSCOPY, ENDOSCOPY, O2 CHARGES FOR PROCEDURE",,13100,0,0,13100,13100,0,UPI - PhonePe,NAVITHA N,Walk-In,Walk-In
11-08-2025,MR10210003599,OP10210006236,Mrs. ASIYA SK,Female,42Y,9494774208,Dr. SIDDHARTH REDDY  ALLA,OPRInv1021-2025811942,RUT,,500,0,0,500,500,0,UPI - PhonePe,NAVITHA N,Walk-In,Walk-In
11-08-2025,MR10210003601,OP10210006242,Mr. SURYA S,Male,31Y,9133703143,Dr. SIDDHARTH REDDY  ALLA,OPRInv1021-2025811943,ENDOSCOPY,,3300,0,0,3300,3300,0,UPI - PhonePe,NAVITHA N,Walk-In,Walk-In
11-08-2025,MR10210003604,OP10210006246,Mr. SRINIVASA RAO M,Male,45Y,9573463858,Dr. SIDDHARTH REDDY  ALLA,OPRInv1021-2025811944,ENDOSCOPY,,3300,0,0,3300,3300,0,UPI - PhonePe,NAVITHA N,Walk-In,Walk-In
11-08-2025,MR10210001803,OP10210006229,Mr. SK JANI BASHA ,Male,51Y,9963903288,Dr. SIDDHARTH REDDY  ALLA,OPRInv1021-2025811945,RUT,,500,0,0,500,500,0,Cash,NAVITHA N,Walk-In,Walk-In
11-08-2025,MR10210003601,OP10210006247,Mr. SURYA S,Male,31Y,9133703143,Dr. SIDDHARTH REDDY  ALLA,OPRInv1021-2025811946,RUT,,500,0,0,500,500,0,UPI - PhonePe,NAVITHA N,Walk-In,Walk-In
11-08-2025,MR10210003604,OP10210006249,Mr. SRINIVASA RAO M,Female,45Y,9573463858,Dr. SIDDHARTH REDDY  ALLA,OPRInv1021-2025811947,RUT,,500,0,0,500,500,0,UPI - PhonePe,NAVITHA N,Walk-In,Walk-In
11-08-2025,MR10210003605,OP10210006248,Ms. J GUNAVATSALYA ,Female,13Y,9959815533,Dr. SIDDHARTH REDDY  ALLA,OPRInv1021-2025811948,ENDOSCOPY,,3300,0,0,3300,3300,0,Cash,NAVITHA N,Walk-In,Walk-In
11-08-2025,MR10210003594,OP10210006226,Mr. K SRINIVAS REDDY ,Male,40Y,9010666548,Dr. SIDDHARTH REDDY  ALLA,OPRInv1021-2025811949,BIOPSY SMALL,,1000,0,0,1000,1000,0,Cash,NAVITHA N,Walk-In,Walk-In
11-08-2025,MR10210003606,OP10210006251,Baby. M HASID KUMAR ,Female,8Y,8374031934,Dr. SIDDHARTH REDDY  ALLA,OPRInv1021-2025811950,FOREIGN BODY REMOVAL - BLUNT,,10000,0,0,10000,10000,0,Cash,NAVITHA N,Walk-In,Walk-In
12-08-2025,MR10210003534,OP10210006255,Mrs. T NAGA LAKSHMI ,Female,52Y,9985223945,Dr. SIDDHARTH REDDY  ALLA,OPRInv1021-2025812951,ENDOSCOPY,,3300,0,0,3300,3300,0,UPI - PhonePe,NAVITHA N,Walk-In,Walk-In
12-08-2025,MR10210003534,OP10210006255,Mrs. T NAGA LAKSHMI ,Female,52Y,9985223945,Dr. SIDDHARTH REDDY  ALLA,OPRInv1021-2025812952,RUT,,500,0,0,500,500,0,UPI - PhonePe,NAVITHA N,Walk-In,Walk-In
12-08-2025,MR10210003614,OP10210006265,Mrs. D SAMBAMBA,Female,75Y,9121518627,Dr. SIDDHARTH REDDY  ALLA,OPRInv1021-2025812953,ENDOSCOPY,,3300,0,0,3300,3300,0,Cash,NAVITHA N,Walk-In,Walk-In
12-08-2025,MR10210003577,OP10210006266,Mr. K VENKATA KARTHIKEYA,Male,18Y,9553982150,Dr. SIDDHARTH REDDY  ALLA,OPRInv1021-2025812954,"ANESTHETIA SGA, Co2 CHARGES FOR PROCEDURE, COLONOSCOPY, O2 CHARGES FOR PROCEDURE",,9800,0,0,9800,9800,0,UPI - PhonePe,NAVITHA N,Walk-In,Walk-In
12-08-2025,MR10210003550,OP10210006257,Mr. K RAVI BABU ,Male,62Y,9948792647,Dr. SIDDHARTH REDDY  ALLA,OPRInv1021-2025812955,ENDOSCOPY,,3300,1000,0,2300,2300,0,Cash,Siddhartha Reddy ,Walk-In,Walk-In
12-08-2025,MR10210003610,OP10210006259,Mr. R SESHAIAH,Male,48Y,6304947357,Dr. SIDDHARTH REDDY  ALLA,OPRInv1021-2025812956,ENDOSCOPY,,3300,800,0,2500,2500,0,Cash,Siddhartha Reddy ,Walk-In,Walk-In
12-08-2025,MR10210001740,OP10210006254,Mr. K SRINIVASA RAO ,Male,49Y,7675011788,Dr. SIDDHARTH REDDY  ALLA,OPRInv1021-2025812957,"ANESTHETIA UNDER GA, ERCP",,40000,15000,0,25000,25000,0,Cash,Siddhartha Reddy ,Walk-In,Walk-In
13-08-2025,MR10210003619,OP10210006270,Mr. S NIKHIL ,Male,22Y,9949627401,Dr. SIDDHARTH REDDY  ALLA,OPRInv1021-2025813958,ENDOSCOPY,,3300,0,0,3300,3300,0,UPI - PhonePe,NAVITHA N,Walk-In,Walk-In
13-08-2025,MR10210003618,OP10210006269,Mr. P HEMANTH ,Male,33Y,9493064656,Dr. SIDDHARTH REDDY  ALLA,OPRInv1021-2025813959,ENDOSCOPY,,3300,500,0,2800,2800,0,UPI - PhonePe,NAVITHA N,Walk-In,Walk-In
13-08-2025,MR10210003619,OP10210006270,Mr. S NIKHIL ,Male,22Y,9949627401,Dr. SIDDHARTH REDDY  ALLA,OPRInv1021-2025813960,RUT,,500,0,0,500,500,0,UPI - PhonePe,NAVITHA N,Walk-In,Walk-In
13-08-2025,MR10210003618,OP10210006269,Mr. P HEMANTH ,Male,33Y,9493064656,Dr. SIDDHARTH REDDY  ALLA,OPRInv1021-2025813961,RUT,,500,0,0,500,500,0,UPI - PhonePe,NAVITHA N,Walk-In,Walk-In
13-08-2025,MR10210003623,OP10210006278,Mrs. NAVARATHNA KUMARI P,Female,59Y,9989419935,Dr. SIDDHARTH REDDY  ALLA,OPRInv1021-2025813962,ENDOSCOPY,,3300,0,0,3300,3300,0,Cash,NAVITHA N,Walk-In,Walk-In
13-08-2025,MR10210003627,OP10210006287,Mrs. SHAHANA NAZEER S,Female,40Y,8340872335,Dr. SIDDHARTH REDDY  ALLA,OPRInv1021-2025813963,"ANESTHETIA UNDER GA, ERCP",,40000,0,0,40000,40000,0,UPI - PhonePe,SAI REDDY G,Walk-In,Walk-In
14-08-2025,MR10210003628,OP10210006290,Mr. T V V SATHYA NARAYANA ,Male,44Y,9849400096,Dr. SIDDHARTH REDDY  ALLA,OPRInv1021-2025814964,ENDOSCOPY,,3300,0,0,3300,3300,0,UPI - PhonePe,NAVITHA N,Walk-In,Walk-In
14-08-2025,MR10210003633,OP10210006300,Ms. MALLESWARI M,Female,40Y,9848126335,Dr. SIDDHARTH REDDY  ALLA,OPRInv1021-2025814965,ENDOSCOPY,,3300,0,0,3300,3300,0,Cash,NAVITHA N,Walk-In,Walk-In
15-08-2025,MR10210003635,OP10210006304,Ms. NIHARIKA M,Female,18Y,8247359283,Dr. SIDDHARTH REDDY  ALLA,OPRInv1021-2025815966,ENDOSCOPY,,3300,0,0,3300,3300,0,Cash,NAVITHA N,Walk-In,Walk-In
15-08-2025,MR10210003636,OP10210006306,Mr. B SYAM ,Male,28Y,9030187188,Dr. SIDDHARTH REDDY  ALLA,OPRInv1021-2025815967,ENDOSCOPY,,3300,0,0,3300,3300,0,Cash,NAVITHA N,Walk-In,Walk-In
15-08-2025,MR10210003635,OP10210006304,Ms. NIHARIKA M,Female,18Y,8247359283,Dr. SIDDHARTH REDDY  ALLA,OPRInv1021-2025815968,RUT,,500,0,0,500,500,0,Cash,NAVITHA N,Walk-In,Walk-In
15-08-2025,MR10210003636,OP10210006306,Mr. B SYAM ,Male,28Y,9030187188,Dr. SIDDHARTH REDDY  ALLA,OPRInv1021-2025815969,RUT,,500,0,0,500,500,0,UPI - PhonePe,NAVITHA N,Walk-In,Walk-In
16-08-2025,MR10210003640,OP10210006319,Mrs. N LAKSHMI,Female,48Y,9885056904,Dr. SIDDHARTH REDDY  ALLA,OPRInv1021-2025816970,BIOPSY SMALL,,1000,0,0,1000,1000,0,Cash,NAVITHA N,Walk-In,Walk-In
16-08-2025,MR10210003641,OP10210006320,Mr. SK SARDHAR,Male,46Y,9908200597,Dr. SIDDHARTH REDDY  ALLA,OPRInv1021-2025816971,ENDOSCOPY,,3300,0,0,3300,3300,0,UPI - PhonePe,NAVITHA N,Others - AZIZ GARU AROGYA MITHRA,Others - AZIZ GARU AROGYA MITHRA
16-08-2025,MR10210003641,OP10210006320,Mr. SK SARDHAR,Male,46Y,9908200597,Dr. SIDDHARTH REDDY  ALLA,OPRInv1021-2025816972,RUT,,500,0,0,500,500,0,Cash,NAVITHA N,Others - AZIZ GARU AROGYA MITHRA,Others - AZIZ GARU AROGYA MITHRA
16-08-2025,MR10210003643,OP10210006324,Mr. P RABBANI,Male,29Y,6304777539,Dr. SIDDHARTH REDDY  ALLA,OPRInv1021-2025816973,ENDOSCOPY,,3300,0,0,3300,3300,0,UPI - PhonePe,NAVITHA N,Doctor,Doctor - AKBAR VALI(RMP)
16-08-2025,MR10210003645,OP10210006328,Mr. T VENKATA RAMESH,Male,41Y,9848060656,Dr. SIDDHARTH REDDY  ALLA,OPRInv1021-2025816974,COLONOSCOPY,,6300,0,0,6300,6300,0,Cash,NAVITHA N,Walk-In,Walk-In
16-08-2025,MR10210003643,OP10210006324,Mr. P RABBANI,Male,29Y,6304777539,Dr. SIDDHARTH REDDY  ALLA,OPRInv1021-2025816975,RUT,,500,0,0,500,500,0,Cash,NAVITHA N,Doctor,Doctor - AKBAR VALI(RMP)
16-08-2025,MR10210003639,OP10210006315,Mr. M SURI BABU,Male,72Y,9948887155,Dr. SIDDHARTH REDDY  ALLA,OPRInv1021-2025816976,"BIOPSY SMALL, RUT",,1500,0,0,1500,1500,0,Cash,NAVITHA N,Walk-In,Walk-In
16-08-2025,MR10210003646,OP10210006329,Mr. K BALA KRISHNA REDDY,Male,36Y,9948712107,Dr. SIDDHARTH REDDY  ALLA,OPRInv1021-2025816977,COLONOSCOPY,,6300,0,0,6300,6300,0,UPI - PhonePe,NAVITHA N,Others - S V SUBBA RAO GARU(R),Others - S V SUBBA RAO GARU(R)
16-08-2025,MR10210003647,OP10210006332,Mr. J NARENDRS,Male,32Y,9381191316,Dr. SIDDHARTH REDDY  ALLA,OPRInv1021-2025816978,ENDOSCOPY,,3300,0,0,3300,3300,0,UPI - PhonePe,NAVITHA N,Walk-In,Walk-In
16-08-2025,MR10210003645,OP10210006333,Mr. T VENKATA RAMESH,Male,41Y,9848060656,Dr. SIDDHARTH REDDY  ALLA,OPRInv1021-2025816979,BIOPSY SMALL,,1000,0,0,1000,1000,0,Cash,NAVITHA N,Walk-In,Walk-In
16-08-2025,MR10210003639,OP10210006315,Mr. M SURI BABU,Male,72Y,9948887155,Dr. SIDDHARTH REDDY  ALLA,OPRInv1021-2025816980,"ENDOSCOPY, SIGMOIDOSCOPY",,6600,2000,0,4600,4600,0,Cash,Siddhartha Reddy ,Walk-In,Walk-In
18-08-2025,MR10210003651,OP10210006339,Mrs. RANGANAYAKAMMA A,Female,37Y,9986142729,Dr. SIDDHARTH REDDY  ALLA,OPRInv1021-2025818981,ENDOSCOPY,,3300,500,0,2800,2800,0,Cash,NAVITHA N,Walk-In,Walk-In
18-08-2025,MR10210003650,OP10210006338,Mr. G SUDHEER CHOWDARY ,Male,41Y,9986142729,Dr. SIDDHARTH REDDY  ALLA,OPRInv1021-2025818982,ENDOSCOPY,,3300,500,0,2800,2800,0,Cash,NAVITHA N,Walk-In,Walk-In
18-08-2025,MR10210003654,OP10210006343,Mrs. K REVATHI,Female,40Y,9440331733,Dr. SIDDHARTH REDDY  ALLA,OPRInv1021-2025818983,ENDOSCOPY,,3300,0,0,3300,3300,0,UPI - PhonePe,NAVITHA N,Walk-In,Walk-In
18-08-2025,MR10210003654,OP10210006343,Mrs. K REVATHI,Female,40Y,9440331733,Dr. SIDDHARTH REDDY  ALLA,OPRInv1021-2025818984,RUT,,500,0,0,500,500,0,UPI - PhonePe,NAVITHA N,Walk-In,Walk-In
18-08-2025,MR10210003658,OP10210006353,Mr. M ROSAIAH,Male,83Y,7596559760,Dr. SIDDHARTH REDDY  ALLA,OPRInv1021-2025818985,ENDOSCOPY,,3300,0,0,3300,3300,0,UPI - PhonePe,NAVITHA N,Walk-In,Walk-In
18-08-2025,MR10210003653,OP10210006342,Mrs. L D L VANDANA,Female,40Y,9849435106,Dr. SIDDHARTH REDDY  ALLA,OPRInv1021-2025818986,ENDOSCOPY,,3300,0,0,3300,3300,0,UPI - PhonePe,NAVITHA N,Walk-In,Walk-In
18-08-2025,MR10210003653,OP10210006342,Mrs. L D L VANDANA,Female,40Y,9849435106,Dr. SIDDHARTH REDDY  ALLA,OPRInv1021-2025818987,RUT,,500,0,0,500,500,0,UPI - PhonePe,NAVITHA N,Walk-In,Walk-In
19-08-2025,MR10210003661,OP10210006362,Mrs. P NIKITHA SAI,Female,22Y,7981309360,Dr. SIDDHARTH REDDY  ALLA,OPRInv1021-2025819988,ENDOSCOPY,,3300,0,0,3300,3300,0,Cash,NAVITHA N,Walk-In,Walk-In
19-08-2025,MR10210003665,OP10210006372,Ms. B VEDHITA SRI,Female,13Y,9677247825,Dr. SIDDHARTH REDDY  ALLA,OPRInv1021-2025819989,ENDOSCOPY,,3300,1000,0,2300,2300,0,UPI - PhonePe,Siddhartha Reddy ,Walk-In,Walk-In
19-08-2025,MR10210003670,OP10210006378,Mrs. SK SHAKIRUNISA,Female,53Y,9959955425,Dr. SIDDHARTH REDDY  ALLA,OPRInv1021-2025819990,ENDOSCOPY,,3300,0,0,3300,3300,0,Cash,NAVITHA N,Walk-In,Walk-In
20-08-2025,MR10210002273,OP10210006381,Mrs. N SUJATHA ,Female,57Y,7799491034,Dr. SIDDHARTH REDDY  ALLA,OPRInv1021-2025820991,ENDOSCOPY,,3300,0,0,3300,3300,0,Cash,ESTHER RANI B,Walk-In,Walk-In
20-08-2025,MR10210003673,OP10210006384,Mr. CH VENU GOPAL REDDY,Male,25Y,9848791644,Dr. SIDDHARTH REDDY  ALLA,OPRInv1021-2025820992,ENDOSCOPY,,3300,0,0,3300,3300,0,UPI - PhonePe,BHARGAV CHOWDARY,Walk-In,Walk-In
20-08-2025,MR10210002273,OP10210006381,Mrs. N SUJATHA ,Female,57Y,7799491034,Dr. SIDDHARTH REDDY  ALLA,OPRInv1021-2025820993,RUT,,500,0,0,500,500,0,Cash,NAVITHA N,Walk-In,Walk-In
20-08-2025,MR10210003676,OP10210006389,Mr. Y SRINIVAS REDDY ,Male,39Y,8500588375,Dr. SIDDHARTH REDDY  ALLA,OPRInv1021-2025820994,ENDOSCOPY,,3300,0,0,3300,3300,0,UPI - PhonePe,NAVITHA N,Walk-In,Walk-In
20-08-2025,MR10210003673,OP10210006384,Mr. CH VENU GOPAL REDDY,Male,25Y,9848791644,Dr. SIDDHARTH REDDY  ALLA,OPRInv1021-2025820995,RUT,,500,0,0,500,500,0,UPI - PhonePe,NAVITHA N,Walk-In,Walk-In
21-08-2025,MR10210003679,OP10210006395,Mr. N PARISHUDHA  RAO,Male,45Y,9866128137,Dr. SIDDHARTH REDDY  ALLA,OPRInv1021-2025821996,ENDOSCOPY,,3300,300,0,3000,3000,0,Cash,NAVITHA N,Walk-In,Walk-In
21-08-2025,MR10210003680,OP10210006396,Mr. R ESWAR REDDY ,Male,52Y,9346464669,Dr. SIDDHARTH REDDY  ALLA,OPRInv1021-2025821997,"ANESTHETIA SGA, Co2 CHARGES FOR PROCEDURE, COLONOSCOPY, O2 CHARGES FOR PROCEDURE",,9800,0,0,9800,9800,0,UPI - PhonePe,NAVITHA N,Walk-In,Walk-In
21-08-2025,MR10210003485,OP10210006400,Mrs. S SRAVYA ,Female,24Y,7780109619,Dr. SIDDHARTH REDDY  ALLA,OPRInv1021-2025821998,ENDOSCOPY,,3300,0,0,3300,3300,0,UPI - PhonePe,NAVITHA N,Walk-In,Walk-In
21-08-2025,MR10210003684,OP10210006404,Mr. KIRAN KUMAR KARAMPUDI,Male,39Y,8142097979,Dr. SIDDHARTH REDDY  ALLA,OPRInv1021-2025821999,SIGMOIDOSCOPY,,3300,0,0,3300,3300,0,UPI - PhonePe,NAVITHA N,Walk-In,Walk-In
21-08-2025,MR10210003686,OP10210006407,Mr. YESUPOGU MALYADRI,Male,32Y,8297082832,Dr. SIDDHARTH REDDY  ALLA,OPRInv1021-20258211000,SIGMOIDOSCOPY,,3300,0,0,3300,3300,0,UPI - PhonePe,NAVITHA N,Walk-In,Walk-In
21-08-2025,MR10210003485,OP10210006400,Mrs. S SRAVYA ,Female,24Y,7780109619,Dr. SIDDHARTH REDDY  ALLA,OPRInv1021-20258211001,RUT,,500,0,0,500,500,0,Cash,NAVITHA N,Walk-In,Walk-In
22-08-2025,MR10210003692,OP10210006417,Mr. P SIVA  RAMA KRISHNA,Male,58Y,9246486376,Dr. SIDDHARTH REDDY  ALLA,OPRInv1021-20258221002,ENDOSCOPY,,3300,0,0,3300,3300,0,Cash,ESTHER RANI B,Walk-In,Walk-In
22-08-2025,MR10210003691,OP10210006416,Mr. G K D PRASADH RADDY,Male,49Y,8106636688,Dr. SIDDHARTH REDDY  ALLA,OPRInv1021-20258221003,ENDOSCOPY,,3300,0,0,3300,3300,0,UPI - PhonePe,ESTHER RANI B,Walk-In,Walk-In
22-08-2025,MR10210003692,OP10210006418,Mr. P SIVA  RAMA KRISHNA,Male,58Y,9246486376,Dr. SIDDHARTH REDDY  ALLA,OPRInv1021-20258221004,BIOPSY SMALL,,1000,0,0,1000,1000,0,Cash,ESTHER RANI B,Walk-In,Walk-In
22-08-2025,MR10210003691,OP10210006416,Mr. G K D PRASADH RADDY,Male,49Y,8106636688,Dr. SIDDHARTH REDDY  ALLA,OPRInv1021-20258221005,RUT,,500,0,0,500,500,0,Cash,ESTHER RANI B,Walk-In,Walk-In
22-08-2025,MR10210003695,OP10210006424,Mr. P GOPI,Male,34Y,7893573031,Dr. SIDDHARTH REDDY  ALLA,OPRInv1021-20258221006,"ANESTHETIA SGA, Co2 CHARGES FOR PROCEDURE, COLONOSCOPY, O2 CHARGES FOR PROCEDURE",,9800,0,0,9800,9800,0,Cash,ESTHER RANI B,Walk-In,Walk-In
22-08-2025,MR10210003698,OP10210006428,Mr. P GOPI,Male,34Y,9613384999,Dr. SIDDHARTH REDDY  ALLA,OPRInv1021-20258221007,BIOPSY SMALL,,1000,0,0,1000,1000,0,Cash,ESTHER RANI B,Walk-In,Walk-In
22-08-2025,MR10210003699,OP10210006429,Ms. BH ANITHA PRASANNA,Female,19Y,6281343457,Dr. SIDDHARTH REDDY  ALLA,OPRInv1021-20258221008,COLONOSCOPY,,6300,0,0,6300,6300,0,UPI - PhonePe,ESTHER RANI B,Walk-In,Walk-In
23-08-2025,MR10210003704,OP10210006434,Mr. SK JABBIBULA ,Male,35Y,9959135560,Dr. SIDDHARTH REDDY  ALLA,OPRInv1021-20258231009,ENDOSCOPY,,3300,0,0,3300,3300,0,UPI - PhonePe,NAVITHA N,Walk-In,Walk-In
23-08-2025,MR10210003706,OP10210006437,Mr. J KISHORE,Male,36Y,9030167054,Dr. SIDDHARTH REDDY  ALLA,OPRInv1021-20258231010,ENDOSCOPY,,3300,0,0,3300,3300,0,UPI - PhonePe,NAVITHA N,Walk-In,Walk-In
23-08-2025,MR10210003708,OP10210006441,Mr. G RAGHAVENDRA ,Male,38Y,6281099091,Dr. SIDDHARTH REDDY  ALLA,OPRInv1021-20258231011,ENDOSCOPY,,3300,0,0,3300,3300,0,UPI - PhonePe,NAVITHA N,Walk-In,Walk-In
23-08-2025,MR10210003694,OP10210006444,Mr. T SATISH,Male,31Y,9951405727,Dr. SIDDHARTH REDDY  ALLA,OPRInv1021-20258231012,ENDOSCOPY,,3300,500,0,2800,2800,0,Cash,NAVITHA N,Walk-In,Walk-In
23-08-2025,MR10210003704,OP10210006434,Mr. SK JABBIBULA ,Male,35Y,9959135560,Dr. SIDDHARTH REDDY  ALLA,OPRInv1021-20258231013,RUT,,500,0,0,500,500,0,UPI - PhonePe,BHARGAV CHOWDARY,Walk-In,Walk-In
23-08-2025,MR10210003694,OP10210006444,Mr. T SATISH,Male,31Y,9951405727,Dr. SIDDHARTH REDDY  ALLA,OPRInv1021-20258231014,RUT,,500,0,0,500,500,0,Cash,NAVITHA N,Walk-In,Walk-In
23-08-2025,MR10210003706,OP10210006437,Mr. J KISHORE,Male,36Y,9030167054,Dr. SIDDHARTH REDDY  ALLA,OPRInv1021-20258231015,RUT,,500,0,0,500,500,0,UPI - PhonePe,NAVITHA N,Walk-In,Walk-In
23-08-2025,MR10210003709,OP10210006447,Mrs. V THIRUPATHAMMA  BAI ,Female,27Y,6301528256,Dr. SIDDHARTH REDDY  ALLA,OPRInv1021-20258231016,"ANESTHETIA SGA, Co2 CHARGES FOR PROCEDURE, COLONOSCOPY, O2 CHARGES FOR PROCEDURE",,9800,0,0,9800,9800,0,Cash,NAVITHA N,Walk-In,Walk-In
23-08-2025,MR10210003711,OP10210006452,Mr. P JACOB,Male,84Y,8801973627,Dr. SIDDHARTH REDDY  ALLA,OPRInv1021-20258231017,ENDOSCOPY,,3300,0,0,3300,3300,0,UPI - PhonePe,BHARGAV CHOWDARY,Walk-In,Walk-In
23-08-2025,MR10210003712,OP10210006454,Mr. SD SUBHANI ,Male,26Y,9676466430,Dr. SIDDHARTH REDDY  ALLA,OPRInv1021-20258231018,ENDOSCOPY,,3300,500,0,2800,2800,0,UPI - PhonePe,NAVITHA N,Walk-In,Walk-In
23-08-2025,MR10210003712,OP10210006454,Mr. SD SUBHANI ,Male,26Y,9676466430,Dr. SIDDHARTH REDDY  ALLA,OPRInv1021-20258231019,RUT,,500,0,0,500,500,0,UPI - PhonePe,NAVITHA N,Walk-In,Walk-In
23-08-2025,MR10210003708,OP10210006441,Mr. G RAGHAVENDRA ,Male,38Y,6281099091,Dr. SIDDHARTH REDDY  ALLA,OPRInv1021-20258231020,RUT,,500,0,0,500,500,0,Cash,NAVITHA N,Walk-In,Walk-In
25-08-2025,MR10210003200,OP10210006469,Mr. HUSEN B,Male,28Y,9154084974,Dr. SIDDHARTH REDDY  ALLA,OPRInv1021-20258251021,ENDOSCOPY,,3300,0,0,3300,3300,0,UPI - PhonePe,NAVITHA N,Walk-In,Walk-In
25-08-2025,MR10210003721,OP10210006470,Mr. V VEERA REDDY ,Male,58Y,9052499069,Dr. SIDDHARTH REDDY  ALLA,OPRInv1021-20258251022,ENDOSCOPY,,3300,0,0,3300,3300,0,UPI - PhonePe,NAVITHA N,Walk-In,Walk-In
25-08-2025,MR10210003722,OP10210006474,Mr. K RAMESH,Male,48Y,9542991835,Dr. SIDDHARTH REDDY  ALLA,OPRInv1021-20258251023,ENDOSCOPY,,3300,0,0,3300,3300,0,Cash,NAVITHA N,Walk-In,Walk-In
25-08-2025,MR10210003672,OP10210006471,Ms. J SIRI VENNALA,Female,14Y,9666517027,Dr. SIDDHARTH REDDY  ALLA,OPRInv1021-20258251024,ENDOSCOPY,,3300,0,0,3300,3300,0,Cash,NAVITHA N,Walk-In,Walk-In
25-08-2025,MR10210003723,OP10210006475,Mr. K SUBBA RAO ,Male,44Y,9908062826,Dr. SIDDHARTH REDDY  ALLA,OPRInv1021-20258251025,"ANESTHETIA SGA, Co2 CHARGES FOR PROCEDURE, COLONOSCOPY, O2 CHARGES FOR PROCEDURE",,9800,0,0,9800,9800,0,Cash,NAVITHA N,Walk-In,Walk-In
25-08-2025,MR10210003722,OP10210006479,Mr. K RAMESH,Male,48Y,9542991835,Dr. SIDDHARTH REDDY  ALLA,OPRInv1021-20258251026,RUT,,500,0,0,500,500,0,Cash,NAVITHA N,Walk-In,Walk-In
25-08-2025,MR10210003726,OP10210006480,Mrs. V VIJAYA LAKSHMI,Female,37Y,7386797153,Dr. SIDDHARTH REDDY  ALLA,OPRInv1021-20258251027,ENDOSCOPY,,3300,0,0,3300,3300,0,Cash,NAVITHA N,Walk-In,Walk-In
25-08-2025,MR10210003728,OP10210006482,Mrs. RACHEL T,Female,33Y,9550525241,Dr. SIDDHARTH REDDY  ALLA,OPRInv1021-20258251028,"ANESTHETIA SGA, Co2 CHARGES FOR PROCEDURE, COLONOSCOPY, O2 CHARGES FOR PROCEDURE",,9800,0,0,9800,9800,0,UPI - PhonePe,NAVITHA N,Walk-In,Walk-In
25-08-2025,MR10210003729,OP10210006483,Mrs. Y NAGA MALLESWARI,Female,38Y,7702795568,Dr. SIDDHARTH REDDY  ALLA,OPRInv1021-20258251029,ENDOSCOPY,,3300,0,0,3300,3300,0,Cash,NAVITHA N,Walk-In,Walk-In
25-08-2025,MR10210003672,OP10210006471,Ms. J SIRI VENNALA,Female,14Y,9666517027,Dr. SIDDHARTH REDDY  ALLA,OPRInv1021-20258251030,RUT,,500,0,0,500,500,0,Cash,NAVITHA N,Walk-In,Walk-In
25-08-2025,MR10210003735,OP10210006490,Mrs. K JHANSI LAKSHMI,Female,60Y,9989015699,Dr. SIDDHARTH REDDY  ALLA,OPRInv1021-20258251031,ENDOSCOPY,,3300,0,0,3300,3300,0,UPI - PhonePe,NAVITHA N,Walk-In,Walk-In
26-08-2025,MR10210003741,OP10210006498,Mrs. K SUSEELA,Female,74Y,9848312816,Dr. SIDDHARTH REDDY  ALLA,OPRInv1021-20258261032,ENDOSCOPY,,3300,0,0,3300,3300,0,UPI - PhonePe,NAVITHA N,Walk-In,Walk-In
26-08-2025,MR10210003742,OP10210006501,Mr. R GOPAL KRISHNA,Male,29Y,8501810682,Dr. SIDDHARTH REDDY  ALLA,OPRInv1021-20258261033,ENDOSCOPY,,3300,0,0,3300,3300,0,Cash,NAVITHA N,Walk-In,Walk-In
26-08-2025,MR10210003744,OP10210006506,Mrs. G PADMAVATHI,Female,53Y,9441014932,Dr. SIDDHARTH REDDY  ALLA,OPRInv1021-20258261034,ENDOSCOPY,,3300,0,0,3300,3300,0,UPI - PhonePe,NAVITHA N,Walk-In,Walk-In
26-08-2025,MR10210003747,OP10210006520,Mrs. D JYOTHI,Female,43Y,8499892236,Dr. SIDDHARTH REDDY  ALLA,OPRInv1021-20258261035,ENDOSCOPY,,3300,0,0,3300,3300,0,UPI - PhonePe,NAVITHA N,Walk-In,Walk-In
26-08-2025,MR10210003746,OP10210006524,Mr. N PEDDA ANJAIAH ,Male,45Y,8096083069,Dr. SIDDHARTH REDDY  ALLA,OPRInv1021-20258261036,"ANESTHETIA SGA, Co2 CHARGES FOR PROCEDURE, COLONOSCOPY, ENDOSCOPY, O2 CHARGES FOR PROCEDURE",,13100,0,0,13100,13100,0,Cash,BHARGAV CHOWDARY,Walk-In,Walk-In
26-08-2025,MR10210003750,OP10210006525,Mr. K JAYA RAJU,Male,62Y,9490043863,Dr. SIDDHARTH REDDY  ALLA,OPRInv1021-20258261037,"ANESTHETIA SGA, Co2 CHARGES FOR PROCEDURE, COLONOSCOPY, ENDOSCOPY, O2 CHARGES FOR PROCEDURE",,13100,0,0,13100,13100,0,UPI - PhonePe,BHARGAV CHOWDARY,Walk-In,Walk-In
26-08-2025,MR10210003750,OP10210006528,Mr. K JAYA RAJU,Male,62Y,9490043863,Dr. SIDDHARTH REDDY  ALLA,OPRInv1021-20258261038,BIOPSY SMALL,,1000,0,0,1000,1000,0,UPI - PhonePe,NAVITHA N,Walk-In,Walk-In
28-08-2025,MR10210003755,OP10210006542,Mr. D SRINIVASA REDDY ,Male,38Y,8008343684,Dr. SIDDHARTH REDDY  ALLA,OPRInv1021-20258281039,ENDOSCOPY,,3300,0,0,3300,3300,0,Cash,NAVITHA N,Walk-In,Walk-In
28-08-2025,MR10210003755,OP10210006542,Mr. D SRINIVASA REDDY ,Male,38Y,8008343684,Dr. SIDDHARTH REDDY  ALLA,OPRInv1021-20258281040,RUT,,500,0,0,500,500,0,Cash,NAVITHA N,Walk-In,Walk-In
28-08-2025,MR10210003756,OP10210006545,Mrs. I KASI ANNAPURNA,Female,60Y,9493624769,Dr. SIDDHARTH REDDY  ALLA,OPRInv1021-20258281041,ENDOSCOPY,,3300,0,0,3300,3300,0,Cash,NAVITHA N,Walk-In,Walk-In
28-08-2025,MR10210003758,OP10210006553,Mrs. T NAVANEETHAM,Female,86Y,8179345362,Dr. SIDDHARTH REDDY  ALLA,OPRInv1021-20258281042,ENDOSCOPY,,3300,0,0,3300,3300,0,Cash,NAVITHA N,Walk-In,Walk-In
28-08-2025,MR10210003762,OP10210006552,Mr. I VENKATESWARLU,Male,48Y,9703262039,Dr. SIDDHARTH REDDY  ALLA,OPRInv1021-20258281043,"ANESTHETIA SGA, Co2 CHARGES FOR PROCEDURE, COLONOSCOPY, ENDOSCOPY, O2 CHARGES FOR PROCEDURE",,13100,0,0,13100,13100,0,UPI - PhonePe,NAVITHA N,Walk-In,Walk-In
28-08-2025,MR10210003762,OP10210006552,Mr. I VENKATESWARLU,Male,48Y,9703262039,Dr. SIDDHARTH REDDY  ALLA,OPRInv1021-20258281044,RUT,,500,0,0,500,500,0,Cash,NAVITHA N,Walk-In,Walk-In
29-08-2025,MR10210003528,OP10210006555,Mrs. CH RAMANA ,Female,37Y,9490546863,Dr. SIDDHARTH REDDY  ALLA,OPRInv1021-20258291045,ENDOSCOPY,,3300,0,0,3300,3300,0,Cash,BHARGAV CHOWDARY,Walk-In,Walk-In
29-08-2025,MR10210003528,OP10210006566,Mrs. CH RAMANA ,Female,37Y,9490546863,Dr. SIDDHARTH REDDY  ALLA,OPRInv1021-20258291046,RUT,,500,0,0,500,500,0,UPI - PhonePe,NAVITHA N,Walk-In,Walk-In
29-08-2025,MR10210003768,OP10210006568,Mrs. N RAVANAMMA,Female,47Y,9959361401,Dr. SIDDHARTH REDDY  ALLA,OPRInv1021-20258291047,COLONOSCOPY,,6300,0,0,6300,6300,0,Cash,NAVITHA N,Walk-In,Walk-In
29-08-2025,MR10210003768,OP10210006568,Mrs. N RAVANAMMA,Female,47Y,9959361401,Dr. SIDDHARTH REDDY  ALLA,OPRInv1021-20258291048,"ANESTHETIA SGA, Co2 CHARGES FOR PROCEDURE, O2 CHARGES FOR PROCEDURE",,3500,0,0,3500,3500,0,UPI - PhonePe,NAVITHA N,Walk-In,Walk-In
29-08-2025,MR10210003768,OP10210006568,Mrs. N RAVANAMMA,Female,47Y,9959361401,Dr. SIDDHARTH REDDY  ALLA,OPRInv1021-20258291049,BIOPSY SMALL,,1000,0,0,1000,1000,0,UPI - PhonePe,NAVITHA N,Walk-In,Walk-In
30-08-2025,MR10210003774,OP10210006579,Mr. RAMA KRISHNA ,Male,54Y,6304520435,Dr. SIDDHARTH REDDY  ALLA,OPRInv1021-20258301050,"ANESTHETIA SGA, Co2 CHARGES FOR PROCEDURE, COLONOSCOPY, O2 CHARGES FOR PROCEDURE",,9800,1000,0,8800,8800,0,UPI - PhonePe,NAVITHA N,Walk-In,Walk-In
30-08-2025,MR10210003524,OP10210006584,Mr. T GURAVA REDDY ,Male,54Y,9440263227,Dr. SIDDHARTH REDDY  ALLA,OPRInv1021-20258301051,ENDOSCOPY,,3300,0,0,3300,3300,0,UPI - PhonePe,NAVITHA N,Walk-In,Walk-In
30-08-2025,MR10210003778,OP10210006591,Mr. SYED BAJI ,Male,34Y,8919140752,Dr. SIDDHARTH REDDY  ALLA,OPRInv1021-20258301052,ENDOSCOPY,,3300,0,0,3300,3300,0,UPI - PhonePe,NAVITHA N,Walk-In,Walk-In
30-08-2025,MR10210003779,OP10210006592,Mrs. SHAMSHAD ,Female,54Y,8639145020,Dr. SIDDHARTH REDDY  ALLA,OPRInv1021-20258301053,ENDOSCOPY,,3300,0,0,3300,3300,0,UPI - PhonePe,NAVITHA N,Walk-In,Walk-In
30-08-2025,MR10210003783,OP10210006599,Mrs. N SUNITHA,Female,30Y,9640198136,Dr. SIDDHARTH REDDY  ALLA,OPRInv1021-20258301054,ENDOSCOPY,,3300,0,0,3300,3300,0,Cash,NAVITHA N,Walk-In,Walk-In
30-08-2025,MR10210003785,OP10210006603,Mrs. N LEYAMMA,Female,56Y,8498835836,Dr. SIDDHARTH REDDY  ALLA,OPRInv1021-20258301055,ENDOSCOPY,,3300,0,0,3300,3300,0,Cash,NAVITHA N,Walk-In,Walk-In
30-08-2025,MR10210003785,OP10210006608,Mrs. N LEYAMMA,Female,56Y,8498835836,Dr. SIDDHARTH REDDY  ALLA,OPRInv1021-20258301056,BIOPSY SMALL,,1000,0,0,1000,1000,0,Cash,NAVITHA N,Walk-In,Walk-In
30-08-2025,MR10210003583,OP10210006583,Ms. M SIVA KUMARI ,Female,62Y,7569420595,Dr. SIDDHARTH REDDY  ALLA,OPRInv1021-20258301057,ENDOSCOPY,,3300,1500,0,1800,1800,0,Cash,Siddhartha Reddy ,Walk-In,Walk-In
01-09-2025,MR10210003794,OP10210006614,Mrs. K KOTESWARI ,Female,50Y,9347246354,Dr. SIDDHARTH REDDY  ALLA,OPRInv1021-2025911058,ENDOSCOPY,,3300,0,0,3300,3300,0,UPI - PhonePe,NAVITHA N,Walk-In,Walk-In
01-09-2025,MR10210000074,OP10210006620,Mr. D ANJI REDDY,Male,40Y,9949530153,Dr. SIDDHARTH REDDY  ALLA,OPRInv1021-2025911059,COLONOSCOPY,,6300,0,0,6300,6300,0,Cash,NAVITHA N,Walk-In,Walk-In
01-09-2025,MR10210003794,OP10210006614,Mrs. K KOTESWARI ,Female,50Y,9347246354,Dr. SIDDHARTH REDDY  ALLA,OPRInv1021-2025911060,BIOPSY SMALL,,1000,0,0,1000,1000,0,UPI - PhonePe,NAVITHA N,Walk-In,Walk-In
01-09-2025,MR10210003797,OP10210006627,Mr. M MANIKANTA ,Male,32Y,9705530996,Dr. SIDDHARTH REDDY  ALLA,OPRInv1021-2025911061,ENDOSCOPY,,3300,0,0,3300,3300,0,UPI - PhonePe,NAVITHA N,Walk-In,Walk-In
01-09-2025,MR10210003799,OP10210006629,Mrs. T PRABHAVATHI,Female,50Y,9966551974,Dr. SIDDHARTH REDDY  ALLA,OPRInv1021-2025911062,ENDOSCOPY,,3300,0,0,3300,3300,0,UPI - PhonePe,NAVITHA N,Walk-In,Walk-In
01-09-2025,MR10210002938,OP10210006624,Mrs. M BHARGAVI,Female,26Y,9885491449,Dr. SIDDHARTH REDDY  ALLA,OPRInv1021-2025911063,UGISCOPY + STENT REMOVAL,,5000,1700,0,3300,3300,0,Cash,Siddhartha Reddy ,Walk-In,Walk-In
01-09-2025,MR10210003799,OP10210006629,Mrs. T PRABHAVATHI,Female,50Y,9966551974,Dr. SIDDHARTH REDDY  ALLA,OPRInv1021-2025911064,RUT,,500,0,0,500,500,0,UPI - PhonePe,NAVITHA N,Walk-In,Walk-In
02-09-2025,MR10210003806,OP10210006638,Mr. G VENU GOPAL ,Male,35Y,7386244942,Dr. SIDDHARTH REDDY  ALLA,OPRInv1021-2025921065,ENDOSCOPY,,3300,0,0,3300,3300,0,UPI - PhonePe,NAVITHA N,Walk-In,Walk-In
02-09-2025,MR10210003807,OP10210006639,Mrs. G LEELA HARIKA ,Female,22Y,9169695353,Dr. SIDDHARTH REDDY  ALLA,OPRInv1021-2025921066,ENDOSCOPY,,3300,0,0,3300,3300,0,UPI - PhonePe,NAVITHA N,Walk-In,Walk-In
02-09-2025,MR10210003807,OP10210006639,Mrs. G LEELA HARIKA ,Female,22Y,9169695353,Dr. SIDDHARTH REDDY  ALLA,OPRInv1021-2025921067,RUT,,500,0,0,500,500,0,UPI - PhonePe,NAVITHA N,Walk-In,Walk-In
02-09-2025,MR10210003810,OP10210006648,Mr. S VAMSI S,Male,38Y,9640485811,Dr. SIDDHARTH REDDY  ALLA,OPRInv1021-2025921068,"ENDOSCOPY, SIGMOIDOSCOPY",,6600,0,0,6600,6600,0,UPI - PhonePe,NAVITHA N,Walk-In,Walk-In
02-09-2025,MR10210003811,OP10210006652,Mrs. P ARUNA ,Female,42Y,8500994170,Dr. SIDDHARTH REDDY  ALLA,OPRInv1021-2025921069,ENDOSCOPY,,3300,0,0,3300,3300,0,UPI - PhonePe,NAVITHA N,Walk-In,Walk-In
02-09-2025,MR10210003808,OP10210006643,Mr. RAVI BABU B ,Male,30Y,9703429557,Dr. SIDDHARTH REDDY  ALLA,OPRInv1021-2025921070,RUT,,500,0,0,500,500,0,Cash,BHARGAV CHOWDARY,Walk-In,Walk-In
02-09-2025,MR10210003811,OP10210006652,Mrs. P ARUNA ,Female,42Y,8500994170,Dr. SIDDHARTH REDDY  ALLA,OPRInv1021-2025921071,RUT,,500,0,0,500,500,0,Cash,NAVITHA N,Walk-In,Walk-In
02-09-2025,MR10210003810,OP10210006648,Mr. S VAMSI S,Male,38Y,9640485811,Dr. SIDDHARTH REDDY  ALLA,OPRInv1021-2025921072,RUT,,500,0,0,500,500,0,UPI - PhonePe,NAVITHA N,Walk-In,Walk-In
02-09-2025,MR10210003812,OP10210006654,Mr. k VIRAT,Male,23Y,7396484956,Dr. SIDDHARTH REDDY  ALLA,OPRInv1021-2025921073,ENDOSCOPY,,3300,0,0,3300,3300,0,UPI - PhonePe,NAVITHA N,Walk-In,Walk-In
02-09-2025,MR10210003813,OP10210006655,Mr. K GOPAL RAO,Male,70Y,9866066477,Dr. SIDDHARTH REDDY  ALLA,OPRInv1021-2025921074,ENDOSCOPY,,3300,0,0,3300,3300,0,Cash,NAVITHA N,Walk-In,Walk-In
02-09-2025,MR10210003812,OP10210006654,Mr. k VIRAT,Male,23Y,7396484956,Dr. SIDDHARTH REDDY  ALLA,OPRInv1021-2025921075,BIOPSY SMALL,,1500,0,0,1500,1500,0,UPI - PhonePe,NAVITHA N,Walk-In,Walk-In
02-09-2025,MR10210003813,OP10210006658,Mr. K GOPAL RAO,Male,70Y,9866066477,Dr. SIDDHARTH REDDY  ALLA,OPRInv1021-2025921076,BIOPSY SMALL,,1500,0,0,1500,1500,0,Cash,NAVITHA N,Walk-In,Walk-In
03-09-2025,MR10210003696,OP10210006665,Mr. THEOPHILUS THEOPHILUS,Male,70Y,9948834331,Dr. SIDDHARTH REDDY  ALLA,OPRInv1021-2025931077,"ANESTHETIA SGA, Co2 CHARGES FOR PROCEDURE, COLONOSCOPY, ENDOSCOPY, O2 CHARGES FOR PROCEDURE",,13100,0,0,13100,13100,0,UPI - PhonePe,NAVITHA N,Walk-In,Walk-In
03-09-2025,MR10210003053,OP10210006666,Mr. M RAVINDRA ,Male,37Y,9908055819,Dr. SIDDHARTH REDDY  ALLA,OPRInv1021-2025931078,ENDOSCOPY,,3300,0,0,3300,3300,0,UPI - PhonePe,NAVITHA N,Walk-In,Walk-In
03-09-2025,MR10210003053,OP10210006666,Mr. M RAVINDRA ,Male,37Y,9908055819,Dr. SIDDHARTH REDDY  ALLA,OPRInv1021-2025931079,RUT,,500,0,0,500,500,0,Cash,NAVITHA N,Walk-In,Walk-In
03-09-2025,MR10210003819,OP10210006669,Mrs. K PRAMEELA RANI ,Female,47Y,8790118868,Dr. SIDDHARTH REDDY  ALLA,OPRInv1021-2025931080,ENDOSCOPY,,3300,0,0,3300,3300,0,Cash,NAVITHA N,Walk-In,Walk-In
03-09-2025,MR10210003821,OP10210006671,Mr. N SAI BABU ,Male,54Y,9014478034,Dr. SIDDHARTH REDDY  ALLA,OPRInv1021-2025931081,SIGMOIDOSCOPY,,3300,0,0,3300,3300,0,Cash,NAVITHA N,Walk-In,Walk-In
03-09-2025,MR10210003818,OP10210006668,Mrs. G KALPANA ,Female,35Y,9394029249,Dr. SIDDHARTH REDDY  ALLA,OPRInv1021-2025931082,ENDOSCOPY,,3300,0,0,3300,3300,0,Cash,NAVITHA N,Walk-In,Walk-In
03-09-2025,MR10210002760,OP10210006667,Mr. V ANJANEYULU,Male,67Y,7673945704,Dr. SIDDHARTH REDDY  ALLA,OPRInv1021-2025931083,BIOPSY SMALL,,1500,0,0,1500,1500,0,Cash,NAVITHA N,Walk-In,Walk-In
03-09-2025,MR10210003819,OP10210006669,Mrs. K PRAMEELA RANI ,Female,47Y,8790118868,Dr. SIDDHARTH REDDY  ALLA,OPRInv1021-2025931084,RUT,,500,0,0,500,500,0,Cash,NAVITHA N,Walk-In,Walk-In
03-09-2025,MR10210003818,OP10210006668,Mrs. G KALPANA ,Female,35Y,9394029249,Dr. SIDDHARTH REDDY  ALLA,OPRInv1021-2025931085,RUT,,500,0,0,500,500,0,Cash,NAVITHA N,Walk-In,Walk-In
03-09-2025,MR10210003822,OP10210006672,Mrs. G SRI DEVI ,Female,44Y,9963211342,Dr. SIDDHARTH REDDY  ALLA,OPRInv1021-2025931086,RUT,,500,0,0,500,500,0,UPI - PhonePe,NAVITHA N,Walk-In,Walk-In
03-09-2025,MR10210002760,OP10210006667,Mr. V ANJANEYULU,Male,67Y,7673945704,Dr. SIDDHARTH REDDY  ALLA,OPRInv1021-2025931087,ENDOSCOPY,,3300,0,0,3300,3300,0,Cash,NAVITHA N,Walk-In,Walk-In
03-09-2025,MR10210003822,OP10210006672,Mrs. G SRI DEVI ,Female,44Y,9963211342,Dr. SIDDHARTH REDDY  ALLA,OPRInv1021-2025931088,ENDOSCOPY,,3300,0,0,3300,3300,0,UPI - PhonePe,NAVITHA N,Walk-In,Walk-In
03-09-2025,MR10210003826,OP10210006679,Mrs. K KUMARI ,Female,58Y,9959823091,Dr. SIDDHARTH REDDY  ALLA,OPRInv1021-2025931089,ENDOSCOPY,,3300,0,0,3300,3300,0,Cash,NAVITHA N,Walk-In,Walk-In
03-09-2025,MR10210003814,OP10210006682,Mrs. V SANDEEP,Female,17Y,9440414282,Dr. SIDDHARTH REDDY  ALLA,OPRInv1021-2025931090,"ANESTHETIA SGA, Co2 CHARGES FOR PROCEDURE, COLONOSCOPY, O2 CHARGES FOR PROCEDURE",,9800,0,0,9800,9800,0,UPI - PhonePe,NAVITHA N,Walk-In,Walk-In
03-09-2025,MR10210003828,OP10210006683,Mrs. B PARVATHI,Female,53Y,9948202886,Dr. SIDDHARTH REDDY  ALLA,OPRInv1021-2025931091,"ANESTHETIA UNDER GA, ERCP",,45000,0,0,45000,45000,0,Cash,Siddhartha Reddy ,Walk-In,Walk-In
04-09-2025,MR10210003831,OP10210006692,Mrs. N KARUNA KUMARI ,Female,48Y,9948888889,Dr. SIDDHARTH REDDY  ALLA,OPRInv1021-2025941092,"ANESTHETIA SGA, Co2 CHARGES FOR PROCEDURE, COLONOSCOPY, ENDOSCOPY, O2 CHARGES FOR PROCEDURE",,13100,2000,0,11100,11100,0,Cash,NAVITHA N,Walk-In,Walk-In
04-09-2025,MR10210003738,OP10210006693,Mr. SK ABDUL KHUDDUS ,Male,45Y,9166043599,Dr. SIDDHARTH REDDY  ALLA,OPRInv1021-2025941093,SIGMOIDOSCOPY,,3300,0,0,3300,3300,0,Cash,NAVITHA N,Walk-In,Walk-In
04-09-2025,MR10210002175,OP10210006694,Mr. VENKATESWARLU M,Male,59Y,9441417367,Dr. SIDDHARTH REDDY  ALLA,OPRInv1021-2025941094,ENDOSCOPY,,3300,0,0,3300,3300,0,Cash,NAVITHA N,Walk-In,Walk-In
04-09-2025,MR10210003831,OP10210006692,Mrs. N KARUNA KUMARI ,Female,48Y,9948888889,Dr. SIDDHARTH REDDY  ALLA,OPRInv1021-2025941095,BIOPSY LARGE,,3000,0,0,3000,3000,0,Cash,NAVITHA N,Walk-In,Walk-In
04-09-2025,MR10210003840,OP10210006710,Mrs. M KAMALAMMA,Female,42Y,9618855602,Dr. SIDDHARTH REDDY  ALLA,OPRInv1021-2025941096,DIAGNOSTIC EUS,,15000,0,0,15000,15000,0,Cash,NAVITHA N,Walk-In,Walk-In
04-09-2025,MR10210003840,OP10210006711,Mrs. M KAMALAMMA,Female,42Y,9618855602,Dr. SIDDHARTH REDDY  ALLA,OPRInv1021-2025941097,BIOPSY SMALL,,1500,0,0,1500,1500,0,Cash,NAVITHA N,Walk-In,Walk-In
05-09-2025,MR10210003842,OP10210006713,Mrs. sujatha T,Female,55Y,9849687496,Dr. SIDDHARTH REDDY  ALLA,OPRInv1021-2025951098,ENDOSCOPY,,3300,0,0,3300,3300,0,Cash,NAVITHA N,Walk-In,Walk-In
05-09-2025,MR10210003846,OP10210006719,Mr. K TEJA ,Male,30Y,9393934553,Dr. SIDDHARTH REDDY  ALLA,OPRInv1021-2025951099,ENDOSCOPY,,3300,0,0,3300,3000,300,UPI - PhonePe,NAVITHA N,Walk-In,Walk-In
05-09-2025,MR10210003846,OP10210006719,Mr. K TEJA ,Male,30Y,9393934553,Dr. SIDDHARTH REDDY  ALLA,OPRInv1021-2025951099,ENDOSCOPY,,3300,0,0,300,300,0,UPI - PhonePe,NAVITHA N,Walk-In,Walk-In
05-09-2025,MR10210003846,OP10210006719,Mr. K TEJA ,Male,30Y,9393934553,Dr. SIDDHARTH REDDY  ALLA,OPRInv1021-2025951100,RUT,,500,0,0,500,500,0,UPI - PhonePe,NAVITHA N,Walk-In,Walk-In
06-09-2025,MR10210003851,OP10210006730,Mr. T TULASI RAM,Male,28Y,8886075530,Dr. SIDDHARTH REDDY  ALLA,OPRInv1021-2025961101,ENDOSCOPY,,3300,0,0,3300,3300,0,Cash,NAVITHA N,Walk-In,Walk-In
06-09-2025,MR10210003032,OP10210006731,Mr. K VICTOR PAUL ,Male,50Y,9110568652,Dr. SIDDHARTH REDDY  ALLA,OPRInv1021-2025961102,ENDOSCOPY,,3300,0,0,3300,3300,0,Cash,NAVITHA N,Walk-In,Walk-In
06-09-2025,MR10210003851,OP10210006730,Mr. T TULASI RAM,Male,28Y,8886075530,Dr. SIDDHARTH REDDY  ALLA,OPRInv1021-2025961103,RUT,,500,0,0,500,500,0,Cash,NAVITHA N,Walk-In,Walk-In
06-09-2025,MR10210003853,OP10210006729,Mrs. T NAGENDRAMMA,Female,62Y,9966944550,Dr. SIDDHARTH REDDY  ALLA,OPRInv1021-2025961104,COLONOSCOPY,,6300,0,0,6300,6300,0,UPI - PhonePe,NAVITHA N,Walk-In,Walk-In
06-09-2025,MR10210003859,OP10210006739,Mrs. B RAJYA LAKSHMI ,Female,42Y,9133050822,Dr. SIDDHARTH REDDY  ALLA,OPRInv1021-2025961105,ENDOSCOPY,,3300,0,0,3300,3300,0,Cash,NAVITHA N,Walk-In,Walk-In
06-09-2025,MR10210003858,OP10210006738,Mrs. P VENKAYAMMA ,Female,73Y,9949913506,Dr. SIDDHARTH REDDY  ALLA,OPRInv1021-2025961106,"ANESTHETIA SGA, Co2 CHARGES FOR PROCEDURE, COLONOSCOPY, ENDOSCOPY, O2 CHARGES FOR PROCEDURE",,13100,0,0,13100,13100,0,Cash,NAVITHA N,Walk-In,Walk-In
06-09-2025,MR10210003857,OP10210006737,Mr. M V BHASKAR REDDY ,Male,33Y,8686166611,Dr. SIDDHARTH REDDY  ALLA,OPRInv1021-2025961107,COLONOSCOPY,,6300,0,0,6300,6300,0,Cash,NAVITHA N,Walk-In,Walk-In
06-09-2025,MR10210003853,OP10210006729,Mrs. T NAGENDRAMMA,Female,62Y,9966944550,Dr. SIDDHARTH REDDY  ALLA,OPRInv1021-2025961108,"ANESTHETIA SGA, Co2 CHARGES FOR PROCEDURE, O2 CHARGES FOR PROCEDURE",,3500,0,0,3500,3500,0,Cash,NAVITHA N,Walk-In,Walk-In
06-09-2025,MR10210003859,OP10210006739,Mrs. B RAJYA LAKSHMI ,Female,42Y,9133050822,Dr. SIDDHARTH REDDY  ALLA,OPRInv1021-2025961109,RUT,,500,0,0,500,500,0,Cash,NAVITHA N,Walk-In,Walk-In
06-09-2025,MR10210003853,OP10210006729,Mrs. T NAGENDRAMMA,Female,62Y,9966944550,Dr. SIDDHARTH REDDY  ALLA,OPRInv1021-2025961110,BIOPSY SMALL,,1500,0,0,1500,1500,0,Cash,NAVITHA N,Walk-In,Walk-In
06-09-2025,MR10210003857,OP10210006737,Mr. M V BHASKAR REDDY ,Male,33Y,8686166611,Dr. SIDDHARTH REDDY  ALLA,OPRInv1021-2025961111,BIOPSY SMALL,,1500,0,0,1500,1500,0,Cash,NAVITHA N,Walk-In,Walk-In
06-09-2025,MR10210003858,OP10210006738,Mrs. P VENKAYAMMA ,Female,73Y,9949913506,Dr. SIDDHARTH REDDY  ALLA,OPRInv1021-2025961112,RUT,,500,0,0,500,500,0,Cash,NAVITHA N,Walk-In,Walk-In
08-09-2025,MR10210003872,OP10210006758,Mr. I SUBBARAJU ,Male,63Y,9848256525,Dr. SIDDHARTH REDDY  ALLA,OPRInv1021-2025981113,ENDOSCOPY,,3300,0,0,3300,3300,0,UPI - PhonePe,NAVITHA N,Walk-In,Walk-In
08-09-2025,MR10210003874,OP10210006767,Mr. P GOPALA KRISHNAMURTHY,Male,80Y,9440141826,Dr. SIDDHARTH REDDY  ALLA,OPRInv1021-2025981114,ENDOSCOPY,,3300,0,0,3300,3300,0,Cash,NAVITHA N,Walk-In,Walk-In
08-09-2025,MR10210003871,OP10210006757,Mrs. V MARIYAMMA ,Female,39Y,8978649131,Dr. SIDDHARTH REDDY  ALLA,OPRInv1021-2025981115,ENDOSCOPY,,3300,0,0,3300,3300,0,UPI - PhonePe,NAVITHA N,Walk-In,Walk-In
08-09-2025,MR10210003875,OP10210006769,Mrs. K LAKSHMI PRASANNA,Female,27Y,9701404185,Dr. SIDDHARTH REDDY  ALLA,OPRInv1021-2025981116,ENDOSCOPY,,3300,0,0,3300,3300,0,UPI - PhonePe,NAVITHA N,Walk-In,Walk-In
08-09-2025,MR10210003871,OP10210006757,Mrs. V MARIYAMMA ,Female,39Y,8978649131,Dr. SIDDHARTH REDDY  ALLA,OPRInv1021-2025981117,RUT,,500,0,0,500,500,0,UPI - PhonePe,NAVITHA N,Walk-In,Walk-In
08-09-2025,MR10210003266,OP10210006753,Mrs. V NAGA MALLESWARI ,Female,34Y,8247022716,Dr. SIDDHARTH REDDY  ALLA,OPRInv1021-2025981118,ERCP,,40000,17000,0,23000,23000,0,Cash,Siddhartha Reddy ,Walk-In,Walk-In
09-09-2025,MR10210003880,OP10210006775,Mr. D VENKATA RAO,Male,49Y,9948340332,Dr. SIDDHARTH REDDY  ALLA,OPRInv1021-2025991119,ENDOSCOPY,,3300,0,0,3300,3300,0,Cash,NAVITHA N,Walk-In,Walk-In
09-09-2025,MR10210003769,OP10210006776,Mr. B SIVAYYA ,Male,65Y,8309154206,Dr. SIDDHARTH REDDY  ALLA,OPRInv1021-2025991120,ENDOSCOPY,,3300,1000,0,2300,2300,0,UPI - PhonePe,Siddhartha Reddy ,Walk-In,Walk-In
09-09-2025,MR10210003881,OP10210006777,Mr. SAI KARTHIK ,Male,19Y,8688741723,Dr. SIDDHARTH REDDY  ALLA,OPRInv1021-2025991121,ENDOSCOPY,,3300,0,0,3300,3300,0,UPI - PhonePe,NAVITHA N,Others - SRINIVAS REDDY GARU(P),Others - SRINIVAS REDDY GARU(P)
09-09-2025,MR10210003883,OP10210006780,Mrs. V RAMA DEVI ,Female,45Y,6303039485,Dr. SIDDHARTH REDDY  ALLA,OPRInv1021-2025991122,ENDOSCOPY,,3300,500,0,2800,2800,0,UPI - PhonePe,NAVITHA N,Others - AIG,Others - AIG
09-09-2025,MR10210003886,OP10210006786,Mrs. B LOKESWARI ,Female,16Y,6281577617,Dr. SIDDHARTH REDDY  ALLA,OPRInv1021-2025991123,SIGMOIDOSCOPY,,3300,0,0,3300,3300,0,UPI - PhonePe,NAVITHA N,Walk-In,Walk-In
09-09-2025,MR10210003880,OP10210006775,Mr. D VENKATA RAO,Male,49Y,9948340332,Dr. SIDDHARTH REDDY  ALLA,OPRInv1021-2025991124,RUT,,500,0,0,500,500,0,Cash,NAVITHA N,Walk-In,Walk-In
09-09-2025,MR10210003888,OP10210006789,Mr. D VENKATESWAR REDDY,Male,43Y,9581000947,Dr. SIDDHARTH REDDY  ALLA,OPRInv1021-2025991125,ENDOSCOPY,,3300,0,0,3300,3300,0,UPI - PhonePe,NAVITHA N,Walk-In,Walk-In
09-09-2025,MR10210003881,OP10210006777,Mr. SAI KARTHIK ,Male,19Y,8688741723,Dr. SIDDHARTH REDDY  ALLA,OPRInv1021-2025991126,RUT,,500,0,0,500,500,0,Cash,NAVITHA N,Others - SRINIVAS REDDY GARU(P),Others - SRINIVAS REDDY GARU(P)
10-09-2025,MR10210003890,OP10210006794,Mr. K NAGARAJU ,Male,35Y,7073747999,Dr. SIDDHARTH REDDY  ALLA,OPRInv1021-20259101127,ENDOSCOPY,,3300,0,0,3300,3300,0,UPI - PhonePe,NAVITHA N,Walk-In,Walk-In
10-09-2025,MR10210003892,OP10210006796,Mr. Y SYDHULU,Male,73Y,6300488082,Dr. SIDDHARTH REDDY  ALLA,OPRInv1021-20259101128,ENDOSCOPY,,3300,0,0,3300,3300,0,Cash,NAVITHA N,Walk-In,Walk-In
10-09-2025,MR10210003761,OP10210006799,Mr. M DINESH RAHUL ,Male,24Y,9397600314,Dr. SIDDHARTH REDDY  ALLA,OPRInv1021-20259101129,ENDOSCOPY,,3300,0,0,3300,3300,0,UPI - PhonePe,NAVITHA N,Walk-In,Walk-In
10-09-2025,MR10210003896,OP10210006803,Mr. SK ANWAR ,Male,37Y,9884433788,Dr. SIDDHARTH REDDY  ALLA,OPRInv1021-20259101130,ENDOSCOPY,,3300,0,0,3300,3300,0,UPI - PhonePe,NAVITHA N,Others - AJEEZ MITRA,Others - AJEEZ MITRA
10-09-2025,MR10210003761,OP10210006799,Mr. M DINESH RAHUL ,Male,24Y,9397600314,Dr. SIDDHARTH REDDY  ALLA,OPRInv1021-20259101131,RUT,,500,0,0,500,500,0,UPI - PhonePe,NAVITHA N,Walk-In,Walk-In
10-09-2025,MR10210003890,OP10210006794,Mr. K NAGARAJU ,Male,35Y,7073747999,Dr. SIDDHARTH REDDY  ALLA,OPRInv1021-20259101132,RUT,,500,0,0,500,500,0,Cash,NAVITHA N,Walk-In,Walk-In
10-09-2025,MR10210003898,OP10210006806,Mr. V NAGI REDDY ,Male,19Y,8309100173,Dr. SIDDHARTH REDDY  ALLA,OPRInv1021-20259101133,"ANESTHETIA SGA, Co2 CHARGES FOR PROCEDURE, COLONOSCOPY, O2 CHARGES FOR PROCEDURE",,9800,500,0,9300,9300,0,UPI - PhonePe,NAVITHA N,Others - A SRINIVASA REDDY GARU,Others - A SRINIVASA REDDY GARU
10-09-2025,MR10210003896,OP10210006803,Mr. SK ANWAR ,Male,37Y,9884433788,Dr. SIDDHARTH REDDY  ALLA,OPRInv1021-20259101134,RUT,,500,0,0,500,500,0,UPI - PhonePe,NAVITHA N,Others - AJEEZ MITRA,Others - AJEEZ MITRA
10-09-2025,MR10210003900,OP10210006811,Mr. SK KARIMULLA,Male,40Y,9441155934,Dr. SIDDHARTH REDDY  ALLA,OPRInv1021-20259101135,ENDOSCOPY,,3300,0,0,3300,3300,0,Cash,BHARGAV CHOWDARY,Walk-In,Walk-In
11-09-2025,MR10210003899,OP10210006814,Mr. SK SARADHI,Male,49Y,9849671486,Dr. SIDDHARTH REDDY  ALLA,OPRInv1021-20259111136,ENDOSCOPY,,3300,500,0,2800,2800,0,UPI - PhonePe,BHANU PRAKESH T,Walk-In,Walk-In
11-09-2025,MR10210003178,OP10210006815,Mrs. R MADHAVI ,Female,40Y,9490113244,Dr. SIDDHARTH REDDY  ALLA,OPRInv1021-20259111137,ENDOSCOPY,,3300,0,0,3300,3300,0,Cash,BHANU PRAKESH T,Walk-In,Walk-In
11-09-2025,MR10210003621,OP10210006816,Mr. T RAMESH ,Male,58Y,9701047928,Dr. SIDDHARTH REDDY  ALLA,OPRInv1021-20259111138,ENDOSCOPY,,3300,0,0,3300,3300,0,Cash,BHANU PRAKESH T,Walk-In,Walk-In
11-09-2025,MR10210003904,OP10210006821,Mr. P JAGADEESH,Male,35Y,8885726872,Dr. SIDDHARTH REDDY  ALLA,OPRInv1021-20259111139,"ANESTHETIA SGA, Co2 CHARGES FOR PROCEDURE, COLONOSCOPY, ENDOSCOPY, O2 CHARGES FOR PROCEDURE",,13100,0,0,13100,13100,0,UPI - PhonePe,BHANU PRAKESH T,Walk-In,Walk-In
11-09-2025,MR10210003900,OP10210006822,Mr. SK KARIMULLA,Male,40Y,9441155934,Dr. SIDDHARTH REDDY  ALLA,OPRInv1021-20259111140,RUT,,500,0,0,500,500,0,Cash,BHANU PRAKESH T,Walk-In,Walk-In
11-09-2025,MR10210003621,OP10210006816,Mr. T RAMESH ,Male,58Y,9701047928,Dr. SIDDHARTH REDDY  ALLA,OPRInv1021-20259111141,RUT,,500,0,0,500,500,0,Cash,BHANU PRAKESH T,Walk-In,Walk-In
11-09-2025,MR10210003178,OP10210006815,Mrs. R MADHAVI ,Female,40Y,9490113244,Dr. SIDDHARTH REDDY  ALLA,OPRInv1021-20259111142,RUT,,500,0,0,500,500,0,Cash,BHANU PRAKESH T,Walk-In,Walk-In
11-09-2025,MR10210003904,OP10210006821,Mr. P JAGADEESH,Male,35Y,8885726872,Dr. SIDDHARTH REDDY  ALLA,OPRInv1021-20259111143,"BIOPSY SMALL, RUT",,2000,0,0,2000,2000,0,UPI - PhonePe,BHANU PRAKESH T,Walk-In,Walk-In
12-09-2025,MR10210003909,OP10210006831,Ms. G NAVYA SREE,Female,18Y,9394796039,Dr. SIDDHARTH REDDY  ALLA,OPRInv1021-20259121144,ENDOSCOPY,,3300,0,0,3300,3300,0,UPI - PhonePe,BHANU PRAKESH T,Walk-In,Walk-In
12-09-2025,MR10210003913,OP10210006833,Mrs. Y SWARNA,Female,44Y,9398101900,Dr. SIDDHARTH REDDY  ALLA,OPRInv1021-20259121145,ENDOSCOPY,,3300,0,0,3300,3300,0,Cash,BHANU PRAKESH T,Walk-In,Walk-In
12-09-2025,MR10210003912,OP10210006832,Mrs. D RAGHAVAMMA,Female,70Y,9494177333,Dr. SIDDHARTH REDDY  ALLA,OPRInv1021-20259121146,"ANESTHETIA SGA, Co2 CHARGES FOR PROCEDURE, COLONOSCOPY, O2 CHARGES FOR PROCEDURE",,9800,0,0,9800,9800,0,Cash,BHANU PRAKESH T,Walk-In,Walk-In
12-09-2025,MR10210003917,OP10210006843,Mr. T LAKSHMI KUMARI,Male,72Y,9393632323,Dr. SIDDHARTH REDDY  ALLA,OPRInv1021-20259121147,ENDOSCOPY,,3300,0,0,3300,3300,0,Cash,BHANU PRAKESH T,Walk-In,Walk-In
12-09-2025,MR10210003834,OP10210006846,Mr. S SESAIAH ,Male,67Y,9177266086,Dr. SIDDHARTH REDDY  ALLA,OPRInv1021-20259121148,ENDOSCOPY,,3300,0,0,3300,3300,0,Cash,BHANU PRAKESH T,Walk-In,Walk-In
12-09-2025,MR10210003916,OP10210006841,Mr. SK RASOOL,Male,43Y,9849205848,Dr. SIDDHARTH REDDY  ALLA,OPRInv1021-20259121149,ENDOSCOPY,,3300,0,0,3300,3300,0,UPI - PhonePe,BHANU PRAKESH T,Walk-In,Walk-In
12-09-2025,MR10210003919,OP10210006847,Mrs. V VIJAY LAKSHMI,Female,55Y,9704923215,Dr. SIDDHARTH REDDY  ALLA,OPRInv1021-20259121150,ENDOSCOPY,,3300,500,0,2800,2800,0,Cash,BHANU PRAKESH T,Walk-In,Walk-In
12-09-2025,MR10210003834,OP10210006846,Mr. S SESAIAH ,Male,67Y,9177266086,Dr. SIDDHARTH REDDY  ALLA,OPRInv1021-20259121151,RUT,,500,0,0,500,500,0,Cash,BHANU PRAKESH T,Walk-In,Walk-In
12-09-2025,MR10210003912,OP10210006832,Mrs. D RAGHAVAMMA,Female,70Y,9494177333,Dr. SIDDHARTH REDDY  ALLA,OPRInv1021-20259121152,BIOPSY SMALL,,1500,0,0,1500,1500,0,Cash,BHANU PRAKESH T,Walk-In,Walk-In
13-09-2025,MR10210003915,OP10210006854,Mr. K SHIVA KRISHNA ,Male,35Y,9550518789,Dr. SIDDHARTH REDDY  ALLA,OPRInv1021-20259131153,ENDOSCOPY,,3300,0,0,3300,3300,0,Cash,NAVITHA N,Walk-In,Walk-In
13-09-2025,MR10210003924,OP10210006855,Mr. B SRINU ,Male,45Y,9866365057,Dr. SIDDHARTH REDDY  ALLA,OPRInv1021-20259131154,ENDOSCOPY,,3300,0,0,3300,3300,0,Cash,NAVITHA N,Walk-In,Walk-In
13-09-2025,MR10210003925,OP10210006861,Mrs. M SWATHI ,Female,38Y,9603584829,Dr. SIDDHARTH REDDY  ALLA,OPRInv1021-20259131155,COLONOSCOPY,,6300,3300,0,3000,3000,0,Cash,Siddhartha Reddy ,Walk-In,Walk-In
13-09-2025,MR10210003915,OP10210006854,Mr. K SHIVA KRISHNA ,Male,35Y,9550518789,Dr. SIDDHARTH REDDY  ALLA,OPRInv1021-20259131156,RUT,,500,0,0,500,500,0,Cash,NAVITHA N,Walk-In,Walk-In
13-09-2025,MR10210003927,OP10210006860,Mrs. M KALYANI ,Female,50Y,9959927739,Dr. SIDDHARTH REDDY  ALLA,OPRInv1021-20259131157,ENDOSCOPY,,3300,0,0,3300,3300,0,Cash,NAVITHA N,Others - RAM KRISHNA GARU,Others - RAM KRISHNA GARU
13-09-2025,MR10210001041,OP10210006865,Mr. K SUDHAKAR ,Male,32Y,9948494783,Dr. SIDDHARTH REDDY  ALLA,OPRInv1021-20259131158,ENDOSCOPY,,3300,0,0,3300,3300,0,Cash,NAVITHA N,Walk-In,Walk-In
13-09-2025,MR10210001041,OP10210006865,Mr. K SUDHAKAR ,Male,32Y,9948494783,Dr. SIDDHARTH REDDY  ALLA,OPRInv1021-20259131159,RUT,,500,0,0,500,500,0,Cash,NAVITHA N,Walk-In,Walk-In
13-09-2025,MR10210003927,OP10210006860,Mrs. M KALYANI ,Female,50Y,9959927739,Dr. SIDDHARTH REDDY  ALLA,OPRInv1021-20259131160,RUT,,500,0,0,500,500,0,Cash,NAVITHA N,Others - RAM KRISHNA GARU,Others - RAM KRISHNA GARU
13-09-2025,MR10210003924,OP10210006855,Mr. B SRINU ,Male,45Y,9866365057,Dr. SIDDHARTH REDDY  ALLA,OPRInv1021-20259131161,RUT,,500,0,0,500,500,0,Cash,NAVITHA N,Walk-In,Walk-In
13-09-2025,MR10210003933,OP10210006871,Mr. J RAMBABU ,Male,43Y,9502453766,Dr. SIDDHARTH REDDY  ALLA,OPRInv1021-20259131162,ENDOSCOPY,,3300,0,0,3300,3300,0,Cash,NAVITHA N,Walk-In,Walk-In
13-09-2025,MR10210003932,OP10210006870,Mr. A VENKATESH ,Male,39Y,8185986770,Dr. SIDDHARTH REDDY  ALLA,OPRInv1021-20259131163,ENDOSCOPY,,3300,0,0,3300,3300,0,UPI - PhonePe,NAVITHA N,Walk-In,Walk-In
13-09-2025,MR10210003935,OP10210006879,Mr. B CHAITANYA,Male,25Y,6300649133,Dr. SIDDHARTH REDDY  ALLA,OPRInv1021-20259131164,ENDOSCOPY,,3300,0,0,3300,3300,0,Cash,NAVITHA N,Walk-In,Walk-In
13-09-2025,MR10210003925,OP10210006861,Mrs. M SWATHI ,Female,38Y,9603584829,Dr. SIDDHARTH REDDY  ALLA,OPRInv1021-20259131165,BIOPSY SMALL,,1500,0,0,1500,1500,0,Cash,NAVITHA N,Walk-In,Walk-In
13-09-2025,MR10210003933,OP10210006871,Mr. J RAMBABU ,Male,43Y,9502453766,Dr. SIDDHARTH REDDY  ALLA,OPRInv1021-20259131166,BIOPSY SMALL,,1500,0,0,1500,1500,0,Cash,NAVITHA N,Walk-In,Walk-In
13-09-2025,MR10210003932,OP10210006870,Mr. A VENKATESH ,Male,39Y,8185986770,Dr. SIDDHARTH REDDY  ALLA,OPRInv1021-20259131167,RUT,,500,0,0,500,500,0,Cash,NAVITHA N,Walk-In,Walk-In
13-09-2025,MR10210003937,OP10210006881,. v sai joshna,Female,18Y,9640265397,Dr. SIDDHARTH REDDY  ALLA,OPRInv1021-20259131168,ENDOSCOPY,,3300,0,0,3300,3300,0,Cash,BHANU PRAKESH T,Walk-In,Walk-In
13-09-2025,MR10210003938,OP10210006882,Mr. T SHIVA RTEDDY,Male,59Y,9246486336,Dr. SIDDHARTH REDDY  ALLA,OPRInv1021-20259131169,BIOPSY SMALL,,1500,0,0,1500,1500,0,Cash,BHANU PRAKESH T,Walk-In,Walk-In
13-09-2025,MR10210003936,OP10210006884,Mrs. V SAI  JOSHNA,Female,18Y,9640265397,Dr. SIDDHARTH REDDY  ALLA,OPRInv1021-20259131170,RUT,,500,0,0,500,500,0,UPI - PhonePe,NAVITHA N,Walk-In,Walk-In
13-09-2025,MR10210003940,OP10210006885,Mr. T SHIVA REDDY,Male,59Y,9246486336,Dr. SIDDHARTH REDDY  ALLA,OPRInv1021-20259131171,POLYPECTOMY,,20000,1100,0,18900,18900,0,Cash,BHARGAV CHOWDARY,Walk-In,Walk-In
13-09-2025,MR10210003941,OP10210006889,Mr. V PANAYAIAH,Male,79Y,8121682447,Dr. SIDDHARTH REDDY  ALLA,OPRInv1021-20259131172,ENDOSCOPY,,3300,0,0,3300,3300,0,UPI - PhonePe,BHANU PRAKESH T,Walk-In,Walk-In
15-09-2025,MR10210003944,OP10210006891,Mr. B NARENDRA ,Male,28Y,7842304466,Dr. SIDDHARTH REDDY  ALLA,OPRInv1021-20259151173,ENDOSCOPY,,3300,0,0,3300,3300,0,UPI - PhonePe,NAVITHA N,Walk-In,Walk-In
15-09-2025,MR10210003945,OP10210006893,Mrs. N VIMALA  KUMARI ,Female,32Y,8309735368,Dr. SIDDHARTH REDDY  ALLA,OPRInv1021-20259151174,ENDOSCOPY,,3300,0,0,3300,3300,0,Cash,NAVITHA N,Walk-In,Walk-In
15-09-2025,MR10210003946,OP10210006895,Mrs. N ANURADHA ,Female,25Y,8639210927,Dr. SIDDHARTH REDDY  ALLA,OPRInv1021-20259151175,ENDOSCOPY,,3300,0,0,3300,3300,0,UPI - PhonePe,NAVITHA N,Walk-In,Walk-In
15-09-2025,MR10210003950,OP10210006903,Mr. Y NARASIMHA RAJU ,Male,34Y,9703145555,Dr. SIDDHARTH REDDY  ALLA,OPRInv1021-20259151176,"ANESTHETIA SGA, Co2 CHARGES FOR PROCEDURE, COLONOSCOPY, O2 CHARGES FOR PROCEDURE",,9800,0,0,9800,9800,0,UPI - PhonePe,NAVITHA N,Others - BAJARAJU GARU(SANKARATHIPADU),Others - BAJARAJU GARU(SANKARATHIPADU)
15-09-2025,MR10210003946,OP10210006895,Mrs. N ANURADHA ,Female,25Y,8639210927,Dr. SIDDHARTH REDDY  ALLA,OPRInv1021-20259151177,RUT,,500,0,0,500,500,0,Cash,NAVITHA N,Walk-In,Walk-In
15-09-2025,MR10210003953,OP10210006908,Mrs. Y GUNASUNDARI,Female,65Y,9848841020,Dr. SIDDHARTH REDDY  ALLA,OPRInv1021-20259151178,"ANESTHETIA SGA, Co2 CHARGES FOR PROCEDURE, COLONOSCOPY, O2 CHARGES FOR PROCEDURE",,9800,0,0,9800,9800,0,UPI - PhonePe,NAVITHA N,Walk-In,Walk-In
15-09-2025,MR10210002539,OP10210006894,Mrs. P PAVANI ,Female,28Y,9381304848,Dr. SIDDHARTH REDDY  ALLA,OPRInv1021-20259151179,ENDOSCOPY,,3300,0,0,3300,3300,0,UPI - PhonePe,NAVITHA N,Walk-In,Walk-In
15-09-2025,MR10210003944,OP10210006891,Mr. B NARENDRA ,Male,28Y,7842304466,Dr. SIDDHARTH REDDY  ALLA,OPRInv1021-20259151180,RUT,,500,0,0,500,500,0,UPI - PhonePe,NAVITHA N,Walk-In,Walk-In
15-09-2025,MR10210002539,OP10210006894,Mrs. P PAVANI ,Female,28Y,9381304848,Dr. SIDDHARTH REDDY  ALLA,OPRInv1021-20259151181,RUT,,500,0,0,500,500,0,Cash,NAVITHA N,Walk-In,Walk-In
16-09-2025,MR10210003958,OP10210006919,Mr. J KASIM ,Male,24Y,9502655896,Dr. SIDDHARTH REDDY  ALLA,OPRInv1021-20259161182,ENDOSCOPY,,3300,0,0,3300,3300,0,UPI - PhonePe,NAVITHA N,Walk-In,Walk-In
16-09-2025,MR10210003956,OP10210006916,Mr. N SRINIVASA RAO ,Male,52Y,9866044507,Dr. SIDDHARTH REDDY  ALLA,OPRInv1021-20259161183,ENDOSCOPY,,3300,0,0,3300,3300,0,Cash,NAVITHA N,Walk-In,Walk-In
16-09-2025,MR10210003956,OP10210006916,Mr. N SRINIVASA RAO ,Male,52Y,9866044507,Dr. SIDDHARTH REDDY  ALLA,OPRInv1021-20259161184,RUT,,500,0,0,500,500,0,Cash,NAVITHA N,Walk-In,Walk-In
16-09-2025,MR10210003958,OP10210006919,Mr. J KASIM ,Male,24Y,9502655896,Dr. SIDDHARTH REDDY  ALLA,OPRInv1021-20259161185,RUT,,500,0,0,500,500,0,UPI - PhonePe,NAVITHA N,Walk-In,Walk-In
16-09-2025,MR10210003962,OP10210006927,Mr. CH VENU GOPAL RAO ,Male,50Y,9177790404,Dr. SIDDHARTH REDDY  ALLA,OPRInv1021-20259161186,ENDOSCOPY,,3300,0,0,3300,3300,0,Cash,NAVITHA N,Walk-In,Walk-In
16-09-2025,MR10210003472,OP10210006930,Mrs. A BHARATHI,Female,43Y,9948187363,Dr. SIDDHARTH REDDY  ALLA,OPRInv1021-20259161187,ENDOSCOPY,,3300,0,0,3300,3300,0,UPI - PhonePe,NAVITHA N,Walk-In,Walk-In
16-09-2025,MR10210003963,OP10210006931,Mr. S KRISHNA RAO,Male,50Y,7989842050,Dr. SIDDHARTH REDDY  ALLA,OPRInv1021-20259161188,ENDOSCOPY,,3300,0,0,3300,3300,0,UPI - PhonePe,NAVITHA N,Walk-In,Walk-In
16-09-2025,MR10210003959,OP10210006921,Mr. G SURESH BABU ,Male,42Y,8466927345,Dr. SIDDHARTH REDDY  ALLA,OPRInv1021-20259161189,ENDOSCOPY,,3300,0,0,3300,3300,0,UPI - PhonePe,BHANU PRAKESH T,Others - SEKHAR GARU ,Others - SEKHAR GARU 
17-09-2025,MR10210002030,OP10210006939,Ms. SK BEEBI JAN ,Female,49Y,9912527277,Dr. SIDDHARTH REDDY  ALLA,OPRInv1021-20259171190,ENDOSCOPY,,3300,0,0,3300,3300,0,Cash,NAVITHA N,Walk-In,Walk-In
17-09-2025,MR10210003970,OP10210006942,Mr. V RAMESH KUMAR,Male,56Y,9705989307,Dr. SIDDHARTH REDDY  ALLA,OPRInv1021-20259171191,ENDOSCOPY,,3300,0,0,3300,3300,0,UPI - PhonePe,NAVITHA N,Doctor,Doctor - BAZAR RAJU GARU
17-09-2025,MR10210003974,OP10210006946,Mr. N ROSHAN ,Male,13Y,6305875382,Dr. SIDDHARTH REDDY  ALLA,OPRInv1021-20259171192,ENDOSCOPY,,3300,0,0,3300,3300,0,Cash,NAVITHA N,Doctor,Doctor - RAMESH GARU
17-09-2025,MR10210003971,OP10210006943,Mr. P ANIL KUMAR ,Male,51Y,9949945522,Dr. SIDDHARTH REDDY  ALLA,OPRInv1021-20259171193,"ANESTHETIA SGA, Co2 CHARGES FOR PROCEDURE, COLONOSCOPY, ENDOSCOPY, O2 CHARGES FOR PROCEDURE",,13100,0,0,13100,13100,0,Cash,NAVITHA N,Walk-In,Walk-In
17-09-2025,MR10210003971,OP10210006943,Mr. P ANIL KUMAR ,Male,51Y,9949945522,Dr. SIDDHARTH REDDY  ALLA,OPRInv1021-20259171194,BIOPSY SMALL,,1500,0,0,1500,1500,0,Cash,BHANU PRAKESH T,Walk-In,Walk-In
17-09-2025,MR10210003983,OP10210006959,Mr. BRAMHA NAIDU Y,Male,65Y,9492082195,Dr. SIDDHARTH REDDY  ALLA,OPRInv1021-20259171195,ENDOSCOPY,,3300,0,0,3300,3300,0,Cash,BHANU PRAKESH T,Walk-In,Walk-In
17-09-2025,MR10210003984,OP10210006961,Mr. SK GOUSE,Male,41Y,9160490929,Dr. SIDDHARTH REDDY  ALLA,OPRInv1021-20259171196,ENDOSCOPY,,3300,500,0,2800,2800,0,UPI - PhonePe,BHANU PRAKESH T,Walk-In,Walk-In
18-09-2025,MR10210003986,OP10210006963,Mr. NEVAN KUMAR ,Male,20Y,9441553390,Dr. SIDDHARTH REDDY  ALLA,OPRInv1021-20259181197,ENDOSCOPY,,3300,1000,0,2300,2300,0,UPI - PhonePe,Siddhartha Reddy ,Walk-In,Walk-In
18-09-2025,MR10210003999,OP10210006980,Mrs. SK DILSHAD BEGUM,Female,52Y,6305507155,Dr. SIDDHARTH REDDY  ALLA,OPRInv1021-20259181198,ENDOSCOPY,,3300,0,0,3300,3300,0,Cash,BHANU PRAKESH T,Walk-In,Walk-In
19-09-2025,MR10210004004,OP10210006991,Mrs. SUJATHA P,Female,58Y,9177548679,Dr. SIDDHARTH REDDY  ALLA,OPRInv1021-20259191199,ENDOSCOPY,,3300,0,0,3300,3300,0,UPI - PhonePe,NAVITHA N,Walk-In,Walk-In
19-09-2025,MR10210004004,OP10210006992,Mrs. SUJATHA P,Female,58Y,9177548679,Dr. SIDDHARTH REDDY  ALLA,OPRInv1021-20259191200,RUT,,500,0,0,500,500,0,UPI - PhonePe,NAVITHA N,Walk-In,Walk-In
19-09-2025,MR10210003996,OP10210006996,Mrs. P JHASSVIKA ,Female,7Y1D,9951456569,Dr. SIDDHARTH REDDY  ALLA,OPRInv1021-20259191201,"ANESTHETIA SGA, Co2 CHARGES FOR PROCEDURE, O2 CHARGES FOR PROCEDURE, SIGMOIDOSCOPY",,6800,0,0,6800,6800,0,UPI - PhonePe,NAVITHA N,Walk-In,Walk-In
19-09-2025,MR10210004006,OP10210006994,Mrs. P ARUNA ,Female,46Y,8008494625,Dr. SIDDHARTH REDDY  ALLA,OPRInv1021-20259191202,ENDOSCOPY,,3300,0,0,3300,3300,0,Cash,NAVITHA N,Doctor,Doctor - PRASAD GARU
19-09-2025,MR10210004003,OP10210006990,Mr. G CHANDRA NARASIMHULU ,Male,62Y,9701312202,Dr. SIDDHARTH REDDY  ALLA,OPRInv1021-20259191203,"ANESTHETIA SGA, Co2 CHARGES FOR PROCEDURE, ENDOSCOPY, O2 CHARGES FOR PROCEDURE",,6800,0,0,6800,6800,0,Cash,NAVITHA N,Doctor,Doctor - DR PAVAN RAGHAVA REDDYSIR ( ARKA)
19-09-2025,MR10210004008,OP10210007001,Mrs. B SUNITHA ,Female,42Y,9912126266,Dr. SIDDHARTH REDDY  ALLA,OPRInv1021-20259191204,ENDOSCOPY,,3300,0,0,3300,3300,0,Cash,NAVITHA N,Walk-In,Walk-In
19-09-2025,MR10210003996,OP10210006996,Mrs. P JHASSVIKA ,Female,7Y1D,9951456569,Dr. SIDDHARTH REDDY  ALLA,OPRInv1021-20259191205,BIOPSY SMALL,,1500,0,0,1500,1500,0,UPI - PhonePe,NAVITHA N,Walk-In,Walk-In
19-09-2025,MR10210004011,OP10210007005,Mrs. V RAJKUMARI,Female,48Y,9908061309,Dr. SIDDHARTH REDDY  ALLA,OPRInv1021-20259191206,ENDOSCOPY,,3300,0,0,3300,3300,0,UPI - PhonePe,NAVITHA N,Walk-In,Walk-In
19-09-2025,MR10210004009,OP10210007008,Mrs. SUNITHA B,Female,42Y,9912126266,Dr. SIDDHARTH REDDY  ALLA,OPRInv1021-20259191207,RUT,,500,0,0,500,500,0,Cash,NAVITHA N,Walk-In,Walk-In
19-09-2025,MR10210004006,OP10210006994,Mrs. P ARUNA ,Female,46Y,8008494625,Dr. SIDDHARTH REDDY  ALLA,OPRInv1021-20259191208,RUT,,500,0,0,500,500,0,UPI - PhonePe,NAVITHA N,Doctor,Doctor - PRASAD GARU
19-09-2025,MR10210004007,OP10210006997,Mr. S SRINIVAS RAO ,Male,35Y,9398132585,Dr. SIDDHARTH REDDY  ALLA,OPRInv1021-20259191209,ENDOSCOPY,,3300,0,0,3300,3300,0,Cash,NAVITHA N,Walk-In,Walk-In
19-09-2025,MR10210004007,OP10210006997,Mr. S SRINIVAS RAO ,Male,35Y,9398132585,Dr. SIDDHARTH REDDY  ALLA,OPRInv1021-20259191210,BIOPSY SMALL,,1500,0,0,1500,1500,0,Cash,BHANU PRAKESH T,Walk-In,Walk-In
19-09-2025,MR10210004011,OP10210007011,Mrs. V RAJKUMARI,Female,48Y,9908061309,Dr. SIDDHARTH REDDY  ALLA,OPRInv1021-20259191211,RUT,,500,0,0,500,500,0,UPI - PhonePe,BHANU PRAKESH T,Walk-In,Walk-In
19-09-2025,MR10210004013,OP10210007012,Ms. SK NASEMA,Female,39Y,7013707871,Dr. SIDDHARTH REDDY  ALLA,OPRInv1021-20259191212,ENDOSCOPY,,3300,0,0,3300,3300,0,Cash,BHANU PRAKESH T,Walk-In,Walk-In
19-09-2025,MR10210004013,OP10210007013,Ms. SK NASEMA,Female,39Y,7013707871,Dr. SIDDHARTH REDDY  ALLA,OPRInv1021-20259191213,BIOPSY SMALL,,1500,0,0,1500,1500,0,UPI - PhonePe,BHANU PRAKESH T,Walk-In,Walk-In
19-09-2025,MR10210004003,OP10210006990,Mr. G CHANDRA NARASIMHULU ,Male,62Y,9701312202,Dr. SIDDHARTH REDDY  ALLA,OPRInv1021-20259191214,BIOPSY SMALL,,1500,0,0,1500,1500,0,UPI - PhonePe,BHANU PRAKESH T,Doctor,Doctor - DR PAVAN RAGHAVA REDDYSIR ( ARKA)
20-09-2025,MR10210004017,OP10210007019,Mrs. T RUKMINI DEVI,Female,59Y,9392578875,Dr. SIDDHARTH REDDY  ALLA,OPRInv1021-20259201215,ENDOSCOPY,,3300,0,0,3300,3300,0,Cash,NAVITHA N,Doctor,Doctor - PRAKASH GARU
20-09-2025,MR10210001702,OP10210007020,Mr. B V S RAGHAVARAO ,Male,68Y,8328034638,Dr. SIDDHARTH REDDY  ALLA,OPRInv1021-20259201216,"ANESTHETIA SGA, Co2 CHARGES FOR PROCEDURE, COLONOSCOPY, ENDOSCOPY, O2 CHARGES FOR PROCEDURE",,13100,2000,0,11100,11100,0,Cash,NAVITHA N,Walk-In,Walk-In
20-09-2025,MR10210004020,OP10210007031,Mrs. G SAI POOJITHA ,Female,25Y,9618504072,Dr. SIDDHARTH REDDY  ALLA,OPRInv1021-20259201217,ENDOSCOPY,,3300,0,0,3300,3300,0,UPI - PhonePe,NAVITHA N,Doctor,Doctor - ARJUN GARU
20-09-2025,MR10210004021,OP10210007032,Mr. N D PRASAD ,Male,50Y,9440261687,Dr. SIDDHARTH REDDY  ALLA,OPRInv1021-20259201218,ENDOSCOPY,,3300,0,0,3300,3300,0,Cash,NAVITHA N,Doctor,Doctor - FANI KUMAR GARU
20-09-2025,MR10210004020,OP10210007031,Mrs. G SAI POOJITHA ,Female,25Y,9618504072,Dr. SIDDHARTH REDDY  ALLA,OPRInv1021-20259201219,BIOPSY SMALL,,1500,0,0,1500,1500,0,UPI - PhonePe,NAVITHA N,Doctor,Doctor - ARJUN GARU
22-09-2025,MR10210000061,OP10210007038,Mr. VENKATAPPAIAH S,Male,73Y,9849950753,Dr. SIDDHARTH REDDY  ALLA,OPRInv1021-20259221220,ENDOSCOPY,,3300,0,0,3300,3300,0,Cash,NAVITHA N,Walk-In,Walk-In
22-09-2025,MR10210001748,OP10210007043,Mr. T RAMANA ,Male,49Y,9848577212,Dr. SIDDHARTH REDDY  ALLA,OPRInv1021-20259221221,ENDOSCOPY,,3300,0,0,3300,3300,0,UPI - PhonePe,NAVITHA N,Walk-In,Walk-In
22-09-2025,MR10210004029,OP10210007049,Mrs. T ARUNA KUMARI,Female,39Y,9010108397,Dr. SIDDHARTH REDDY  ALLA,OPRInv1021-20259221222,ENDOSCOPY,,3300,0,0,3300,3300,0,Cash,NAVITHA N,Walk-In,Walk-In
22-09-2025,MR10210003671,OP10210007046,Mrs. JHANSI RANI C H,Female,29Y,6301246659,Dr. SIDDHARTH REDDY  ALLA,OPRInv1021-20259221223,UGISCOPY + STENT REMOVAL,,5000,1700,0,3300,3300,0,Cash,Siddhartha Reddy ,Walk-In,Walk-In
23-09-2025,MR10210004027,OP10210007061,Mr. B PREM,Male,25Y,9676881389,Dr. SIDDHARTH REDDY  ALLA,OPRInv1021-20259231224,ENDOSCOPY,,3300,0,0,3300,3300,0,Cash,NAVITHA N,Walk-In,Walk-In
23-09-2025,MR10210004036,OP10210007060,Mrs. D MARTHAMMA ,Female,43Y,7671004595,Dr. SIDDHARTH REDDY  ALLA,OPRInv1021-20259231225,ENDOSCOPY,,3300,0,0,3300,3300,0,UPI - PhonePe,NAVITHA N,Doctor,Doctor - DR PRAVEEN GARU
23-09-2025,MR10210004027,OP10210007061,Mr. B PREM,Male,25Y,9676881389,Dr. SIDDHARTH REDDY  ALLA,OPRInv1021-20259231226,RUT,,500,0,0,500,500,0,Cash,NAVITHA N,Walk-In,Walk-In
23-09-2025,MR10210004039,OP10210007066,Mr. SK SUBHANI ,Male,33Y,6304426805,Dr. SIDDHARTH REDDY  ALLA,OPRInv1021-20259231227,ENDOSCOPY,,3300,0,0,3300,3300,0,Cash,NAVITHA N,Doctor,Doctor - NARENDRA GARU
23-09-2025,MR10210000768,OP10210007069,Mr. SIVASANKAR M,Male,61Y,9603862286,Dr. SIDDHARTH REDDY  ALLA,OPRInv1021-20259231228,ENDOSCOPY,,3300,0,0,3300,3300,0,Cash,NAVITHA N,Walk-In,Walk-In
23-09-2025,MR10210004040,OP10210007067,Mr. P BAJI ,Male,45Y,9494098489,Dr. SIDDHARTH REDDY  ALLA,OPRInv1021-20259231229,ENDOSCOPY,,3300,260,0,3040,3040,0,Cash,NAVITHA N,Doctor,Doctor - KRISHNA GARU
23-09-2025,MR10210000768,OP10210007069,Mr. SIVASANKAR M,Male,61Y,9603862286,Dr. SIDDHARTH REDDY  ALLA,OPRInv1021-20259231230,RUT,,500,0,0,500,500,0,Cash,NAVITHA N,Walk-In,Walk-In
23-09-2025,MR10210003721,OP10210007065,Mr. V VEERA REDDY ,Male,58Y,9052499069,Dr. SIDDHARTH REDDY  ALLA,OPRInv1021-20259231231,"ANESTHETIA SGA, Co2 CHARGES FOR PROCEDURE, COLONOSCOPY, O2 CHARGES FOR PROCEDURE",,9800,0,0,9800,9800,0,Cash,NAVITHA N,Walk-In,Walk-In
23-09-2025,MR10210004042,OP10210007072,Mrs. M VANITHA ,Female,46Y,9030001378,Dr. SIDDHARTH REDDY  ALLA,OPRInv1021-20259231232,ENDOSCOPY,,3300,500,0,2800,2800,0,UPI - PhonePe,NAVITHA N,Doctor,Doctor - SUKANYA GARU
23-09-2025,MR10210004043,OP10210007078,Mr. D SUBHASH CHANDRA BOSE,Male,81Y,9052254417,Dr. SIDDHARTH REDDY  ALLA,OPRInv1021-20259231233,ENDOSCOPY,,3300,300,0,3000,3000,0,UPI - PhonePe,NAVITHA N,Walk-In,Walk-In
23-09-2025,MR10210004044,OP10210007080,Mr. N KISHORE,Male,59Y,9000859366,Dr. SIDDHARTH REDDY  ALLA,OPRInv1021-20259231234,"ANESTHETIA SGA, Co2 CHARGES FOR PROCEDURE, O2 CHARGES FOR PROCEDURE",,3500,0,0,3500,3500,0,UPI - PhonePe,BHANU PRAKESH T,Walk-In,Walk-In
23-09-2025,MR10210004039,OP10210007066,Mr. SK SUBHANI ,Male,33Y,6304426805,Dr. SIDDHARTH REDDY  ALLA,OPRInv1021-20259231235,RUT,,500,0,0,500,500,0,Cash,BHANU PRAKESH T,Doctor,Doctor - NARENDRA GARU
23-09-2025,MR10210000706,OP10210007076,Mr. KASIM SAIDA SK,Male,57Y,9866635347,Dr. SIDDHARTH REDDY  ALLA,OPRInv1021-20259231236,COLONOSCOPY,,6300,2000,0,4300,4300,0,UPI - PhonePe,Siddhartha Reddy ,Doctor,Doctor - BABU GARU
23-09-2025,MR10210004045,OP10210007082,Mr. G ASHOK KUMAR,Male,39Y,9347279295,Dr. SIDDHARTH REDDY  ALLA,OPRInv1021-20259231237,"ANESTHETIA SGA, Co2 CHARGES FOR PROCEDURE, COLONOSCOPY, O2 CHARGES FOR PROCEDURE",,9800,0,0,9800,9800,0,UPI - PhonePe,BHANU PRAKESH T,Walk-In,Walk-In
24-09-2025,MR10210004047,OP10210007086,Mr. M THIRUPATHI REDDY,Male,63Y,8374124706,Dr. SIDDHARTH REDDY  ALLA,OPRInv1021-20259241238,ENDOSCOPY,,3300,0,0,3300,3300,0,UPI - PhonePe,NAVITHA N,Walk-In,Walk-In
24-09-2025,MR10210004046,OP10210007085,Mr. SAI AKLESH REDDY ,Male,18Y,9059139737,Dr. SIDDHARTH REDDY  ALLA,OPRInv1021-20259241239,"ENDOSCOPY, RUT",,3800,0,0,3800,3800,0,Cash,NAVITHA N,Walk-In,Walk-In
24-09-2025,MR10210004047,OP10210007089,Mr. M THIRUPATHI REDDY,Male,63Y,8374124706,Dr. SIDDHARTH REDDY  ALLA,OPRInv1021-20259241240,BIOPSY SMALL,,1500,0,0,1500,1500,0,UPI - PhonePe,NAVITHA N,Walk-In,Walk-In
24-09-2025,MR10210004049,OP10210007091,Mr. B BRAMHANANDAM,Male,65Y,9440878584,Dr. SIDDHARTH REDDY  ALLA,OPRInv1021-20259241241,ENDOSCOPY,,3300,500,0,2800,2800,0,Cash,NAVITHA N,Walk-In,Walk-In
24-09-2025,MR10210004053,OP10210007099,Mrs. D RAMANAMMA,Female,52Y,9492617487,Dr. SIDDHARTH REDDY  ALLA,OPRInv1021-20259241242,SIGMOIDOSCOPY,,3300,500,0,2800,2800,0,Cash,NAVITHA N,Walk-In,Walk-In
24-09-2025,MR10210004057,OP10210007102,Mrs. N LAKSHMI,Female,50Y,9502582501,Dr. SIDDHARTH REDDY  ALLA,OPRInv1021-20259241243,ENDOSCOPY,,3300,0,0,3300,3300,0,Cash,NAVITHA N,Walk-In,Walk-In
25-09-2025,MR10210004060,OP10210007107,Mrs. M D CHANDINI ,Female,34Y,9703066699,Dr. SIDDHARTH REDDY  ALLA,OPRInv1021-20259251244,ENDOSCOPY,,3300,0,0,3300,3300,0,UPI - PhonePe,NAVITHA N,Doctor,Doctor - BASHA GARU
25-09-2025,MR10210003707,OP10210007106,Mr. T SUBBA RAO ,Male,67Y,9603313019,Dr. SIDDHARTH REDDY  ALLA,OPRInv1021-20259251245,ENDOSCOPY,,3300,300,0,3000,3000,0,UPI - PhonePe,NAVITHA N,Walk-In,Walk-In
25-09-2025,MR10210004061,OP10210007109,Mr. G RAMA RAJU ,Male,50Y,9390746653,Dr. SIDDHARTH REDDY  ALLA,OPRInv1021-20259251246,ENDOSCOPY,,3300,0,0,3300,3300,0,UPI - PhonePe,NAVITHA N,Walk-In,Walk-In
25-09-2025,MR10210004055,OP10210007110,Mr. M BUCHI RAJU ,Male,40Y,9347538308,Dr. SIDDHARTH REDDY  ALLA,OPRInv1021-20259251247,ENDOSCOPY,,3300,0,0,3300,3300,0,Cash,NAVITHA N,Walk-In,Walk-In
25-09-2025,MR10210004055,OP10210007110,Mr. M BUCHI RAJU ,Male,40Y,9347538308,Dr. SIDDHARTH REDDY  ALLA,OPRInv1021-20259251248,RUT,,500,0,0,500,500,0,Cash,NAVITHA N,Walk-In,Walk-In
25-09-2025,MR10210004061,OP10210007109,Mr. G RAMA RAJU ,Male,50Y,9390746653,Dr. SIDDHARTH REDDY  ALLA,OPRInv1021-20259251249,RUT,,500,0,0,500,500,0,UPI - PhonePe,NAVITHA N,Walk-In,Walk-In
25-09-2025,MR10210004062,OP10210007115,Mrs. J VENKATA PRATHYUSHA ,Female,39Y,9912527528,Dr. SIDDHARTH REDDY  ALLA,OPRInv1021-20259251250,COLONOSCOPY,,6300,0,0,6300,6300,0,UPI - PhonePe,NAVITHA N,Doctor,Doctor - DR DEEPTHI GARU
25-09-2025,MR10210004060,OP10210007107,Mrs. M D CHANDINI ,Female,34Y,9703066699,Dr. SIDDHARTH REDDY  ALLA,OPRInv1021-20259251251,ENDOSCOPY,,3300,0,0,3300,3300,0,Cash,NAVITHA N,Doctor,Doctor - BASHA GARU
25-09-2025,MR10210004060,OP10210007107,Mrs. M D CHANDINI ,Female,34Y,9703066699,Dr. SIDDHARTH REDDY  ALLA,OPRInv1021-20259251252,RUT,,500,0,0,500,500,0,Cash,NAVITHA N,Doctor,Doctor - BASHA GARU
26-09-2025,MR10210004067,OP10210007124,Mr. S RAJESH,Male,35Y,9000451942,Dr. SIDDHARTH REDDY  ALLA,OPRInv1021-20259261253,ENDOSCOPY,,3300,0,0,3300,3300,0,Cash,NAVITHA N,Walk-In,Walk-In
26-09-2025,MR10210004064,OP10210007121,Mr. B KASI REDDY,Male,63Y,9542335853,Dr. SIDDHARTH REDDY  ALLA,OPRInv1021-20259261254,ENDOSCOPY,,3300,500,0,2800,2800,0,UPI - PhonePe,NAVITHA N,Doctor,Doctor - KASI REDDY GARU
26-09-2025,MR10210003952,OP10210007126,Mr. R ANAND KUMAR ,Male,17Y,8978092132,Dr. SIDDHARTH REDDY  ALLA,OPRInv1021-20259261255,ENDOSCOPY,,3300,0,0,3300,3300,0,Cash,NAVITHA N,Walk-In,Walk-In
26-09-2025,MR10210003952,OP10210007126,Mr. R ANAND KUMAR ,Male,17Y,8978092132,Dr. SIDDHARTH REDDY  ALLA,OPRInv1021-20259261256,RUT,,500,0,0,500,500,0,Cash,NAVITHA N,Walk-In,Walk-In
26-09-2025,MR10210004070,OP10210007130,Mr. T SESAIAH ,Male,62Y,8096521445,Dr. SIDDHARTH REDDY  ALLA,OPRInv1021-20259261257,ENDOSCOPY,,3300,0,0,3300,3300,0,Cash,NAVITHA N,Doctor,Doctor - B S RAJU GARU
27-09-2025,MR10210004073,OP10210007134,Mr. SK USMAN VALI ,Male,53Y,9912258522,Dr. SIDDHARTH REDDY  ALLA,OPRInv1021-20259271258,ENDOSCOPY,,3300,0,0,3300,3300,0,UPI - PhonePe,NAVITHA N,Walk-In,Walk-In
27-09-2025,MR10210004074,OP10210007136,Mr. U MURALISWARA REDDY,Male,48Y,9986502288,Dr. SIDDHARTH REDDY  ALLA,OPRInv1021-20259271259,COLONOSCOPY,,6300,0,0,6300,6300,0,UPI - PhonePe,NAVITHA N,Walk-In,Walk-In
27-09-2025,MR10210004073,OP10210007134,Mr. SK USMAN VALI ,Male,53Y,9912258522,Dr. SIDDHARTH REDDY  ALLA,OPRInv1021-20259271260,RUT,,500,0,0,500,500,0,UPI - PhonePe,NAVITHA N,Walk-In,Walk-In
27-09-2025,MR10210001213,OP10210007144,Ms. RANGA REDDY T,Female,72Y,9849224228,Dr. SIDDHARTH REDDY  ALLA,OPRInv1021-20259271261,"ANESTHETIA SGA, Co2 CHARGES FOR PROCEDURE, COLONOSCOPY, ENDOSCOPY, O2 CHARGES FOR PROCEDURE",,13100,0,0,13100,13100,0,UPI - PhonePe,NAVITHA N,Walk-In,Walk-In
27-09-2025,MR10210004077,OP10210007142,Mr. N SUBBA RAO,Male,74Y,9951693610,Dr. SIDDHARTH REDDY  ALLA,OPRInv1021-20259271262,ENDOSCOPY,,3300,500,0,2800,2800,0,Cash,NAVITHA N,Doctor,Doctor - DR VENKATESWAR  REDDY GARU
27-09-2025,MR10210004078,OP10210007146,Mrs. MD SAIDA BEE ,Female,40Y,8143811762,Dr. SIDDHARTH REDDY  ALLA,OPRInv1021-20259271263,ENDOSCOPY,,3300,500,0,2800,2800,0,Cash,NAVITHA N,Walk-In,Walk-In
27-09-2025,MR10210004081,OP10210007150,Mr. B BAJIBABU,Male,35Y,9059345773,Dr. SIDDHARTH REDDY  ALLA,OPRInv1021-20259271264,ENDOSCOPY,,3300,0,0,3300,3300,0,UPI - PhonePe,NAVITHA N,Doctor,Doctor - JANI GARU
29-09-2025,MR10210004090,OP10210007171,Mr. D SRINIVAS REDDY ,Male,45Y,9703940153,Dr. SIDDHARTH REDDY  ALLA,OPRInv1021-20259291265,"ANESTHETIA SGA, Co2 CHARGES FOR PROCEDURE, COLONOSCOPY, O2 CHARGES FOR PROCEDURE",,9800,600,0,9200,9200,0,UPI - PhonePe,NAVITHA N,Doctor,Doctor - DR PAVAN RAGHAVA REDDYSIR ( ARKA)
29-09-2025,MR10210004096,OP10210007182,Mrs. N RAMAKOTAMMA,Female,85Y,9849289395,Dr. SIDDHARTH REDDY  ALLA,OPRInv1021-20259291266,"ANESTHETIA SGA, Co2 CHARGES FOR PROCEDURE, O2 CHARGES FOR PROCEDURE",,3500,0,0,3500,3500,0,UPI - PhonePe,NAVITHA N,Walk-In,Walk-In
29-09-2025,MR10210004093,OP10210007177,Mr. D SRINU BASHA,Male,39Y,9701441646,Dr. SIDDHARTH REDDY  ALLA,OPRInv1021-20259291267,ENDOSCOPY,,3300,0,0,3300,3300,0,Cash,NAVITHA N,Doctor,Doctor - BABJI GARU
29-09-2025,MR10210004096,OP10210007185,Mrs. N RAMAKOTAMMA,Female,85Y,9849289395,Dr. SIDDHARTH REDDY  ALLA,OPRInv1021-20259291268,BIOPSY SMALL,,1500,0,0,1500,1500,0,UPI - PhonePe,NAVITHA N,Walk-In,Walk-In
29-09-2025,MR10210004093,OP10210007177,Mr. D SRINU BASHA,Male,39Y,9701441646,Dr. SIDDHARTH REDDY  ALLA,OPRInv1021-20259291269,RUT,,500,0,0,500,500,0,Cash,BHARGAV CHOWDARY,Doctor,Doctor - BABJI GARU
29-09-2025,MR10210003314,OP10210007167,Mrs. KEERTHANA RANI K,Female,28Y,9398589675,Dr. SIDDHARTH REDDY  ALLA,OPRInv1021-20259291270,UGISCOPY + STENT REMOVAL,,5000,1700,0,3300,3300,0,UPI - PhonePe,Siddhartha Reddy ,Walk-In,Walk-In
30-09-2025,MR10210004106,OP10210007195,Mrs. K SUKANYA,Female,62Y,9493223746,Dr. SIDDHARTH REDDY  ALLA,OPRInv1021-20259301271,ENDOSCOPY,,3300,0,0,3300,3300,0,UPI - PhonePe,NAVITHA N,Online,Online
30-09-2025,MR10210004109,OP10210007205,Mrs. B APPAYAMMA,Female,80Y,9550560124,Dr. SIDDHARTH REDDY  ALLA,OPRInv1021-20259301272,ENDOSCOPY,,3300,0,0,3300,3300,0,Cash,NAVITHA N,Walk-In,Walk-In
30-09-2025,MR10210004104,OP10210007193,Mrs. B RADHA,Female,29Y,9000724612,Dr. SIDDHARTH REDDY  ALLA,OPRInv1021-20259301273,UGISCOPY + STENT REMOVAL,,5000,1700,0,3300,3300,0,Cash,Siddhartha Reddy ,Doctor,Doctor - DR HARSHA VARDAN GARU
01-10-2025,MR10210004115,OP10210007212,Mrs. M DHRAKSAHAYANI,Female,27Y,8639771430,Dr. SIDDHARTH REDDY  ALLA,OPRInv1021-20251011274,ENDOSCOPY,,3300,0,0,3300,3300,0,Cash,NAVITHA N,Walk-In,Walk-In
01-10-2025,MR10210004116,OP10210007213,Mr. M CHANDRU NAIK,Male,56Y,8125344763,Dr. SIDDHARTH REDDY  ALLA,OPRInv1021-20251011275,ENDOSCOPY,,3300,0,0,3300,3300,0,Cash,RUPA N,Walk-In,Walk-In
01-10-2025,MR10210004116,OP10210007213,Mr. M CHANDRU NAIK,Male,56Y,8125344763,Dr. SIDDHARTH REDDY  ALLA,OPRInv1021-20251011276,RUT,,500,0,0,500,500,0,UPI - PhonePe,BHARGAV CHOWDARY,Walk-In,Walk-In
01-10-2025,MR10210004118,OP10210007221,Mrs. B NAGAMMA,Female,50Y,9177685807,Dr. SIDDHARTH REDDY  ALLA,OPRInv1021-20251011277,PEDIATRIC ENDOSCOPY,,5000,0,0,5000,5000,0,Cash,BHARGAV CHOWDARY,Walk-In,Walk-In
02-10-2025,MR10210004122,OP10210007228,Mrs. D YASODHA,Female,62Y,8688974375,Dr. SIDDHARTH REDDY  ALLA,OPRInv1021-20251021278,ENDOSCOPY,,3300,0,0,3300,3300,0,Cash,RUPA N,Walk-In,Walk-In
02-10-2025,MR10210004228,OP10210007441,Mrs. SUDHA RANI L,Female,32Y,9652736765,Dr. SIDDHARTH REDDY  ALLA,OPRInv1021-202510141353,BEDSIDE ENDOSCOPY,,5000,0,0,5000,5000,0,Cash,Siddhartha Reddy ,Walk-In,Walk-In
03-10-2025,MR10210004124,OP10210007232,Ms. LAKSHWAMMA P,Female,60Y,8639981819,Dr. SIDDHARTH REDDY  ALLA,OPRInv1021-20251031279,ENDOSCOPY,,3300,0,0,3300,3300,0,UPI - PhonePe,BHARGAV CHOWDARY,Walk-In,Walk-In
03-10-2025,MR10210004127,OP10210007239,Mr. MADHAVA RAO,Male,65Y,8179272607,Dr. SIDDHARTH REDDY  ALLA,OPRInv1021-20251031280,COLONOSCOPY,,6300,0,0,6300,6300,0,Cash,BHARGAV CHOWDARY,Walk-In,Walk-In
03-10-2025,MR10210003741,OP10210007240,Mrs. K SUSEELA,Female,74Y,9848312816,Dr. SIDDHARTH REDDY  ALLA,OPRInv1021-20251031281,COLONOSCOPY,,6300,0,0,6300,6300,0,UPI - PhonePe,BHARGAV CHOWDARY,Walk-In,Walk-In
03-10-2025,MR10210004126,OP10210007241,Mrs. SK ZUBEDA,Female,72Y,9390356865,Dr. SIDDHARTH REDDY  ALLA,OPRInv1021-20251031282,ERCP,,40000,0,0,40000,20000,20000,Cash,BHARGAV CHOWDARY,Walk-In,Walk-In
03-10-2025,MR10210004126,OP10210007241,Mrs. SK ZUBEDA,Female,72Y,9390356865,Dr. SIDDHARTH REDDY  ALLA,OPRInv1021-20251031282,ERCP,,40000,0,0,20000,20000,0,UPI - PhonePe,BHARGAV CHOWDARY,Walk-In,Walk-In
03-10-2025,MR10210004124,OP10210007232,Ms. LAKSHWAMMA P,Female,60Y,8639981819,Dr. SIDDHARTH REDDY  ALLA,OPRInv1021-20251031283,RUT,,500,0,0,500,500,0,UPI - PhonePe,BHARGAV CHOWDARY,Walk-In,Walk-In
03-10-2025,MR10210003741,OP10210007243,Mrs. K SUSEELA,Female,74Y,9848312816,Dr. SIDDHARTH REDDY  ALLA,OPRInv1021-20251031284,ANESTHETIA SGA,,3000,0,0,3000,3000,0,Cash,BHARGAV CHOWDARY,Walk-In,Walk-In
03-10-2025,MR10210003741,OP10210007244,Mrs. K SUSEELA,Female,74Y,9848312816,Dr. SIDDHARTH REDDY  ALLA,OPRInv1021-20251031285,BIOPSY SMALL,,1500,0,0,1500,1500,0,UPI - PhonePe,RUPA N,Walk-In,Walk-In
04-10-2025,MR10210004131,OP10210007247,Mr. CH MAHESWARA REDDY,Male,38Y,9505878781,Dr. SIDDHARTH REDDY  ALLA,OPRInv1021-20251041286,ENDOSCOPY,,3300,0,0,3300,3300,0,Cash,RUPA N,Walk-In,Walk-In
04-10-2025,MR10210004134,OP10210007252,Mr. CH SUBBA REDDY,Male,60Y,9494957780,Dr. SIDDHARTH REDDY  ALLA,OPRInv1021-20251041287,ENDOSCOPY,,3300,0,0,3300,3300,0,Cash,RUPA N,Walk-In,Walk-In
04-10-2025,MR10210004131,OP10210007247,Mr. CH MAHESWARA REDDY,Male,38Y,9505878781,Dr. SIDDHARTH REDDY  ALLA,OPRInv1021-20251041288,ENDOSCOPY,,3300,0,0,3300,3300,0,UPI - PhonePe,RUPA N,Walk-In,Walk-In
04-10-2025,MR10210004132,OP10210007249,Mr. N HANUMANTH RAO,Male,43Y,8985109109,Dr. SIDDHARTH REDDY  ALLA,OPRInv1021-20251041289,ENDOSCOPY,,3300,0,0,3300,3300,0,UPI - PhonePe,RUPA N,Walk-In,Walk-In
04-10-2025,MR10210004133,OP10210007250,Mrs. J VANI,Female,35Y,8121271190,Dr. SIDDHARTH REDDY  ALLA,OPRInv1021-20251041290,ENDOSCOPY,,3300,0,0,3300,3300,0,Cash,RUPA N,Walk-In,Walk-In
04-10-2025,MR10210004135,OP10210007253,Mrs. V PRAMILA DEVI,Female,60Y,9291558868,Dr. SIDDHARTH REDDY  ALLA,OPRInv1021-20251041291,ENDOSCOPY,,3300,0,0,3300,3300,0,Cash,RUPA N,Doctor,Doctor - KARTHIK GARU
04-10-2025,MR10210004132,OP10210007249,Mr. N HANUMANTH RAO,Male,43Y,8985109109,Dr. SIDDHARTH REDDY  ALLA,OPRInv1021-20251041292,ENDOSCOPY,,3300,0,0,3300,3300,0,UPI - PhonePe,BHARGAV CHOWDARY,Walk-In,Walk-In
04-10-2025,MR10210004138,OP10210007259,Mr. J HARI BAU,Male,67Y,9704820269,Dr. SIDDHARTH REDDY  ALLA,OPRInv1021-20251041293,ENDOSCOPY,,3300,0,0,3300,3300,0,UPI - PhonePe,BHARGAV CHOWDARY,Walk-In,Walk-In
04-10-2025,MR10210004136,OP10210007257,Mrs. Y SATHYA VANI,Female,43Y,9160879858,Dr. SIDDHARTH REDDY  ALLA,OPRInv1021-20251041294,RUT,,500,0,0,500,500,0,UPI - PhonePe,BHARGAV CHOWDARY,Doctor,Doctor - VISHWANADH GARU
04-10-2025,MR10210004140,OP10210007263,Ms. k LAKSHMI TRIVENI,Female,30Y,7416910092,Dr. SIDDHARTH REDDY  ALLA,OPRInv1021-20251041295,ENDOSCOPY,,3300,0,0,3300,3300,0,UPI - PhonePe,MANIKANTA KANCHARLA,Walk-In,Walk-In
04-10-2025,MR10210004138,OP10210007266,Mr. J HARI BAU,Male,67Y,9704820269,Dr. SIDDHARTH REDDY  ALLA,OPRInv1021-20251041296,RUT,,500,0,0,500,500,0,Cash,MANIKANTA KANCHARLA,Walk-In,Walk-In
04-10-2025,MR10210004136,OP10210007257,Mrs. Y SATHYA VANI,Female,43Y,9160879858,Dr. SIDDHARTH REDDY  ALLA,OPRInv1021-20251041297,ANESTHETIA SGA,,3000,0,0,3000,3000,0,Cash,MANIKANTA KANCHARLA,Doctor,Doctor - VISHWANADH GARU
06-10-2025,MR10210003966,OP10210007274,Mrs. P LAKSHMI KANTHAMMA,Female,70Y,9160369788,Dr. SIDDHARTH REDDY  ALLA,OPRInv1021-20251061298,ENDOSCOPY,,3300,0,0,3300,3300,0,UPI - PhonePe,BHARGAV CHOWDARY,Walk-In,Walk-In
06-10-2025,MR10210004145,OP10210007273,Mrs. S RAJESWARI,Female,50Y,9866663084,Dr. SIDDHARTH REDDY  ALLA,OPRInv1021-20251061299,ENDOSCOPY,,3300,0,0,3300,3300,0,Cash,BHARGAV CHOWDARY,Doctor,Doctor - BAYYA SRINIVAS GARU
06-10-2025,MR10210004145,OP10210007273,Mrs. S RAJESWARI,Female,50Y,9866663084,Dr. SIDDHARTH REDDY  ALLA,OPRInv1021-20251061300,RUT,,500,0,0,500,500,0,Cash,BHARGAV CHOWDARY,Doctor,Doctor - BAYYA SRINIVAS GARU
06-10-2025,MR10210004148,OP10210007280,Mr. G SIVA NAGESWARA RAO,Male,63Y,9346020875,Dr. SIDDHARTH REDDY  ALLA,OPRInv1021-20251061301,ENDOSCOPY,,3300,0,0,3300,3300,0,Cash,BHARGAV CHOWDARY,Walk-In,Walk-In
06-10-2025,MR10210004150,OP10210007283,Mr. CH BALA VENKATESWA RAO,Male,20Y,9392865407,Dr. SIDDHARTH REDDY  ALLA,OPRInv1021-20251061302,ENDOSCOPY,,3300,0,0,3300,3300,0,Cash,BHARGAV CHOWDARY,Walk-In,Walk-In
06-10-2025,MR10210004148,OP10210007280,Mr. G SIVA NAGESWARA RAO,Male,63Y,9346020875,Dr. SIDDHARTH REDDY  ALLA,OPRInv1021-20251061303,RUT,,500,0,0,500,500,0,Cash,RUPA N,Walk-In,Walk-In
06-10-2025,MR10210004150,OP10210007283,Mr. CH BALA VENKATESWA RAO,Male,20Y,9392865407,Dr. SIDDHARTH REDDY  ALLA,OPRInv1021-20251061304,RUT,,500,0,0,500,500,0,Cash,RUPA N,Walk-In,Walk-In
07-10-2025,MR10210004151,OP10210007310,Mrs. T SAMBRAJYAM,Female,57Y,9032050850,Dr. SIDDHARTH REDDY  ALLA,OPRInv1021-20251071305,"COLONOSCOPY, ENDOSCOPY",,9600,500,0,9100,9100,0,Cash,RUPA N,Walk-In,Walk-In
07-10-2025,MR10210004160,OP10210007302,Mrs. A SIVA KUMARI,Female,59Y,8790629858,Dr. SIDDHARTH REDDY  ALLA,OPRInv1021-20251071306,"ANESTHETIA SGA, COLONOSCOPY",,9800,1000,0,8800,8800,0,Cash,BHARGAV CHOWDARY,Walk-In,Walk-In
07-10-2025,MR10210004151,OP10210007311,Mrs. T SAMBRAJYAM,Female,57Y,9032050850,Dr. SIDDHARTH REDDY  ALLA,OPRInv1021-20251071307,ANESTHETIA SGA,,3500,0,0,3500,3500,0,Cash,RUPA N,Walk-In,Walk-In
08-10-2025,MR10210003809,OP10210007316,Mr. U GOPI ,Male,30Y,8686898332,Dr. SIDDHARTH REDDY  ALLA,OPRInv1021-20251081308,ENDOSCOPY,,3300,0,0,3300,3300,0,UPI - PhonePe,RUPA N,Walk-In,Walk-In
08-10-2025,MR10210003809,OP10210007316,Mr. U GOPI ,Male,30Y,8686898332,Dr. SIDDHARTH REDDY  ALLA,OPRInv1021-20251081309,RUT,,500,0,0,500,500,0,Cash,RUPA N,Walk-In,Walk-In
09-10-2025,MR10210004169,OP10210007327,Mr. A KRISHNA REDDY,Male,80Y,9441023856,Dr. SIDDHARTH REDDY  ALLA,OPRInv1021-20251091310,ENDOSCOPY,,3300,1300,0,2000,2000,0,Cash,Siddhartha Reddy ,Walk-In,Walk-In
09-10-2025,MR10210001971,OP10210007329,Mr. I PEDDI REDDY ,Male,52Y,9705650007,Dr. SIDDHARTH REDDY  ALLA,OPRInv1021-20251091311,ENDOSCOPY,,3300,0,0,3300,2800,500,UPI - PhonePe,RUPA N,Walk-In,Walk-In
16-02-2026,MR10210001971,OP10210007329,Mr. I PEDDI REDDY ,Male,52Y,9705650007,Dr. SIDDHARTH REDDY  ALLA,OPRInv1021-20251091311,ENDOSCOPY,,3300,0,500,0,0,0,Cash,RUPA N,Walk-In,Walk-In
09-10-2025,MR10210004172,OP10210007333,Mr. M SRINIVASA RAO,Male,49Y,7075756655,Dr. SIDDHARTH REDDY  ALLA,OPRInv1021-20251091312,ENDOSCOPY,,3300,0,0,3300,3300,0,UPI - PhonePe,RUPA N,Walk-In,Walk-In
09-10-2025,MR10210004173,OP10210007335,Mr. N CHANDRA SHEKAR,Male,51Y,8186976959,Dr. SIDDHARTH REDDY  ALLA,OPRInv1021-20251091313,ENDOSCOPY,,3300,0,0,3300,3300,0,UPI - PhonePe,RUPA N,Walk-In,Walk-In
09-10-2025,MR10210004174,OP10210007337,Mr. M NAGESWARA RAO,Male,60Y,9182313725,Dr. SIDDHARTH REDDY  ALLA,OPRInv1021-20251091314,ENDOSCOPY,,3300,0,0,3300,3300,0,Cash,RUPA N,Walk-In,Walk-In
09-10-2025,MR10210004174,OP10210007337,Mr. M NAGESWARA RAO,Male,60Y,9182313725,Dr. SIDDHARTH REDDY  ALLA,OPRInv1021-20251091315,RUT,,500,0,0,500,500,0,Cash,RUPA N,Walk-In,Walk-In
09-10-2025,MR10210004179,OP10210007344,Mr. S VISHNU,Male,9Y,9581596267,Dr. SIDDHARTH REDDY  ALLA,OPRInv1021-20251091316,FOREIGN BODY REMOVAL - SHARP,,20000,1500,0,18500,18500,0,UPI - PhonePe,Siddhartha Reddy ,Walk-In,Walk-In
10-10-2025,MR10210004181,OP10210007351,Mr. R PURNACHANDRA RAO,Male,60Y,9848205226,Dr. SIDDHARTH REDDY  ALLA,OPRInv1021-202510101317,ENDOSCOPY,,3300,0,0,3300,3300,0,UPI - PhonePe,RUPA N,Walk-In,Walk-In
10-10-2025,MR10210004094,OP10210007349,Mr. B VENKATESWARLU,Male,65Y,8639975588,Dr. SIDDHARTH REDDY  ALLA,OPRInv1021-202510101318,ENDOSCOPY,,3300,0,0,3300,3300,0,Cash,RUPA N,Walk-In,Walk-In
10-10-2025,MR10210004182,OP10210007355,Mr. R PURNA CHANDRA RAO,Male,60Y,9848205226,Dr. SIDDHARTH REDDY  ALLA,OPRInv1021-202510101319,RUT,,500,0,0,500,500,0,UPI - PhonePe,RUPA N,Walk-In,Walk-In
10-10-2025,MR10210001971,OP10210007329,Mr. I PEDDI REDDY ,Male,52Y,9705650007,Dr. SIDDHARTH REDDY  ALLA,OPRInv1021-202510101320,RUT,,500,0,0,500,500,0,UPI - PhonePe,RUPA N,Walk-In,Walk-In
10-10-2025,MR10210004185,OP10210007359,Mrs. G RAMULAMMA,Female,48Y,9959791649,Dr. SIDDHARTH REDDY  ALLA,OPRInv1021-202510101321,ENDOSCOPY,,3300,0,0,3300,3300,0,Cash,RUPA N,Walk-In,Walk-In
10-10-2025,MR10210004186,OP10210007362,Mrs. A LAKSHMI,Female,30Y,9618070050,Dr. SIDDHARTH REDDY  ALLA,OPRInv1021-202510101322,ENDOSCOPY,,3300,0,0,3300,3300,0,Cash,RUPA N,Walk-In,Walk-In
10-10-2025,MR10210004188,OP10210007367,Mrs. G VENKAYAMMA,Female,40Y,9347106285,Dr. SIDDHARTH REDDY  ALLA,OPRInv1021-202510101323,ENDOSCOPY,,3300,0,0,3300,3300,0,UPI - PhonePe,RUPA N,Walk-In,Walk-In
11-10-2025,MR10210004193,OP10210007376,Mrs. K LAKSHMI PRASANNA,Female,45Y,9963017961,Dr. SIDDHARTH REDDY  ALLA,OPRInv1021-202510111324,ENDOSCOPY,,3300,0,0,3300,3300,0,Cash,RUPA N,Walk-In,Walk-In
11-10-2025,MR10210004189,OP10210007368,Mr. P VENKATA KRISHNA,Male,37Y,9133289667,Dr. SIDDHARTH REDDY  ALLA,OPRInv1021-202510111325,ENDOSCOPY,,3300,0,0,3300,3300,0,Cash,RUPA N,Walk-In,Walk-In
11-10-2025,MR10210004192,OP10210007374,Mrs. S RAJESWARI,Female,50Y,9866763084,Dr. SIDDHARTH REDDY  ALLA,OPRInv1021-202510111326,COLONOSCOPY,,6300,0,0,6300,6300,0,Cash,RUPA N,Walk-In,Walk-In
11-10-2025,MR10210004192,OP10210007374,Mrs. S RAJESWARI,Female,50Y,9866763084,Dr. SIDDHARTH REDDY  ALLA,OPRInv1021-202510111327,ANESTHETIA SGA,,3500,0,0,3500,3500,0,Cash,RUPA N,Walk-In,Walk-In
11-10-2025,MR10210000351,OP10210007373,Mrs. PADMAJA M,Female,57Y,9848457979,Dr. SIDDHARTH REDDY  ALLA,OPRInv1021-202510111328,ENDOSCOPY,,3300,500,0,2800,2800,0,Cash,BHARGAV CHOWDARY,Walk-In,Walk-In
11-10-2025,MR10210003205,OP10210007377,Mrs. M MINUSHA ,Female,32Y,9553151222,Dr. SIDDHARTH REDDY  ALLA,OPRInv1021-202510111329,ENDOSCOPY,,3300,500,0,2800,2000,800,Cash,BHARGAV CHOWDARY,Walk-In,Walk-In
11-10-2025,MR10210003205,OP10210007377,Mrs. M MINUSHA ,Female,32Y,9553151222,Dr. SIDDHARTH REDDY  ALLA,OPRInv1021-202510111329,ENDOSCOPY,,3300,500,0,800,800,0,UPI - PhonePe,BHARGAV CHOWDARY,Walk-In,Walk-In
11-10-2025,MR10210004189,OP10210007368,Mr. P VENKATA KRISHNA,Male,37Y,9133289667,Dr. SIDDHARTH REDDY  ALLA,OPRInv1021-202510111330,RUT,,500,0,0,500,500,0,Cash,BHARGAV CHOWDARY,Walk-In,Walk-In
11-10-2025,MR10210004195,OP10210007379,Mr. B VENKATA REDDY,Male,45Y,9247235363,Dr. SIDDHARTH REDDY  ALLA,OPRInv1021-202510111331,ENDOSCOPY,,3300,0,0,3300,3300,0,Cash,BHARGAV CHOWDARY,Walk-In,Walk-In
11-10-2025,MR10210004200,OP10210007388,Mr. K VENKATESH,Male,18Y,7095804183,Dr. SIDDHARTH REDDY  ALLA,OPRInv1021-202510111332,ENDOSCOPY,,3300,0,0,3300,3300,0,Cash,BHARGAV CHOWDARY,Walk-In,Walk-In
11-10-2025,MR10210003754,OP10210007387,Mr. M VENKAT REDDY,Male,77Y,7995071199,Dr. SIDDHARTH REDDY  ALLA,OPRInv1021-202510111333,ENDOSCOPY,,3300,0,0,3300,3300,0,Cash,BHARGAV CHOWDARY,Walk-In,Walk-In
11-10-2025,MR10210004197,OP10210007383,Mrs. G ANJAMMA,Female,42Y,8550872966,Dr. SIDDHARTH REDDY  ALLA,OPRInv1021-202510111334,ENDOSCOPY,,3300,0,0,3300,2500,800,Cash,BHARGAV CHOWDARY,Walk-In,Walk-In
11-10-2025,MR10210004197,OP10210007383,Mrs. G ANJAMMA,Female,42Y,8550872966,Dr. SIDDHARTH REDDY  ALLA,OPRInv1021-202510111334,ENDOSCOPY,,3300,0,0,800,800,0,UPI - PhonePe,BHARGAV CHOWDARY,Walk-In,Walk-In
11-10-2025,MR10210004202,OP10210007392,Mrs. VANAJAKSHI CH,Female,59Y,9866689278,Dr. SIDDHARTH REDDY  ALLA,OPRInv1021-202510111335,ENDOSCOPY,,3300,0,0,3300,3300,0,UPI - PhonePe,BHARGAV CHOWDARY,Walk-In,Walk-In
11-10-2025,MR10210004201,OP10210007389,Mrs. K UMA DEVI,Female,49Y,9953571207,Dr. SIDDHARTH REDDY  ALLA,OPRInv1021-202510111336,ENDOSCOPY,,3300,0,0,3300,3300,0,UPI - PhonePe,BHARGAV CHOWDARY,Walk-In,Walk-In
11-10-2025,MR10210004203,OP10210007394,Mrs. CH VANAJAKSHI,Female,59Y,9866689278,Dr. SIDDHARTH REDDY  ALLA,OPRInv1021-202510111337,RUT,,500,0,0,500,500,0,Cash,MANIKANTA KANCHARLA,Walk-In,Walk-In
11-10-2025,MR10210004192,OP10210007374,Mrs. S RAJESWARI,Female,50Y,9866763084,Dr. SIDDHARTH REDDY  ALLA,OPRInv1021-202510111338,POLYPECTOMY,,20000,5000,0,15000,15000,0,UPI - PhonePe,BHARGAV CHOWDARY,Walk-In,Walk-In
11-10-2025,MR10210004200,OP10210007396,Mr. K VENKATESH,Male,18Y,7095804183,Dr. SIDDHARTH REDDY  ALLA,OPRInv1021-202510111339,RUT,,500,0,0,500,500,0,Cash,MANIKANTA KANCHARLA,Walk-In,Walk-In
11-10-2025,MR10210004195,OP10210007379,Mr. B VENKATA REDDY,Male,45Y,9247235363,Dr. SIDDHARTH REDDY  ALLA,OPRInv1021-202510111340,RUT,,500,0,0,500,500,0,Cash,MANIKANTA KANCHARLA,Walk-In,Walk-In
11-10-2025,MR10210003754,OP10210007387,Mr. M VENKAT REDDY,Male,77Y,7995071199,Dr. SIDDHARTH REDDY  ALLA,OPRInv1021-202510111341,BIOPSY SMALL,,1500,0,0,1500,1500,0,Cash,MANIKANTA KANCHARLA,Walk-In,Walk-In
11-10-2025,MR10210004205,OP10210007397,Mrs. K KUMARI,Female,49Y,8639242419,Dr. SIDDHARTH REDDY  ALLA,OPRInv1021-202510111342,ENDOSCOPY (P),,5000,0,0,5000,5000,0,Cash,MANIKANTA KANCHARLA,Walk-In,Walk-In
11-10-2025,MR10210004201,OP10210007389,Mrs. K UMA DEVI,Female,49Y,9953571207,Dr. SIDDHARTH REDDY  ALLA,OPRInv1021-202510111343,RUT,,500,0,0,500,500,0,UPI - PhonePe,MANIKANTA KANCHARLA,Walk-In,Walk-In
13-10-2025,MR10210004210,OP10210007405,Ms. SK JANNATHUL ,Female,19Y,9121870244,Dr. SIDDHARTH REDDY  ALLA,OPRInv1021-202510131344,ENDOSCOPY,,3300,0,0,3300,3300,0,Cash,RUPA N,Walk-In,Walk-In
13-10-2025,MR10210004211,OP10210007409,Mr. k CHANDU,Male,23Y,9652635302,Dr. SIDDHARTH REDDY  ALLA,OPRInv1021-202510131345,ENDOSCOPY,,3300,0,0,3300,3300,0,UPI - PhonePe,RUPA N,Walk-In,Walk-In
13-10-2025,MR10210004211,OP10210007412,Mr. k CHANDU,Male,23Y,9652635302,Dr. SIDDHARTH REDDY  ALLA,OPRInv1021-202510131346,RUT,,500,0,0,500,500,0,UPI - PhonePe,RUPA N,Walk-In,Walk-In
13-10-2025,MR10210004218,OP10210007423,Mr. K SADEEP REDDDY,Male,39Y,9959999315,Dr. SIDDHARTH REDDY  ALLA,OPRInv1021-202510131347,ENDOSCOPY,,3300,0,0,3300,3300,0,UPI - PhonePe,RUPA N,Walk-In,Walk-In
14-10-2025,MR10210004224,OP10210007430,Mrs. D RANI,Female,36Y,6304839372,Dr. SIDDHARTH REDDY  ALLA,OPRInv1021-202510141348,ENDOSCOPY,,3300,0,0,3300,3300,0,Cash,RUPA N,Walk-In,Walk-In
14-10-2025,MR10210004223,OP10210007429,Mr. J KASHAIAH,Male,40Y,9533324759,Dr. SIDDHARTH REDDY  ALLA,OPRInv1021-202510141349,ENDOSCOPY,,3300,0,0,3300,3300,0,UPI - PhonePe,RUPA N,Walk-In,Walk-In
14-10-2025,MR10210004225,OP10210007434,Mrs. CH ANANTHA LAKSHMI,Female,50Y,6301555840,Dr. SIDDHARTH REDDY  ALLA,OPRInv1021-202510141350,ENDOSCOPY,,3300,0,0,3300,3300,0,UPI - PhonePe,RUPA N,Walk-In,Walk-In
14-10-2025,MR10210004223,OP10210007429,Mr. J KASHAIAH,Male,40Y,9533324759,Dr. SIDDHARTH REDDY  ALLA,OPRInv1021-202510141351,RUT,,500,0,0,500,500,0,UPI - PhonePe,RUPA N,Walk-In,Walk-In
14-10-2025,MR10210004209,OP10210007439,Mr. K SRINIVASA RAO,Male,44Y,8985439304,Dr. SIDDHARTH REDDY  ALLA,OPRInv1021-202510141352,"ANESTHETIA SGA, COLONOSCOPY",,9800,0,0,9800,4800,5000,Cash,RUPA N,Walk-In,Walk-In
14-10-2025,MR10210004209,OP10210007439,Mr. K SRINIVASA RAO,Male,44Y,8985439304,Dr. SIDDHARTH REDDY  ALLA,OPRInv1021-202510141352,"ANESTHETIA SGA, COLONOSCOPY",,9800,0,0,5000,5000,0,UPI - PhonePe,RUPA N,Walk-In,Walk-In
14-10-2025,MR10210004227,OP10210007440,Mr. N DEEPAK NADH,Male,48Y,9908722173,Dr. SIDDHARTH REDDY  ALLA,OPRInv1021-202510141354,ENDOSCOPY,,3300,0,0,3300,3300,0,UPI - PhonePe,RUPA N,Walk-In,Walk-In
15-10-2025,MR10210004232,OP10210007446,Baby. K LIVYA JENNIS,Female,1Y,7036624622,Dr. SIDDHARTH REDDY  ALLA,OPRInv1021-202510151355,"ANESTHETIA SGA, FOREIGN BODY REMOVAL - BLUNT",,13500,0,0,13500,13500,0,UPI - PhonePe,BHARGAV CHOWDARY,Walk-In,Walk-In
15-10-2025,MR10210004233,OP10210007447,Mr. N VENKATESWARALU ,Male,64Y,9030230718,Dr. SIDDHARTH REDDY  ALLA,OPRInv1021-202510151356,"ANESTHETIA SGA, COLONOSCOPY",,9800,0,0,9800,9800,0,UPI - PhonePe,RUPA N,Walk-In,Walk-In
15-10-2025,MR10210004234,OP10210007450,Mrs. SK SHABANA BEE,Female,57Y,7569403534,Dr. SIDDHARTH REDDY  ALLA,OPRInv1021-202510151357,ENDOSCOPY,,3300,0,0,3300,3300,0,Cash,BHARGAV CHOWDARY,Walk-In,Walk-In
15-10-2025,MR10210004234,OP10210007450,Mrs. SK SHABANA BEE,Female,57Y,7569403534,Dr. SIDDHARTH REDDY  ALLA,OPRInv1021-202510151358,RUT,,500,0,0,500,500,0,Cash,BHARGAV CHOWDARY,Walk-In,Walk-In
16-10-2025,MR10210004241,OP10210007462,Mrs. bhajyamma ,Female,36Y,7989550481,Dr. SIDDHARTH REDDY  ALLA,OPRInv1021-202510161359,ENDOSCOPY,,3300,0,0,3300,3300,0,UPI - PhonePe,RUPA N,Walk-In,Walk-In
16-10-2025,MR10210004243,OP10210007463,Mr. M SURESH,Male,32Y,6301819975,Dr. SIDDHARTH REDDY  ALLA,OPRInv1021-202510161360,ENDOSCOPY,,3300,0,0,3300,3300,0,UPI - PhonePe,RUPA N,Walk-In,Walk-In
16-10-2025,MR10210004245,OP10210007466,Mr. CH PRASAD RAO,Male,84Y,7993722120,Dr. SIDDHARTH REDDY  ALLA,OPRInv1021-202510161361,ENDOSCOPY,,3300,0,0,3300,3300,0,UPI - PhonePe,RUPA N,Walk-In,Walk-In
16-10-2025,MR10210004244,OP10210007464,Mr. G SAMBHA SIVA RAO,Male,45Y,8019124877,Dr. SIDDHARTH REDDY  ALLA,OPRInv1021-202510161362,ENDOSCOPY,,3300,0,0,3300,3300,0,Cash,RUPA N,Walk-In,Walk-In
16-10-2025,MR10210004241,OP10210007462,Mrs. bhajyamma ,Female,36Y,7989550481,Dr. SIDDHARTH REDDY  ALLA,OPRInv1021-202510161363,RUT,,500,0,0,500,500,0,Cash,RUPA N,Walk-In,Walk-In
16-10-2025,MR10210004246,OP10210007467,Mrs. K VENKATA NARASAMMA,Female,60Y,8977314220,Dr. SIDDHARTH REDDY  ALLA,OPRInv1021-202510161364,ENDOSCOPY,,3300,0,0,3300,3300,0,UPI - PhonePe,RUPA N,Walk-In,Walk-In
16-10-2025,MR10210004243,OP10210007463,Mr. M SURESH,Male,32Y,6301819975,Dr. SIDDHARTH REDDY  ALLA,OPRInv1021-202510161365,RUT,,500,0,0,500,500,0,Cash,RUPA N,Walk-In,Walk-In
16-10-2025,MR10210004245,OP10210007472,Mr. CH PRASAD RAO,Male,84Y,7993722120,Dr. SIDDHARTH REDDY  ALLA,OPRInv1021-202510161366,BIOPSY SMALL,,1500,0,0,1500,1500,0,UPI - PhonePe,RUPA N,Walk-In,Walk-In
16-10-2025,MR10210004250,OP10210007474,Mr. A NIRANJAN BABU,Male,40Y,9133486497,Dr. SIDDHARTH REDDY  ALLA,OPRInv1021-202510161367,ENDOSCOPY,,3300,0,0,3300,3300,0,Cash,RUPA N,Walk-In,Walk-In
16-10-2025,MR10210004248,OP10210007470,Mrs. K MARIYAMMA,Female,50Y,9603155382,Dr. SIDDHARTH REDDY  ALLA,OPRInv1021-202510161368,ENDOSCOPY,,3300,0,0,3300,3300,0,Cash,RUPA N,Walk-In,Walk-In
16-10-2025,MR10210004249,OP10210007471,Mr. M ANKAIAH,Male,37Y,8106374984,Dr. SIDDHARTH REDDY  ALLA,OPRInv1021-202510161369,ENDOSCOPY,,3300,0,0,3300,3300,0,Cash,RUPA N,Walk-In,Walk-In
16-10-2025,MR10210004249,OP10210007471,Mr. M ANKAIAH,Male,37Y,8106374984,Dr. SIDDHARTH REDDY  ALLA,OPRInv1021-202510161370,BIOPSY SMALL,,1500,0,0,1500,1500,0,Cash,RUPA N,Walk-In,Walk-In
16-10-2025,MR10210004244,OP10210007464,Mr. G SAMBHA SIVA RAO,Male,45Y,8019124877,Dr. SIDDHARTH REDDY  ALLA,OPRInv1021-202510161371,RUT,,500,0,0,500,500,0,Cash,RUPA N,Walk-In,Walk-In
16-10-2025,MR10210004252,OP10210007478,Mr. G MARIYADASU,Male,32Y,8977717447,Dr. SIDDHARTH REDDY  ALLA,OPRInv1021-202510161372,ENDOSCOPY,,3300,500,0,2800,2800,0,UPI - PhonePe,BHARGAV CHOWDARY,Walk-In,Walk-In
16-10-2025,MR10210004246,OP10210007467,Mrs. K VENKATA NARASAMMA,Female,60Y,8977314220,Dr. SIDDHARTH REDDY  ALLA,OPRInv1021-202510161373,RUT,,500,0,0,500,500,0,Cash,BHARGAV CHOWDARY,Walk-In,Walk-In
16-10-2025,MR10210004253,OP10210007480,Ms. B SWATHI,Female,20Y,6302729312,Dr. SIDDHARTH REDDY  ALLA,OPRInv1021-202510161374,ENDOSCOPY,,3300,0,0,3300,1500,1800,Cash,BHARGAV CHOWDARY,Walk-In,Walk-In
16-02-2026,MR10210004253,OP10210007480,Ms. B SWATHI,Female,20Y,6302729312,Dr. SIDDHARTH REDDY  ALLA,OPRInv1021-202510161374,ENDOSCOPY,,3300,0,1800,0,0,0,Cash,BHARGAV CHOWDARY,Walk-In,Walk-In
16-10-2025,MR10210004255,OP10210007483,Mr. SHAIK KARIMULLA,Male,50Y,9666190204,Dr. SIDDHARTH REDDY  ALLA,OPRInv1021-202510161375,ENDOSCOPY,,3300,0,0,3300,3300,0,UPI - PhonePe,BHARGAV CHOWDARY,Walk-In,Walk-In
16-10-2025,MR10210004256,OP10210007485,Baby. SUGIRTHA S,Female,1Y,9989552291,Dr. SIDDHARTH REDDY  ALLA,OPRInv1021-202510161376,"ANESTHETIA SGA, PEDIATRIC ENDOSCOPY",,10500,0,0,10500,10500,0,Cash,BHARGAV CHOWDARY,Walk-In,Walk-In
17-10-2025,MR10210004257,OP10210007487,Mrs. P SUSEELAMMA,Female,65Y,8125511198,Dr. SIDDHARTH REDDY  ALLA,OPRInv1021-202510171377,ENDOSCOPY,,3300,0,0,3300,3300,0,UPI - PhonePe,RUPA N,Walk-In,Walk-In
17-10-2025,MR10210004259,OP10210007490,Mrs. A KUMARI,Female,35Y,7993815118,Dr. SIDDHARTH REDDY  ALLA,OPRInv1021-202510171378,ENDOSCOPY,,3300,0,0,3300,3300,0,Cash,RUPA N,Walk-In,Walk-In
17-10-2025,MR10210004257,OP10210007492,Mrs. P SUSEELAMMA,Female,65Y,8125511198,Dr. SIDDHARTH REDDY  ALLA,OPRInv1021-202510171379,RUT,,500,0,0,500,500,0,Cash,RUPA N,Walk-In,Walk-In
17-10-2025,MR10210003725,OP10210007488,Mr. B RAMANAIAH ,Male,65Y,9908959233,Dr. SIDDHARTH REDDY  ALLA,OPRInv1021-202510171380,ENDOSCOPY,,3300,0,0,3300,3300,0,Cash,RUPA N,Walk-In,Walk-In
17-10-2025,MR10210004261,OP10210007493,Mrs. V SRI DEVI,Female,33Y,9866373673,Dr. SIDDHARTH REDDY  ALLA,OPRInv1021-202510171381,ENDOSCOPY,,3300,1000,0,2300,2300,0,Cash,Siddhartha Reddy ,Walk-In,Walk-In
17-10-2025,MR10210003725,OP10210007488,Mr. B RAMANAIAH ,Male,65Y,9908959233,Dr. SIDDHARTH REDDY  ALLA,OPRInv1021-202510171382,RUT,,500,0,0,500,500,0,Cash,RUPA N,Walk-In,Walk-In
17-10-2025,MR10210004261,OP10210007493,Mrs. V SRI DEVI,Female,33Y,9866373673,Dr. SIDDHARTH REDDY  ALLA,OPRInv1021-202510171383,RUT,,500,0,0,500,500,0,Cash,K PRATHIMA,Walk-In,Walk-In
17-10-2025,MR10210004263,OP10210007498,Mrs. V PEDDAKKA,Female,55Y,8639643355,Dr. SIDDHARTH REDDY  ALLA,OPRInv1021-202510171384,ENDOSCOPY,,3300,0,0,3300,3300,0,Cash,K PRATHIMA,Walk-In,Walk-In
18-10-2025,MR10210004267,OP10210007504,Mr. B MOHAN RAO,Male,64Y,8639709049,Dr. SIDDHARTH REDDY  ALLA,OPRInv1021-202510181385,ENDOSCOPY,,3300,0,0,3300,3300,0,Cash,RUPA N,Walk-In,Walk-In
18-10-2025,MR10210004267,OP10210007507,Mr. B MOHAN RAO,Male,64Y,8639709049,Dr. SIDDHARTH REDDY  ALLA,OPRInv1021-202510181386,RUT,,500,0,0,500,500,0,Cash,BHARGAV CHOWDARY,Walk-In,Walk-In
18-10-2025,MR10210004268,OP10210007506,Mr. M SETHA RAMA REDDY,Male,47Y,9866836777,Dr. SIDDHARTH REDDY  ALLA,OPRInv1021-202510181387,"ANESTHETIA SGA, COLONOSCOPY",,9800,0,0,9800,9800,0,UPI - PhonePe,BHARGAV CHOWDARY,Walk-In,Walk-In
18-10-2025,MR10210004269,OP10210007508,Mr. SK NAGUR BASHA,Male,37Y,9908731187,Dr. SIDDHARTH REDDY  ALLA,OPRInv1021-202510181388,ENDOSCOPY,,3300,0,0,3300,3300,0,UPI - PhonePe,BHARGAV CHOWDARY,Walk-In,Walk-In
18-10-2025,MR10210004271,OP10210007509,Mrs. Y PADMA KUMARI,Female,58Y,9985172110,Dr. SIDDHARTH REDDY  ALLA,OPRInv1021-202510181389,ENDOSCOPY,,3300,0,0,3300,3300,0,UPI - PhonePe,BHARGAV CHOWDARY,Walk-In,Walk-In
18-10-2025,MR10210004272,OP10210007514,Mrs. A SRI DEVI,Female,87Y,9346444772,Dr. SIDDHARTH REDDY  ALLA,OPRInv1021-202510181390,ENDOSCOPY,,3300,0,0,3300,3300,0,Cash,BHARGAV CHOWDARY,Walk-In,Walk-In
18-10-2025,MR10210004273,OP10210007518,Mrs. SRI DEVI,Female,87Y,9346444772,Dr. SIDDHARTH REDDY  ALLA,OPRInv1021-202510181391,RUT,,500,0,0,500,500,0,Cash,BHARGAV CHOWDARY,Walk-In,Walk-In
18-10-2025,MR10210004269,OP10210007508,Mr. SK NAGUR BASHA,Male,37Y,9908731187,Dr. SIDDHARTH REDDY  ALLA,OPRInv1021-202510181392,RUT,,500,0,0,500,500,0,UPI - PhonePe,K PRATHIMA,Walk-In,Walk-In
18-10-2025,MR10210004271,OP10210007509,Mrs. Y PADMA KUMARI,Female,58Y,9985172110,Dr. SIDDHARTH REDDY  ALLA,OPRInv1021-202510181393,BIOPSY SMALL,,1500,0,0,1500,1500,0,UPI - PhonePe,K PRATHIMA,Walk-In,Walk-In
18-10-2025,MR10210004277,OP10210007525,Mr. K VENKATA SUBBA RAO,Male,62Y,9948310597,Dr. SIDDHARTH REDDY  ALLA,OPRInv1021-202510181394,ENDOSCOPY,,3300,0,0,3300,3300,0,Cash,K PRATHIMA,Walk-In,Walk-In
19-10-2025,MR10210004280,OP10210007529,Mr. N VENKATA SIVA NAGA PRASAD,Male,33Y,7780163645,Dr. SIDDHARTH REDDY  ALLA,OPRInv1021-202510191395,ENDOSCOPY,,3300,0,0,3300,3300,0,Cash,RUPA N,Walk-In,Walk-In
19-10-2025,MR10210004280,OP10210007532,Mr. N VENKATA SIVA NAGA PRASAD,Male,33Y,7780163645,Dr. SIDDHARTH REDDY  ALLA,OPRInv1021-202510191396,RUT,,500,0,0,500,500,0,Cash,RUPA N,Walk-In,Walk-In
21-10-2025,MR10210004291,OP10210007549,Mr. N VENU,Male,58Y,6300252625,Dr. SIDDHARTH REDDY  ALLA,OPRInv1021-202510211397,ENDOSCOPY,,3300,0,0,3300,3300,0,UPI - PhonePe,K PRATHIMA,Walk-In,Walk-In
21-10-2025,MR10210004292,OP10210007550,Mr. G SRINIVASA RAO,Male,29Y,9966086064,Dr. SIDDHARTH REDDY  ALLA,OPRInv1021-202510211398,ENDOSCOPY,,3300,0,0,3300,3300,0,Cash,K PRATHIMA,Walk-In,Walk-In
21-10-2025,MR10210004294,OP10210007553,Mrs. A MADHUMATHI,Female,36Y,8125385859,Dr. SIDDHARTH REDDY  ALLA,OPRInv1021-202510211399,ENDOSCOPY,,3300,0,0,3300,3300,0,UPI - PhonePe,K PRATHIMA,Walk-In,Walk-In
21-10-2025,MR10210004295,OP10210007554,Mr. P RAVI TEJA,Male,29Y,8125959543,Dr. SIDDHARTH REDDY  ALLA,OPRInv1021-202510211400,ENDOSCOPY,,3300,0,0,3300,0,3300,Cash,K PRATHIMA,Walk-In,Walk-In
16-02-2026,MR10210004295,OP10210007554,Mr. P RAVI TEJA,Male,29Y,8125959543,Dr. SIDDHARTH REDDY  ALLA,OPRInv1021-202510211400,ENDOSCOPY,,3300,0,3300,0,0,0,Cash,K PRATHIMA,Walk-In,Walk-In
21-10-2025,MR10210004292,OP10210007550,Mr. G SRINIVASA RAO,Male,29Y,9966086064,Dr. SIDDHARTH REDDY  ALLA,OPRInv1021-202510211401,RUT,,500,0,0,500,500,0,Cash,K PRATHIMA,Walk-In,Walk-In
21-10-2025,MR10210004291,OP10210007549,Mr. N VENU,Male,58Y,6300252625,Dr. SIDDHARTH REDDY  ALLA,OPRInv1021-202510211402,RUT,,500,0,0,500,500,0,UPI - PhonePe,K PRATHIMA,Walk-In,Walk-In
21-10-2025,MR10210004294,OP10210007553,Mrs. A MADHUMATHI,Female,36Y,8125385859,Dr. SIDDHARTH REDDY  ALLA,OPRInv1021-202510211403,RUT,,500,0,0,500,500,0,UPI - PhonePe,K PRATHIMA,Walk-In,Walk-In
21-10-2025,MR10210004298,OP10210007564,Mrs. REHANA SHAIK,Female,46Y,6300597453,Dr. SIDDHARTH REDDY  ALLA,OPRInv1021-202510211404,"ANESTHETIA SGA, BIOPSY SMALL, COLONOSCOPY",,11300,2500,0,8800,8300,500,UPI - PhonePe,BHARGAV CHOWDARY,Walk-In,Walk-In
21-10-2025,MR10210004298,OP10210007564,Mrs. REHANA SHAIK,Female,46Y,6300597453,Dr. SIDDHARTH REDDY  ALLA,OPRInv1021-202510211404,"ANESTHETIA SGA, BIOPSY SMALL, COLONOSCOPY",,11300,2500,0,500,500,0,Cash,BHARGAV CHOWDARY,Walk-In,Walk-In
21-10-2025,MR10210004300,OP10210007566,Master. SHAIK NIHAL,Male,3Y,9346557550,Dr. SIDDHARTH REDDY  ALLA,OPRInv1021-202510211405,FOREIGN BODY REMOVAL - BLUNT,,12000,0,0,12000,12000,0,UPI - PhonePe,BHARGAV CHOWDARY,Walk-In,Walk-In
22-10-2025,MR10210004275,OP10210007568,Mr. K  VENKATA SUBBA RAO,Male,62Y,9948310597,Dr. SIDDHARTH REDDY  ALLA,OPRInv1021-202510221406,SIGMOIDOSCOPY,,3300,0,0,3300,3300,0,Cash,RUPA N,Walk-In,Walk-In
22-10-2025,MR10210004275,OP10210007568,Mr. K  VENKATA SUBBA RAO,Male,62Y,9948310597,Dr. SIDDHARTH REDDY  ALLA,OPRInv1021-202510221407,COLONOSCOPY,,6300,500,0,5800,5800,0,Cash,RUPA N,Walk-In,Walk-In
22-10-2025,MR10210004275,OP10210007568,Mr. K  VENKATA SUBBA RAO,Male,62Y,9948310597,Dr. SIDDHARTH REDDY  ALLA,OPRInv1021-202510221408,ANESTHETIA SGA,,3500,0,0,3500,3500,0,Cash,RUPA N,Walk-In,Walk-In
22-10-2025,MR10210004334,OP10210007623,Mr. A VENKATESWARLU,Male,65Y,9949060822,Dr. SIDDHARTH REDDY  ALLA,OPRInv1021-202510251432,"ANESTHETIA SGA, ENDOSCOPY",,6800,0,0,6800,6800,0,NEFT,BHARGAV CHOWDARY,Walk-In,Walk-In
22-10-2025,MR10210004301,OP10210007567,Mr. p SIVA NAGA RAJU,Male,35Y,9441542041,Dr. SIDDHARTH REDDY  ALLA,OPRInv1021-202510221409,ENDOSCOPY,,3300,0,0,3300,3300,0,UPI - PhonePe,BHARGAV CHOWDARY,Walk-In,Walk-In
22-10-2025,MR10210004304,OP10210007573,Mr. P VENKATESWAR RAO,Male,43Y,9959666038,Dr. SIDDHARTH REDDY  ALLA,OPRInv1021-202510221410,ENDOSCOPY,,3300,0,0,3300,3300,0,UPI - PhonePe,BHARGAV CHOWDARY,Walk-In,Walk-In
22-10-2025,MR10210004301,OP10210007567,Mr. p SIVA NAGA RAJU,Male,35Y,9441542041,Dr. SIDDHARTH REDDY  ALLA,OPRInv1021-202510221411,RUT,,500,0,0,500,500,0,UPI - PhonePe,BHARGAV CHOWDARY,Walk-In,Walk-In
22-10-2025,MR10210004304,OP10210007573,Mr. P VENKATESWAR RAO,Male,43Y,9959666038,Dr. SIDDHARTH REDDY  ALLA,OPRInv1021-202510221412,RUT,,500,0,0,500,500,0,UPI - PhonePe,BHARGAV CHOWDARY,Walk-In,Walk-In
22-10-2025,MR10210003764,OP10210007569,Mr. Y NAGUR REDDY ,Male,70Y,6305613553,Dr. SIDDHARTH REDDY  ALLA,OPRInv1021-202510221413,X-RAY CHEST PA VIEW  (BED SIDE),,250,0,0,250,250,0,UPI - PhonePe,BHARGAV CHOWDARY,Walk-In,Walk-In
22-10-2025,MR10210004307,OP10210007579,Mrs. NUKAMANI K,Female,47Y,9640873455,Dr. SIDDHARTH REDDY  ALLA,OPRInv1021-202510221414,BEDSIDE ENDOSCOPY,,5000,0,0,5000,5000,0,UPI - PhonePe,K PRATHIMA,Walk-In,Walk-In
23-10-2025,MR10210004312,OP10210007584,Mr. k SRINIVAS RAO,Male,56Y,9642160552,Dr. SIDDHARTH REDDY  ALLA,OPRInv1021-202510231415,ENDOSCOPY,,3300,0,0,3300,3300,0,Cash,RUPA N,Walk-In,Walk-In
23-10-2025,MR10210004313,OP10210007586,Mr. K VENKATA REDDY,Male,39Y,8096309639,Dr. SIDDHARTH REDDY  ALLA,OPRInv1021-202510231416,ENDOSCOPY,,3300,0,0,3300,3300,0,UPI - PhonePe,RUPA N,Walk-In,Walk-In
23-10-2025,MR10210004312,OP10210007584,Mr. k SRINIVAS RAO,Male,56Y,9642160552,Dr. SIDDHARTH REDDY  ALLA,OPRInv1021-202510231417,RUT,,500,0,0,500,500,0,Cash,RUPA N,Walk-In,Walk-In
23-10-2025,MR10210004313,OP10210007586,Mr. K VENKATA REDDY,Male,39Y,8096309639,Dr. SIDDHARTH REDDY  ALLA,OPRInv1021-202510231418,RUT,,500,0,0,500,500,0,UPI - PhonePe,K PRATHIMA,Walk-In,Walk-In
23-10-2025,MR10210004315,OP10210007592,Mr. P GUPTA,Male,35Y,8328168590,Dr. SIDDHARTH REDDY  ALLA,OPRInv1021-202510231419,ANESTHETIA SGA,,3500,0,0,3500,3500,0,Cash,K PRATHIMA,Walk-In,Walk-In
23-10-2025,MR10210004317,OP10210007595,Mr. P GUPTA,Male,35Y,8328266370,Dr. SIDDHARTH REDDY  ALLA,OPRInv1021-202510231420,BIOPSY SMALL,,1500,0,0,1500,1500,0,Cash,K PRATHIMA,Walk-In,Walk-In
24-10-2025,MR10210004318,OP10210007597,Mrs. N LAKSHMI,Female,53Y,8309770794,Dr. SIDDHARTH REDDY  ALLA,OPRInv1021-202510241421,ENDOSCOPY,,3300,0,0,3300,2300,1000,Cash,RUPA N,Walk-In,Walk-In
24-10-2025,MR10210004318,OP10210007597,Mrs. N LAKSHMI,Female,53Y,8309770794,Dr. SIDDHARTH REDDY  ALLA,OPRInv1021-202510241421,ENDOSCOPY,,3300,0,1000,0,0,0,Cash,RUPA N,Walk-In,Walk-In
24-10-2025,MR10210004334,OP10210007624,Mr. A VENKATESWARLU,Male,65Y,9949060822,Dr. SIDDHARTH REDDY  ALLA,OPRInv1021-202510251433,"ANESTHETIA UNDER GA, COLONOSCOPY",,11300,0,0,11300,11300,0,NEFT,BHARGAV CHOWDARY,Walk-In,Walk-In
24-10-2025,MR10210004319,OP10210007598,Mr. G MAHESH BABU,Male,18Y,9000613724,Dr. SIDDHARTH REDDY  ALLA,OPRInv1021-202510241422,ENDOSCOPY,,3300,0,0,3300,3300,0,UPI - PhonePe,RUPA N,Walk-In,Walk-In
24-10-2025,MR10210004321,OP10210007600,Mr. J SESHU,Male,27Y,9391206547,Dr. SIDDHARTH REDDY  ALLA,OPRInv1021-202510241423,ENDOSCOPY,,3300,0,0,3300,3300,0,Cash,RUPA N,Walk-In,Walk-In
24-10-2025,MR10210004321,OP10210007600,Mr. J SESHU,Male,27Y,9391206547,Dr. SIDDHARTH REDDY  ALLA,OPRInv1021-202510241424,RUT,,500,0,0,500,500,0,UPI - PhonePe,K PRATHIMA,Walk-In,Walk-In
24-10-2025,MR10210004319,OP10210007598,Mr. G MAHESH BABU,Male,18Y,9000613724,Dr. SIDDHARTH REDDY  ALLA,OPRInv1021-202510241425,RUT,,500,0,0,500,500,0,Cash,K PRATHIMA,Walk-In,Walk-In
24-10-2025,MR10210004326,OP10210007607,Mr. P BAJI,Male,26Y,9849591889,Dr. SIDDHARTH REDDY  ALLA,OPRInv1021-202510241426,ENDOSCOPY,,3300,0,0,3300,3300,0,UPI - PhonePe,BHARGAV CHOWDARY,Walk-In,Walk-In
24-10-2025,MR10210004325,OP10210007605,Mrs. K PARVATHI,Female,55Y,9490223806,Dr. SIDDHARTH REDDY  ALLA,OPRInv1021-202510241427,ANESTHETIA SGA,,3500,0,0,3500,3500,0,Cash,BHARGAV CHOWDARY,Walk-In,Walk-In
24-10-2025,MR10210004325,OP10210007605,Mrs. K PARVATHI,Female,55Y,9490223806,Dr. SIDDHARTH REDDY  ALLA,OPRInv1021-202510241428,COLONOSCOPY,,6300,1000,0,5300,5300,0,Cash,Siddhartha Reddy ,Walk-In,Walk-In
24-10-2025,MR10210004326,OP10210007607,Mr. P BAJI,Male,26Y,9849591889,Dr. SIDDHARTH REDDY  ALLA,OPRInv1021-202510241429,RUT,,500,0,0,500,500,0,Cash,BHARGAV CHOWDARY,Walk-In,Walk-In
25-10-2025,MR10210004332,OP10210007618,Mrs. P SUGUNA,Female,57Y,8639023869,Dr. SIDDHARTH REDDY  ALLA,OPRInv1021-202510251430,ENDOSCOPY,,3300,0,0,3300,3300,0,Cash,RUPA N,Walk-In,Walk-In
25-10-2025,MR10210004330,OP10210007615,Mr. n VISHNU,Male,46Y,9848523506,Dr. SIDDHARTH REDDY  ALLA,OPRInv1021-202510251431,ENDOSCOPY,,3300,0,0,3300,3300,0,Cash,RUPA N,Walk-In,Walk-In
25-10-2025,MR10210004336,OP10210007626,Mr. CH PENCHALAIAH,Male,42Y,9492338597,Dr. SIDDHARTH REDDY  ALLA,OPRInv1021-202510251434,2D ECHO,,2500,0,0,2500,2500,0,UPI - PhonePe,RUPA N,Walk-In,Walk-In
25-10-2025,MR10210004337,OP10210007627,Mrs. Y MERCY,Female,35Y,9966244239,Dr. SIDDHARTH REDDY  ALLA,OPRInv1021-202510251435,ENDOSCOPY,,3300,0,0,3300,3300,0,UPI - PhonePe,RUPA N,Walk-In,Walk-In
25-10-2025,MR10210004328,OP10210007613,Mr. P ALLABAKSHU,Male,33Y,9704728915,Dr. SIDDHARTH REDDY  ALLA,OPRInv1021-202510251436,ENDOSCOPY,,3300,500,0,2800,2800,0,Cash,BHARGAV CHOWDARY,Walk-In,Walk-In
25-10-2025,MR10210004331,OP10210007616,Mr. T GURAVAYYA,Male,41Y,9908579986,Dr. SIDDHARTH REDDY  ALLA,OPRInv1021-202510251437,ENDOSCOPY,,3300,0,0,3300,2250,1050,Cash,BHARGAV CHOWDARY,Walk-In,Walk-In
25-10-2025,MR10210004331,OP10210007616,Mr. T GURAVAYYA,Male,41Y,9908579986,Dr. SIDDHARTH REDDY  ALLA,OPRInv1021-202510251437,ENDOSCOPY,,3300,0,0,1050,1050,0,UPI - PhonePe,BHARGAV CHOWDARY,Walk-In,Walk-In
25-10-2025,MR10210004331,OP10210007616,Mr. T GURAVAYYA,Male,41Y,9908579986,Dr. SIDDHARTH REDDY  ALLA,OPRInv1021-202510251438,RUT,,500,0,0,500,500,0,Cash,BHARGAV CHOWDARY,Walk-In,Walk-In
25-10-2025,MR10210004337,OP10210007627,Mrs. Y MERCY,Female,35Y,9966244239,Dr. SIDDHARTH REDDY  ALLA,OPRInv1021-202510251439,RUT,,500,0,0,500,500,0,Cash,BHARGAV CHOWDARY,Walk-In,Walk-In
25-10-2025,MR10210004328,OP10210007613,Mr. P ALLABAKSHU,Male,33Y,9704728915,Dr. SIDDHARTH REDDY  ALLA,OPRInv1021-202510251440,RUT,,500,0,0,500,500,0,Cash,BHARGAV CHOWDARY,Walk-In,Walk-In
25-10-2025,MR10210004330,OP10210007615,Mr. n VISHNU,Male,46Y,9848523506,Dr. SIDDHARTH REDDY  ALLA,OPRInv1021-202510251441,RUT,,500,0,0,500,500,0,Cash,BHARGAV CHOWDARY,Walk-In,Walk-In
25-10-2025,MR10210002737,OP10210007628,Mr. M RAMA KRISHNA REDDY,Male,29Y,9866460326,Dr. SIDDHARTH REDDY  ALLA,OPRInv1021-202510251442,ENDOSCOPY,,3300,0,0,3300,2500,800,Cash,BHARGAV CHOWDARY,Walk-In,Walk-In
16-02-2026,MR10210002737,OP10210007628,Mr. M RAMA KRISHNA REDDY,Male,29Y,9866460326,Dr. SIDDHARTH REDDY  ALLA,OPRInv1021-202510251442,ENDOSCOPY,,3300,0,800,0,0,0,Cash,BHARGAV CHOWDARY,Walk-In,Walk-In
25-10-2025,MR10210003676,OP10210006389,Mr. Y SRINIVAS REDDY ,Male,39Y,8500588375,Dr. SIDDHARTH REDDY  ALLA,OPRInv1021-202510251443,ENDOSCOPY (P),,5000,1168,0,3832,3832,0,Cash,BHARGAV CHOWDARY,Walk-In,Walk-In
25-10-2025,MR10210003702,OP10210007629,Mr. SK KUTUBUDDIN,Male,38Y,7013969469,Dr. SIDDHARTH REDDY  ALLA,OPRInv1021-202510251444,ENDOSCOPY,,3300,0,0,3300,3300,0,UPI - PhonePe,BHARGAV CHOWDARY,Walk-In,Walk-In
25-10-2025,MR10210004341,OP10210007635,Mrs. K NAGA MANI,Female,34Y,9848228651,Dr. SIDDHARTH REDDY  ALLA,OPRInv1021-202510251445,ENDOSCOPY,,3300,0,0,3300,3300,0,Cash,BHARGAV CHOWDARY,Walk-In,Walk-In
27-10-2025,MR10210004344,OP10210007640,Mr. T NAGESWAR RAO,Male,75Y,9912518108,Dr. SIDDHARTH REDDY  ALLA,OPRInv1021-202510271446,"ANESTHETIA SGA, COLONOSCOPY",,9800,0,0,9800,9800,0,Cash,RUPA N,Walk-In,Walk-In
27-10-2025,MR10210004343,OP10210007638,Mr. M JEEVAN KUMAR,Male,40Y,6303993543,Dr. SIDDHARTH REDDY  ALLA,OPRInv1021-202510271447,ENDOSCOPY,,3300,0,0,3300,3300,0,Cash,RUPA N,Walk-In,Walk-In
27-10-2025,MR10210004345,OP10210007641,Mr. K PARAMESWAR RAO,Male,65Y,9491502852,Dr. SIDDHARTH REDDY  ALLA,OPRInv1021-202510271448,ENDOSCOPY,,3300,0,0,3300,3300,0,Cash,RUPA N,Walk-In,Walk-In
27-10-2025,MR10210004343,OP10210007638,Mr. M JEEVAN KUMAR,Male,40Y,6303993543,Dr. SIDDHARTH REDDY  ALLA,OPRInv1021-202510271449,RUT,,500,0,0,500,500,0,Cash,RUPA N,Walk-In,Walk-In
27-10-2025,MR10210004346,OP10210007646,Ms. B KAVYA,Female,15Y,7993171504,Dr. SIDDHARTH REDDY  ALLA,OPRInv1021-202510271450,ENDOSCOPY,,3300,0,0,3300,3300,0,Cash,RUPA N,Walk-In,Walk-In
27-10-2025,MR10210004350,OP10210007652,Mr. M ANANTHA REDDY,Male,77Y,9491337384,Dr. SIDDHARTH REDDY  ALLA,OPRInv1021-202510271451,"ANESTHETIA SGA, COLONOSCOPY",,9800,0,0,9800,9800,0,UPI - PhonePe,RUPA N,Walk-In,Walk-In
28-10-2025,MR10210004102,OP10210007656,Mrs. LATHA P,Female,35Y,9160838782,Dr. SIDDHARTH REDDY  ALLA,OPRInv1021-202510281452,ENDOSCOPY,,3300,0,0,3300,3300,0,UPI - PhonePe,RUPA N,Walk-In,Walk-In
28-10-2025,MR10210004102,OP10210007656,Mrs. LATHA P,Female,35Y,9160838782,Dr. SIDDHARTH REDDY  ALLA,OPRInv1021-202510281453,RUT,,500,0,0,500,500,0,Cash,RUPA N,Walk-In,Walk-In
28-10-2025,MR10210004345,OP10210007661,Mr. K PARAMESWAR RAO,Male,65Y,9491502852,Dr. SIDDHARTH REDDY  ALLA,OPRInv1021-202510281454,RUT,,500,0,0,500,500,0,Cash,RUPA N,Walk-In,Walk-In
28-10-2025,MR10210004114,OP10210007663,Mrs. V MALLESWARI,Female,39Y,9502941742,Dr. SIDDHARTH REDDY  ALLA,OPRInv1021-202510281455,ENDOSCOPY,,3300,0,0,3300,3300,0,UPI - PhonePe,RUPA N,Walk-In,Walk-In
28-10-2025,MR10210004352,OP10210007657,Mr. E ANJINEYULU,Male,73Y,8125677707,Dr. SIDDHARTH REDDY  ALLA,OPRInv1021-202510281456,"ANESTHETIA SGA, COLONOSCOPY, ENDOSCOPY",,13100,0,0,13100,3100,10000,Cash,RUPA N,Walk-In,Walk-In
28-10-2025,MR10210004352,OP10210007657,Mr. E ANJINEYULU,Male,73Y,8125677707,Dr. SIDDHARTH REDDY  ALLA,OPRInv1021-202510281456,"ANESTHETIA SGA, COLONOSCOPY, ENDOSCOPY",,13100,0,0,10000,10000,0,UPI - PhonePe,RUPA N,Walk-In,Walk-In
28-10-2025,MR10210004356,OP10210007665,Mr. sk ALISHA VALI,Male,59Y,9912026939,Dr. SIDDHARTH REDDY  ALLA,OPRInv1021-202510281457,ENDOSCOPY,,3300,0,0,3300,3300,0,UPI - PhonePe,BHARGAV CHOWDARY,Walk-In,Walk-In
28-10-2025,MR10210004353,OP10210007658,Mr. M SRINIVAS,Male,57Y,7382714181,Dr. SIDDHARTH REDDY  ALLA,OPRInv1021-202510281458,COLONOSCOPY,,6300,1500,0,4800,4800,0,Cash,BHARGAV CHOWDARY,Walk-In,Walk-In
28-10-2025,MR10210004353,OP10210007658,Mr. M SRINIVAS,Male,57Y,7382714181,Dr. SIDDHARTH REDDY  ALLA,OPRInv1021-202510281459,ANESTHETIA SGA,,3500,0,0,3500,3500,0,Cash,BHARGAV CHOWDARY,Walk-In,Walk-In
28-10-2025,MR10210004356,OP10210007668,Mr. sk ALISHA VALI,Male,59Y,9912026939,Dr. SIDDHARTH REDDY  ALLA,OPRInv1021-202510281460,RUT,,500,0,0,500,500,0,Cash,BHARGAV CHOWDARY,Walk-In,Walk-In
28-10-2025,MR10210004357,OP10210007669,Mr. SHAIK KALESHA VALI,Male,59Y,9912026939,Dr. SIDDHARTH REDDY  ALLA,OPRInv1021-202510281461,ENDOSCOPY,,3300,0,0,3300,3300,0,UPI - PhonePe,BHARGAV CHOWDARY,Walk-In,Walk-In
28-10-2025,MR10210004357,OP10210007669,Mr. SHAIK KALESHA VALI,Male,59Y,9912026939,Dr. SIDDHARTH REDDY  ALLA,OPRInv1021-202510281462,RUT,,500,0,0,500,500,0,Cash,BHARGAV CHOWDARY,Walk-In,Walk-In
28-10-2025,MR10210004358,OP10210007670,Mrs. S VANITHA RANI,Female,55Y,9885484650,Dr. SIDDHARTH REDDY  ALLA,OPRInv1021-202510281463,ENDOSCOPY,,3300,0,0,3300,3300,0,UPI - PhonePe,BHARGAV CHOWDARY,Walk-In,Walk-In
28-10-2025,MR10210004352,OP10210007657,Mr. E ANJINEYULU,Male,73Y,8125677707,Dr. SIDDHARTH REDDY  ALLA,OPRInv1021-202510281464,RUT,,500,0,0,500,500,0,Cash,BHARGAV CHOWDARY,Walk-In,Walk-In
28-10-2025,MR10210004358,OP10210007673,Mrs. S VANITHA RANI,Female,55Y,9885484650,Dr. SIDDHARTH REDDY  ALLA,OPRInv1021-202510281465,RUT,,500,0,0,500,500,0,Cash,BHARGAV CHOWDARY,Walk-In,Walk-In
28-10-2025,MR10210004114,OP10210007663,Mrs. V MALLESWARI,Female,39Y,9502941742,Dr. SIDDHARTH REDDY  ALLA,OPRInv1021-202510281466,RUT,,500,0,0,500,500,0,Cash,BHARGAV CHOWDARY,Walk-In,Walk-In
30-10-2025,MR10210004364,OP10210007686,Mr. B YEDUKONDALU,Male,40Y,6303306799,Dr. SIDDHARTH REDDY  ALLA,OPRInv1021-202510301467,"ANESTHETIA SGA, COLONOSCOPY",,9800,0,0,9800,9800,0,UPI - PhonePe,RUPA N,Walk-In,Walk-In
31-10-2025,MR10210004368,OP10210007695,Mrs. Y BHARGAVI,Female,33Y,9652610203,Dr. SIDDHARTH REDDY  ALLA,OPRInv1021-202510311468,RUT,,500,0,0,500,500,0,UPI - PhonePe,RUPA N,Walk-In,Walk-In
31-10-2025,MR10210004375,OP10210007708,Mr. V GOPI,Male,29Y,7989063486,Dr. SIDDHARTH REDDY  ALLA,OPRInv1021-202510311469,ENDOSCOPY,,3300,0,0,3300,3300,0,Cash,RUPA N,Walk-In,Walk-In
31-10-2025,MR10210004375,OP10210007708,Mr. V GOPI,Male,29Y,7989063486,Dr. SIDDHARTH REDDY  ALLA,OPRInv1021-202510311470,RUT,,500,0,0,500,500,0,Cash,RUPA N,Walk-In,Walk-In
31-10-2025,MR10210004368,OP10210007695,Mrs. Y BHARGAVI,Female,33Y,9652610203,Dr. SIDDHARTH REDDY  ALLA,OPRInv1021-202510311471,ENDOSCOPY,,3300,1000,0,2300,2300,0,UPI - PhonePe,Siddhartha Reddy ,Walk-In,Walk-In
01-11-2025,MR10210004379,OP10210007716,Mrs. M MARY,Female,55Y,8639552660,Dr. SIDDHARTH REDDY  ALLA,OPRInv1021-20251111472,ENDOSCOPY,,3300,0,0,3300,3300,0,UPI - PhonePe,RUPA N,Walk-In,Walk-In
01-11-2025,MR10210004378,OP10210007714,Mrs. A PARVATHAMMA,Female,70Y,9666914645,Dr. SIDDHARTH REDDY  ALLA,OPRInv1021-20251111473,ENDOSCOPY,,3300,0,0,3300,3300,0,Cash,RUPA N,Walk-In,Walk-In
01-11-2025,MR10210004381,OP10210007723,Mr. Y MALLIKARJUN REDDY,Male,42Y,7219710721,Dr. SIDDHARTH REDDY  ALLA,OPRInv1021-20251111474,ENDOSCOPY,,3300,0,0,3300,3300,0,UPI - PhonePe,RUPA N,Walk-In,Walk-In
01-11-2025,MR10210004384,OP10210007727,Mr. SK IMAMSA,Male,36Y,8008755341,Dr. SIDDHARTH REDDY  ALLA,OPRInv1021-20251111475,ENDOSCOPY,,3300,0,0,3300,3300,0,UPI - PhonePe,RUPA N,Walk-In,Walk-In
01-11-2025,MR10210004383,OP10210007726,Mr. M SRIKANTH,Male,28Y,6303185949,Dr. SIDDHARTH REDDY  ALLA,OPRInv1021-20251111476,ENDOSCOPY,,3300,0,0,3300,3300,0,UPI - PhonePe,RUPA N,Walk-In,Walk-In
01-11-2025,MR10210003828,OP10210007732,Mrs. B PARVATHI,Female,53Y,9948202886,Dr. SIDDHARTH REDDY  ALLA,OPRInv1021-20251111477,UGISCOPY + STENT REMOVAL,,5000,0,0,5000,5000,0,Cash,RUPA N,Walk-In,Walk-In
01-11-2025,MR10210004317,OP10210007735,Mr. P GUPTA,Male,35Y,8328266370,Dr. SIDDHARTH REDDY  ALLA,OPRInv1021-20251111478,"ANESTHETIA SGA, POLYPECTOMY",,23500,0,0,23500,23500,0,UPI - PhonePe,RUPA N,Walk-In,Walk-In
01-11-2025,MR10210004385,OP10210007733,Mr. M PEDDA PULLAIAH,Male,70Y,9121472181,Dr. SIDDHARTH REDDY  ALLA,OPRInv1021-20251111479,2D ECHO,,2500,0,0,2500,2500,0,Cash,RUPA N,Walk-In,Walk-In
01-11-2025,MR10210004384,OP10210007727,Mr. SK IMAMSA,Male,36Y,8008755341,Dr. SIDDHARTH REDDY  ALLA,OPRInv1021-20251111480,RUT,,500,0,0,500,500,0,Cash,RUPA N,Walk-In,Walk-In
01-11-2025,MR10210004382,OP10210007724,Mrs. M MERY,Female,55Y,8639552660,Dr. SIDDHARTH REDDY  ALLA,OPRInv1021-20251111481,ENDOSCOPY,,3300,0,0,3300,3300,0,UPI - PhonePe,RUPA N,Walk-In,Walk-In
01-11-2025,MR10210004387,OP10210007737,Mrs. G SRI DEVI,Female,52Y,8367085845,Dr. SIDDHARTH REDDY  ALLA,OPRInv1021-20251111482,ENDOSCOPY,,3300,0,0,3300,3300,0,Cash,RUPA N,Walk-In,Walk-In
01-11-2025,MR10210004383,OP10210007726,Mr. M SRIKANTH,Male,28Y,6303185949,Dr. SIDDHARTH REDDY  ALLA,OPRInv1021-20251111483,RUT,,500,0,0,500,500,0,UPI - PhonePe,RUPA N,Walk-In,Walk-In
01-11-2025,MR10210004387,OP10210007737,Mrs. G SRI DEVI,Female,52Y,8367085845,Dr. SIDDHARTH REDDY  ALLA,OPRInv1021-20251111484,RUT,,500,0,0,500,500,0,Cash,K PRATHIMA,Walk-In,Walk-In
01-11-2025,MR10210004389,OP10210007740,Mrs. O SIRISHA,Female,20Y,8885828254,Dr. SIDDHARTH REDDY  ALLA,OPRInv1021-20251111485,ENDOSCOPY,,3300,0,0,3300,3300,0,UPI - PhonePe,K PRATHIMA,Walk-In,Walk-In
01-11-2025,MR10210004392,OP10210007743,Mr. M Teja,Male,15Y,7569133880,Dr. SIDDHARTH REDDY  ALLA,OPRInv1021-20251111486,ENDOSCOPY,,3300,500,0,2800,2800,0,Cash,BHARGAV CHOWDARY,Walk-In,Walk-In
01-11-2025,MR10210004317,OP10210007744,Mr. P GUPTA,Male,35Y,8328266370,Dr. SIDDHARTH REDDY  ALLA,OPRInv1021-20251111487,"BIOPSY LARGE, IMPLANTS",,5000,0,0,5000,5000,0,Cash,BHARGAV CHOWDARY,Walk-In,Walk-In
03-11-2025,MR10210004395,OP10210007749,Mrs. P MUNNESWARAMMA,Female,60Y,9640524178,Dr. SIDDHARTH REDDY  ALLA,OPRInv1021-20251131488,ENDOSCOPY,,3300,0,0,3300,3300,0,UPI - PhonePe,RUPA N,Walk-In,Walk-In
03-11-2025,MR10210004398,OP10210007756,Mr. E NAGA RAJU,Male,45Y,8897371492,Dr. SIDDHARTH REDDY  ALLA,OPRInv1021-20251131489,ENDOSCOPY,,3300,0,0,3300,2550,750,UPI - PhonePe,BHARGAV CHOWDARY,Walk-In,Walk-In
03-11-2025,MR10210004398,OP10210007756,Mr. E NAGA RAJU,Male,45Y,8897371492,Dr. SIDDHARTH REDDY  ALLA,OPRInv1021-20251131489,ENDOSCOPY,,3300,0,0,750,750,0,Cash,BHARGAV CHOWDARY,Walk-In,Walk-In
03-11-2025,MR10210004396,OP10210007751,Mr. Y JAI RAO,Male,37Y,9502604294,Dr. SIDDHARTH REDDY  ALLA,OPRInv1021-20251131490,ENDOSCOPY,,3300,495,0,2805,2805,0,Cash,BHARGAV CHOWDARY,Walk-In,Walk-In
03-11-2025,MR10210004399,OP10210007759,Mrs. K VARDHAN RANI,Female,49Y,7382419266,Dr. SIDDHARTH REDDY  ALLA,OPRInv1021-20251151515,ERCP  (D),,25000,0,0,25000,25000,0,UPI - PhonePe,BHARGAV CHOWDARY,Walk-In,Walk-In
03-11-2025,MR10210004396,OP10210007751,Mr. Y JAI RAO,Male,37Y,9502604294,Dr. SIDDHARTH REDDY  ALLA,OPRInv1021-20251131491,"ANESTHETIA SGA, COLONOSCOPY, ENDOSCOPY",,13100,0,0,13100,13100,0,Cash,BHARGAV CHOWDARY,Walk-In,Walk-In
03-11-2025,MR10210004401,OP10210007762,Ms. SK FIRDOUS,Female,14Y,6303771679,Dr. SIDDHARTH REDDY  ALLA,OPRInv1021-20251131492,ENDOSCOPY (P),,5000,0,0,5000,5000,0,UPI - PhonePe,BHARGAV CHOWDARY,Walk-In,Walk-In
03-11-2025,MR10210004401,OP10210007762,Ms. SK FIRDOUS,Female,14Y,6303771679,Dr. SIDDHARTH REDDY  ALLA,OPRInv1021-20251131493,RUT,,500,0,0,500,500,0,Cash,BHARGAV CHOWDARY,Walk-In,Walk-In
03-11-2025,MR10210004390,OP10210007741,Mr. S GOVARDHAN REDDY,Male,29Y,9603761724,Dr. SIDDHARTH REDDY  ALLA,OPRInv1021-20251131494,RUT,,500,0,0,500,500,0,Cash,BHARGAV CHOWDARY,Walk-In,Walk-In
03-11-2025,MR10210004396,OP10210007751,Mr. Y JAI RAO,Male,37Y,9502604294,Dr. SIDDHARTH REDDY  ALLA,OPRInv1021-20251131495,RUT,,500,0,0,500,500,0,UPI - PhonePe,BHARGAV CHOWDARY,Walk-In,Walk-In
03-11-2025,MR10210004390,OP10210007741,Mr. S GOVARDHAN REDDY,Male,29Y,9603761724,Dr. SIDDHARTH REDDY  ALLA,OPRInv1021-20251131496,BIOPSY SMALL,,1500,0,0,1500,1500,0,Cash,BHARGAV CHOWDARY,Walk-In,Walk-In
03-11-2025,MR10210004390,OP10210007741,Mr. S GOVARDHAN REDDY,Male,29Y,9603761724,Dr. SIDDHARTH REDDY  ALLA,OPRInv1021-20251131497,"ANESTHETIA SGA, COLONOSCOPY, ENDOSCOPY",,13100,0,0,13100,13100,0,Cash,BHARGAV CHOWDARY,Walk-In,Walk-In
03-11-2025,MR10210004404,OP10210007767,Mr. G LAKSHMI NARAYANA,Male,72Y,9440427025,Dr. SIDDHARTH REDDY  ALLA,OPRInv1021-20251131498,ENDOSCOPY,,3300,0,0,3300,3300,0,UPI - PhonePe,BHARGAV CHOWDARY,Walk-In,Walk-In
04-11-2025,MR10210004408,OP10210007776,Mrs. CH SAILAJA,Female,49Y,9110384911,Dr. SIDDHARTH REDDY  ALLA,OPRInv1021-20251141499,ENDOSCOPY,,3300,0,0,3300,3300,0,UPI - PhonePe,RUPA N,Walk-In,Walk-In
04-11-2025,MR10210004411,OP10210007779,Mr. J REVANTH KARTHIK,Male,35Y,9885365198,Dr. SIDDHARTH REDDY  ALLA,OPRInv1021-20251141500,ENDOSCOPY,,3300,0,0,3300,3300,0,UPI - PhonePe,RUPA N,Walk-In,Walk-In
04-11-2025,MR10210004412,OP10210007780,Mrs. P RAMA DEVI,Female,76Y,9701158914,Dr. SIDDHARTH REDDY  ALLA,OPRInv1021-20251141501,ENDOSCOPY,,3300,0,0,3300,3300,0,Cash,RUPA N,Walk-In,Walk-In
04-11-2025,MR10210004415,OP10210007784,Mr. J REVANTH KARTHIK,Male,35Y,9885361617,Dr. SIDDHARTH REDDY  ALLA,OPRInv1021-20251141502,RUT,,500,0,0,500,500,0,UPI - PhonePe,RUPA N,Walk-In,Walk-In
04-11-2025,MR10210003405,OP10210007790,Mrs. A DEEPIKA ,Female,19Y,9663527802,Dr. SIDDHARTH REDDY  ALLA,OPRInv1021-20251141503,ENDOSCOPY,,3300,0,0,3300,3000,300,UPI - PhonePe,RUPA N,Walk-In,Walk-In
16-02-2026,MR10210003405,OP10210007790,Mrs. A DEEPIKA ,Female,19Y,9663527802,Dr. SIDDHARTH REDDY  ALLA,OPRInv1021-20251141503,ENDOSCOPY,,3300,0,300,0,0,0,Cash,RUPA N,Walk-In,Walk-In
04-11-2025,MR10210004410,OP10210007778,Mr. B ASHOK REDDY,Male,37Y,9912556008,Dr. SIDDHARTH REDDY  ALLA,OPRInv1021-20251141504,RUT,,500,0,0,500,500,0,Cash,RUPA N,Walk-In,Walk-In
04-11-2025,MR10210004410,OP10210007778,Mr. B ASHOK REDDY,Male,37Y,9912556008,Dr. SIDDHARTH REDDY  ALLA,OPRInv1021-20251141505,ENDOSCOPY,,3300,500,0,2800,2700,100,UPI - PhonePe,BHARGAV CHOWDARY,Walk-In,Walk-In
04-11-2025,MR10210004410,OP10210007778,Mr. B ASHOK REDDY,Male,37Y,9912556008,Dr. SIDDHARTH REDDY  ALLA,OPRInv1021-20251141505,ENDOSCOPY,,3300,500,0,100,100,0,Cash,BHARGAV CHOWDARY,Walk-In,Walk-In
04-11-2025,MR10210004394,OP10210007775,Mr. g GOVARDHAN REDDY,Male,65Y,9392216415,Dr. SIDDHARTH REDDY  ALLA,OPRInv1021-20251141506,"ANESTHETIA SGA, COLONOSCOPY",,9800,1000,0,8800,8800,0,Cash,BHARGAV CHOWDARY,Walk-In,Walk-In
04-11-2025,MR10210004417,OP10210007787,Mr. TV SHARMA,Male,80Y,9440541777,Dr. SIDDHARTH REDDY  ALLA,OPRInv1021-20251141507,SIGMOIDOSCOPY,,3300,0,0,3300,3300,0,UPI - PhonePe,RUPA N,Walk-In,Walk-In
04-11-2025,MR10210004424,OP10210007798,Mr. G SRINIVAS REDDY,Male,36Y,9603133543,Dr. SIDDHARTH REDDY  ALLA,OPRInv1021-20251141508,"ANESTHETIA SGA, COLONOSCOPY",,9800,0,0,9800,9800,0,UPI - PhonePe,RUPA N,Walk-In,Walk-In
04-11-2025,MR10210004425,OP10210007800,Mrs. sk shamshad,Female,65Y,9700438162,Dr. SIDDHARTH REDDY  ALLA,OPRInv1021-20251141509,ENDOSCOPY,,3300,0,0,3300,3300,0,Cash,RUPA N,Walk-In,Walk-In
05-11-2025,MR10210004429,OP10210007807,Mr. M RAVINDRA BABU,Male,40Y,6301009686,Dr. SIDDHARTH REDDY  ALLA,OPRInv1021-20251151510,ENDOSCOPY,,3300,0,0,3300,3300,0,UPI - PhonePe,K PRATHIMA,Walk-In,Walk-In
05-11-2025,MR10210004429,OP10210007809,Mr. M RAVINDRA BABU,Male,40Y,6301009686,Dr. SIDDHARTH REDDY  ALLA,OPRInv1021-20251151511,RUT,,500,0,0,500,500,0,Cash,K PRATHIMA,Walk-In,Walk-In
05-11-2025,MR10210004430,OP10210007808,Mrs. P BHAVANI,Female,25Y,7674060212,Dr. SIDDHARTH REDDY  ALLA,OPRInv1021-20251151512,ENDOSCOPY,,3300,0,0,3300,3300,0,UPI - PhonePe,K PRATHIMA,Walk-In,Walk-In
05-11-2025,MR10210004432,OP10210007813,Mrs. SD HAFIZUNNISA,Female,25Y,9603040741,Dr. SIDDHARTH REDDY  ALLA,OPRInv1021-20251151513,ENDOSCOPY,,3300,0,0,3300,3300,0,UPI - PhonePe,K PRATHIMA,Walk-In,Walk-In
05-11-2025,MR10210004433,OP10210007814,Mrs. CH KOTTESWARAMMA,Female,49Y,7702314161,Dr. SIDDHARTH REDDY  ALLA,OPRInv1021-20251151514,ENDOSCOPY,,3300,0,0,3300,3300,0,UPI - PhonePe,K PRATHIMA,Walk-In,Walk-In
05-11-2025,MR10210004434,OP10210007815,Mr. V RADHAKRISHNA REDDY,Male,73Y,8839124605,Dr. SIDDHARTH REDDY  ALLA,OPRInv1021-20251151516,2D ECHO,,2500,0,0,2500,2500,0,UPI - PhonePe,K PRATHIMA,Walk-In,Walk-In
05-11-2025,MR10210004431,OP10210007811,Mr. K SIVA PRASAD REDDY,Male,62Y,9848334650,Dr. SIDDHARTH REDDY  ALLA,OPRInv1021-20251151517,COLONOSCOPY,,6300,1000,0,5300,5300,0,Cash,BHARGAV CHOWDARY,Walk-In,Walk-In
05-11-2025,MR10210001372,OP10210007818,Mrs. SK KHAJA BEE ,Female,51Y,9553118654,Dr. SIDDHARTH REDDY  ALLA,OPRInv1021-20251151518,2D ECHO,,2500,0,0,2500,0,2500,Cash,BHARGAV CHOWDARY,Walk-In,Walk-In
06-11-2025,MR10210001372,OP10210007818,Mrs. SK KHAJA BEE ,Female,51Y,9553118654,Dr. SIDDHARTH REDDY  ALLA,OPRInv1021-20251151518,2D ECHO,,2500,0,0,2500,2500,0,Cash,BHARGAV CHOWDARY,Walk-In,Walk-In
06-11-2025,MR10210004438,OP10210007821,Mr. V VAMSI,Male,28Y,9160204920,Dr. SIDDHARTH REDDY  ALLA,OPRInv1021-20251161519,ENDOSCOPY,,3300,0,0,3300,3300,0,UPI - PhonePe,RUPA N,Walk-In,Walk-In
06-11-2025,MR10210004438,OP10210007821,Mr. V VAMSI,Male,28Y,9160204920,Dr. SIDDHARTH REDDY  ALLA,OPRInv1021-20251161520,RUT,,500,0,0,500,500,0,UPI - PhonePe,RUPA N,Walk-In,Walk-In
06-11-2025,MR10210004442,OP10210007829,Mr. P ANJINEYA NAIK,Male,30Y,9966702282,Dr. SIDDHARTH REDDY  ALLA,OPRInv1021-20251161521,ENDOSCOPY,,3300,0,0,3300,3300,0,Cash,RUPA N,Walk-In,Walk-In
06-11-2025,MR10210004445,OP10210007833,Mr. T DURGA PRASAD,Male,33Y,9177793042,Dr. SIDDHARTH REDDY  ALLA,OPRInv1021-20251161522,ENDOSCOPY,,3300,0,0,3300,3300,0,Cash,RUPA N,Walk-In,Walk-In
06-11-2025,MR10210002287,OP10210007835,Mrs. BHARATHI A,Female,40Y,9948187363,Dr. SIDDHARTH REDDY  ALLA,OPRInv1021-20251161523,PEDIATRIC ENDOSCOPY,,7000,2000,0,5000,5000,0,Cash,BHARGAV CHOWDARY,Walk-In,Walk-In
06-11-2025,MR10210004437,OP10210007819,Mr. CH RAMA RAO,Male,52Y,9985893224,Dr. SIDDHARTH REDDY  ALLA,OPRInv1021-20251161524,UGISCOPY + STENT REMOVAL,,5000,0,0,5000,5000,0,UPI - PhonePe,RUPA N,Walk-In,Walk-In
06-11-2025,MR10210003627,OP10210007822,Mrs. SHAHANA NAZEER S,Female,40Y,8340872335,Dr. SIDDHARTH REDDY  ALLA,OPRInv1021-20251161525,ENDOSCOPY,,3300,0,0,3300,3300,0,Cash,RUPA N,Walk-In,Walk-In
06-11-2025,MR10210004448,OP10210007841,Mr. D GURAVAIAH,Male,60Y,9951490033,Dr. SIDDHARTH REDDY  ALLA,OPRInv1021-20251161526,ENDOSCOPY,,3300,0,0,3300,3300,0,Cash,RUPA N,Walk-In,Walk-In
06-11-2025,MR10210004445,OP10210007842,Mr. T DURGA PRASAD,Male,33Y,9177793042,Dr. SIDDHARTH REDDY  ALLA,OPRInv1021-20251161527,BIOPSY SMALL,,1500,0,0,1500,1500,0,Cash,RUPA N,Walk-In,Walk-In
07-11-2025,MR10210004454,OP10210007846,Mrs. B ADHILAKSHMI,Female,46Y,9550189846,Dr. SIDDHARTH REDDY  ALLA,OPRInv1021-20251171528,ENDOSCOPY,,3300,0,0,3300,3300,0,UPI - PhonePe,RUPA N,Walk-In,Walk-In
07-11-2025,MR10210004457,OP10210007851,Mr. Y SATYANARAYANA,Male,61Y,9010312722,Dr. SIDDHARTH REDDY  ALLA,OPRInv1021-20251171529,ENDOSCOPY,,3300,0,0,3300,3300,0,Cash,BHARGAV CHOWDARY,Walk-In,Walk-In
07-11-2025,MR10210004454,OP10210007846,Mrs. B ADHILAKSHMI,Female,46Y,9550189846,Dr. SIDDHARTH REDDY  ALLA,OPRInv1021-20251171530,RUT,,500,0,0,500,500,0,Cash,BHARGAV CHOWDARY,Walk-In,Walk-In
07-11-2025,MR10210004459,OP10210007854,Mr. M SIVAIAH,Male,62Y,9705439605,Dr. SIDDHARTH REDDY  ALLA,OPRInv1021-20251171531,"ENDOSCOPY, X-RAY CHEST PA VIEW  (BED SIDE)",,4300,0,0,4300,4300,0,UPI - PhonePe,BHARGAV CHOWDARY,Walk-In,Walk-In
07-11-2025,MR10210004457,OP10210007851,Mr. Y SATYANARAYANA,Male,61Y,9010312722,Dr. SIDDHARTH REDDY  ALLA,OPRInv1021-20251171532,RUT,,500,0,0,500,500,0,Cash,BHARGAV CHOWDARY,Walk-In,Walk-In
07-11-2025,MR10210004459,OP10210007854,Mr. M SIVAIAH,Male,62Y,9705439605,Dr. SIDDHARTH REDDY  ALLA,OPRInv1021-20251171533,RUT,,500,0,0,500,500,0,UPI - PhonePe,BHARGAV CHOWDARY,Walk-In,Walk-In
08-11-2025,MR10210004464,OP10210007866,Mrs. T ACHAMMA,Female,60Y,9573734414,Dr. SIDDHARTH REDDY  ALLA,OPRInv1021-20251181534,ENDOSCOPY,,3300,0,0,3300,3300,0,Cash,RUPA N,Walk-In,Walk-In
08-11-2025,MR10210004469,OP10210007875,Mrs. K KOTESWARAMMA,Female,40Y,9553338232,Dr. SIDDHARTH REDDY  ALLA,OPRInv1021-20251181535,ENDOSCOPY,,3300,0,0,3300,3300,0,UPI - PhonePe,RUPA N,Walk-In,Walk-In
08-11-2025,MR10210004467,OP10210007873,Mrs. K MASHAMMA,Female,70Y,9492902002,Dr. SIDDHARTH REDDY  ALLA,OPRInv1021-20251181536,RUT,,500,0,0,500,500,0,Cash,RUPA N,Walk-In,Walk-In
08-11-2025,MR10210004467,OP10210007873,Mrs. K MASHAMMA,Female,70Y,9492902002,Dr. SIDDHARTH REDDY  ALLA,OPRInv1021-20251181537,ENDOSCOPY,,3300,0,0,3300,3300,0,Cash,RUPA N,Walk-In,Walk-In
08-11-2025,MR10210004465,OP10210007869,Mr. A CHINNA SESHAIAH,Male,76Y,8096272325,Dr. SIDDHARTH REDDY  ALLA,OPRInv1021-20251181538,"ANESTHETIA SGA, COLONOSCOPY",,9800,1000,0,8800,8800,0,UPI - PhonePe,BHARGAV CHOWDARY,Walk-In,Walk-In
08-11-2025,MR10210004471,OP10210007878,Mr. s sambaiah,Male,48Y,9492446780,Dr. SIDDHARTH REDDY  ALLA,OPRInv1021-20251181539,ENDOSCOPY,,3300,660,0,2640,2640,0,Cash,BHARGAV CHOWDARY,Walk-In,Walk-In
08-11-2025,MR10210004476,OP10210007884,Mr. S RAMA KRISHNA REDDY,Male,65Y,8142977775,Dr. SIDDHARTH REDDY  ALLA,OPRInv1021-20251181540,ENDOSCOPY,,3300,0,0,3300,3300,0,UPI - PhonePe,BHARGAV CHOWDARY,Walk-In,Walk-In
09-11-2025,MR10210004478,OP10210007886,Mr. M VENKATA RAGHURAM NAID,Male,15Y,9618891548,Dr. SIDDHARTH REDDY  ALLA,OPRInv1021-20251191541,ENDOSCOPY,,3300,0,0,3300,3300,0,Cash,RUPA N,Walk-In,Walk-In
10-11-2025,MR10210004481,OP10210007894,Mr. T PRAKASH,Male,30Y,6302860592,Dr. SIDDHARTH REDDY  ALLA,OPRInv1021-202511101542,ENDOSCOPY,,3300,0,0,3300,3300,0,Cash,BHARGAV CHOWDARY,Walk-In,Walk-In
10-11-2025,MR10210004480,OP10210007889,Mr. K CHINNA SUBBAIAH,Male,64Y,7989030768,Dr. SIDDHARTH REDDY  ALLA,OPRInv1021-202511101543,ENDOSCOPY,,3300,0,0,3300,3300,0,UPI - PhonePe,BHARGAV CHOWDARY,Walk-In,Walk-In
10-11-2025,MR10210003773,OP10210007895,Mrs. J RAMA DEVI,Female,32Y,8008845487,Dr. SIDDHARTH REDDY  ALLA,OPRInv1021-202511101544,ENDOSCOPY,,3300,0,0,3300,3300,0,Cash,RUPA N,Walk-In,Walk-In
10-11-2025,MR10210004482,OP10210007892,Mr. N KASI VISWANADH ,Male,60Y,9985333424,Dr. SIDDHARTH REDDY  ALLA,OPRInv1021-202511101545,ENDOSCOPY,,3300,0,0,3300,2000,1300,Cash,RUPA N,Doctor,Doctor - VENKAT @ PEOPLES HOSPITAL
16-02-2026,MR10210004482,OP10210007892,Mr. N KASI VISWANADH ,Male,60Y,9985333424,Dr. SIDDHARTH REDDY  ALLA,OPRInv1021-202511101545,ENDOSCOPY,,3300,0,1300,0,0,0,Cash,RUPA N,Doctor,Doctor - VENKAT @ PEOPLES HOSPITAL
10-11-2025,MR10210003773,OP10210007895,Mrs. J RAMA DEVI,Female,32Y,8008845487,Dr. SIDDHARTH REDDY  ALLA,OPRInv1021-202511101546,RUT,,500,0,0,500,500,0,Cash,BHARGAV CHOWDARY,Walk-In,Walk-In
10-11-2025,MR10210004482,OP10210007892,Mr. N KASI VISWANADH ,Male,60Y,9985333424,Dr. SIDDHARTH REDDY  ALLA,OPRInv1021-202511101547,RUT,,500,0,0,500,500,0,Cash,BHARGAV CHOWDARY,Doctor,Doctor - VENKAT @ PEOPLES HOSPITAL
10-11-2025,MR10210004487,OP10210007905,Mr. E RAVI KUMAR,Male,39Y,9177479667,Dr. SIDDHARTH REDDY  ALLA,OPRInv1021-202511101548,ENDOSCOPY,,3300,0,0,3300,3300,0,Cash,BHARGAV CHOWDARY,Walk-In,Walk-In
11-11-2025,MR10210004489,OP10210007907,Mr. D SIVA DATTA,Male,30Y,8877115566,Dr. SIDDHARTH REDDY  ALLA,OPRInv1021-202511111549,"ANESTHETIA SGA, COLONOSCOPY, ENDOSCOPY",,13100,0,0,13100,13100,0,UPI - PhonePe,RUPA N,Walk-In,Walk-In
11-11-2025,MR10210004492,OP10210007910,Mr. V VENKATESWARLU,Male,67Y,9849106608,Dr. SIDDHARTH REDDY  ALLA,OPRInv1021-202511111550,ENDOSCOPY,,3300,0,0,3300,3300,0,Cash,RUPA N,Walk-In,Walk-In
11-11-2025,MR10210004491,OP10210007909,Mrs. SK HALEEMA,Female,32Y,8121053897,Dr. SIDDHARTH REDDY  ALLA,OPRInv1021-202511111551,ENDOSCOPY,,3300,0,0,3300,3300,0,UPI - PhonePe,RUPA N,Walk-In,Walk-In
11-11-2025,MR10210004489,OP10210007907,Mr. D SIVA DATTA,Male,30Y,8877115566,Dr. SIDDHARTH REDDY  ALLA,OPRInv1021-202511111552,RUT,,500,0,0,500,500,0,UPI - PhonePe,BHARGAV CHOWDARY,Walk-In,Walk-In
11-11-2025,MR10210004499,OP10210007926,Mr. M NAGESWAR RAO,Male,65Y,9989919792,Dr. SIDDHARTH REDDY  ALLA,OPRInv1021-202511111553,ERCP,,40000,5000,0,35000,35000,0,Cash,BHARGAV CHOWDARY,Walk-In,Walk-In
11-11-2025,MR10210004500,OP10210007927,Mrs. SK DHILSHAD,Female,45Y,8639814255,Dr. SIDDHARTH REDDY  ALLA,OPRInv1021-202511111554,ERCP,,40000,5000,0,35000,35000,0,Cash,BHARGAV CHOWDARY,Walk-In,Walk-In
12-11-2025,MR10210004503,OP10210007931,Mr. M TIRUPATHI REDDY,Male,65Y,9010440497,Dr. SIDDHARTH REDDY  ALLA,OPRInv1021-202511121555,ENDOSCOPY,,3300,0,0,3300,3300,0,UPI - PhonePe,RUPA N,Walk-In,Walk-In
12-11-2025,MR10210004502,OP10210007930,Mr. CH SRINIVASULU,Male,74Y,9441942173,Dr. SIDDHARTH REDDY  ALLA,OPRInv1021-202511121556,ENDOSCOPY,,3300,0,0,3300,3300,0,Cash,RUPA N,Walk-In,Walk-In
12-11-2025,MR10210004506,OP10210007937,Mr. D VENKATA REDDY,Male,55Y,9959130395,Dr. SIDDHARTH REDDY  ALLA,OPRInv1021-202511121557,SIGMOIDOSCOPY,,3300,0,0,3300,3300,0,UPI - PhonePe,RUPA N,Walk-In,Walk-In
12-11-2025,MR10210004505,OP10210007936,Ms. M CHAMUNDESWARI,Female,26Y,7989677907,Dr. SIDDHARTH REDDY  ALLA,OPRInv1021-202511121558,ENDOSCOPY,,3300,0,0,3300,3300,0,UPI - PhonePe,RUPA N,Walk-In,Walk-In
12-11-2025,MR10210003222,OP10210007941,Mrs. SK SHAHEDA BEGUM ,Female,54Y,8186875786,Dr. SIDDHARTH REDDY  ALLA,OPRInv1021-202511121559,RUT,,500,0,0,500,500,0,Cash,RUPA N,Walk-In,Walk-In
12-11-2025,MR10210004502,OP10210007930,Mr. CH SRINIVASULU,Male,74Y,9441942173,Dr. SIDDHARTH REDDY  ALLA,OPRInv1021-202511121560,RUT,,500,0,0,500,500,0,Cash,RUPA N,Walk-In,Walk-In
12-11-2025,MR10210004503,OP10210007931,Mr. M TIRUPATHI REDDY,Male,65Y,9010440497,Dr. SIDDHARTH REDDY  ALLA,OPRInv1021-202511121561,RUT,,500,0,0,500,500,0,Cash,RUPA N,Walk-In,Walk-In
12-11-2025,MR10210004507,OP10210007938,Mrs. SK HAFEEZA,Female,54Y,9394022157,Dr. SIDDHARTH REDDY  ALLA,OPRInv1021-202511121562,ENDOSCOPY,,3300,0,0,3300,2000,1300,UPI - PhonePe,BHARGAV CHOWDARY,Walk-In,Walk-In
12-11-2025,MR10210004507,OP10210007938,Mrs. SK HAFEEZA,Female,54Y,9394022157,Dr. SIDDHARTH REDDY  ALLA,OPRInv1021-202511121562,ENDOSCOPY,,3300,0,0,1300,1300,0,Cash,BHARGAV CHOWDARY,Walk-In,Walk-In
12-11-2025,MR10210003222,OP10210007941,Mrs. SK SHAHEDA BEGUM ,Female,54Y,8186875786,Dr. SIDDHARTH REDDY  ALLA,OPRInv1021-202511121563,ENDOSCOPY,,3300,990,0,2310,2300,10,Cash,BHARGAV CHOWDARY,Walk-In,Walk-In
16-02-2026,MR10210003222,OP10210007941,Mrs. SK SHAHEDA BEGUM ,Female,54Y,8186875786,Dr. SIDDHARTH REDDY  ALLA,OPRInv1021-202511121563,ENDOSCOPY,,3300,990,10,0,0,0,Cash,BHARGAV CHOWDARY,Walk-In,Walk-In
12-11-2025,MR10210004507,OP10210007938,Mrs. SK HAFEEZA,Female,54Y,9394022157,Dr. SIDDHARTH REDDY  ALLA,OPRInv1021-202511121564,RUT,,500,0,0,500,500,0,UPI - PhonePe,BHARGAV CHOWDARY,Walk-In,Walk-In
13-11-2025,MR10210004516,OP10210007958,Mr. M RAMA KRISHNA,Male,64Y,8142106240,Dr. SIDDHARTH REDDY  ALLA,OPRInv1021-202511131565,ENDOSCOPY,,3300,0,0,3300,3300,0,UPI - PhonePe,RUPA N,Walk-In,Walk-In
13-11-2025,MR10210004514,OP10210007956,Mr. P RAJESH,Male,48Y,8121090907,Dr. SIDDHARTH REDDY  ALLA,OPRInv1021-202511131566,ENDOSCOPY,,3300,0,0,3300,3300,0,UPI - PhonePe,RUPA N,Walk-In,Walk-In
13-11-2025,MR10210004515,OP10210007957,Mr. G RAJESH,Male,25Y,9848816325,Dr. SIDDHARTH REDDY  ALLA,OPRInv1021-202511131567,ENDOSCOPY,,3300,0,0,3300,3300,0,Cash,RUPA N,Walk-In,Walk-In
13-11-2025,MR10210004516,OP10210007960,Mr. M RAMA KRISHNA,Male,64Y,8142106240,Dr. SIDDHARTH REDDY  ALLA,OPRInv1021-202511131568,RUT,,500,0,0,500,500,0,UPI - PhonePe,RUPA N,Walk-In,Walk-In
13-11-2025,MR10210004518,OP10210007961,Mr. P ANJINEYULU,Male,34Y,8555952016,Dr. SIDDHARTH REDDY  ALLA,OPRInv1021-202511131569,ENDOSCOPY,,3300,0,0,3300,3300,0,UPI - PhonePe,RUPA N,Walk-In,Walk-In
13-11-2025,MR10210004521,OP10210007968,Mrs. J RAMANAMMA,Female,68Y,9177478073,Dr. SIDDHARTH REDDY  ALLA,OPRInv1021-202511131570,ENDOSCOPY,,3300,0,0,3300,3300,0,Cash,RUPA N,Walk-In,Walk-In
13-11-2025,MR10210004515,OP10210007957,Mr. G RAJESH,Male,25Y,9848816325,Dr. SIDDHARTH REDDY  ALLA,OPRInv1021-202511131571,RUT,,500,0,0,500,500,0,UPI - PhonePe,RUPA N,Walk-In,Walk-In
13-11-2025,MR10210004514,OP10210007956,Mr. P RAJESH,Male,48Y,8121090907,Dr. SIDDHARTH REDDY  ALLA,OPRInv1021-202511131572,ENDOSCOPY,,3300,0,0,3300,500,2800,Cash,RUPA N,Walk-In,Walk-In
13-11-2025,MR10210004514,OP10210007956,Mr. P RAJESH,Male,48Y,8121090907,Dr. SIDDHARTH REDDY  ALLA,OPRInv1021-202511131572,ENDOSCOPY,,3300,0,0,2800,2800,0,Cash,RUPA N,Walk-In,Walk-In
13-11-2025,MR10210004525,OP10210007974,Mrs. PEDAKOTLA JYOTHI,Female,26Y,7981952184,Dr. SIDDHARTH REDDY  ALLA,OPRInv1021-202511131573,ENDOSCOPY,,3300,0,0,3300,3300,0,UPI - PhonePe,RUPA N,Walk-In,Walk-In
13-11-2025,MR10210004518,OP10210007961,Mr. P ANJINEYULU,Male,34Y,8555952016,Dr. SIDDHARTH REDDY  ALLA,OPRInv1021-202511131574,RUT,,500,0,0,500,500,0,UPI - PhonePe,K PRATHIMA,Walk-In,Walk-In
13-11-2025,MR10210004526,OP10210007976,Mrs. B PRAMEELA,Female,63Y,9177755442,Dr. SIDDHARTH REDDY  ALLA,OPRInv1021-202511131575,ENDOSCOPY,,3300,0,0,3300,3300,0,Cash,K PRATHIMA,Walk-In,Walk-In
13-11-2025,MR10210004514,OP10210007956,Mr. P RAJESH,Male,48Y,8121090907,Dr. SIDDHARTH REDDY  ALLA,OPRInv1021-202511131576,RUT,,500,0,0,500,500,0,Cash,BHARGAV CHOWDARY,Walk-In,Walk-In
14-11-2025,MR10210004527,OP10210007983,Mr. CH  RAMESH ,Male,45Y,9705742230,Dr. SIDDHARTH REDDY  ALLA,OPRInv1021-202511141577,ENDOSCOPY,,3300,0,0,3300,3300,0,UPI - PhonePe,RUPA N,Walk-In,Walk-In
14-11-2025,MR10210004530,OP10210007980,Mr. A BALAJI,Male,32Y,9014291899,Dr. SIDDHARTH REDDY  ALLA,OPRInv1021-202511141578,ENDOSCOPY,,3300,0,0,3300,3300,0,UPI - PhonePe,RUPA N,Walk-In,Walk-In
14-11-2025,MR10210004527,OP10210007983,Mr. CH  RAMESH ,Male,45Y,9705742230,Dr. SIDDHARTH REDDY  ALLA,OPRInv1021-202511141579,RUT,,500,0,0,500,500,0,Cash,RUPA N,Walk-In,Walk-In
14-11-2025,MR10210004525,OP10210007986,Mrs. PEDAKOTLA JYOTHI,Female,26Y,7981952184,Dr. SIDDHARTH REDDY  ALLA,OPRInv1021-202511141580,RUT,,500,0,0,500,500,0,UPI - PhonePe,RUPA N,Walk-In,Walk-In
14-11-2025,MR10210004531,OP10210007984,Mrs. SK MASTHAN BEE,Female,33Y,9133079786,Dr. SIDDHARTH REDDY  ALLA,OPRInv1021-202511141581,ENDOSCOPY,,3300,0,0,3300,3300,0,Cash,RUPA N,Walk-In,Walk-In
14-11-2025,MR10210004533,OP10210007987,Mr. I SRINIVASA RAO,Male,54Y,9731771913,Dr. SIDDHARTH REDDY  ALLA,OPRInv1021-202511141582,ENDOSCOPY,,3300,0,0,3300,3300,0,UPI - PhonePe,RUPA N,Walk-In,Walk-In
14-11-2025,MR10210004534,OP10210007992,Mr. P RAMANAIAH,Male,60Y,6309654818,Dr. SIDDHARTH REDDY  ALLA,OPRInv1021-202511141583,ENDOSCOPY,,3300,0,0,3300,3300,0,Cash,RUPA N,Walk-In,Walk-In
14-11-2025,MR10210004530,OP10210007980,Mr. A BALAJI,Male,32Y,9014291899,Dr. SIDDHARTH REDDY  ALLA,OPRInv1021-202511141584,RUT,,500,0,0,500,500,0,UPI - PhonePe,RUPA N,Walk-In,Walk-In
14-11-2025,MR10210004533,OP10210007987,Mr. I SRINIVASA RAO,Male,54Y,9731771913,Dr. SIDDHARTH REDDY  ALLA,OPRInv1021-202511141585,RUT,,500,0,0,500,500,0,Cash,RUPA N,Walk-In,Walk-In
14-11-2025,MR10210004537,OP10210007994,Mr. k prahlad,Male,55Y,7382896477,Dr. SIDDHARTH REDDY  ALLA,OPRInv1021-202511141586,BEDSIDE ENDOSCOPY,,5000,0,0,5000,5000,0,UPI - PhonePe,RUPA N,Walk-In,Walk-In
14-11-2025,MR10210004538,OP10210007995,Mrs. CH PADMAJA,Female,42Y,9948206132,Dr. SIDDHARTH REDDY  ALLA,OPRInv1021-202511141587,ENDOSCOPY,,3300,0,0,3300,3300,0,UPI - PhonePe,K PRATHIMA,Walk-In,Walk-In
14-11-2025,MR10210004528,OP10210007996,Mr. K AKKA RAO,Male,46Y,8106403621,Dr. SIDDHARTH REDDY  ALLA,OPRInv1021-202511141588,ENDOSCOPY,,3300,0,0,3300,0,3300,Cash,K PRATHIMA,Walk-In,Walk-In
25-02-2026,MR10210004528,OP10210007996,Mr. K AKKA RAO,Male,46Y,8106403621,Dr. SIDDHARTH REDDY  ALLA,OPRInv1021-202511141588,ENDOSCOPY,,3300,0,3300,0,0,0,Cash,K PRATHIMA,Walk-In,Walk-In
14-11-2025,MR10210004531,OP10210007984,Mrs. SK MASTHAN BEE,Female,33Y,9133079786,Dr. SIDDHARTH REDDY  ALLA,OPRInv1021-202511141589,RUT,,500,0,0,500,500,0,Cash,K PRATHIMA,Walk-In,Walk-In
14-11-2025,MR10210004539,OP10210007998,Mrs. M CHITTAMMA,Female,38Y,9133177267,Dr. SIDDHARTH REDDY  ALLA,OPRInv1021-202511141590,ENDOSCOPY,,3300,0,0,3300,3300,0,UPI - PhonePe,K PRATHIMA,Walk-In,Walk-In
14-11-2025,MR10210004539,OP10210007998,Mrs. M CHITTAMMA,Female,38Y,9133177267,Dr. SIDDHARTH REDDY  ALLA,OPRInv1021-202511141591,RUT,,500,0,0,500,500,0,UPI - PhonePe,K PRATHIMA,Walk-In,Walk-In
17-11-2025,MR10210004546,OP10210008004,Mr. P SHAM SAROJ,Male,23Y,8096038879,Dr. SIDDHARTH REDDY  ALLA,OPRInv1021-202511171592,ENDOSCOPY,,3300,0,0,3300,3300,0,Cash,RUPA N,Walk-In,Walk-In
17-11-2025,MR10210004545,OP10210008002,Mr. GOPI M,Male,26Y,8125629555,Dr. SIDDHARTH REDDY  ALLA,OPRInv1021-202511171593,ENDOSCOPY,,3300,0,0,3300,3300,0,UPI - PhonePe,RUPA N,Walk-In,Walk-In
17-11-2025,MR10210004545,OP10210008002,Mr. GOPI M,Male,26Y,8125629555,Dr. SIDDHARTH REDDY  ALLA,OPRInv1021-202511171594,RUT,,500,0,0,500,500,0,UPI - PhonePe,RUPA N,Walk-In,Walk-In
17-11-2025,MR10210003828,OP10210008010,Mrs. B PARVATHI,Female,53Y,9948202886,Dr. SIDDHARTH REDDY  ALLA,OPRInv1021-202511171595,UGISCOPY + STENT REMOVAL,,5000,0,0,5000,5000,0,Cash,RUPA N,Walk-In,Walk-In
17-11-2025,MR10210004547,OP10210008006,Mrs. T SIVAMMA,Female,75Y,9885262040,Dr. SIDDHARTH REDDY  ALLA,OPRInv1021-202511171596,ENDOSCOPY,,3300,500,0,2800,2800,0,Cash,RUPA N,Walk-In,Walk-In
17-11-2025,MR10210004547,OP10210008006,Mrs. T SIVAMMA,Female,75Y,9885262040,Dr. SIDDHARTH REDDY  ALLA,OPRInv1021-202511171597,RUT,,500,0,0,500,500,0,Cash,K PRATHIMA,Walk-In,Walk-In
17-11-2025,MR10210004551,OP10210008017,Mrs. SK RAZIYA,Female,40Y,9063957712,Dr. SIDDHARTH REDDY  ALLA,OPRInv1021-202511171598,ENDOSCOPY,,3300,0,0,3300,3300,0,UPI - PhonePe,K PRATHIMA,Walk-In,Walk-In
18-11-2025,MR10210004553,OP10210008020,Mr. P RAJANAGESWARA RAO,Male,67Y,9398861791,Dr. SIDDHARTH REDDY  ALLA,OPRInv1021-202511181599,ENDOSCOPY,,3300,0,0,3300,3300,0,UPI - PhonePe,RUPA N,Walk-In,Walk-In
18-11-2025,MR10210004555,OP10210008022,Mr. A SAMBI REDDY,Male,66Y,9491664118,Dr. SIDDHARTH REDDY  ALLA,OPRInv1021-202511181600,ENDOSCOPY,,3300,500,0,2800,2800,0,Cash,RUPA N,Walk-In,Walk-In
18-11-2025,MR10210004561,OP10210008034,Mr. B NARASIMHA RAO,Male,74Y,7675823607,Dr. SIDDHARTH REDDY  ALLA,OPRInv1021-202511181601,ENDOSCOPY,,3300,0,0,3300,3300,0,Cash,RUPA N,Walk-In,Walk-In
19-11-2025,MR10210004567,OP10210008046,Master. K BHANU TEJA,Male,10Y,6303528227,Dr. SIDDHARTH REDDY  ALLA,OPRInv1021-202511191602,"ANESTHETIA SGA, PEDIATRIC ENDOSCOPY",,10500,2000,0,8500,5000,3500,Cash,BHARGAV CHOWDARY,Walk-In,Walk-In
19-11-2025,MR10210004567,OP10210008046,Master. K BHANU TEJA,Male,10Y,6303528227,Dr. SIDDHARTH REDDY  ALLA,OPRInv1021-202511191602,"ANESTHETIA SGA, PEDIATRIC ENDOSCOPY",,10500,2000,0,3500,3500,0,UPI - PhonePe,BHARGAV CHOWDARY,Walk-In,Walk-In
20-11-2025,MR10210004162,OP10210008056,Ms. B TANASI SAI,Female,15Y,9396665212,Dr. SIDDHARTH REDDY  ALLA,OPRInv1021-202511201603,ENDOSCOPY,,3300,0,0,3300,3300,0,UPI - PhonePe,RUPA N,Walk-In,Walk-In
20-11-2025,MR10210004571,OP10210008058,Mr. K SEETHA RAMAIAH,Male,36Y,9912444545,Dr. SIDDHARTH REDDY  ALLA,OPRInv1021-202511201604,ENDOSCOPY,,3300,0,0,3300,3300,0,UPI - PhonePe,RUPA N,Walk-In,Walk-In
20-11-2025,MR10210004571,OP10210008058,Mr. K SEETHA RAMAIAH,Male,36Y,9912444545,Dr. SIDDHARTH REDDY  ALLA,OPRInv1021-202511201605,RUT,,500,0,0,500,500,0,UPI - PhonePe,RUPA N,Walk-In,Walk-In
20-11-2025,MR10210004162,OP10210008056,Ms. B TANASI SAI,Female,15Y,9396665212,Dr. SIDDHARTH REDDY  ALLA,OPRInv1021-202511201606,RUT,,500,0,0,500,500,0,UPI - PhonePe,RUPA N,Walk-In,Walk-In
20-11-2025,MR10210004572,OP10210008059,Mrs. MD GOUSYA,Female,56Y,9390163329,Dr. SIDDHARTH REDDY  ALLA,OPRInv1021-202511201607,ENDOSCOPY,,3300,0,0,3300,3300,0,Cash,RUPA N,Walk-In,Walk-In
20-11-2025,MR10210004573,OP10210008060,Mrs. P SUSEELA,Female,60Y,9618481031,Dr. SIDDHARTH REDDY  ALLA,OPRInv1021-202511201608,"ANESTHETIA SGA, COLONOSCOPY",,9800,0,0,9800,9800,0,Cash,RUPA N,Walk-In,Walk-In
20-11-2025,MR10210004575,OP10210008062,Ms. Y SHANTHI,Female,44Y,9177406391,Dr. SIDDHARTH REDDY  ALLA,OPRInv1021-202511201609,ENDOSCOPY,,3300,1000,0,2300,2300,0,Cash,Siddhartha Reddy ,Walk-In,Walk-In
20-11-2025,MR10210004572,OP10210008059,Mrs. MD GOUSYA,Female,56Y,9390163329,Dr. SIDDHARTH REDDY  ALLA,OPRInv1021-202511201610,RUT,,500,0,0,500,500,0,Cash,K PRATHIMA,Walk-In,Walk-In
21-11-2025,MR10210004578,OP10210008068,Mrs. K BHULAKSHMI,Female,81Y,9440264466,Dr. SIDDHARTH REDDY  ALLA,OPRInv1021-202511211611,"ANESTHETIA SGA, COLONOSCOPY, ENDOSCOPY",,13100,2000,0,11100,11100,0,UPI - PhonePe,RUPA N,Walk-In,Walk-In
21-11-2025,MR10210004577,OP10210008067,Mr. K SEETHA RAMAIAH,Male,74Y,9515566113,Dr. SIDDHARTH REDDY  ALLA,OPRInv1021-202511211612,"2D ECHO, ENDOSCOPY",,5800,1450,0,4350,4350,0,UPI - PhonePe,BHARGAV CHOWDARY,Walk-In,Walk-In
21-11-2025,MR10210004584,OP10210008077,Mr. K BABU RAO,Male,58Y,9618706325,Dr. SIDDHARTH REDDY  ALLA,OPRInv1021-202511211613,SIGMOIDOSCOPY,,3300,0,0,3300,3300,0,Cash,RUPA N,Walk-In,Walk-In
21-11-2025,MR10210004587,OP10210008081,Mr. K GANDHI,Male,65Y,9346899431,Dr. SIDDHARTH REDDY  ALLA,OPRInv1021-202511211614,ENDOSCOPY,,3300,0,0,3300,3300,0,UPI - PhonePe,RUPA N,Walk-In,Walk-In
21-11-2025,MR10210004578,OP10210008068,Mrs. K BHULAKSHMI,Female,81Y,9440264466,Dr. SIDDHARTH REDDY  ALLA,OPRInv1021-202511211615,RUT,,500,0,0,500,500,0,UPI - PhonePe,RUPA N,Walk-In,Walk-In
21-11-2025,MR10210004587,OP10210008082,Mr. K GANDHI,Male,65Y,9346899431,Dr. SIDDHARTH REDDY  ALLA,OPRInv1021-202511211616,RUT,,500,0,0,500,500,0,UPI - PhonePe,RUPA N,Walk-In,Walk-In
21-11-2025,MR10210004509,OP10210008078,Ms. K SRI LATHA,Female,18Y,8106857163,Dr. SIDDHARTH REDDY  ALLA,OPRInv1021-202511211617,ENDOSCOPY,,3300,990,0,2310,2300,10,Cash,BHARGAV CHOWDARY,Walk-In,Walk-In
25-02-2026,MR10210004509,OP10210008078,Ms. K SRI LATHA,Female,18Y,8106857163,Dr. SIDDHARTH REDDY  ALLA,OPRInv1021-202511211617,ENDOSCOPY,,3300,990,3300,-3290,0,0,Cash,BHARGAV CHOWDARY,Walk-In,Walk-In
22-11-2025,MR10210004591,OP10210008090,Mrs. J VENKATARATNAM,Female,30Y,9908423789,Dr. SIDDHARTH REDDY  ALLA,OPRInv1021-202511221618,ENDOSCOPY,,3300,0,0,3300,3300,0,Cash,RUPA N,Walk-In,Walk-In
22-11-2025,MR10210004363,OP10210008089,Mr. G VENKATESWARLU,Male,56Y,9848651654,Dr. SIDDHARTH REDDY  ALLA,OPRInv1021-202511221619,COLONOSCOPY,,6300,0,0,6300,6300,0,UPI - PhonePe,RUPA N,Walk-In,Walk-In
22-11-2025,MR10210004594,OP10210008098,Mr. D JAGADHISH REDDY,Male,35Y,9704918468,Dr. SIDDHARTH REDDY  ALLA,OPRInv1021-202511221620,ENDOSCOPY,,3300,0,0,3300,3250,50,Cash,RUPA N,Walk-In,Walk-In
22-11-2025,MR10210004594,OP10210008098,Mr. D JAGADHISH REDDY,Male,35Y,9704918468,Dr. SIDDHARTH REDDY  ALLA,OPRInv1021-202511221620,ENDOSCOPY,,3300,0,0,50,50,0,UPI - PhonePe,RUPA N,Walk-In,Walk-In
22-11-2025,MR10210004594,OP10210008098,Mr. D JAGADHISH REDDY,Male,35Y,9704918468,Dr. SIDDHARTH REDDY  ALLA,OPRInv1021-202511221621,RUT,,500,0,0,500,500,0,UPI - PhonePe,RUPA N,Walk-In,Walk-In
22-11-2025,MR10210004363,OP10210008089,Mr. G VENKATESWARLU,Male,56Y,9848651654,Dr. SIDDHARTH REDDY  ALLA,OPRInv1021-202511221622,ANESTHETIA SGA,,3500,0,0,3500,3100,400,UPI - PhonePe,BHARGAV CHOWDARY,Walk-In,Walk-In
22-11-2025,MR10210004363,OP10210008089,Mr. G VENKATESWARLU,Male,56Y,9848651654,Dr. SIDDHARTH REDDY  ALLA,OPRInv1021-202511221622,ANESTHETIA SGA,,3500,0,0,400,400,0,Cash,BHARGAV CHOWDARY,Walk-In,Walk-In
22-11-2025,MR10210004602,OP10210008113,Mr. G ASHOK REDDY,Male,34Y,9866940051,Dr. SIDDHARTH REDDY  ALLA,OPRInv1021-202511221623,ENDOSCOPY,,3300,660,0,2640,2640,0,UPI - PhonePe,BHARGAV CHOWDARY,Walk-In,Walk-In
23-11-2025,MR10210004599,OP10210008107,Mr. K VAMSI,Male,53Y,8886666514,Dr. SIDDHARTH REDDY  ALLA,OPRInv1021-202511231624,ENDOSCOPY,,3300,330,0,2970,0,2970,Cash,K PRATHIMA,Walk-In,Walk-In
23-11-2025,MR10210004599,OP10210008107,Mr. K VAMSI,Male,53Y,8886666514,Dr. SIDDHARTH REDDY  ALLA,OPRInv1021-202511231624,ENDOSCOPY,,3300,330,670,2300,2300,0,Cash,K PRATHIMA,Walk-In,Walk-In
24-11-2025,MR10210004609,OP10210008124,Mrs. K HEMA LATHA,Female,44Y,8688373766,Dr. SIDDHARTH REDDY  ALLA,OPRInv1021-202511241625,ENDOSCOPY,,3300,0,0,3300,3300,0,UPI - PhonePe,K PRATHIMA,Walk-In,Walk-In
24-11-2025,MR10210004608,OP10210008122,Mr. G SHANKAR REDDY,Male,65Y,6300230090,Dr. SIDDHARTH REDDY  ALLA,OPRInv1021-202511241626,ENDOSCOPY,,3300,0,0,3300,3300,0,UPI - PhonePe,K PRATHIMA,Walk-In,Walk-In
24-11-2025,MR10210004606,OP10210008132,Mr. K DINESH,Male,29Y,7207207031,Dr. SIDDHARTH REDDY  ALLA,OPRInv1021-202511241627,ENDOSCOPY,,3300,0,0,3300,3300,0,Cash,K PRATHIMA,Walk-In,Walk-In
24-11-2025,MR10210004613,OP10210008131,Mrs. T VENKATA SUBBULU,Female,55Y,7729806976,Dr. SIDDHARTH REDDY  ALLA,OPRInv1021-202511241628,SIGMOIDOSCOPY,,3300,0,0,3300,3300,0,UPI - PhonePe,K PRATHIMA,Walk-In,Walk-In
24-11-2025,MR10210004614,OP10210008133,Mr. V SRINIVASA RAO,Male,33Y,7981173440,Dr. SIDDHARTH REDDY  ALLA,OPRInv1021-202511241629,ENDOSCOPY,,3300,0,0,3300,3300,0,Cash,K PRATHIMA,Walk-In,Walk-In
24-11-2025,MR10210004615,OP10210008135,Mr. M YESU BABU,Male,27Y,9130380713,Dr. SIDDHARTH REDDY  ALLA,OPRInv1021-202511241630,ENDOSCOPY,,3300,0,0,3300,3300,0,Cash,K PRATHIMA,Walk-In,Walk-In
24-11-2025,MR10210004606,OP10210008132,Mr. K DINESH,Male,29Y,7207207031,Dr. SIDDHARTH REDDY  ALLA,OPRInv1021-202511241631,RUT,,500,0,0,500,500,0,Cash,K PRATHIMA,Walk-In,Walk-In
24-11-2025,MR10210004610,OP10210008126,Mr. M PRAKASH RAO,Male,55Y,7893115584,Dr. SIDDHARTH REDDY  ALLA,OPRInv1021-202511241632,ENDOSCOPY,,3300,0,0,3300,3300,0,Cash,BHARGAV CHOWDARY,Walk-In,Walk-In
24-11-2025,MR10210004616,OP10210008137,Mrs. G NALINI,Female,51Y,9391377084,Dr. SIDDHARTH REDDY  ALLA,OPRInv1021-202511241633,ENDOSCOPY,,3300,0,0,3300,3300,0,Cash,K PRATHIMA,Walk-In,Walk-In
24-11-2025,MR10210004618,OP10210008140,Mr. V BALA ANJANEYULU,Male,36Y,9912877095,Dr. SIDDHARTH REDDY  ALLA,OPRInv1021-202511241634,ENDOSCOPY,,3300,0,0,3300,3300,0,UPI - PhonePe,K PRATHIMA,Walk-In,Walk-In
24-11-2025,MR10210004614,OP10210008133,Mr. V SRINIVASA RAO,Male,33Y,7981173440,Dr. SIDDHARTH REDDY  ALLA,OPRInv1021-202511241635,RUT,,500,0,0,500,500,0,Cash,K PRATHIMA,Walk-In,Walk-In
24-11-2025,MR10210004618,OP10210008140,Mr. V BALA ANJANEYULU,Male,36Y,9912877095,Dr. SIDDHARTH REDDY  ALLA,OPRInv1021-202511241636,RUT,,500,0,0,500,500,0,UPI - PhonePe,K PRATHIMA,Walk-In,Walk-In
24-11-2025,MR10210001740,OP10210008134,Mr. K SRINIVASA RAO  ,Male,49Y,7675011788,Dr. SIDDHARTH REDDY  ALLA,OPRInv1021-202511241637,UGISCOPY + STENT REMOVAL,,5000,1000,0,4000,4000,0,Cash,BHARGAV CHOWDARY,Walk-In,Walk-In
24-11-2025,MR10210004616,OP10210008137,Mrs. G NALINI,Female,51Y,9391377084,Dr. SIDDHARTH REDDY  ALLA,OPRInv1021-202511241638,BIOPSY SMALL,,1500,0,0,1500,1500,0,UPI - PhonePe,BHARGAV CHOWDARY,Walk-In,Walk-In
24-11-2025,MR10210004615,OP10210008135,Mr. M YESU BABU,Male,27Y,9130380713,Dr. SIDDHARTH REDDY  ALLA,OPRInv1021-202511241639,RUT,,500,0,0,500,500,0,UPI - PhonePe,BHARGAV CHOWDARY,Walk-In,Walk-In
25-11-2025,MR10210004623,OP10210008149,Mrs. K BHANUMATHI,Female,57Y,8179737662,Dr. SIDDHARTH REDDY  ALLA,OPRInv1021-202511251640,ENDOSCOPY,,3300,0,0,3300,3300,0,UPI - PhonePe,K PRATHIMA,Walk-In,Walk-In
27-11-2025,MR10210004624,OP10210008152,Mrs. S MADHAVI,Female,41Y,8897130237,Dr. SIDDHARTH REDDY  ALLA,OPRInv1021-202511271641,ENDOSCOPY,,3300,0,0,3300,3300,0,UPI - PhonePe,RUPA N,Walk-In,Walk-In
27-11-2025,MR10210004625,OP10210008153,Ms. D BRAHMANI,Female,16Y,8328371832,Dr. SIDDHARTH REDDY  ALLA,OPRInv1021-202511271642,ENDOSCOPY,,3300,0,0,3300,3300,0,UPI - PhonePe,RUPA N,Doctor,Doctor - NIMMALA RAVI KUMAR GARU
27-11-2025,MR10210004627,OP10210008154,Mr. G JESSI ISAAC,Male,27Y,9491312081,Dr. SIDDHARTH REDDY  ALLA,OPRInv1021-202511271643,ENDOSCOPY,,3300,500,0,2800,2800,0,Cash,RUPA N,Walk-In,Walk-In
27-11-2025,MR10210004625,OP10210008153,Ms. D BRAHMANI,Female,16Y,8328371832,Dr. SIDDHARTH REDDY  ALLA,OPRInv1021-202511271644,RUT,,500,0,0,500,500,0,UPI - PhonePe,RUPA N,Doctor,Doctor - NIMMALA RAVI KUMAR GARU
27-11-2025,MR10210004628,OP10210008156,Mrs. S MADHAVI,Female,41Y,8897130327,Dr. SIDDHARTH REDDY  ALLA,OPRInv1021-202511271645,RUT,,500,0,0,500,500,0,Cash,RUPA N,Walk-In,Walk-In
27-11-2025,MR10210004632,OP10210008166,Mrs. K DHANAMMA,Female,60Y,9618192487,Dr. SIDDHARTH REDDY  ALLA,OPRInv1021-202511271646,ENDOSCOPY,,3300,0,0,3300,3300,0,Cash,RUPA N,Walk-In,Walk-In
28-11-2025,MR10210004635,OP10210008176,Mr. P KOTESWARA RAO,Male,41Y,9908879068,Dr. SIDDHARTH REDDY  ALLA,OPRInv1021-202511281647,ENDOSCOPY,,3300,0,0,3300,3300,0,UPI - PhonePe,RUPA N,Walk-In,Walk-In
28-11-2025,MR10210004637,OP10210008182,Mrs. B KRISHNA VENI,Female,30Y,8309849567,Dr. SIDDHARTH REDDY  ALLA,OPRInv1021-202511281648,ENDOSCOPY,,3300,0,0,3300,3300,0,UPI - PhonePe,RUPA N,Walk-In,Walk-In
28-11-2025,MR10210004639,OP10210008185,Mr. SK MASTAN VALI,Male,25Y,7287047532,Dr. SIDDHARTH REDDY  ALLA,OPRInv1021-202511281649,RUT,,500,0,0,500,500,0,UPI - PhonePe,K PRATHIMA,Walk-In,Walk-In
28-11-2025,MR10210004639,OP10210008185,Mr. SK MASTAN VALI,Male,25Y,7287047532,Dr. SIDDHARTH REDDY  ALLA,OPRInv1021-202511281650,ENDOSCOPY,,3300,0,0,3300,3300,0,Cash,K PRATHIMA,Walk-In,Walk-In
29-11-2025,MR10210004644,OP10210008196,Mr. G SRINIVASA RAO,Male,52Y,8801871321,Dr. SIDDHARTH REDDY  ALLA,OPRInv1021-202511291651,"ANESTHETIA SGA, COLONOSCOPY",,9800,0,0,9800,9800,0,UPI - PhonePe,RUPA N,Walk-In,Walk-In
29-11-2025,MR10210004413,OP10210008190,Mr. KHAN GOUSE MOHIDDIN,Male,69Y,6303629830,Dr. SIDDHARTH REDDY  ALLA,OPRInv1021-202511291652,ENDOSCOPY,,3300,500,0,2800,2800,0,Cash,RUPA N,Walk-In,Walk-In
29-11-2025,MR10210004103,OP10210008193,Mrs. D ISWARYA,Female,24Y,9346024612,Dr. SIDDHARTH REDDY  ALLA,OPRInv1021-202511291653,ENDOSCOPY,,3300,500,0,2800,2800,0,UPI - PhonePe,RUPA N,Walk-In,Walk-In
29-11-2025,MR10210004646,OP10210008198,Mrs. P VENKATA SUJATHA,Female,45Y,9492610315,Dr. SIDDHARTH REDDY  ALLA,OPRInv1021-202511291654,ENDOSCOPY,,3300,500,0,2800,2800,0,UPI - PhonePe,RUPA N,Walk-In,Walk-In
29-11-2025,MR10210004413,OP10210008190,Mr. KHAN GOUSE MOHIDDIN,Male,69Y,6303629830,Dr. SIDDHARTH REDDY  ALLA,OPRInv1021-202511291655,RUT,,500,0,0,500,500,0,UPI - PhonePe,RUPA N,Walk-In,Walk-In
29-11-2025,MR10210003787,OP10210008202,Mr. K VENKATESWARLU,Male,45Y,9701050842,Dr. SIDDHARTH REDDY  ALLA,OPRInv1021-202511291656,ENDOSCOPY,,3300,500,0,2800,2800,0,UPI - PhonePe,RUPA N,Walk-In,Walk-In
29-11-2025,MR10210003787,OP10210008202,Mr. K VENKATESWARLU,Male,45Y,9701050842,Dr. SIDDHARTH REDDY  ALLA,OPRInv1021-202511291657,RUT,,500,0,0,500,500,0,Cash,RUPA N,Walk-In,Walk-In
29-11-2025,MR10210004648,OP10210008210,Mr. U SRINIVASA RAO,Male,50Y,6305057147,Dr. SIDDHARTH REDDY  ALLA,OPRInv1021-202511291658,ENDOSCOPY,,3300,0,0,3300,3300,0,Cash,RUPA N,Walk-In,Walk-In
29-11-2025,MR10210004103,OP10210008193,Mrs. D ISWARYA,Female,24Y,9346024612,Dr. SIDDHARTH REDDY  ALLA,OPRInv1021-202511291659,RUT,,500,0,0,500,500,0,UPI - PhonePe,K PRATHIMA,Walk-In,Walk-In
29-11-2025,MR10210004651,OP10210008215,Mr. k RAYAP REDDY,Male,59Y,7702588949,Dr. SIDDHARTH REDDY  ALLA,OPRInv1021-202511291660,ENDOSCOPY,,3300,0,0,3300,3300,0,UPI - PhonePe,BHARGAV CHOWDARY,Walk-In,Walk-In
30-11-2025,MR10210004654,OP10210008220,Mr. M LOHITH SAI,Male,18Y,9154022307,Dr. SIDDHARTH REDDY  ALLA,OPRInv1021-202511301661,ENDOSCOPY,,3300,0,0,3300,3300,0,UPI - PhonePe,RUPA N,Walk-In,Walk-In
01-12-2025,MR10210004652,OP10210008223,Mr. Y ANIL KUMAR,Male,28Y,7039244127,Dr. SIDDHARTH REDDY  ALLA,OPRInv1021-20251211662,ENDOSCOPY,,3300,0,0,3300,3300,0,UPI - PhonePe,RUPA N,Walk-In,Walk-In
01-12-2025,MR10210000655,OP10210008221,Mr. VENKATESWA RAO ,Male,57Y,9959756425,Dr. SIDDHARTH REDDY  ALLA,OPRInv1021-20251211663,"ENDOSCOPY, SIGMOIDOSCOPY",,6600,0,0,6600,6600,0,UPI - PhonePe,RUPA N,Walk-In,Walk-In
01-12-2025,MR10210004657,OP10210008228,Mrs. E PARVATHI,Female,52Y,8639483221,Dr. SIDDHARTH REDDY  ALLA,OPRInv1021-20251211664,"ENDOSCOPY, SIGMOIDOSCOPY",,6600,0,0,6600,6600,0,UPI - PhonePe,RUPA N,Walk-In,Walk-In
01-12-2025,MR10210004657,OP10210008228,Mrs. E PARVATHI,Female,52Y,8639483221,Dr. SIDDHARTH REDDY  ALLA,OPRInv1021-20251211665,RUT,,500,0,0,500,500,0,UPI - PhonePe,RUPA N,Walk-In,Walk-In
01-12-2025,MR10210004652,OP10210008223,Mr. Y ANIL KUMAR,Male,28Y,7039244127,Dr. SIDDHARTH REDDY  ALLA,OPRInv1021-20251211666,RUT,,500,0,0,500,500,0,UPI - PhonePe,RUPA N,Walk-In,Walk-In
01-12-2025,MR10210004617,OP10210008226,Mr. N SIVA LINGAIAH,Male,57Y,9676389168,Dr. SIDDHARTH REDDY  ALLA,OPRInv1021-20251211667,ENDOSCOPY,,3300,800,0,2500,2500,0,Cash,Siddhartha Reddy ,Walk-In,Walk-In
01-12-2025,MR10210004302,OP10210008227,Mr. P SURESH,Male,61Y,9949676831,Dr. SIDDHARTH REDDY  ALLA,OPRInv1021-20251211668,"ANESTHETIA SGA, COLONOSCOPY, ENDOSCOPY",,13300,1200,0,12100,12100,0,Cash,Siddhartha Reddy ,Walk-In,Walk-In
01-12-2025,MR10210004302,OP10210008227,Mr. P SURESH,Male,61Y,9949676831,Dr. SIDDHARTH REDDY  ALLA,OPRInv1021-20251211669,"BIOPSY SMALL, RUT",,2000,0,0,2000,2000,0,Cash,RUPA N,Walk-In,Walk-In
02-12-2025,MR10210001372,OP10210008259,Mrs. SK KHAJA BEE ,Female,51Y,9553118654,Dr. SIDDHARTH REDDY  ALLA,OPRInv1021-20251221670,ENDOSCOPY,,3300,0,0,3300,3300,0,UPI - PhonePe,RUPA N,Walk-In,Walk-In
02-12-2025,MR10210004665,OP10210008254,Mr. D CHANDRA MOULI,Male,60Y,9100243947,Dr. SIDDHARTH REDDY  ALLA,OPRInv1021-20251221671,ENDOSCOPY,,3300,0,0,3300,3300,0,Cash,RUPA N,Walk-In,Walk-In
02-12-2025,MR10210004377,OP10210008255,Mrs. A VAJRAM,Female,58Y,9032578755,Dr. SIDDHARTH REDDY  ALLA,OPRInv1021-20251221672,ENDOSCOPY,,3300,0,0,3300,3300,0,UPI - PhonePe,RUPA N,Walk-In,Walk-In
02-12-2025,MR10210004666,OP10210008256,Mrs. T VIMALA,Female,64Y,9885321512,Dr. SIDDHARTH REDDY  ALLA,OPRInv1021-20251221673,ENDOSCOPY,,3300,0,0,3300,3300,0,UPI - PhonePe,RUPA N,Walk-In,Walk-In
02-12-2025,MR10210004661,OP10210008261,Mrs. P NAGESWARI,Female,49Y,8121712190,Dr. SIDDHARTH REDDY  ALLA,OPRInv1021-20251221674,"ANESTHETIA SGA, COLONOSCOPY, ENDOSCOPY",,13300,200,0,13100,13100,0,UPI - PhonePe,RUPA N,Walk-In,Walk-In
02-12-2025,MR10210004377,OP10210008255,Mrs. A VAJRAM,Female,58Y,9032578755,Dr. SIDDHARTH REDDY  ALLA,OPRInv1021-20251221675,RUT,,500,0,0,500,500,0,Cash,RUPA N,Walk-In,Walk-In
02-12-2025,MR10210004670,OP10210008266,Mrs. SK AYESHA,Female,37Y,9985603010,Dr. SIDDHARTH REDDY  ALLA,OPRInv1021-20251221676,ENDOSCOPY,,3300,0,0,3300,3300,0,Cash,RUPA N,Walk-In,Walk-In
02-12-2025,MR10210003110,OP10210008262,Mr. T SRINIVASA RAO ,Male,50Y,7396972429,Dr. SIDDHARTH REDDY  ALLA,OPRInv1021-20251221677,2D ECHO,,2500,500,0,2000,2000,0,Cash,PRAVEEN KUMAR,Walk-In,Walk-In
02-12-2025,MR10210004324,OP10210008268,Mr. M RAGHAVEDRA,Male,35Y,9110752343,Dr. SIDDHARTH REDDY  ALLA,OPRInv1021-20251221678,UGISCOPY + STENT REMOVAL,,5000,0,0,5000,5000,0,UPI - PhonePe,K PRATHIMA,Walk-In,Walk-In
02-12-2025,MR10210004670,OP10210008266,Mrs. SK AYESHA,Female,37Y,9985603010,Dr. SIDDHARTH REDDY  ALLA,OPRInv1021-20251221679,RUT,,500,0,0,500,500,0,Cash,K PRATHIMA,Walk-In,Walk-In
02-12-2025,MR10210004656,OP10210008273,Mr. K HANUMANTH RAO,Male,71Y,9052983202,Dr. SIDDHARTH REDDY  ALLA,OPRInv1021-20251221680,DIAGNOSTIC EUS,,15000,0,0,15000,10000,5000,UPI - PhonePe,K PRATHIMA,Walk-In,Walk-In
02-12-2025,MR10210004656,OP10210008273,Mr. K HANUMANTH RAO,Male,71Y,9052983202,Dr. SIDDHARTH REDDY  ALLA,OPRInv1021-20251221680,DIAGNOSTIC EUS,,15000,0,0,5000,5000,0,UPI - PhonePe,K PRATHIMA,Walk-In,Walk-In
02-12-2025,MR10210004665,OP10210008254,Mr. D CHANDRA MOULI,Male,60Y,9100243947,Dr. SIDDHARTH REDDY  ALLA,OPRInv1021-20251221681,PROCEDURE VARIATION AMOUNT,,1700,0,0,1700,1700,0,Cash,BHARGAV CHOWDARY,Walk-In,Walk-In
02-12-2025,MR10210001372,OP10210008259,Mrs. SK KHAJA BEE ,Female,51Y,9553118654,Dr. SIDDHARTH REDDY  ALLA,OPRInv1021-20251221682,"EVL BANDING , PROCEDURE VARIATION AMOUNT",,16700,0,0,16700,16700,0,UPI - PhonePe,BHARGAV CHOWDARY,Walk-In,Walk-In
03-12-2025,MR10210004672,OP10210008276,Mr. K GOWTHAM REDDY,Male,24Y,7288855428,Dr. SIDDHARTH REDDY  ALLA,OPRInv1021-20251231683,ENDOSCOPY,,3300,0,0,3300,3300,0,UPI - PhonePe,RUPA N,Walk-In,Walk-In
03-12-2025,MR10210004672,OP10210008276,Mr. K GOWTHAM REDDY,Male,24Y,7288855428,Dr. SIDDHARTH REDDY  ALLA,OPRInv1021-20251231684,RUT,,500,0,0,500,500,0,UPI - PhonePe,RUPA N,Walk-In,Walk-In
03-12-2025,MR10210004673,OP10210008278,Mr. MD AAMER,Male,39Y,9573863947,Dr. SIDDHARTH REDDY  ALLA,OPRInv1021-20251231685,ENDOSCOPY,,3300,0,0,3300,3300,0,UPI - PhonePe,RUPA N,Walk-In,Walk-In
04-12-2025,MR10210004683,OP10210008293,Mrs. G LAKSHMI KUMARI,Female,40Y,9493923495,Dr. SIDDHARTH REDDY  ALLA,OPRInv1021-20251241686,ENDOSCOPY,,3300,0,0,3300,3300,0,Cash,RUPA N,Walk-In,Walk-In
04-12-2025,MR10210004684,OP10210008297,Mrs. M SRI DEVI,Female,42Y,9959937307,Dr. SIDDHARTH REDDY  ALLA,OPRInv1021-20251241687,SIGMOIDOSCOPY,,3300,0,0,3300,3300,0,Cash,RUPA N,Doctor,Doctor - DR.JHANSI MAM
04-12-2025,MR10210004685,OP10210008298,Mrs. K DHANAMMA,Female,55Y,9985508498,Dr. SIDDHARTH REDDY  ALLA,OPRInv1021-20251241688,ENDOSCOPY,,3300,0,0,3300,3300,0,Cash,RUPA N,Walk-In,Walk-In
04-12-2025,MR10210004683,OP10210008293,Mrs. G LAKSHMI KUMARI,Female,40Y,9493923495,Dr. SIDDHARTH REDDY  ALLA,OPRInv1021-20251241689,RUT,,500,0,0,500,500,0,Cash,RUPA N,Walk-In,Walk-In
04-12-2025,MR10210004687,OP10210008302,Mrs. M ANUSURYAMMA,Female,72Y,9885603197,Dr. SIDDHARTH REDDY  ALLA,OPRInv1021-20251241690,ENDOSCOPY,,3300,0,0,3300,3300,0,Cash,RUPA N,Walk-In,Walk-In
04-12-2025,MR10210004682,OP10210008291,Ms. D DHIKSHITHA,Female,22Y,8008244554,Dr. SIDDHARTH REDDY  ALLA,OPRInv1021-20251241691,ENDOSCOPY,,3300,990,0,2310,2300,10,UPI - PhonePe,BHARGAV CHOWDARY,Doctor,Doctor - SRIKANTH SIR
25-02-2026,MR10210004682,OP10210008291,Ms. D DHIKSHITHA,Female,22Y,8008244554,Dr. SIDDHARTH REDDY  ALLA,OPRInv1021-20251241691,ENDOSCOPY,,3300,990,10,0,0,0,Cash,BHARGAV CHOWDARY,Doctor,Doctor - SRIKANTH SIR
05-12-2025,MR10210004690,OP10210008308,Mr. SK KASHIM  SAIDHA,Male,37Y,9000128392,Dr. SIDDHARTH REDDY  ALLA,OPRInv1021-20251251692,RUT,,500,0,0,500,500,0,Cash,RUPA N,Walk-In,Walk-In
05-12-2025,MR10210004694,OP10210008322,Mr. K SIVA PRASAD,Male,45Y,9666763657,Dr. SIDDHARTH REDDY  ALLA,OPRInv1021-20251251693,ENDOSCOPY,,3300,0,0,3300,3300,0,Cash,RUPA N,Walk-In,Walk-In
05-12-2025,MR10210004691,OP10210008309,Ms. M SONIKA,Female,21Y,8186943469,Dr. SIDDHARTH REDDY  ALLA,OPRInv1021-20251251694,ENDOSCOPY,,3300,500,0,2800,2800,0,UPI - PhonePe,RUPA N,Walk-In,Walk-In
05-12-2025,MR10210004693,OP10210008321,Mr. P SURESH BABU,Male,46Y,8074621961,Dr. SIDDHARTH REDDY  ALLA,OPRInv1021-20251251695,RUT,,500,0,0,500,500,0,Cash,RUPA N,Walk-In,Walk-In
05-12-2025,MR10210004693,OP10210008321,Mr. P SURESH BABU,Male,46Y,8074621961,Dr. SIDDHARTH REDDY  ALLA,OPRInv1021-20251251696,ENDOSCOPY,,3300,0,0,3300,3300,0,UPI - PhonePe,K PRATHIMA,Walk-In,Walk-In
06-12-2025,MR10210004699,OP10210008332,Mr. CH SRINIVASA RAO,Male,64Y,9052407946,Dr. SIDDHARTH REDDY  ALLA,OPRInv1021-20251261697,ENDOSCOPY,,3300,0,0,3300,3300,0,UPI - PhonePe,RUPA N,Walk-In,Walk-In
06-12-2025,MR10210004698,OP10210008329,Mrs. Y SEETHA RAMULU,Female,58Y,9849513289,Dr. SIDDHARTH REDDY  ALLA,OPRInv1021-20251261698,"ANESTHETIA SGA, COLONOSCOPY",,10000,1200,0,8800,8800,0,Cash,RUPA N,Walk-In,Walk-In
06-12-2025,MR10210004426,OP10210008330,Mrs. K SONI,Female,35Y,8886423237,Dr. SIDDHARTH REDDY  ALLA,OPRInv1021-20251261699,ENDOSCOPY,,3300,0,0,3300,2500,800,UPI - PhonePe,RUPA N,Walk-In,Walk-In
06-12-2025,MR10210004426,OP10210008330,Mrs. K SONI,Female,35Y,8886423237,Dr. SIDDHARTH REDDY  ALLA,OPRInv1021-20251261699,ENDOSCOPY,,3300,0,0,800,800,0,Cash,RUPA N,Walk-In,Walk-In
06-12-2025,MR10210004702,OP10210008336,Mr. O SRINU,Male,64Y,9985478951,Dr. SIDDHARTH REDDY  ALLA,OPRInv1021-20251261700,"ANESTHETIA SGA, COLONOSCOPY",,10000,200,0,9800,9800,0,UPI - PhonePe,RUPA N,Walk-In,Walk-In
06-12-2025,MR10210004702,OP10210008343,Mr. O SRINU,Male,64Y,9985478951,Dr. SIDDHARTH REDDY  ALLA,OPRInv1021-20251261701,ENDOSCOPY,,3300,0,0,3300,3300,0,UPI - PhonePe,BHARGAV CHOWDARY,Walk-In,Walk-In
06-12-2025,MR10210004702,OP10210008344,Mr. O SRINU,Male,64Y,9985478951,Dr. SIDDHARTH REDDY  ALLA,OPRInv1021-20251261702,BIOPSY SMALL,,1500,0,0,1500,1500,0,UPI - PhonePe,K PRATHIMA,Walk-In,Walk-In
06-12-2025,MR10210004704,OP10210008347,Mr. SK KHASIM BAIG,Male,72Y,9704783410,Dr. SIDDHARTH REDDY  ALLA,OPRInv1021-20251261703,ENDOSCOPY,,3300,0,0,3300,3300,0,Cash,K PRATHIMA,Walk-In,Walk-In
08-12-2025,MR10210004709,OP10210008353,Mrs. V HIMA PRIYA,Female,42Y,9676725751,Dr. SIDDHARTH REDDY  ALLA,OPRInv1021-20251281704,ENDOSCOPY,,3300,0,0,3300,3300,0,UPI - PhonePe,RUPA N,Walk-In,Walk-In
08-12-2025,MR10210004710,OP10210008357,Mr. U BRAMHACHARI,Male,65Y,9949979311,Dr. SIDDHARTH REDDY  ALLA,OPRInv1021-20251281705,ENDOSCOPY,,3300,0,0,3300,3300,0,Cash,RUPA N,Walk-In,Walk-In
08-12-2025,MR10210004709,OP10210008358,Mrs. V HIMA PRIYA,Female,42Y,9676725751,Dr. SIDDHARTH REDDY  ALLA,OPRInv1021-20251281706,RUT,,500,0,0,500,500,0,UPI - PhonePe,RUPA N,Walk-In,Walk-In
08-12-2025,MR10210004711,OP10210008356,Mrs. S NAGA LAKSHMI,Female,47Y,9948579008,Dr. SIDDHARTH REDDY  ALLA,OPRInv1021-20251281707,ENDOSCOPY,,3300,500,0,2800,2800,0,UPI - PhonePe,RUPA N,Walk-In,Walk-In
08-12-2025,MR10210004712,OP10210008359,Mrs. I VENKAYAMMA,Female,55Y,9888299940,Dr. SIDDHARTH REDDY  ALLA,OPRInv1021-20251281708,ENDOSCOPY,,3300,0,0,3300,3300,0,UPI - PhonePe,RUPA N,Walk-In,Walk-In
08-12-2025,MR10210004713,OP10210008360,Mrs. A SUBAMMA,Female,55Y,7286812429,Dr. SIDDHARTH REDDY  ALLA,OPRInv1021-20251281709,ENDOSCOPY,,3300,1000,0,2300,2300,0,Cash,Siddhartha Reddy ,Walk-In,Walk-In
08-12-2025,MR10210004705,OP10210008361,Mr. MD RAFI,Male,65Y,9533935339,Dr. SIDDHARTH REDDY  ALLA,OPRInv1021-20251281710,"ANESTHETIA SGA, COLONOSCOPY",,10000,0,0,10000,4800,5200,UPI - PhonePe,RUPA N,Walk-In,Walk-In
08-12-2025,MR10210004705,OP10210008361,Mr. MD RAFI,Male,65Y,9533935339,Dr. SIDDHARTH REDDY  ALLA,OPRInv1021-20251281710,"ANESTHETIA SGA, COLONOSCOPY",,10000,0,200,5000,5000,0,Cash,RUPA N,Walk-In,Walk-In
08-12-2025,MR10210004712,OP10210008359,Mrs. I VENKAYAMMA,Female,55Y,9888299940,Dr. SIDDHARTH REDDY  ALLA,OPRInv1021-20251281711,RUT,,500,0,0,500,500,0,UPI - PhonePe,K PRATHIMA,Walk-In,Walk-In
08-12-2025,MR10210004713,OP10210008360,Mrs. A SUBAMMA,Female,55Y,7286812429,Dr. SIDDHARTH REDDY  ALLA,OPRInv1021-20251281712,RUT,,500,0,0,500,500,0,Cash,K PRATHIMA,Walk-In,Walk-In
08-12-2025,MR10210004711,OP10210008356,Mrs. S NAGA LAKSHMI,Female,47Y,9948579008,Dr. SIDDHARTH REDDY  ALLA,OPRInv1021-20251281713,RUT,,500,0,0,500,0,500,Cash,K PRATHIMA,Walk-In,Walk-In
25-02-2026,MR10210004711,OP10210008356,Mrs. S NAGA LAKSHMI,Female,47Y,9948579008,Dr. SIDDHARTH REDDY  ALLA,OPRInv1021-20251281713,RUT,,500,0,500,0,0,0,Cash,K PRATHIMA,Walk-In,Walk-In
09-12-2025,MR10210004723,OP10210008382,Mr. M VENKATESWARA RAO,Male,70Y,9912340534,Dr. SIDDHARTH REDDY  ALLA,OPRInv1021-20251291714,"ANESTHETIA SGA, COLONOSCOPY",,10000,1200,0,8800,8800,0,UPI - PhonePe,RUPA N,Walk-In,Walk-In
09-12-2025,MR10210004726,OP10210008384,Mr. L VEERAIAH,Male,48Y,9440013379,Dr. SIDDHARTH REDDY  ALLA,OPRInv1021-20251291715,ENDOSCOPY,,3300,0,0,3300,3300,0,UPI - PhonePe,RUPA N,Walk-In,Walk-In
09-12-2025,MR10210001688,OP10210008381,Mr. T TRILOK CHAND ,Male,48Y,9000934120,Dr. SIDDHARTH REDDY  ALLA,OPRInv1021-20251291716,ENDOSCOPY,,3300,0,0,3300,3300,0,UPI - PhonePe,RUPA N,Walk-In,Walk-In
09-12-2025,MR10210004716,OP10210008370,Mr. BARAK HASAN,Male,43Y,7207003584,Dr. SIDDHARTH REDDY  ALLA,OPRInv1021-20251291717,"ANESTHETIA SGA, COLONOSCOPY, ENDOSCOPY",,13300,200,0,13100,13100,0,Cash,RUPA N,Walk-In,Walk-In
09-12-2025,MR10210004485,OP10210008386,Ms. P JYOTHI,Female,27Y,8520850822,Dr. SIDDHARTH REDDY  ALLA,OPRInv1021-20251291718,ENDOSCOPY,,3300,0,0,3300,3300,0,UPI - PhonePe,RUPA N,Walk-In,Walk-In
09-12-2025,MR10210001688,OP10210008381,Mr. T TRILOK CHAND ,Male,48Y,9000934120,Dr. SIDDHARTH REDDY  ALLA,OPRInv1021-20251291719,RUT,,500,0,0,500,500,0,UPI - PhonePe,RUPA N,Walk-In,Walk-In
09-12-2025,MR10210004485,OP10210008386,Ms. P JYOTHI,Female,27Y,8520850822,Dr. SIDDHARTH REDDY  ALLA,OPRInv1021-20251291720,RUT,,500,0,0,500,500,0,UPI - PhonePe,RUPA N,Walk-In,Walk-In
09-12-2025,MR10210004726,OP10210008384,Mr. L VEERAIAH,Male,48Y,9440013379,Dr. SIDDHARTH REDDY  ALLA,OPRInv1021-20251291721,RUT,,500,0,0,500,500,0,UPI - PhonePe,RUPA N,Walk-In,Walk-In
10-12-2025,MR10210004369,OP10210008394,Mr. G NARSI REDDY,Male,75Y,9036482562,Dr. SIDDHARTH REDDY  ALLA,OPRInv1021-202512101722,"ANESTHETIA SGA, COLONOSCOPY",,10000,200,0,9800,9800,0,Cash,RUPA N,Walk-In,Walk-In
10-12-2025,MR10210004731,OP10210008395,Mr. Y MANOHAR,Male,23Y,9912588049,Dr. SIDDHARTH REDDY  ALLA,OPRInv1021-202512101723,ENDOSCOPY,,3300,0,0,3300,3300,0,Cash,RUPA N,Walk-In,Walk-In
10-12-2025,MR10210004731,OP10210008395,Mr. Y MANOHAR,Male,23Y,9912588049,Dr. SIDDHARTH REDDY  ALLA,OPRInv1021-202512101724,RUT,,500,0,0,500,500,0,UPI - PhonePe,RUPA N,Walk-In,Walk-In
10-12-2025,MR10210004733,OP10210008400,Mr. P VENKATESH,Male,36Y,9052776285,Dr. SIDDHARTH REDDY  ALLA,OPRInv1021-202512101725,ENDOSCOPY,,3300,0,0,3300,3300,0,UPI - PhonePe,K PRATHIMA,Walk-In,Walk-In
10-12-2025,MR10210004737,OP10210008405,Mr. B CHITTI BABU,Male,48Y,8247662742,Dr. SIDDHARTH REDDY  ALLA,OPRInv1021-202512101726,ENDOSCOPY,,3300,0,0,3300,3300,0,Cash,K PRATHIMA,Walk-In,Walk-In
10-12-2025,MR10210004739,OP10210008408,Mr. G PRAKASH REDDY,Male,70Y,9866190360,Dr. SIDDHARTH REDDY  ALLA,OPRInv1021-202512101727,RUT,,500,0,0,500,500,0,Cash,K PRATHIMA,Walk-In,Walk-In
11-12-2025,MR10210004733,OP10210008400,Mr. P VENKATESH,Male,36Y,9052776285,Dr. SIDDHARTH REDDY  ALLA,OPRInv1021-202512111728,RUT,,500,0,0,500,500,0,UPI - PhonePe,RUPA N,Walk-In,Walk-In
11-12-2025,MR10210004742,OP10210008413,Mr. P ANIL KUMAR,Male,34Y,9666827570,Dr. SIDDHARTH REDDY  ALLA,OPRInv1021-202512111729,ENDOSCOPY,,3300,0,0,3300,3300,0,UPI - PhonePe,RUPA N,Walk-In,Walk-In
11-12-2025,MR10210004629,OP10210008415,Ms. Y AMRUTHA,Female,17Y,9390896439,Dr. SIDDHARTH REDDY  ALLA,OPRInv1021-202512111730,ENDOSCOPY,,3300,0,0,3300,3300,0,UPI - PhonePe,RUPA N,Walk-In,Walk-In
11-12-2025,MR10210004742,OP10210008413,Mr. P ANIL KUMAR,Male,34Y,9666827570,Dr. SIDDHARTH REDDY  ALLA,OPRInv1021-202512111731,RUT,,500,0,0,500,500,0,UPI - PhonePe,RUPA N,Walk-In,Walk-In
11-12-2025,MR10210004743,OP10210008416,Mrs. D PURNAMMA,Female,55Y,9347214574,Dr. SIDDHARTH REDDY  ALLA,OPRInv1021-202512111732,ENDOSCOPY,,3300,0,0,3300,2900,400,Cash,RUPA N,Walk-In,Walk-In
11-12-2025,MR10210004743,OP10210008416,Mrs. D PURNAMMA,Female,55Y,9347214574,Dr. SIDDHARTH REDDY  ALLA,OPRInv1021-202512111732,ENDOSCOPY,,3300,0,0,400,400,0,UPI - PhonePe,RUPA N,Walk-In,Walk-In
11-12-2025,MR10210004629,OP10210008415,Ms. Y AMRUTHA,Female,17Y,9390896439,Dr. SIDDHARTH REDDY  ALLA,OPRInv1021-202512111733,RUT,,500,0,0,500,500,0,UPI - PhonePe,RUPA N,Walk-In,Walk-In
11-12-2025,MR10210002185,OP10210008420,Mr. A KARTHK ,Male,19Y,9010277169,Dr. SIDDHARTH REDDY  ALLA,OPRInv1021-202512111734,"ANESTHETIA SGA, COLONOSCOPY",,10000,200,0,9800,8000,1800,Cash,RUPA N,Walk-In,Walk-In
11-12-2025,MR10210002185,OP10210008420,Mr. A KARTHK ,Male,19Y,9010277169,Dr. SIDDHARTH REDDY  ALLA,OPRInv1021-202512111734,"ANESTHETIA SGA, COLONOSCOPY",,10000,200,0,1800,1800,0,UPI - PhonePe,RUPA N,Walk-In,Walk-In
12-12-2025,MR10210004746,OP10210008422,Mr. S PREM NOEL,Male,29Y,9494515756,Dr. SIDDHARTH REDDY  ALLA,OPRInv1021-202512121735,ENDOSCOPY,,3300,0,0,3300,3300,0,UPI - PhonePe,RUPA N,Walk-In,Walk-In
12-12-2025,MR10210004746,OP10210008422,Mr. S PREM NOEL,Male,29Y,9494515756,Dr. SIDDHARTH REDDY  ALLA,OPRInv1021-202512121736,RUT,,500,0,0,500,500,0,UPI - PhonePe,RUPA N,Walk-In,Walk-In
12-12-2025,MR10210004752,OP10210008434,Mr. K BHASKAR,Male,37Y,7780307321,Dr. SIDDHARTH REDDY  ALLA,OPRInv1021-202512121737,ENDOSCOPY,,3300,0,0,3300,3300,0,Cash,RUPA N,Walk-In,Walk-In
12-12-2025,MR10210004749,OP10210008429,Mrs. M SUJATHA,Female,40Y,9347259587,Dr. SIDDHARTH REDDY  ALLA,OPRInv1021-202512121738,SIGMOIDOSCOPY,,3300,0,0,3300,3300,0,Cash,RUPA N,Walk-In,Walk-In
13-12-2025,MR10210004748,OP10210008428,Mr. K DEVENDER REDDY,Male,34Y,7981330620,Dr. SIDDHARTH REDDY  ALLA,OPRInv1021-202512131739,ENDOSCOPY,,3300,0,0,3300,3300,0,UPI - PhonePe,VINEELA J,Walk-In,Walk-In
13-12-2025,MR10210004766,OP10210008463,Mrs. SK HABBIBUL,Female,62Y,9032623266,Dr. SIDDHARTH REDDY  ALLA,OPRInv1021-202512131740,ENDOSCOPY,,3300,1300,0,2000,2000,0,UPI - PhonePe,Siddhartha Reddy ,Walk-In,Walk-In
13-12-2025,MR10210004767,OP10210008464,Mrs. S RADHIKA,Female,55Y,8074915331,Dr. SIDDHARTH REDDY  ALLA,OPRInv1021-202512131741,2D ECHO,,2500,0,0,2500,2500,0,UPI - PhonePe,K PRATHIMA,Walk-In,Walk-In
14-12-2025,MR10210004768,OP10210008465,Mrs. K NAGA LAKSHMI,Female,55Y,7288055665,Dr. SIDDHARTH REDDY  ALLA,OPRInv1021-202512141742,ENDOSCOPY,,3300,0,0,3300,3300,0,UPI - PhonePe,RUPA N,Walk-In,Walk-In
15-12-2025,MR10210004770,OP10210008469,Mr. SK NAGOOR BABU,Male,28Y,7396426716,Dr. SIDDHARTH REDDY  ALLA,OPRInv1021-202512151743,ENDOSCOPY,,3300,500,0,2800,2800,0,UPI - PhonePe,RUPA N,Walk-In,Walk-In
15-12-2025,MR10210004773,OP10210008474,Mr. G VENKATESWARLU,Male,62Y,9948891599,Dr. SIDDHARTH REDDY  ALLA,OPRInv1021-202512151744,ENDOSCOPY,,3300,0,0,3300,3300,0,Cash,RUPA N,Walk-In,Walk-In
15-12-2025,MR10210004773,OP10210008474,Mr. G VENKATESWARLU,Male,62Y,9948891599,Dr. SIDDHARTH REDDY  ALLA,OPRInv1021-202512151745,RUT,,500,0,0,500,500,0,Cash,RUPA N,Walk-In,Walk-In
15-12-2025,MR10210004764,OP10210008470,Mrs. K PARVATHI,Female,67Y,9030117227,Dr. SIDDHARTH REDDY  ALLA,OPRInv1021-202512151746,"ANESTHETIA SGA, COLONOSCOPY, ENDOSCOPY",,13300,3300,0,10000,10000,0,Cash,Siddhartha Reddy ,Walk-In,Walk-In
15-12-2025,MR10210000231,OP10210008471,Mr. KRISHNAREDDY M S R,Male,80Y,8500450187,Dr. SIDDHARTH REDDY  ALLA,OPRInv1021-202512151747,"ANESTHETIA SGA, COLONOSCOPY, ENDOSCOPY",,13300,2300,0,11000,11000,0,Cash,Siddhartha Reddy ,Walk-In,Walk-In
15-12-2025,MR10210004764,OP10210008470,Mrs. K PARVATHI,Female,67Y,9030117227,Dr. SIDDHARTH REDDY  ALLA,OPRInv1021-202512151748,RUT,,500,0,0,500,500,0,Cash,K PRATHIMA,Walk-In,Walk-In
15-12-2025,MR10210004772,OP10210008473,Mr. B VENKATESH,Male,25Y,6304907723,Dr. SIDDHARTH REDDY  ALLA,OPRInv1021-202512151749,ENDOSCOPY,,3300,0,0,3300,3300,0,UPI - PhonePe,K PRATHIMA,Walk-In,Walk-In
15-12-2025,MR10210004778,OP10210008488,Mrs. S KITTAMMA,Female,59Y,9963882437,Dr. SIDDHARTH REDDY  ALLA,OPRInv1021-202512151750,ENDOSCOPY,,3300,0,0,3300,3300,0,Cash,K PRATHIMA,Walk-In,Walk-In
15-12-2025,MR10210004772,OP10210008473,Mr. B VENKATESH,Male,25Y,6304907723,Dr. SIDDHARTH REDDY  ALLA,OPRInv1021-202512151751,RUT,,500,0,0,500,500,0,UPI - PhonePe,K PRATHIMA,Walk-In,Walk-In
15-12-2025,MR10210004776,OP10210008479,Mr. P UMA MAHESWAR RAO,Male,64Y,9959813181,Dr. SIDDHARTH REDDY  ALLA,OPRInv1021-202512151752,RUT,,500,0,0,500,500,0,Cash,K PRATHIMA,Walk-In,Walk-In
15-12-2025,MR10210000231,OP10210008471,Mr. KRISHNAREDDY M S R,Male,80Y,8500450187,Dr. SIDDHARTH REDDY  ALLA,OPRInv1021-202512151753,BIOPSY SMALL,,1500,0,0,1500,1500,0,Cash,K PRATHIMA,Walk-In,Walk-In
15-12-2025,MR10210004778,OP10210008489,Mrs. S KITTAMMA,Female,59Y,9963882437,Dr. SIDDHARTH REDDY  ALLA,OPRInv1021-202512151754,RUT,,500,0,0,500,500,0,Cash,K PRATHIMA,Walk-In,Walk-In
15-12-2025,MR10210004780,OP10210008491,Mr. S LAKSHMAIAH,Male,84Y,8121218465,Dr. SIDDHARTH REDDY  ALLA,OPRInv1021-202512151755,ENDOSCOPY,,3300,0,0,3300,3300,0,Cash,K PRATHIMA,Walk-In,Walk-In
15-12-2025,MR10210004780,OP10210008492,Mr. S LAKSHMAIAH,Male,84Y,8121218465,Dr. SIDDHARTH REDDY  ALLA,OPRInv1021-202512151756,BIOPSY SMALL,,1500,0,0,1500,1500,0,Cash,K PRATHIMA,Walk-In,Walk-In
16-12-2025,MR10210004782,OP10210008494,Mrs. B SOVAMMA,Female,60Y,9849799590,Dr. SIDDHARTH REDDY  ALLA,OPRInv1021-202512161757,ENDOSCOPY,,3300,0,0,3300,3300,0,UPI - PhonePe,RUPA N,Walk-In,Walk-In
16-12-2025,MR10210004769,OP10210008495,Mr. J PRASAD,Male,24Y,9959744229,Dr. SIDDHARTH REDDY  ALLA,OPRInv1021-202512161758,COLONOSCOPY,,6500,1700,0,4800,4800,0,UPI - PhonePe,Siddhartha Reddy ,Walk-In,Walk-In
16-12-2025,MR10210004783,OP10210008496,Mr. M SURI BABU,Male,56Y,9963999019,Dr. SIDDHARTH REDDY  ALLA,OPRInv1021-202512161759,"ANESTHETIA SGA, COLONOSCOPY, ENDOSCOPY",,13300,200,0,13100,13100,0,Cash,RUPA N,Doctor,Doctor - SK.ABHIBULLA
16-12-2025,MR10210004782,OP10210008494,Mrs. B SOVAMMA,Female,60Y,9849799590,Dr. SIDDHARTH REDDY  ALLA,OPRInv1021-202512161760,RUT,,500,0,0,500,500,0,UPI - PhonePe,RUPA N,Walk-In,Walk-In
16-12-2025,MR10210003934,OP10210008498,Mr. M POTHU RAJU ,Male,40Y,8686413186,Dr. SIDDHARTH REDDY  ALLA,OPRInv1021-202512161761,ENDOSCOPY,,3300,0,0,3300,3300,0,Cash,RUPA N,Walk-In,Walk-In
16-12-2025,MR10210003934,OP10210008498,Mr. M POTHU RAJU ,Male,40Y,8686413186,Dr. SIDDHARTH REDDY  ALLA,OPRInv1021-202512161762,RUT,,500,0,0,500,500,0,UPI - PhonePe,RUPA N,Walk-In,Walk-In
16-12-2025,MR10210004785,OP10210008500,Mr. G ANJAIAH,Male,58Y,7702387976,Dr. SIDDHARTH REDDY  ALLA,OPRInv1021-202512161763,ENDOSCOPY,,3300,0,0,3300,3300,0,Cash,RUPA N,Walk-In,Walk-In
16-12-2025,MR10210004787,OP10210008503,Mrs. G GIRIJA,Female,44Y,9247489432,Dr. SIDDHARTH REDDY  ALLA,OPRInv1021-202512161764,ENDOSCOPY,,3300,0,0,3300,3300,0,UPI - PhonePe,RUPA N,Walk-In,Walk-In
16-12-2025,MR10210004786,OP10210008501,Mr. M SURESH BABU,Male,51Y,9908755113,Dr. SIDDHARTH REDDY  ALLA,OPRInv1021-202512161765,"ANESTHETIA SGA, COLONOSCOPY",,10000,200,0,9800,9800,0,Cash,RUPA N,Walk-In,Walk-In
16-12-2025,MR10210004785,OP10210008500,Mr. G ANJAIAH,Male,58Y,7702387976,Dr. SIDDHARTH REDDY  ALLA,OPRInv1021-202512161766,RUT,,500,0,0,500,500,0,Cash,RUPA N,Walk-In,Walk-In
16-12-2025,MR10210004784,OP10210008497,Mr. V VASU,Male,33Y,9573328532,Dr. SIDDHARTH REDDY  ALLA,OPRInv1021-202512161767,"ANESTHETIA SGA, COLONOSCOPY",,10000,200,0,9800,9800,0,Cash,RUPA N,Doctor,Doctor - HANUMANTHU RAO GARU
16-12-2025,MR10210004788,OP10210008504,Mr. M NAGESWARA RAO,Male,50Y,8125968545,Dr. SIDDHARTH REDDY  ALLA,OPRInv1021-202512161768,"ANESTHETIA SGA, COLONOSCOPY",,10000,200,0,9800,9800,0,UPI - PhonePe,RUPA N,Doctor,Doctor - DR.M.RAJYA LAKSHMI MAM
16-12-2025,MR10210004769,OP10210008495,Mr. J PRASAD,Male,24Y,9959744229,Dr. SIDDHARTH REDDY  ALLA,OPRInv1021-202512161769,BIOPSY SMALL,,1500,0,0,1500,1500,0,UPI - PhonePe,K PRATHIMA,Walk-In,Walk-In
16-12-2025,MR10210004783,OP10210008496,Mr. M SURI BABU,Male,56Y,9963999019,Dr. SIDDHARTH REDDY  ALLA,OPRInv1021-202512161770,"BIOPSY SMALL, RUT",,2000,0,0,2000,2000,0,UPI - PhonePe,K PRATHIMA,Doctor,Doctor - SK.ABHIBULLA
17-12-2025,MR10210004796,OP10210008514,Ms. SK BEEBI,Female,17Y,8179201604,Dr. SIDDHARTH REDDY  ALLA,OPRInv1021-202512171771,"ANESTHETIA SGA, COLONOSCOPY",,10000,200,0,9800,9800,0,UPI - PhonePe,RUPA N,Walk-In,Walk-In
17-12-2025,MR10210002054,OP10210008515,Mrs. R MANGAMMA ,Female,52Y,6300608803,Dr. SIDDHARTH REDDY  ALLA,OPRInv1021-202512171772,ENDOSCOPY,,3300,0,0,3300,3300,0,Cash,RUPA N,Walk-In,Walk-In
17-12-2025,MR10210003433,OP10210008509,Mr. PANDU RANGA RAO Y,Male,54Y,9246484044,Dr. SIDDHARTH REDDY  ALLA,OPRInv1021-202512171773,ENDOSCOPY,,3300,500,0,2800,2800,0,UPI - PhonePe,RUPA N,Walk-In,Walk-In
17-12-2025,MR10210004777,OP10210008518,Mrs. P LALEETHA,Female,58Y,9704999084,Dr. SIDDHARTH REDDY  ALLA,OPRInv1021-202512171774,"ANESTHETIA SGA, COLONOSCOPY",,10000,200,0,9800,9800,0,UPI - PhonePe,RUPA N,Walk-In,Walk-In
17-12-2025,MR10210002054,OP10210008515,Mrs. R MANGAMMA ,Female,52Y,6300608803,Dr. SIDDHARTH REDDY  ALLA,OPRInv1021-202512171775,RUT,,500,0,0,500,500,0,Cash,RUPA N,Walk-In,Walk-In
17-12-2025,MR10210004798,OP10210008522,Mr. B SRIDHAR,Male,55Y,9381796634,Dr. SIDDHARTH REDDY  ALLA,OPRInv1021-202512171776,ENDOSCOPY,,3300,0,0,3300,3300,0,Cash,RUPA N,Walk-In,Walk-In
17-12-2025,MR10210004799,OP10210008523,Mr. B SRIDHR,Male,55Y,9381796634,Dr. SIDDHARTH REDDY  ALLA,OPRInv1021-202512171777,RUT,,500,0,0,500,500,0,Cash,RUPA N,Walk-In,Walk-In
17-12-2025,MR10210004777,OP10210008518,Mrs. P LALEETHA,Female,58Y,9704999084,Dr. SIDDHARTH REDDY  ALLA,OPRInv1021-202512171778,ENDOSCOPY,,3300,0,0,3300,3300,0,UPI - PhonePe,RUPA N,Walk-In,Walk-In
17-12-2025,MR10210004759,OP10210008529,Mrs. K NAGA JAYA LAKSHMI,Female,42Y,9441452349,Dr. SIDDHARTH REDDY  ALLA,OPRInv1021-202512171779,ENDOSCOPY,,3300,0,0,3300,3300,0,UPI - PhonePe,K PRATHIMA,Walk-In,Walk-In
17-12-2025,MR10210004777,OP10210008518,Mrs. P LALEETHA,Female,58Y,9704999084,Dr. SIDDHARTH REDDY  ALLA,OPRInv1021-202512171780,RUT,,500,0,0,500,500,0,UPI - PhonePe,K PRATHIMA,Walk-In,Walk-In
17-12-2025,MR10210004759,OP10210008529,Mrs. K NAGA JAYA LAKSHMI,Female,42Y,9441452349,Dr. SIDDHARTH REDDY  ALLA,OPRInv1021-202512171781,RUT,,500,0,0,500,500,0,UPI - PhonePe,K PRATHIMA,Walk-In,Walk-In
18-12-2025,MR10210004806,OP10210008533,Mrs. G SUBBULU,Female,63Y,9912220644,Dr. SIDDHARTH REDDY  ALLA,OPRInv1021-202512181782,ENDOSCOPY,,3300,0,0,3300,3300,0,Cash,RUPA N,Walk-In,Walk-In
18-12-2025,MR10210004807,OP10210008534,Ms. CH AMULYA,Female,29Y,8179523936,Dr. SIDDHARTH REDDY  ALLA,OPRInv1021-202512181783,ENDOSCOPY,,3300,0,0,3300,3300,0,UPI - PhonePe,RUPA N,Walk-In,Walk-In
18-12-2025,MR10210004806,OP10210008539,Mrs. G SUBBULU,Female,63Y,9912220644,Dr. SIDDHARTH REDDY  ALLA,OPRInv1021-202512181784,RUT,,500,0,0,500,500,0,Cash,RUPA N,Walk-In,Walk-In
18-12-2025,MR10210004807,OP10210008540,Ms. CH AMULYA,Female,29Y,8179523936,Dr. SIDDHARTH REDDY  ALLA,OPRInv1021-202512181785,RUT,,500,0,0,500,500,0,UPI - PhonePe,RUPA N,Walk-In,Walk-In
19-12-2025,MR10210004809,OP10210008553,Mr. B VENKAIAH,Male,53Y,9160805185,Dr. SIDDHARTH REDDY  ALLA,OPRInv1021-202512191786,ENDOSCOPY,,3300,0,0,3300,3300,0,Cash,RUPA N,Walk-In,Walk-In
19-12-2025,MR10210004809,OP10210008553,Mr. B VENKAIAH,Male,53Y,9160805185,Dr. SIDDHARTH REDDY  ALLA,OPRInv1021-202512191787,RUT,,500,0,0,500,500,0,Cash,RUPA N,Walk-In,Walk-In
19-12-2025,MR10210004811,OP10210008554,Mr. K HEMA KUMAR,Male,49Y,9704772150,Dr. SIDDHARTH REDDY  ALLA,OPRInv1021-202512191788,ENDOSCOPY,,3300,0,0,3300,3300,0,UPI - PhonePe,RUPA N,Walk-In,Walk-In
21-12-2025,MR10210004813,OP10210008560,Mrs. SK ASMA TUNNISA,Female,62Y,6302308091,Dr. SIDDHARTH REDDY  ALLA,OPRInv1021-202512211789,ENDOSCOPY,,3300,0,0,3300,3300,0,UPI - PhonePe,K PRATHIMA,Walk-In,Walk-In
21-12-2025,MR10210004813,OP10210008567,Mrs. SK ASMA TUNNISA,Female,62Y,6302308091,Dr. SIDDHARTH REDDY  ALLA,OPRInv1021-202512211790,RUT,,500,0,0,500,500,0,UPI - PhonePe,K PRATHIMA,Walk-In,Walk-In
21-12-2025,MR10210004816,OP10210008568,Mr. G SRINU,Male,49Y,8555825209,Dr. SIDDHARTH REDDY  ALLA,OPRInv1021-202512211791,ENDOSCOPY,,3300,0,0,3300,3300,0,UPI - PhonePe,K PRATHIMA,Walk-In,Walk-In
21-12-2025,MR10210004736,OP10210008569,Mr. K VENKATAPPAIAH,Male,42Y,7382462021,Dr. SIDDHARTH REDDY  ALLA,OPRInv1021-202512211792,ENDOSCOPY,,3300,0,0,3300,3300,0,UPI - PhonePe,K PRATHIMA,Walk-In,Walk-In
21-12-2025,MR10210004736,OP10210008569,Mr. K VENKATAPPAIAH,Male,42Y,7382462021,Dr. SIDDHARTH REDDY  ALLA,OPRInv1021-202512211793,RUT,,500,0,0,500,500,0,UPI - PhonePe,K PRATHIMA,Walk-In,Walk-In
21-12-2025,MR10210004816,OP10210008568,Mr. G SRINU,Male,49Y,8555825209,Dr. SIDDHARTH REDDY  ALLA,OPRInv1021-202512211794,RUT,,500,0,0,500,500,0,Cash,K PRATHIMA,Walk-In,Walk-In
22-12-2025,MR10210004821,OP10210008579,Mrs. Y NAGA MANI,Female,38Y,9949677645,Dr. SIDDHARTH REDDY  ALLA,OPRInv1021-202512221795,ENDOSCOPY,,3300,0,0,3300,3300,0,Cash,RUPA N,Walk-In,Walk-In
22-12-2025,MR10210004825,OP10210008584,Mrs. G VEERA RAGAVAMMA,Female,62Y,9299004324,Dr. SIDDHARTH REDDY  ALLA,OPRInv1021-202512221796,ENDOSCOPY,,3300,500,0,2800,2800,0,Cash,RUPA N,Walk-In,Walk-In
22-12-2025,MR10210004826,OP10210008585,Mrs. SK MUNTAJ,Female,50Y,9154260727,Dr. SIDDHARTH REDDY  ALLA,OPRInv1021-202512221797,ENDOSCOPY,,3300,0,0,3300,3300,0,UPI - PhonePe,RUPA N,Walk-In,Walk-In
22-12-2025,MR10210004827,OP10210008586,Mr. CH TILAK,Male,26Y,8465859054,Dr. SIDDHARTH REDDY  ALLA,OPRInv1021-202512221798,SIGMOIDOSCOPY,,3300,500,0,2800,2800,0,UPI - PhonePe,RUPA N,Walk-In,Walk-In
22-12-2025,MR10210004829,OP10210008591,Mr. L JEEVAN,Male,38Y,9985301213,Dr. SIDDHARTH REDDY  ALLA,OPRInv1021-202512221799,ENDOSCOPY,,3300,300,0,3000,3000,0,Cash,RUPA N,Walk-In,Walk-In
22-12-2025,MR10210004832,OP10210008594,Mrs. J JAYAMMA,Female,45Y,9063675720,Dr. SIDDHARTH REDDY  ALLA,OPRInv1021-202512221800,ENDOSCOPY,,3300,0,0,3300,3300,0,Cash,RUPA N,Walk-In,Walk-In
22-12-2025,MR10210004829,OP10210008591,Mr. L JEEVAN,Male,38Y,9985301213,Dr. SIDDHARTH REDDY  ALLA,OPRInv1021-202512221801,RUT,,500,0,0,500,500,0,Cash,K PRATHIMA,Walk-In,Walk-In
22-12-2025,MR10210004653,OP10210008578,Mrs. SK NASEEMA BEGUM,Female,29Y,9640504484,Dr. SIDDHARTH REDDY  ALLA,OPRInv1021-202512221802,"ANESTHETIA SGA, COLONOSCOPY",,9800,0,0,9800,9800,0,UPI - PhonePe,K PRATHIMA,Walk-In,Walk-In
23-12-2025,MR10210004836,OP10210008603,Mrs. SK KHRUSHEED BEGUM,Female,48Y,8466805250,Dr. SIDDHARTH REDDY  ALLA,OPRInv1021-202512231803,ENDOSCOPY,,3300,0,0,3300,3300,0,UPI - PhonePe,RUPA N,Walk-In,Walk-In
23-12-2025,MR10210004826,OP10210008585,Mrs. SK MUNTAJ,Female,50Y,9154260727,Dr. SIDDHARTH REDDY  ALLA,OPRInv1021-202512231804,RUT,,500,0,0,500,500,0,UPI - PhonePe,RUPA N,Walk-In,Walk-In
23-12-2025,MR10210004837,OP10210008606,Mr. D MALLIKARJUNA REDDY,Male,45Y,7569352579,Dr. SIDDHARTH REDDY  ALLA,OPRInv1021-202512231805,SIGMOIDOSCOPY,,3300,0,0,3300,3300,0,UPI - PhonePe,RUPA N,Walk-In,Walk-In
23-12-2025,MR10210004839,OP10210008611,Mrs. K SANTHI,Female,35Y,9182704983,Dr. SIDDHARTH REDDY  ALLA,OPRInv1021-202512231806,ENDOSCOPY,,3300,0,0,3300,3300,0,Cash,RUPA N,Walk-In,Walk-In
23-12-2025,MR10210004831,OP10210008614,Mr. A GOUFRAN,Male,26Y,8778792648,Dr. SIDDHARTH REDDY  ALLA,OPRInv1021-202512231807,ENDOSCOPY,,3300,0,0,3300,3300,0,Cash,RUPA N,Walk-In,Walk-In
24-12-2025,MR10210004845,OP10210008620,Mr. G NAGESWARA RAO,Male,75Y,9490187105,Dr. SIDDHARTH REDDY  ALLA,OPRInv1021-202512241808,ENDOSCOPY,,3300,0,0,3300,3300,0,UPI - PhonePe,RUPA N,Walk-In,Walk-In
24-12-2025,MR10210004848,OP10210008625,Mrs. J DEVAMANI,Female,52Y,6300551316,Dr. SIDDHARTH REDDY  ALLA,OPRInv1021-202512241809,ENDOSCOPY,,3300,0,0,3300,3300,0,Cash,RUPA N,Walk-In,Walk-In
24-12-2025,MR10210004848,OP10210008625,Mrs. J DEVAMANI,Female,52Y,6300551316,Dr. SIDDHARTH REDDY  ALLA,OPRInv1021-202512241810,RUT,,500,0,0,500,500,0,Cash,RUPA N,Walk-In,Walk-In
25-12-2025,MR10210004852,OP10210008633,Mrs. G CHANDRAVATHI,Female,70Y,9491336744,Dr. SIDDHARTH REDDY  ALLA,OPRInv1021-202512251811,ENDOSCOPY,,3300,0,0,3300,3300,0,Cash,K PRATHIMA,Walk-In,Walk-In
25-12-2025,MR10210004853,OP10210008637,Mr. M ARUN KUMAR,Male,22Y,9391939369,Dr. SIDDHARTH REDDY  ALLA,OPRInv1021-202512251812,ENDOSCOPY,,3300,0,0,3300,3300,0,UPI - PhonePe,K PRATHIMA,Walk-In,Walk-In
25-12-2025,MR10210004854,OP10210008639,Mrs. D PADMA,Female,48Y,8500841796,Dr. SIDDHARTH REDDY  ALLA,OPRInv1021-202512251813,ENDOSCOPY,,3300,0,0,3300,3300,0,UPI - PhonePe,K PRATHIMA,Walk-In,Walk-In
25-12-2025,MR10210004855,OP10210008640,Mr. A SATYANARAYANA,Male,45Y,8555981721,Dr. SIDDHARTH REDDY  ALLA,OPRInv1021-202512251814,SIGMOIDOSCOPY,,3300,0,0,3300,3300,0,UPI - PhonePe,K PRATHIMA,Walk-In,Walk-In
25-12-2025,MR10210004853,OP10210008637,Mr. M ARUN KUMAR,Male,22Y,9391939369,Dr. SIDDHARTH REDDY  ALLA,OPRInv1021-202512251815,RUT,,500,0,0,500,500,0,UPI - PhonePe,K PRATHIMA,Walk-In,Walk-In
25-12-2025,MR10210004854,OP10210008639,Mrs. D PADMA,Female,48Y,8500841796,Dr. SIDDHARTH REDDY  ALLA,OPRInv1021-202512251816,RUT,,500,0,0,500,500,0,UPI - PhonePe,K PRATHIMA,Walk-In,Walk-In
26-12-2025,MR10210004774,OP10210008648,Mr. V DEVENDRA RAO,Male,65Y,8919860940,Dr. SIDDHARTH REDDY  ALLA,OPRInv1021-202512261817,ENDOSCOPY,,3300,0,0,3300,3300,0,Cash,RUPA N,Walk-In,Walk-In
26-12-2025,MR10210004863,OP10210008657,Mrs. P KOTAMMA,Female,45Y,9160031858,Dr. SIDDHARTH REDDY  ALLA,OPRInv1021-202512261818,ENDOSCOPY,,3300,0,0,3300,3300,0,Cash,K PRATHIMA,Walk-In,Walk-In
26-12-2025,MR10210004865,OP10210008659,Mr. K HARI BABU,Male,69Y,9440082438,Dr. SIDDHARTH REDDY  ALLA,OPRInv1021-202512261819,ENDOSCOPY,,3300,0,0,3300,3300,0,Cash,K PRATHIMA,Walk-In,Walk-In
26-12-2025,MR10210004863,OP10210008660,Mrs. P KOTAMMA,Female,45Y,9160031858,Dr. SIDDHARTH REDDY  ALLA,OPRInv1021-202512261820,RUT,,500,0,0,500,500,0,Cash,K PRATHIMA,Walk-In,Walk-In
26-12-2025,MR10210004865,OP10210008662,Mr. K HARI BABU,Male,69Y,9440082438,Dr. SIDDHARTH REDDY  ALLA,OPRInv1021-202512261821,RUT,,500,0,0,500,500,0,Cash,K PRATHIMA,Walk-In,Walk-In
27-12-2025,MR10210004867,OP10210008663,Ms. V HARSHINI,Female,16Y,9866012374,Dr. SIDDHARTH REDDY  ALLA,OPRInv1021-202512271822,ENDOSCOPY,,3300,0,0,3300,1700,1600,UPI - PhonePe,K PRATHIMA,Walk-In,Walk-In
27-12-2025,MR10210004867,OP10210008663,Ms. V HARSHINI,Female,16Y,9866012374,Dr. SIDDHARTH REDDY  ALLA,OPRInv1021-202512271822,ENDOSCOPY,,3300,0,0,1600,1600,0,Cash,K PRATHIMA,Walk-In,Walk-In
27-12-2025,MR10210004868,OP10210008664,Mr. D SUBBA RAO,Male,70Y,8186929524,Dr. SIDDHARTH REDDY  ALLA,OPRInv1021-202512271823,ENDOSCOPY,,3300,0,0,3300,3300,0,UPI - PhonePe,K PRATHIMA,Walk-In,Walk-In
27-12-2025,MR10210004869,OP10210008665,Mr. SK ARIF,Male,48Y,9182322445,Dr. SIDDHARTH REDDY  ALLA,OPRInv1021-202512271824,"ANESTHETIA SGA, COLONOSCOPY",,9800,0,0,9800,9800,0,Cash,K PRATHIMA,Walk-In,Walk-In
27-12-2025,MR10210004870,OP10210008667,Ms. T CHARU SARANYA,Female,23Y,8639648512,Dr. SIDDHARTH REDDY  ALLA,OPRInv1021-202512271825,ENDOSCOPY,,3300,0,0,3300,3300,0,UPI - PhonePe,K PRATHIMA,Walk-In,Walk-In
27-12-2025,MR10210002591,OP10210008669,Mr. K BRAMHAIAH ,Male,54Y,9989170153,Dr. SIDDHARTH REDDY  ALLA,OPRInv1021-202512271826,ENDOSCOPY,,3300,0,0,3300,3300,0,UPI - PhonePe,K PRATHIMA,Walk-In,Walk-In
27-12-2025,MR10210004868,OP10210008664,Mr. D SUBBA RAO,Male,70Y,8186929524,Dr. SIDDHARTH REDDY  ALLA,OPRInv1021-202512271827,RUT,,500,0,0,500,500,0,UPI - PhonePe,K PRATHIMA,Walk-In,Walk-In
27-12-2025,MR10210004871,OP10210008673,Mrs. A NIRMALA,Female,48Y,8247036822,Dr. SIDDHARTH REDDY  ALLA,OPRInv1021-202512271828,ENDOSCOPY,,3300,0,0,3300,3300,0,UPI - PhonePe,K PRATHIMA,Walk-In,Walk-In
27-12-2025,MR10210002591,OP10210008669,Mr. K BRAMHAIAH ,Male,54Y,9989170153,Dr. SIDDHARTH REDDY  ALLA,OPRInv1021-202512271829,RUT,,500,0,0,500,500,0,UPI - PhonePe,K PRATHIMA,Walk-In,Walk-In
27-12-2025,MR10210004870,OP10210008667,Ms. T CHARU SARANYA,Female,23Y,8639648512,Dr. SIDDHARTH REDDY  ALLA,OPRInv1021-202512271830,RUT,,500,0,0,500,500,0,UPI - PhonePe,K PRATHIMA,Walk-In,Walk-In
27-12-2025,MR10210004882,OP10210008693,Mr. P VENKATA RAO,Male,53Y,9849097558,Dr. SIDDHARTH REDDY  ALLA,OPRInv1021-202512271831,ENDOSCOPY,,3300,0,0,3300,3300,0,Cash,K PRATHIMA,Walk-In,Walk-In
27-12-2025,MR10210004871,OP10210008673,Mrs. A NIRMALA,Female,48Y,8247036822,Dr. SIDDHARTH REDDY  ALLA,OPRInv1021-202512271832,RUT,,500,0,0,500,500,0,UPI - PhonePe,K PRATHIMA,Walk-In,Walk-In
27-12-2025,MR10210004671,OP10210008274,Mrs. SK GOUSIA,Female,38Y,9063532849,Dr. SIDDHARTH REDDY  ALLA,OPRInv1021-202512271833,"ANESTHETIA SGA, COLONOSCOPY, ENDOSCOPY",,13100,2800,0,10300,6000,4300,UPI - PhonePe,BHARGAV CHOWDARY,Walk-In,Walk-In
27-12-2025,MR10210004671,OP10210008274,Mrs. SK GOUSIA,Female,38Y,9063532849,Dr. SIDDHARTH REDDY  ALLA,OPRInv1021-202512271833,"ANESTHETIA SGA, COLONOSCOPY, ENDOSCOPY",,13100,2800,0,4300,4300,0,Cash,BHARGAV CHOWDARY,Walk-In,Walk-In
29-12-2025,MR10210004747,OP10210008719,Mr. J BRAHMAIAH,Male,44Y,9908129280,Dr. SIDDHARTH REDDY  ALLA,OPRInv1021-202512291834,ENDOSCOPY,,3300,0,0,3300,3300,0,Cash,K PRATHIMA,Walk-In,Walk-In
29-12-2025,MR10210004893,OP10210008718,Mr. Y AKHIL REDDY,Male,17Y,9381611414,Dr. SIDDHARTH REDDY  ALLA,OPRInv1021-202512291835,ENDOSCOPY,,3300,0,0,3300,3300,0,UPI - PhonePe,K PRATHIMA,Walk-In,Walk-In
29-12-2025,MR10210004747,OP10210008719,Mr. J BRAHMAIAH,Male,44Y,9908129280,Dr. SIDDHARTH REDDY  ALLA,OPRInv1021-202512291836,RUT,,500,0,0,500,500,0,Cash,K PRATHIMA,Walk-In,Walk-In
29-12-2025,MR10210004890,OP10210008714,Mr. A SRINIVAS,Male,58Y,9849187012,Dr. SIDDHARTH REDDY  ALLA,OPRInv1021-202512291837,RUT,,500,0,0,500,500,0,UPI - PhonePe,K PRATHIMA,Walk-In,Walk-In
29-12-2025,MR10210004895,OP10210008722,Mr. D TULASI RAMAKRISHNA,Male,40Y,7731024747,Dr. SIDDHARTH REDDY  ALLA,OPRInv1021-202512291838,ENDOSCOPY (P),,5000,0,0,5000,5000,0,UPI - PhonePe,K PRATHIMA,Walk-In,Walk-In
29-12-2025,MR10210004893,OP10210008718,Mr. Y AKHIL REDDY,Male,17Y,9381611414,Dr. SIDDHARTH REDDY  ALLA,OPRInv1021-202512291839,RUT,,500,0,0,500,500,0,UPI - PhonePe,K PRATHIMA,Walk-In,Walk-In
29-12-2025,MR10210004902,OP10210008730,Mrs. P MOUNIKA,Female,31Y,9440626371,Dr. SIDDHARTH REDDY  ALLA,OPRInv1021-202512291840,ENDOSCOPY,,3300,0,0,3300,3300,0,UPI - PhonePe,K PRATHIMA,Walk-In,Walk-In
29-12-2025,MR10210004890,OP10210008714,Mr. A SRINIVAS,Male,58Y,9849187012,Dr. SIDDHARTH REDDY  ALLA,OPRInv1021-202512291841,ENDOSCOPY,,3300,500,0,2800,2800,0,Cash,BHARGAV CHOWDARY,Walk-In,Walk-In
29-12-2025,MR10210004903,OP10210008731,Ms. chandra tulasi,Female,18Y,9705861942,Dr. SIDDHARTH REDDY  ALLA,OPRInv1021-202512291842,ENDOSCOPY,,3300,0,0,3300,3300,0,UPI - PhonePe,K PRATHIMA,Walk-In,Walk-In
29-12-2025,MR10210004247,OP10210008733,Mrs. K PARVATHI,Female,49Y,9390534950,Dr. SIDDHARTH REDDY  ALLA,OPRInv1021-202512291843,"ANESTHETIA SGA, COLONOSCOPY",,9800,0,0,9800,9800,0,UPI - PhonePe,K PRATHIMA,Walk-In,Walk-In
29-12-2025,MR10210004905,OP10210008735,Mr. K SRINIVASA RAO,Male,45Y,6304278872,Dr. SIDDHARTH REDDY  ALLA,OPRInv1021-202512291844,ENDOSCOPY,,3300,0,0,3300,3300,0,UPI - PhonePe,K PRATHIMA,Walk-In,Walk-In
29-12-2025,MR10210004905,OP10210008739,Mr. K SRINIVASA RAO,Male,45Y,6304278872,Dr. SIDDHARTH REDDY  ALLA,OPRInv1021-202512291845,BIOPSY SMALL,,1500,0,0,1500,1500,0,Cash,K PRATHIMA,Walk-In,Walk-In
30-12-2025,MR10210004906,OP10210008737,Mr. K KOTESWARA RAO,Male,45Y,9550243940,Dr. SIDDHARTH REDDY  ALLA,OPRInv1021-202512301846,ENDOSCOPY,,3300,0,0,3300,3300,0,Cash,RUPA N,Walk-In,Walk-In
30-12-2025,MR10210004909,OP10210008743,Mr. K NARESH,Male,34Y,8121415069,Dr. SIDDHARTH REDDY  ALLA,OPRInv1021-202512301847,ENDOSCOPY,,3300,0,0,3300,3300,0,Cash,RUPA N,Walk-In,Walk-In
30-12-2025,MR10210004909,OP10210008743,Mr. K NARESH,Male,34Y,8121415069,Dr. SIDDHARTH REDDY  ALLA,OPRInv1021-202512301848,RUT,,500,0,0,500,500,0,Cash,RUPA N,Walk-In,Walk-In
30-12-2025,MR10210004910,OP10210008744,Mrs. J SK FAZULUN,Female,37Y,6300588512,Dr. SIDDHARTH REDDY  ALLA,OPRInv1021-202512301849,"ANESTHETIA SGA, COLONOSCOPY",,9800,0,0,9800,9800,0,Cash,RUPA N,Walk-In,Walk-In
30-12-2025,MR10210004913,OP10210008751,Mr. K ANANTHAIAH,Male,45Y,9494106376,Dr. SIDDHARTH REDDY  ALLA,OPRInv1021-202512301850,ENDOSCOPY,,3300,0,0,3300,3300,0,Cash,RUPA N,Walk-In,Walk-In
30-12-2025,MR10210004913,OP10210008752,Mr. K ANANTHAIAH,Male,45Y,9494106376,Dr. SIDDHARTH REDDY  ALLA,OPRInv1021-202512301851,RUT,,500,0,0,500,500,0,Cash,RUPA N,Walk-In,Walk-In
30-12-2025,MR10210004858,OP10210008740,Mr. N KOTESWARA RAO NAIK,Male,30Y,8374162981,Dr. SIDDHARTH REDDY  ALLA,OPRInv1021-202512301852,ENDOSCOPY,,3300,0,0,3300,3300,0,Cash,K PRATHIMA,Walk-In,Walk-In
30-12-2025,MR10210004910,OP10210008744,Mrs. J SK FAZULUN,Female,37Y,6300588512,Dr. SIDDHARTH REDDY  ALLA,OPRInv1021-202512301853,BIOPSY SMALL,,1500,0,0,1500,1500,0,UPI - PhonePe,K PRATHIMA,Walk-In,Walk-In
30-12-2025,MR10210004943,OP10210008800,Mr. HANUMANTHA RAO N,Male,61Y,9030045689,Dr. SIDDHARTH REDDY  ALLA,OPRInv1021-2026121864,ENDOSCOPY,,3300,0,0,3300,3300,0,Cash,BHARGAV CHOWDARY,Walk-In,Walk-In
31-12-2025,MR10210004921,OP10210008766,Mr. M VENKATESWARA RAO,Male,39Y,9966737335,Dr. SIDDHARTH REDDY  ALLA,OPRInv1021-202512311854,"ENDOSCOPY, RUT",,3800,0,0,3800,3800,0,Cash,RUPA N,Walk-In,Walk-In
01-01-2026,MR10210004928,OP10210008774,Mr. K RAGHAVAIAH,Male,63Y,6281334415,Dr. SIDDHARTH REDDY  ALLA,OPRInv1021-2026111855,"ANESTHETIA SGA, COLONOSCOPY",,9800,0,0,9800,9800,0,Cash,RUPA N,Walk-In,Walk-In
01-01-2026,MR10210001864,OP10210008776,Mrs. K PADMAVATHI ,Female,41Y,9849845670,Dr. SIDDHARTH REDDY  ALLA,OPRInv1021-2026111856,ENDOSCOPY,,3300,0,0,3300,3300,0,UPI - PhonePe,RUPA N,Walk-In,Walk-In
01-01-2026,MR10210001864,OP10210008776,Mrs. K PADMAVATHI ,Female,41Y,9849845670,Dr. SIDDHARTH REDDY  ALLA,OPRInv1021-2026111857,SG DILATATION,,15000,3300,0,11700,11700,0,UPI - PhonePe,BHARGAV CHOWDARY,Walk-In,Walk-In
01-01-2026,MR10210004943,OP10210008801,Mr. HANUMANTHA RAO N,Male,61Y,9030045689,Dr. SIDDHARTH REDDY  ALLA,OPRInv1021-2026121865,COLONOSCOPY,,6300,0,0,6300,6300,0,Cash,BHARGAV CHOWDARY,Walk-In,Walk-In
02-01-2026,MR10210004930,OP10210008780,Mrs. M KALYANI,Female,55Y,9948627454,Dr. SIDDHARTH REDDY  ALLA,OPRInv1021-2026121858,ENDOSCOPY,,3300,0,0,3300,3300,0,Cash,RUPA N,Walk-In,Walk-In
02-01-2026,MR10210004930,OP10210008782,Mrs. M KALYANI,Female,55Y,9948627454,Dr. SIDDHARTH REDDY  ALLA,OPRInv1021-2026121859,RUT,,500,0,0,500,500,0,Cash,RUPA N,Walk-In,Walk-In
02-01-2026,MR10210004492,OP10210008784,Mr. V VENKATESWARLU,Male,67Y,9849106608,Dr. SIDDHARTH REDDY  ALLA,OPRInv1021-2026121860,ENDOSCOPY,,3300,0,0,3300,3300,0,Cash,RUPA N,Walk-In,Walk-In
02-01-2026,MR10210004935,OP10210008790,Mrs. P LAKSHMI,Female,48Y,9494997875,Dr. SIDDHARTH REDDY  ALLA,OPRInv1021-2026121861,ENDOSCOPY,,3300,0,0,3300,3300,0,Cash,RUPA N,Walk-In,Walk-In
02-01-2026,MR10210004935,OP10210008794,Mrs. P LAKSHMI,Female,48Y,9494997875,Dr. SIDDHARTH REDDY  ALLA,OPRInv1021-2026121862,RUT,,500,0,0,500,500,0,Cash,RUPA N,Walk-In,Walk-In
02-01-2026,MR10210004937,OP10210008793,Mrs. B RAJESWARI,Female,68Y,9849023860,Dr. SIDDHARTH REDDY  ALLA,OPRInv1021-2026121863,"ANESTHETIA SGA, COLONOSCOPY",,9800,0,0,9800,9800,0,Cash,RUPA N,Walk-In,Walk-In
03-01-2026,MR10210004918,OP10210008807,Mrs. P JOSEPHINE JULIET MARY,Female,67Y,8978167040,Dr. SIDDHARTH REDDY  ALLA,OPRInv1021-2026131866,ENDOSCOPY,,3300,0,0,3300,3300,0,UPI - PhonePe,RUPA N,Walk-In,Walk-In
03-01-2026,MR10210004918,OP10210008807,Mrs. P JOSEPHINE JULIET MARY,Female,67Y,8978167040,Dr. SIDDHARTH REDDY  ALLA,OPRInv1021-2026131867,RUT,,500,0,0,500,500,0,UPI - PhonePe,RUPA N,Walk-In,Walk-In
03-01-2026,MR10210004946,OP10210008804,Mr. G BALA SRINIVASA RAO,Male,54Y,9491671869,Dr. SIDDHARTH REDDY  ALLA,OPRInv1021-2026131868,ENDOSCOPY,,3300,0,0,3300,3300,0,Cash,RUPA N,Walk-In,Walk-In
03-01-2026,MR10210004904,OP10210008806,Mr. B SAMBAIAH,Male,65Y,8106164570,Dr. SIDDHARTH REDDY  ALLA,OPRInv1021-2026131869,ENDOSCOPY,,3300,0,0,3300,3300,0,Cash,RUPA N,Walk-In,Walk-In
03-01-2026,MR10210004912,OP10210008810,Mr. G RAMI REDDY,Male,75Y,8688195262,Dr. SIDDHARTH REDDY  ALLA,OPRInv1021-2026131870,"ANESTHETIA SGA, COLONOSCOPY",,9800,0,0,9800,9800,0,Cash,RUPA N,Walk-In,Walk-In
03-01-2026,MR10210004496,OP10210008813,Mr. K CHIRANJIVI,Male,37Y,9573523856,Dr. SIDDHARTH REDDY  ALLA,OPRInv1021-2026131871,ENDOSCOPY,,3300,0,0,3300,3300,0,Cash,RUPA N,Walk-In,Walk-In
03-01-2026,MR10210004496,OP10210008813,Mr. K CHIRANJIVI,Male,37Y,9573523856,Dr. SIDDHARTH REDDY  ALLA,OPRInv1021-2026131872,BIOPSY SMALL,,1500,0,0,1500,1500,0,UPI - PhonePe,RUPA N,Walk-In,Walk-In
03-01-2026,MR10210004949,OP10210008814,Mrs. S SAMBRAJYAM,Female,72Y,9550136251,Dr. SIDDHARTH REDDY  ALLA,OPRInv1021-2026131873,ENDOSCOPY,,3300,0,0,3300,3300,0,UPI - PhonePe,RUPA N,Walk-In,Walk-In
03-01-2026,MR10210004946,OP10210008804,Mr. G BALA SRINIVASA RAO,Male,54Y,9491671869,Dr. SIDDHARTH REDDY  ALLA,OPRInv1021-2026131874,RUT,,500,0,0,500,500,0,Cash,RUPA N,Walk-In,Walk-In
03-01-2026,MR10210004949,OP10210008814,Mrs. S SAMBRAJYAM,Female,72Y,9550136251,Dr. SIDDHARTH REDDY  ALLA,OPRInv1021-2026131875,BIOPSY SMALL,,1500,0,0,1500,1500,0,UPI - PhonePe,RUPA N,Walk-In,Walk-In
03-01-2026,MR10210004950,OP10210008819,Mrs. A SEETHA MAHA LAKSHMI,Female,62Y,8143607129,Dr. SIDDHARTH REDDY  ALLA,OPRInv1021-2026131876,ENDOSCOPY,,3300,0,0,3300,3300,0,UPI - PhonePe,K PRATHIMA,Walk-In,Walk-In
03-01-2026,MR10210004810,OP10210008811,Mr. G GOPI,Male,28Y,9121067844,Dr. SIDDHARTH REDDY  ALLA,OPRInv1021-2026131877,COLONOSCOPY,,6300,1300,0,5000,5000,0,UPI - PhonePe,BHARGAV CHOWDARY,Walk-In,Walk-In
03-01-2026,MR10210004950,OP10210008822,Mrs. A SEETHA MAHA LAKSHMI,Female,62Y,8143607129,Dr. SIDDHARTH REDDY  ALLA,OPRInv1021-2026131878,BIOPSY SMALL,,1500,0,0,1500,1500,0,UPI - PhonePe,K PRATHIMA,Walk-In,Walk-In
03-01-2026,MR10210004951,OP10210008824,Mr. KONA REDDY YERUVA,Male,65Y,9703110231,Dr. SIDDHARTH REDDY  ALLA,OPRInv1021-2026131879,ENDOSCOPY,,3300,0,0,3300,3300,0,Cash,K PRATHIMA,Walk-In,Walk-In
05-01-2026,MR10210004954,OP10210008829,Mr. D ANKI REDDY,Male,63Y,9989142288,Dr. SIDDHARTH REDDY  ALLA,OPRInv1021-2026151880,ENDOSCOPY,,3300,0,0,3300,3300,0,UPI - PhonePe,RUPA N,Walk-In,Walk-In
05-01-2026,MR10210004956,OP10210008831,Mrs. B HYMAVATHI,Female,62Y,9642345632,Dr. SIDDHARTH REDDY  ALLA,OPRInv1021-2026151881,ENDOSCOPY,,3300,0,0,3300,3300,0,UPI - PhonePe,RUPA N,Walk-In,Walk-In
05-01-2026,MR10210004954,OP10210008829,Mr. D ANKI REDDY,Male,63Y,9989142288,Dr. SIDDHARTH REDDY  ALLA,OPRInv1021-2026151882,RUT,,500,0,0,500,500,0,Cash,RUPA N,Walk-In,Walk-In
05-01-2026,MR10210004956,OP10210008831,Mrs. B HYMAVATHI,Female,62Y,9642345632,Dr. SIDDHARTH REDDY  ALLA,OPRInv1021-2026151883,RUT,,500,0,0,500,500,0,UPI - PhonePe,RUPA N,Walk-In,Walk-In
05-01-2026,MR10210004958,OP10210008835,Mr. A VAMSI KRISHNA,Male,24Y,9491705115,Dr. SIDDHARTH REDDY  ALLA,OPRInv1021-2026151884,ENDOSCOPY,,3300,0,0,3300,3300,0,Cash,RUPA N,Walk-In,Walk-In
05-01-2026,MR10210004962,OP10210008841,Mr. SD KHASIM SAIDU,Male,35Y,8886817884,Dr. SIDDHARTH REDDY  ALLA,OPRInv1021-2026151885,ENDOSCOPY,,3300,0,0,3300,3300,0,Cash,K PRATHIMA,Walk-In,Walk-In
06-01-2026,MR10210004965,OP10210008844,Mrs. PADMALATHA INKOLLU,Female,53Y,9618845771,Dr. SIDDHARTH REDDY  ALLA,OPRInv1021-2026161886,ENDOSCOPY,,3300,0,0,3300,3300,0,Cash,K PRATHIMA,Walk-In,Walk-In
06-01-2026,MR10210004965,OP10210008847,Mrs. PADMALATHA INKOLLU,Female,53Y,9618845771,Dr. SIDDHARTH REDDY  ALLA,OPRInv1021-2026161887,RUT,,500,0,0,500,500,0,Cash,K PRATHIMA,Walk-In,Walk-In
06-01-2026,MR10210001372,OP10210008845,Mrs. SK KHAJA BEE ,Female,51Y,9553118654,Dr. SIDDHARTH REDDY  ALLA,OPRInv1021-2026161888,ENDOSCOPY (P),,5000,0,0,5000,5000,0,UPI - PhonePe,K PRATHIMA,Walk-In,Walk-In
06-01-2026,MR10210004966,OP10210008848,Mrs. VEERAMMA B,Female,72Y,8639642421,Dr. SIDDHARTH REDDY  ALLA,OPRInv1021-2026161889,"ANESTHETIA SGA, COLONOSCOPY",,9800,1000,0,8800,8800,0,Cash,BHARGAV CHOWDARY,Walk-In,Walk-In
06-01-2026,MR10210004933,OP10210008849,Mr. SK MEERA VALI,Male,33Y,8790095145,Dr. SIDDHARTH REDDY  ALLA,OPRInv1021-2026161890,ENDOSCOPY,,3300,900,0,2400,0,2400,Cash,BHARGAV CHOWDARY,Walk-In,Walk-In
06-01-2026,MR10210004933,OP10210008849,Mr. SK MEERA VALI,Male,33Y,8790095145,Dr. SIDDHARTH REDDY  ALLA,OPRInv1021-2026161890,ENDOSCOPY,,3300,900,900,1500,1500,0,UPI - PhonePe,BHARGAV CHOWDARY,Walk-In,Walk-In
06-01-2026,MR10210000127,OP10210008846,Mr. venkata krishna a,Male,65Y,7799346204,Dr. SIDDHARTH REDDY  ALLA,OPRInv1021-2026161891,2D ECHO,,2500,0,0,2500,2500,0,UPI - PhonePe,K PRATHIMA,Walk-In,Walk-In
06-01-2026,MR10210004967,OP10210008854,Mr. NOORBASHA ALI,Male,59Y,9989338046,Dr. SIDDHARTH REDDY  ALLA,OPRInv1021-2026161892,ENDOSCOPY,,3300,0,0,3300,3300,0,Cash,K PRATHIMA,Walk-In,Walk-In
06-01-2026,MR10210004966,OP10210008858,Mrs. VEERAMMA B,Female,72Y,8639642421,Dr. SIDDHARTH REDDY  ALLA,OPRInv1021-2026161893,BIOPSY SMALL,,1500,0,0,1500,1500,0,Cash,K PRATHIMA,Walk-In,Walk-In
07-01-2026,MR10210004973,OP10210008866,Mr. M SRINIVAS,Male,33Y,7842524462,Dr. SIDDHARTH REDDY  ALLA,OPRInv1021-2026171894,ENDOSCOPY,,3300,0,0,3300,2300,1000,UPI - PhonePe,K PRATHIMA,Walk-In,Walk-In
07-01-2026,MR10210004973,OP10210008866,Mr. M SRINIVAS,Male,33Y,7842524462,Dr. SIDDHARTH REDDY  ALLA,OPRInv1021-2026171894,ENDOSCOPY,,3300,0,0,1000,1000,0,Cash,K PRATHIMA,Walk-In,Walk-In
07-01-2026,MR10210004973,OP10210008866,Mr. M SRINIVAS,Male,33Y,7842524462,Dr. SIDDHARTH REDDY  ALLA,OPRInv1021-2026171895,RUT,,500,0,0,500,500,0,Cash,K PRATHIMA,Walk-In,Walk-In
07-01-2026,MR10210004877,OP10210008868,Mr. N RAVI,Male,41Y,9985703819,Dr. SIDDHARTH REDDY  ALLA,OPRInv1021-2026171896,ENDOSCOPY,,3300,0,0,3300,3300,0,UPI - PhonePe,K PRATHIMA,Walk-In,Walk-In
07-01-2026,MR10210004877,OP10210008868,Mr. N RAVI,Male,41Y,9985703819,Dr. SIDDHARTH REDDY  ALLA,OPRInv1021-2026171897,BIOPSY SMALL,,1500,0,0,1500,1500,0,Cash,K PRATHIMA,Walk-In,Walk-In
07-01-2026,MR10210004976,OP10210008871,Ms. P MAHA VENKATA LAKSHMI,Female,24Y,6305820779,Dr. SIDDHARTH REDDY  ALLA,OPRInv1021-2026171898,EUS FNB,,30000,2000,0,28000,28000,0,UPI - PhonePe,BHARGAV CHOWDARY,Walk-In,Walk-In
08-01-2026,MR10210004981,OP10210008881,Mrs. R NAGA LAKSHMI,Female,36Y,7676966681,Dr. SIDDHARTH REDDY  ALLA,OPRInv1021-2026181899,ENDOSCOPY,,3300,0,0,3300,3300,0,UPI - PhonePe,K PRATHIMA,Walk-In,Walk-In
08-01-2026,MR10210004980,OP10210008880,Mr. Y VAMSIDHAR,Male,41Y,7676966681,Dr. SIDDHARTH REDDY  ALLA,OPRInv1021-2026181900,ENDOSCOPY,,3300,0,0,3300,3300,0,UPI - PhonePe,K PRATHIMA,Walk-In,Walk-In
08-01-2026,MR10210004982,OP10210008883,Mrs. K TIRUPATAMMA,Female,35Y,9553577730,Dr. SIDDHARTH REDDY  ALLA,OPRInv1021-2026181901,ENDOSCOPY,,3300,0,0,3300,3300,0,Cash,RUPA N,Walk-In,Walk-In
08-01-2026,MR10210004983,OP10210008884,Mr. D SRINIVAS REDDY,Male,32Y,7672090514,Dr. SIDDHARTH REDDY  ALLA,OPRInv1021-2026181902,"ANESTHETIA SGA, COLONOSCOPY, ENDOSCOPY",,13100,2000,0,11100,11100,0,UPI - PhonePe,RUPA N,Walk-In,Walk-In
08-01-2026,MR10210004982,OP10210008883,Mrs. K TIRUPATAMMA,Female,35Y,9553577730,Dr. SIDDHARTH REDDY  ALLA,OPRInv1021-2026181903,RUT,,500,0,0,500,500,0,Cash,RUPA N,Walk-In,Walk-In
08-01-2026,MR10210004983,OP10210008887,Mr. D SRINIVAS REDDY,Male,30Y,7672090514,Dr. SIDDHARTH REDDY  ALLA,OPRInv1021-2026181904,BIOPSY SMALL,,1500,0,0,1500,1500,0,UPI - PhonePe,RUPA N,Walk-In,Walk-In
08-01-2026,MR10210004981,OP10210008881,Mrs. R NAGA LAKSHMI,Female,36Y,7676966681,Dr. SIDDHARTH REDDY  ALLA,OPRInv1021-2026181905,RUT,,500,0,0,500,500,0,UPI - PhonePe,RUPA N,Walk-In,Walk-In
08-01-2026,MR10210004980,OP10210008880,Mr. Y VAMSIDHAR,Male,41Y,7676966681,Dr. SIDDHARTH REDDY  ALLA,OPRInv1021-2026181906,RUT,,500,0,0,500,500,0,UPI - PhonePe,RUPA N,Walk-In,Walk-In
09-01-2026,MR10210004986,OP10210008892,Mrs. K KRISHNAVENI,Female,33Y,9989097290,Dr. SIDDHARTH REDDY  ALLA,OPRInv1021-2026191907,ENDOSCOPY,,3300,0,0,3300,3300,0,UPI - PhonePe,RUPA N,Walk-In,Walk-In
09-01-2026,MR10210003327,OP10210008894,Mrs. R NAGA MANI ,Female,52Y,9440638769,Dr. SIDDHARTH REDDY  ALLA,OPRInv1021-2026191908,ENDOSCOPY,,3300,0,0,3300,3300,0,Cash,RUPA N,Walk-In,Walk-In
09-01-2026,MR10210004881,OP10210008896,Mr. M SURINARAYANA REDDY,Male,41Y,9989175777,Dr. SIDDHARTH REDDY  ALLA,OPRInv1021-2026191909,ENDOSCOPY,,3300,0,0,3300,3300,0,UPI - PhonePe,RUPA N,Walk-In,Walk-In
09-01-2026,MR10210004881,OP10210008896,Mr. M SURINARAYANA REDDY,Male,41Y,9989175777,Dr. SIDDHARTH REDDY  ALLA,OPRInv1021-2026191910,RUT,,500,0,0,500,500,0,Cash,RUPA N,Walk-In,Walk-In
09-01-2026,MR10210004986,OP10210008892,Mrs. K KRISHNAVENI,Female,33Y,9989097290,Dr. SIDDHARTH REDDY  ALLA,OPRInv1021-2026191911,RUT,,500,0,0,500,500,0,UPI - PhonePe,RUPA N,Walk-In,Walk-In
09-01-2026,MR10210004989,OP10210008901,Mr. B SIVA NAGESWARA RAO,Male,35Y,9030467444,Dr. SIDDHARTH REDDY  ALLA,OPRInv1021-2026191912,ENDOSCOPY,,3300,0,0,3300,3300,0,Cash,BHARGAV CHOWDARY,Walk-In,Walk-In
10-01-2026,MR10210004990,OP10210008905,Mr. M SAI KRISHNA,Male,40Y,7013423544,Dr. SIDDHARTH REDDY  ALLA,OPRInv1021-20261101913,"ANESTHETIA SGA, COLONOSCOPY",,9800,0,0,9800,5000,4800,Cash,RUPA N,Walk-In,Walk-In
10-01-2026,MR10210004990,OP10210008905,Mr. M SAI KRISHNA,Male,40Y,7013423544,Dr. SIDDHARTH REDDY  ALLA,OPRInv1021-20261101913,"ANESTHETIA SGA, COLONOSCOPY",,9800,0,0,4800,4800,0,UPI - PhonePe,RUPA N,Walk-In,Walk-In
10-01-2026,MR10210002324,OP10210008902,Mr. KRISHNA RAO CH,Male,55Y,9182220585,Dr. SIDDHARTH REDDY  ALLA,OPRInv1021-20261101914,ENDOSCOPY,,3300,500,0,2800,2800,0,UPI - PhonePe,RUPA N,Walk-In,Walk-In
10-01-2026,MR10210004993,OP10210008911,Mr. G RAJA,Male,29Y,7702660648,Dr. SIDDHARTH REDDY  ALLA,OPRInv1021-20261101915,ENDOSCOPY,,3300,0,0,3300,3300,0,Cash,RUPA N,Walk-In,Walk-In
10-01-2026,MR10210004993,OP10210008911,Mr. G RAJA,Male,29Y,7702660648,Dr. SIDDHARTH REDDY  ALLA,OPRInv1021-20261101916,RUT,,500,0,0,500,500,0,Cash,RUPA N,Walk-In,Walk-In
10-01-2026,MR10210004126,OP10210008908,Mrs. SK ZUBEDA,Female,72Y,9390356865,Dr. SIDDHARTH REDDY  ALLA,OPRInv1021-20261101917,UGISCOPY + STENT REMOVAL,,5000,0,0,5000,5000,0,Cash,RUPA N,Walk-In,Walk-In
10-01-2026,MR10210004998,OP10210008921,Mr. D BALLA REDDY,Male,47Y,9666096866,Dr. SIDDHARTH REDDY  ALLA,OPRInv1021-20261101918,ENDOSCOPY,,3300,0,0,3300,3300,0,UPI - PhonePe,RUPA N,Walk-In,Walk-In
10-01-2026,MR10210004999,OP10210008923,Mrs. padmavathi ch,Female,50Y,8686610067,Dr. SIDDHARTH REDDY  ALLA,OPRInv1021-20261101919,ERCP,,40000,5000,0,35000,35000,0,UPI - PhonePe,BHARGAV CHOWDARY,Walk-In,Walk-In
12-01-2026,MR10210005003,OP10210008930,Mrs. K SITHAMMA,Female,82Y,8008690064,Dr. SIDDHARTH REDDY  ALLA,OPRInv1021-20261121920,ENDOSCOPY,,3300,0,0,3300,3300,0,Cash,K PRATHIMA,Walk-In,Walk-In
12-01-2026,MR10210004995,OP10210008933,Mrs. N KANAKA DURGA ,Female,49Y,9063619056,Dr. SIDDHARTH REDDY  ALLA,OPRInv1021-20261121921,ENDOSCOPY,,3300,0,0,3300,3300,0,UPI - PhonePe,RUPA N,Walk-In,Walk-In
12-01-2026,MR10210005000,OP10210008934,Mrs. P LAKSHMI,Female,27Y,9949600152,Dr. SIDDHARTH REDDY  ALLA,OPRInv1021-20261121922,ENDOSCOPY,,3300,500,0,2800,2800,0,UPI - PhonePe,RUPA N,Walk-In,Walk-In
12-01-2026,MR10210005004,OP10210008935,Mrs. K SITHAMMA,Female,82Y,8008696653,Dr. SIDDHARTH REDDY  ALLA,OPRInv1021-20261121923,RUT,,500,0,0,500,500,0,Cash,RUPA N,Walk-In,Walk-In
12-01-2026,MR10210004995,OP10210008933,Mrs. N KANAKA DURGA ,Female,49Y,9063619056,Dr. SIDDHARTH REDDY  ALLA,OPRInv1021-20261121924,RUT,,500,0,0,500,500,0,Cash,RUPA N,Walk-In,Walk-In
12-01-2026,MR10210005000,OP10210008934,Mrs. P LAKSHMI,Female,27Y,9949600152,Dr. SIDDHARTH REDDY  ALLA,OPRInv1021-20261121925,RUT,,500,0,0,500,500,0,UPI - PhonePe,RUPA N,Walk-In,Walk-In
12-01-2026,MR10210005007,OP10210008943,Mr. T NARESH,Male,28Y,7893682774,Dr. SIDDHARTH REDDY  ALLA,OPRInv1021-20261121926,SIGMOIDOSCOPY,,3300,0,0,3300,3300,0,Cash,RUPA N,Walk-In,Walk-In
12-01-2026,MR10210005008,OP10210008946,Mrs. K LAKSHMI SIREESHA,Female,33Y,7680842019,Dr. SIDDHARTH REDDY  ALLA,OPRInv1021-20261121927,ENDOSCOPY,,3300,0,0,3300,3300,0,UPI - PhonePe,RUPA N,Walk-In,Walk-In
12-01-2026,MR10210005008,OP10210008946,Mrs. K LAKSHMI SIREESHA,Female,33Y,7680842019,Dr. SIDDHARTH REDDY  ALLA,OPRInv1021-20261121928,RUT,,500,0,0,500,500,0,UPI - PhonePe,RUPA N,Walk-In,Walk-In
12-01-2026,MR10210005013,OP10210008951,Mr. KM MADHU,Male,33Y,6301249411,Dr. SIDDHARTH REDDY  ALLA,OPRInv1021-20261121929,ENDOSCOPY,,3300,0,0,3300,3300,0,Cash,RUPA N,Walk-In,Walk-In
12-01-2026,MR10210005014,OP10210008955,Mr. CH JAGADESH,Male,46Y,8331933335,Dr. SIDDHARTH REDDY  ALLA,OPRInv1021-20261121930,"ANESTHETIA SGA, COLONOSCOPY",,9800,0,0,9800,9800,0,Cash,RUPA N,Walk-In,Walk-In
12-01-2026,MR10210005015,OP10210008956,Mr. CH JAGADESH,Male,46Y,8331943151,Dr. SIDDHARTH REDDY  ALLA,OPRInv1021-20261121931,BIOPSY SMALL,,1500,0,0,1500,1500,0,Cash,RUPA N,Walk-In,Walk-In
13-01-2026,MR10210005012,OP10210008961,Mrs. P ADI LAKSHMI,Female,65Y,8500110444,Dr. SIDDHARTH REDDY  ALLA,OPRInv1021-20261131932,ENDOSCOPY,,3300,0,0,3300,3300,0,UPI - PhonePe,RUPA N,Walk-In,Walk-In
13-01-2026,MR10210005021,OP10210008965,Mrs. SK SHAMMI,Female,35Y,9704650922,Dr. SIDDHARTH REDDY  ALLA,OPRInv1021-20261131933,ENDOSCOPY,,3300,0,0,3300,3300,0,Cash,RUPA N,Walk-In,Walk-In
13-01-2026,MR10210005021,OP10210008965,Mrs. SK SHAMMI,Female,35Y,9704650922,Dr. SIDDHARTH REDDY  ALLA,OPRInv1021-20261131934,RUT,,500,0,0,500,500,0,Cash,RUPA N,Walk-In,Walk-In
13-01-2026,MR10210005023,OP10210008968,Mr. S BHASKARA RAO,Male,67Y,9490639015,Dr. SIDDHARTH REDDY  ALLA,OPRInv1021-20261131935,ENDOSCOPY,,3300,0,0,3300,3300,0,Cash,RUPA N,Walk-In,Walk-In
13-01-2026,MR10210005023,OP10210008968,Mr. S BHASKARA RAO,Male,67Y,9490639015,Dr. SIDDHARTH REDDY  ALLA,OPRInv1021-20261131936,BIOPSY SMALL,,1500,0,0,1500,1500,0,Cash,RUPA N,Walk-In,Walk-In
14-01-2026,MR10210005030,OP10210008981,Baby. V SRAVANTHI SANVI,Female,12Y,7569745693,Dr. SIDDHARTH REDDY  ALLA,OPRInv1021-20261141937,X-RAY CHEST PA VIEW  (BED SIDE),,1000,0,0,1000,1000,0,Cash,K PRATHIMA,Walk-In,Walk-In
14-01-2026,MR10210005029,OP10210008982,Mr. M VENKATA REDDY,Male,26Y,6309198318,Dr. SIDDHARTH REDDY  ALLA,OPRInv1021-20261141938,"ANESTHETIA SGA, COLONOSCOPY, ENDOSCOPY",,13100,0,0,13100,13100,0,UPI - PhonePe,K PRATHIMA,Walk-In,Walk-In
14-01-2026,MR10210005032,OP10210008984,Mr. CH AKHILA,Male,31Y,9985295550,Dr. SIDDHARTH REDDY  ALLA,OPRInv1021-20261141939,ENDOSCOPY,,3300,0,0,3300,3300,0,UPI - PhonePe,K PRATHIMA,Walk-In,Walk-In
14-01-2026,MR10210004580,OP10210008985,Mrs. V ANNAPURNAMMA,Female,72Y,9642994111,Dr. SIDDHARTH REDDY  ALLA,OPRInv1021-20261141940,ENDOSCOPY,,3300,0,0,3300,3300,0,Cash,K PRATHIMA,Walk-In,Walk-In
14-01-2026,MR10210005034,OP10210008989,Mrs. G SAI LAKSHMI,Female,36Y,9640053000,Dr. SIDDHARTH REDDY  ALLA,OPRInv1021-20261141941,ENDOSCOPY,,3300,0,0,3300,3300,0,UPI - PhonePe,K PRATHIMA,Walk-In,Walk-In
14-01-2026,MR10210005031,OP10210008983,Mr. K TAGORE,Male,37Y,9676725785,Dr. SIDDHARTH REDDY  ALLA,OPRInv1021-20261141942,ENDOSCOPY,,3300,990,0,2310,2300,10,UPI - PhonePe,BHARGAV CHOWDARY,Walk-In,Walk-In
25-02-2026,MR10210005031,OP10210008983,Mr. K TAGORE,Male,37Y,9676725785,Dr. SIDDHARTH REDDY  ALLA,OPRInv1021-20261141942,ENDOSCOPY,,3300,990,10,0,0,0,Cash,BHARGAV CHOWDARY,Walk-In,Walk-In
14-01-2026,MR10210005033,OP10210008987,Mrs. SK VAHIJANA,Female,31Y,9440200890,Dr. SIDDHARTH REDDY  ALLA,OPRInv1021-20261141943,ENDOSCOPY,,3300,990,0,2310,2300,10,UPI - PhonePe,BHARGAV CHOWDARY,Walk-In,Walk-In
25-02-2026,MR10210005033,OP10210008987,Mrs. SK VAHIJANA,Female,31Y,9440200890,Dr. SIDDHARTH REDDY  ALLA,OPRInv1021-20261141943,ENDOSCOPY,,3300,990,10,0,0,0,Cash,BHARGAV CHOWDARY,Walk-In,Walk-In
14-01-2026,MR10210005032,OP10210008984,Mr. CH AKHILA,Male,31Y,9985295550,Dr. SIDDHARTH REDDY  ALLA,OPRInv1021-20261141944,RUT,,500,0,0,500,500,0,UPI - PhonePe,RUPA N,Walk-In,Walk-In
14-01-2026,MR10210005029,OP10210008982,Mr. M VENKATA REDDY,Male,26Y,6309198318,Dr. SIDDHARTH REDDY  ALLA,OPRInv1021-20261141945,RUT,,500,0,0,500,500,0,UPI - PhonePe,K PRATHIMA,Walk-In,Walk-In
14-01-2026,MR10210005037,OP10210008992,Mrs. G LAKSHMI,Female,45Y,6281249592,Dr. SIDDHARTH REDDY  ALLA,OPRInv1021-20261141946,ENDOSCOPY,,3300,0,0,3300,3300,0,UPI - PhonePe,K PRATHIMA,Walk-In,Walk-In
14-01-2026,MR10210005037,OP10210008992,Mrs. G LAKSHMI,Female,45Y,6281249592,Dr. SIDDHARTH REDDY  ALLA,OPRInv1021-20261141947,RUT,,500,0,0,500,500,0,Cash,K PRATHIMA,Walk-In,Walk-In
14-01-2026,MR10210005038,OP10210008993,Mr. A ANJANEYA PRASAD,Male,59Y,8142450312,Dr. SIDDHARTH REDDY  ALLA,OPRInv1021-20261141948,ENDOSCOPY,,3300,0,0,3300,3300,0,UPI - PhonePe,K PRATHIMA,Walk-In,Walk-In
14-01-2026,MR10210005038,OP10210008993,Mr. A ANJANEYA PRASAD,Male,59Y,8142450312,Dr. SIDDHARTH REDDY  ALLA,OPRInv1021-20261141949,RUT,,500,0,0,500,500,0,Cash,BHARGAV CHOWDARY,Walk-In,Walk-In
15-01-2026,MR10210005044,OP10210009003,Ms. P VENEESHA,Female,18Y,9553153999,Dr. SIDDHARTH REDDY  ALLA,OPRInv1021-20261151950,ENDOSCOPY,,3300,0,0,3300,3300,0,Cash,RUPA N,Walk-In,Walk-In
15-01-2026,MR10210005047,OP10210009006,Mr. P ANANATHA RAMAIAH,Male,50Y,9642219195,Dr. SIDDHARTH REDDY  ALLA,OPRInv1021-20261151951,"ENDOSCOPY, SIGMOIDOSCOPY",,6600,0,0,6600,6600,0,UPI - PhonePe,RUPA N,Walk-In,Walk-In
15-01-2026,MR10210005045,OP10210009004,Ms. SK MAHABUNNISA,Female,22Y,9502540892,Dr. SIDDHARTH REDDY  ALLA,OPRInv1021-20261151952,"ANESTHETIA SGA, COLONOSCOPY",,9800,2000,0,7800,7800,0,Cash,Siddhartha Reddy ,Walk-In,Walk-In
15-01-2026,MR10210005047,OP10210009006,Mr. P ANANATHA RAMAIAH,Male,50Y,9642219195,Dr. SIDDHARTH REDDY  ALLA,OPRInv1021-20261151953,RUT,,500,0,0,500,500,0,Cash,RUPA N,Walk-In,Walk-In
16-01-2026,MR10210005049,OP10210009013,Mr. S ASHOK,Male,42Y,8985957737,Dr. SIDDHARTH REDDY  ALLA,OPRInv1021-20261161954,ENDOSCOPY,,3300,0,0,3300,3300,0,UPI - PhonePe,K PRATHIMA,Walk-In,Walk-In
16-01-2026,MR10210005053,OP10210009012,Mrs. B SUGUNA,Female,55Y,7989381020,Dr. SIDDHARTH REDDY  ALLA,OPRInv1021-20261161955,ENDOSCOPY,,3300,0,0,3300,3300,0,UPI - PhonePe,K PRATHIMA,Walk-In,Walk-In
16-01-2026,MR10210005049,OP10210009013,Mr. S ASHOK,Male,42Y,8985957737,Dr. SIDDHARTH REDDY  ALLA,OPRInv1021-20261161956,RUT,,500,0,0,500,500,0,UPI - PhonePe,K PRATHIMA,Walk-In,Walk-In
16-01-2026,MR10210005053,OP10210009012,Mrs. B SUGUNA,Female,55Y,7989381020,Dr. SIDDHARTH REDDY  ALLA,OPRInv1021-20261161957,RUT,,500,0,0,500,500,0,Cash,K PRATHIMA,Walk-In,Walk-In
17-01-2026,MR10210005055,OP10210009019,Mrs. CH NAGA MARUTHI KUMARI,Female,53Y,8096018167,Dr. SIDDHARTH REDDY  ALLA,OPRInv1021-20261171958,ENDOSCOPY,,3300,0,0,3300,3300,0,Cash,RUPA N,Walk-In,Walk-In
17-01-2026,MR10210005059,OP10210009023,Mr. CH RAMA KRISHNA,Male,48Y,7702304586,Dr. SIDDHARTH REDDY  ALLA,OPRInv1021-20261171959,ENDOSCOPY,,3300,0,0,3300,3300,0,Cash,RUPA N,Walk-In,Walk-In
17-01-2026,MR10210005064,OP10210009032,Mrs. CH HARINI,Female,37Y,9030547540,Dr. SIDDHARTH REDDY  ALLA,OPRInv1021-20261171960,ENDOSCOPY,,3300,0,0,3300,3300,0,Cash,RUPA N,Walk-In,Walk-In
17-01-2026,MR10210005055,OP10210009019,Mrs. CH NAGA MARUTHI KUMARI,Female,53Y,8096018167,Dr. SIDDHARTH REDDY  ALLA,OPRInv1021-20261171961,RUT,,500,0,0,500,500,0,Cash,RUPA N,Walk-In,Walk-In
17-01-2026,MR10210005064,OP10210009032,Mrs. CH HARINI,Female,37Y,9030547540,Dr. SIDDHARTH REDDY  ALLA,OPRInv1021-20261171962,RUT,,500,0,0,500,500,0,Cash,RUPA N,Walk-In,Walk-In
17-01-2026,MR10210005063,OP10210009031,Mrs. N RAMADEVI,Female,47Y,9505000399,Dr. SIDDHARTH REDDY  ALLA,OPRInv1021-20261171963,ENDOSCOPY,,3300,500,0,2800,2800,0,Cash,RUPA N,Walk-In,Walk-In
17-01-2026,MR10210005063,OP10210009031,Mrs. N RAMADEVI,Female,47Y,9505000399,Dr. SIDDHARTH REDDY  ALLA,OPRInv1021-20261171964,RUT,,500,0,0,500,500,0,Cash,RUPA N,Walk-In,Walk-In
18-01-2026,MR10210005070,OP10210009042,Mr. N KOTI  REDDY,Male,50Y,9010114197,Dr. SIDDHARTH REDDY  ALLA,OPRInv1021-20261181965,FOREIGN BODY REMOVAL - BLUNT,,12000,2000,0,10000,10000,0,Cash,Siddhartha Reddy ,Walk-In,Walk-In
18-01-2026,MR10210005071,OP10210009043,Mr. SURYA L,Male,19Y,9397976799,Dr. SIDDHARTH REDDY  ALLA,OPRInv1021-20261181966,ENDOSCOPY -SPD,,4000,0,0,4000,4000,0,UPI - PhonePe,Siddhartha Reddy ,Walk-In,Walk-In
19-01-2026,MR10210005073,OP10210009045,Mrs. M VIJAYA LAKSHMI,Female,58Y,8074903500,Dr. SIDDHARTH REDDY  ALLA,OPRInv1021-20261191967,ENDOSCOPY,,3300,0,0,3300,3300,0,Cash,RUPA N,Walk-In,Walk-In
19-01-2026,MR10210002922,OP10210009052,Mrs. K TRIVENI ,Female,59Y,9052411331,Dr. SIDDHARTH REDDY  ALLA,OPRInv1021-20261191968,ENDOSCOPY,,3300,1000,0,2300,2300,0,Cash,Siddhartha Reddy ,Walk-In,Walk-In
19-01-2026,MR10210005080,OP10210009064,Mr. K RAMA KRISHNA,Male,49Y,9848146567,Dr. SIDDHARTH REDDY  ALLA,OPRInv1021-20261191969,ENDOSCOPY,,3300,0,0,3300,3300,0,UPI - PhonePe,RUPA N,Walk-In,Walk-In
19-01-2026,MR10210005080,OP10210009066,Mr. K RAMA KRISHNA,Male,49Y,9848146567,Dr. SIDDHARTH REDDY  ALLA,OPRInv1021-20261191970,RUT,,500,0,0,500,500,0,Cash,RUPA N,Walk-In,Walk-In
19-01-2026,MR10210005086,OP10210009071,Master. REVANTH SAI KRISHNA,Male,4Y,9642126619,Dr. SIDDHARTH REDDY  ALLA,OPRInv1021-20261191971,"ANESTHETIA SGA, FOREIGN BODY REMOVAL - BLUNT",,15500,2000,0,13500,13500,0,UPI - PhonePe,Siddhartha Reddy ,Walk-In,Walk-In
20-01-2026,MR10210005090,OP10210009076,Mr. Y MANIKANTA,Male,20Y,7842748488,Dr. SIDDHARTH REDDY  ALLA,OPRInv1021-20261201972,SG DILATATION,,15000,0,0,15000,15000,0,UPI - PhonePe,RUPA N,Walk-In,Walk-In
20-01-2026,MR10210005091,OP10210009077,Mrs. D VENKATA RATNAMMA,Female,83Y,8985998759,Dr. SIDDHARTH REDDY  ALLA,OPRInv1021-20261201973,"ANESTHETIA SGA, COLONOSCOPY",,9800,0,0,9800,9800,0,Cash,RUPA N,Walk-In,Walk-In
21-01-2026,MR10210005093,OP10210009083,Mrs. P ANKAMMA,Female,47Y,9848661722,Dr. SIDDHARTH REDDY  ALLA,OPRInv1021-20261211974,ENDOSCOPY,,3300,0,0,3300,3300,0,Cash,RUPA N,Walk-In,Walk-In
21-01-2026,MR10210005095,OP10210009085,Mrs. T SANTHA  KUMARI,Female,39Y,9030503402,Dr. SIDDHARTH REDDY  ALLA,OPRInv1021-20261211975,"ANESTHETIA SGA, COLONOSCOPY",,9800,0,0,9800,9800,0,Cash,RUPA N,Walk-In,Walk-In
21-01-2026,MR10210005097,OP10210009088,Mrs. K ANNAPURNAMMA,Female,42Y,9177271919,Dr. SIDDHARTH REDDY  ALLA,OPRInv1021-20261211976,ENDOSCOPY,,3300,0,0,3300,3300,0,UPI - PhonePe,RUPA N,Walk-In,Walk-In
21-01-2026,MR10210005093,OP10210009083,Mrs. P ANKAMMA,Female,47Y,9848661722,Dr. SIDDHARTH REDDY  ALLA,OPRInv1021-20261211977,RUT,,500,0,0,500,500,0,Cash,RUPA N,Walk-In,Walk-In
21-01-2026,MR10210005102,OP10210009098,Mr. A ANJANEYA REDDY,Male,62Y,9440483832,Dr. SIDDHARTH REDDY  ALLA,OPRInv1021-20261211978,SIGMOIDOSCOPY,,3300,0,0,3300,3300,0,UPI - PhonePe,RUPA N,Walk-In,Walk-In
21-01-2026,MR10210005104,OP10210009101,Mr. B JITEENDRA SINGH,Male,41Y,9160005958,Dr. SIDDHARTH REDDY  ALLA,OPRInv1021-20261211979,ENDOSCOPY,,3300,0,0,3300,3300,0,UPI - PhonePe,RUPA N,Walk-In,Walk-In
21-01-2026,MR10210005105,OP10210009102,Mr. B JITENDRA  SINGH,Male,41Y,9160005958,Dr. SIDDHARTH REDDY  ALLA,OPRInv1021-20261211980,RUT,,500,0,0,500,500,0,UPI - PhonePe,RUPA N,Walk-In,Walk-In
21-01-2026,MR10210005106,OP10210009103,Ms. SANTHA KUMARI N,Female,64Y,9705805727,Dr. SIDDHARTH REDDY  ALLA,OPRInv1021-20261211981,ENDOSCOPY,,3300,0,0,3300,3300,0,Cash,PRAVEEN KUMAR,Walk-In,Walk-In
22-01-2026,MR10210004439,OP10210009104,Mr. M KALYAN,Male,25Y,9014333543,Dr. SIDDHARTH REDDY  ALLA,OPRInv1021-20261221982,ENDOSCOPY,,3300,0,0,3300,3300,0,Cash,RUPA N,Walk-In,Walk-In
22-01-2026,MR10210004439,OP10210009104,Mr. M KALYAN,Male,25Y,9014333543,Dr. SIDDHARTH REDDY  ALLA,OPRInv1021-20261221983,RUT,,500,0,0,500,500,0,Cash,RUPA N,Walk-In,Walk-In
22-01-2026,MR10210005107,OP10210009106,Mrs. S ANASURYA,Female,53Y,9440536199,Dr. SIDDHARTH REDDY  ALLA,OPRInv1021-20261221984,ENDOSCOPY,,3300,0,0,3300,3300,0,UPI - PhonePe,RUPA N,Walk-In,Walk-In
22-01-2026,MR10210005040,OP10210009105,Mr. B KASI REDDY,Male,40Y,8142633999,Dr. SIDDHARTH REDDY  ALLA,OPRInv1021-20261221985,ENDOSCOPY,,3300,0,0,3300,3300,0,UPI - PhonePe,RUPA N,Walk-In,Walk-In
22-01-2026,MR10210005040,OP10210009105,Mr. B KASI REDDY,Male,40Y,8142633999,Dr. SIDDHARTH REDDY  ALLA,OPRInv1021-20261221986,RUT,,500,0,0,500,500,0,UPI - PhonePe,RUPA N,Walk-In,Walk-In
22-01-2026,MR10210005023,OP10210009113,Mr. S BHASKARA RAO,Male,67Y,9490639015,Dr. SIDDHARTH REDDY  ALLA,OPRInv1021-20261221987,"ANESTHETIA SGA, COLONOSCOPY",,9800,1300,0,8500,8500,0,Cash,RUPA N,Walk-In,Walk-In
23-01-2026,MR10210003663,OP10210009121,Mrs. SK MEERABI,Female,58Y,9949524877,Dr. SIDDHARTH REDDY  ALLA,OPRInv1021-20261231988,ENDOSCOPY,,3300,500,0,2800,2800,0,Cash,RUPA N,Walk-In,Walk-In
23-01-2026,MR10210005118,OP10210009122,Mr. R SUBBA RAO,Male,38Y,9182623004,Dr. SIDDHARTH REDDY  ALLA,OPRInv1021-20261231989,ENDOSCOPY,,3300,0,0,3300,3300,0,Cash,RUPA N,Walk-In,Walk-In
23-01-2026,MR10210003663,OP10210009121,Mrs. SK MEERABI,Female,58Y,9949524877,Dr. SIDDHARTH REDDY  ALLA,OPRInv1021-20261231990,RUT,,500,0,0,500,500,0,Cash,RUPA N,Walk-In,Walk-In
23-01-2026,MR10210005118,OP10210009122,Mr. R SUBBA RAO,Male,38Y,9182623004,Dr. SIDDHARTH REDDY  ALLA,OPRInv1021-20261231991,RUT,,500,0,0,500,500,0,Cash,RUPA N,Walk-In,Walk-In
23-01-2026,MR10210005121,OP10210009132,Mrs. N LAKSHMI,Female,52Y,8309290236,Dr. SIDDHARTH REDDY  ALLA,OPRInv1021-20261231992,ENDOSCOPY,,3300,0,0,3300,3300,0,Cash,RUPA N,Walk-In,Walk-In
23-01-2026,MR10210005123,OP10210009134,Mr. D MANIKANDAN,Male,37Y,9994510186,Dr. SIDDHARTH REDDY  ALLA,OPRInv1021-20261231993,ENDOSCOPY,,3300,0,0,3300,3300,0,UPI - PhonePe,RUPA N,Walk-In,Walk-In
23-01-2026,MR10210005122,OP10210009133,Mrs. D JAYA LAKSHMI,Female,27Y,7997698572,Dr. SIDDHARTH REDDY  ALLA,OPRInv1021-20261231994,SIGMOIDOSCOPY,,3300,0,0,3300,3300,0,Cash,RUPA N,Walk-In,Walk-In
23-01-2026,MR10210005121,OP10210009137,Mrs. N LAKSHMI,Female,52Y,8309290236,Dr. SIDDHARTH REDDY  ALLA,OPRInv1021-20261231995,RUT,,500,0,0,500,500,0,Cash,RUPA N,Walk-In,Walk-In
23-01-2026,MR10210005123,OP10210009134,Mr. D MANIKANDAN,Male,37Y,9994510186,Dr. SIDDHARTH REDDY  ALLA,OPRInv1021-20261231996,RUT,,500,0,0,500,500,0,UPI - PhonePe,RUPA N,Walk-In,Walk-In
24-01-2026,MR10210005126,OP10210009141,Mr. T MANTHRAYYA,Male,60Y,6304661175,Dr. SIDDHARTH REDDY  ALLA,OPRInv1021-20261241997,ENDOSCOPY,,3300,990,0,2310,2310,0,Cash,BHARGAV CHOWDARY,Walk-In,Walk-In
24-01-2026,MR10210005127,OP10210009144,Mr. B UDAY KIRAN,Male,43Y,7013148516,Dr. SIDDHARTH REDDY  ALLA,OPRInv1021-20261241998,ENDOSCOPY,,3300,500,0,2800,2800,0,UPI - PhonePe,RUPA N,Walk-In,Walk-In
24-01-2026,MR10210005129,OP10210009148,Mr. P RAKESH,Male,30Y,9676396580,Dr. SIDDHARTH REDDY  ALLA,OPRInv1021-20261241999,ENDOSCOPY,,3300,0,0,3300,2300,1000,Cash,RUPA N,Walk-In,Walk-In
24-01-2026,MR10210005129,OP10210009148,Mr. P RAKESH,Male,30Y,9676396580,Dr. SIDDHARTH REDDY  ALLA,OPRInv1021-20261241999,ENDOSCOPY,,3300,0,0,1000,1000,0,UPI - PhonePe,RUPA N,Walk-In,Walk-In
24-01-2026,MR10210005129,OP10210009148,Mr. P RAKESH,Male,30Y,9676396580,Dr. SIDDHARTH REDDY  ALLA,OPRInv1021-20261242000,RUT,,500,0,0,500,500,0,UPI - PhonePe,RUPA N,Walk-In,Walk-In
24-01-2026,MR10210005127,OP10210009144,Mr. B UDAY KIRAN,Male,43Y,7013148516,Dr. SIDDHARTH REDDY  ALLA,OPRInv1021-20261242001,RUT,,500,0,0,500,500,0,UPI - PhonePe,RUPA N,Walk-In,Walk-In
24-01-2026,MR10210005117,OP10210009154,Mr. V RAMESH BABU,Male,45Y,6300801701,Dr. SIDDHARTH REDDY  ALLA,OPRInv1021-20261242002,ENDOSCOPY,,3300,990,0,2310,2310,0,UPI - PhonePe,BHARGAV CHOWDARY,Walk-In,Walk-In
24-01-2026,MR10210005117,OP10210009154,Mr. V RAMESH BABU,Male,45Y,6300801701,Dr. SIDDHARTH REDDY  ALLA,OPRInv1021-20261242003,RUT,,500,0,0,500,500,0,UPI - PhonePe,RUPA N,Walk-In,Walk-In
25-01-2026,MR10210005150,OP10210009174,Mrs. Y MAHALAKSHMI,Female,40Y,9502472692,Dr. SIDDHARTH REDDY  ALLA,OPRInv1021-20261252004,ECG ,,100,0,0,100,100,0,Cash,RUPA N,Walk-In,Walk-In
26-01-2026,MR10210005151,OP10210009176,Mrs. N LEELAVATHI,Female,50Y,8247661312,Dr. SIDDHARTH REDDY  ALLA,OPRInv1021-20261262005,"ANESTHETIA SGA, COLONOSCOPY, ENDOSCOPY",,13100,0,0,13100,13100,0,UPI - PhonePe,RUPA N,Walk-In,Walk-In
26-01-2026,MR10210005153,OP10210009180,Mr. G SRI RAMULU,Male,45Y,9133984423,Dr. SIDDHARTH REDDY  ALLA,OPRInv1021-20261262006,ENDOSCOPY,,3300,0,0,3300,3300,0,Cash,RUPA N,Walk-In,Walk-In
26-01-2026,MR10210005152,OP10210009179,Mr. A PICHAIAH,Male,63Y,7893404507,Dr. SIDDHARTH REDDY  ALLA,OPRInv1021-20261262007,ENDOSCOPY,,3300,0,0,3300,3300,0,Cash,RUPA N,Walk-In,Walk-In
26-01-2026,MR10210004977,OP10210009178,Mr. SK MASTAN,Male,55Y,9493941725,Dr. SIDDHARTH REDDY  ALLA,OPRInv1021-20261262008,ENDOSCOPY,,3300,300,0,3000,3000,0,Cash,RUPA N,Walk-In,Walk-In
26-01-2026,MR10210005155,OP10210009183,Mrs. CH SWETHA,Female,39Y,8801408800,Dr. SIDDHARTH REDDY  ALLA,OPRInv1021-20261262009,ENDOSCOPY,,3300,0,0,3300,3230,70,Cash,RUPA N,Walk-In,Walk-In
26-01-2026,MR10210005155,OP10210009183,Mrs. CH SWETHA,Female,39Y,8801408800,Dr. SIDDHARTH REDDY  ALLA,OPRInv1021-20261262009,ENDOSCOPY,,3300,0,0,70,70,0,UPI - PhonePe,RUPA N,Walk-In,Walk-In
26-01-2026,MR10210005155,OP10210009183,Mrs. CH SWETHA,Female,39Y,8801408800,Dr. SIDDHARTH REDDY  ALLA,OPRInv1021-20261262010,RUT,,500,0,0,500,500,0,UPI - PhonePe,RUPA N,Walk-In,Walk-In
26-01-2026,MR10210005153,OP10210009180,Mr. G SRI RAMULU,Male,45Y,9133984423,Dr. SIDDHARTH REDDY  ALLA,OPRInv1021-20261262011,RUT,,500,0,0,500,500,0,Cash,RUPA N,Walk-In,Walk-In
26-01-2026,MR10210005159,OP10210009195,Mr. ISMAIL BAIG,Male,58Y,6301167026,Dr. SIDDHARTH REDDY  ALLA,OPRInv1021-20261262012,ENDOSCOPY,,3300,0,0,3300,3300,0,Cash,RUPA N,Walk-In,Walk-In
26-01-2026,MR10210005151,OP10210009176,Mrs. N LEELAVATHI,Female,50Y,8247661312,Dr. SIDDHARTH REDDY  ALLA,OPRInv1021-20261262013,"BIOPSY SMALL, RUT",,2000,0,0,2000,2000,0,UPI - PhonePe,BHARGAV CHOWDARY,Walk-In,Walk-In
27-01-2026,MR10210003906,OP10210009203,Mr. U LAKSHMAN,Male,31Y,8328639328,Dr. SIDDHARTH REDDY  ALLA,OPRInv1021-20261272014,ENDOSCOPY,,3300,500,0,2800,2800,0,Cash,RUPA N,Walk-In,Walk-In
27-01-2026,MR10210005162,OP10210009205,Mr. B ANANDA KOTESWARA RAO,Male,42Y,9573046361,Dr. SIDDHARTH REDDY  ALLA,OPRInv1021-20261272015,ENDOSCOPY,,3300,0,0,3300,3300,0,UPI - PhonePe,RUPA N,Walk-In,Walk-In
27-01-2026,MR10210003906,OP10210009203,Mr. U LAKSHMAN,Male,31Y,8328639328,Dr. SIDDHARTH REDDY  ALLA,OPRInv1021-20261272016,RUT,,500,0,0,500,500,0,UPI - PhonePe,RUPA N,Walk-In,Walk-In
27-01-2026,MR10210005163,OP10210009206,Mr. K KARIMULLA,Male,49Y,9989731994,Dr. SIDDHARTH REDDY  ALLA,OPRInv1021-20261272017,ENDOSCOPY,,3300,0,0,3300,3300,0,Cash,RUPA N,Walk-In,Walk-In
27-01-2026,MR10210005019,OP10210009207,Mrs. K RAMADEVI,Female,45Y,9705234366,Dr. SIDDHARTH REDDY  ALLA,OPRInv1021-20261272018,ENDOSCOPY,,3300,0,0,3300,3300,0,Cash,RUPA N,Walk-In,Walk-In
27-01-2026,MR10210005019,OP10210009207,Mrs. K RAMADEVI,Female,45Y,9705234366,Dr. SIDDHARTH REDDY  ALLA,OPRInv1021-20261272019,RUT,,500,0,0,500,500,0,Cash,RUPA N,Walk-In,Walk-In
27-01-2026,MR10210005163,OP10210009206,Mr. K KARIMULLA,Male,49Y,9989731994,Dr. SIDDHARTH REDDY  ALLA,OPRInv1021-20261272020,RUT,,500,0,0,500,500,0,Cash,RUPA N,Walk-In,Walk-In
27-01-2026,MR10210005168,OP10210009215,Mrs. N PARVATHI,Female,70Y,8341432333,Dr. SIDDHARTH REDDY  ALLA,OPRInv1021-20261272021,"ANESTHETIA SGA, COLONOSCOPY",,9800,0,0,9800,9800,0,Cash,RUPA N,Walk-In,Walk-In
27-01-2026,MR10210005169,OP10210009216,Mr. M GOVINDAIAH,Male,73Y,9642867806,Dr. SIDDHARTH REDDY  ALLA,OPRInv1021-20261272022,ENDOSCOPY,,3300,0,0,3300,3300,0,UPI - PhonePe,RUPA N,Walk-In,Walk-In
27-01-2026,MR10210005169,OP10210009217,Mr. M GOVINDAIAH,Male,73Y,9642867806,Dr. SIDDHARTH REDDY  ALLA,OPRInv1021-20261272023,BIOPSY SMALL,,1500,0,0,1500,1500,0,UPI - PhonePe,RUPA N,Walk-In,Walk-In
27-01-2026,MR10210005168,OP10210009218,Mrs. N PARVATHI,Female,70Y,8341432333,Dr. SIDDHARTH REDDY  ALLA,OPRInv1021-20261272024,BIOPSY SMALL,,1500,0,0,1500,1500,0,Cash,RUPA N,Walk-In,Walk-In
28-01-2026,MR10210005170,OP10210009219,Mrs. T SRAVANI,Female,31Y,9885535836,Dr. SIDDHARTH REDDY  ALLA,OPRInv1021-20261282025,ENDOSCOPY,,3300,0,0,3300,3300,0,UPI - PhonePe,RUPA N,Walk-In,Walk-In
28-01-2026,MR10210005170,OP10210009219,Mrs. T SRAVANI,Female,31Y,9885535836,Dr. SIDDHARTH REDDY  ALLA,OPRInv1021-20261282026,RUT,,500,0,0,500,500,0,UPI - PhonePe,RUPA N,Walk-In,Walk-In
28-01-2026,MR10210005167,OP10210009221,Mr. P RIYAZ KHAN,Male,24Y,9100627095,Dr. SIDDHARTH REDDY  ALLA,OPRInv1021-20261282027,"ANESTHETIA SGA, COLONOSCOPY",,9800,0,0,9800,9800,0,UPI - PhonePe,RUPA N,Walk-In,Walk-In
28-01-2026,MR10210005175,OP10210009225,Ms. Y SRUTHI,Female,22Y,9742001442,Dr. SIDDHARTH REDDY  ALLA,OPRInv1021-20261282028,ENDOSCOPY,,3300,990,0,2310,2310,0,UPI - PhonePe,BHARGAV CHOWDARY,Walk-In,Walk-In
28-01-2026,MR10210005174,OP10210009224,Mrs. D RAMA DEVI,Female,48Y,9133197663,Dr. SIDDHARTH REDDY  ALLA,OPRInv1021-20261282029,"ANESTHETIA SGA, COLONOSCOPY",,9800,2150,0,7650,7650,0,Cash,BHARGAV CHOWDARY,Walk-In,Walk-In
28-01-2026,MR10210005178,OP10210009230,Mr. SK JAMEER,Male,41Y,8341533799,Dr. SIDDHARTH REDDY  ALLA,OPRInv1021-20261282030,ENDOSCOPY,,3300,0,0,3300,3300,0,UPI - PhonePe,RUPA N,Walk-In,Walk-In
28-01-2026,MR10210005179,OP10210009231,Mr. K MAHESH,Male,43Y,9908072512,Dr. SIDDHARTH REDDY  ALLA,OPRInv1021-20261282031,ENDOSCOPY,,3300,0,0,3300,3300,0,UPI - PhonePe,RUPA N,Walk-In,Walk-In
28-01-2026,MR10210005178,OP10210009230,Mr. SK JAMEER,Male,41Y,8341533799,Dr. SIDDHARTH REDDY  ALLA,OPRInv1021-20261282032,RUT,,500,0,0,500,500,0,Cash,RUPA N,Walk-In,Walk-In
28-01-2026,MR10210005181,OP10210009234,Mrs. B BHARATHI,Female,38Y,9160751271,Dr. SIDDHARTH REDDY  ALLA,OPRInv1021-20261282033,ENDOSCOPY,,3300,0,0,3300,3300,0,UPI - PhonePe,RUPA N,Walk-In,Walk-In
28-01-2026,MR10210005182,OP10210009239,Mrs. K ADEMMA,Female,60Y,7095185921,Dr. SIDDHARTH REDDY  ALLA,OPRInv1021-20261282034,ENDOSCOPY,,3300,0,0,3300,3300,0,Cash,RUPA N,Walk-In,Walk-In
28-01-2026,MR10210005175,OP10210009225,Ms. Y SRUTHI,Female,22Y,9742001442,Dr. SIDDHARTH REDDY  ALLA,OPRInv1021-20261282035,RUT,,500,0,0,500,500,0,Cash,RUPA N,Walk-In,Walk-In
29-01-2026,MR10210005184,OP10210009242,Mr. P ANJAIAH,Male,72Y,9440605752,Dr. SIDDHARTH REDDY  ALLA,OPRInv1021-20261292036,ENDOSCOPY,,3300,660,0,2640,2640,0,Cash,RUPA N,Walk-In,Walk-In
29-01-2026,MR10210005186,OP10210009245,Mr. M SIVA,Male,30Y,8418080373,Dr. SIDDHARTH REDDY  ALLA,OPRInv1021-20261292037,ENDOSCOPY,,3300,0,0,3300,0,3300,Cash,RUPA N,Walk-In,Walk-In
25-02-2026,MR10210005186,OP10210009245,Mr. M SIVA,Male,30Y,8418080373,Dr. SIDDHARTH REDDY  ALLA,OPRInv1021-20261292037,ENDOSCOPY,,3300,0,3300,0,0,0,Cash,RUPA N,Walk-In,Walk-In
29-01-2026,MR10210005187,OP10210009247,Mrs. M VENAKATA RAMANA,Female,49Y,9963638156,Dr. SIDDHARTH REDDY  ALLA,OPRInv1021-20261292038,ENDOSCOPY,,3300,990,0,2310,2310,0,Cash,BHARGAV CHOWDARY,Walk-In,Walk-In
29-01-2026,MR10210005188,OP10210009250,Mr. A SRINIVASA REDDY,Male,55Y,6305304069,Dr. SIDDHARTH REDDY  ALLA,OPRInv1021-20261292039,ENDOSCOPY,,3300,0,0,3300,3300,0,Cash,K PRATHIMA,Walk-In,Walk-In
29-01-2026,MR10210005190,OP10210009252,Mrs. SK SUHANA,Female,34Y,9392612371,Dr. SIDDHARTH REDDY  ALLA,OPRInv1021-20261292040,ENDOSCOPY,,3300,0,0,3300,2600,700,Cash,K PRATHIMA,Walk-In,Walk-In
29-01-2026,MR10210005190,OP10210009252,Mrs. SK SUHANA,Female,34Y,9392612371,Dr. SIDDHARTH REDDY  ALLA,OPRInv1021-20261292040,ENDOSCOPY,,3300,0,0,700,700,0,UPI - PhonePe,K PRATHIMA,Walk-In,Walk-In
29-01-2026,MR10210002128,OP10210009253,Mr. P SUBBA RAO ,Male,33Y,9912120122,Dr. SIDDHARTH REDDY  ALLA,OPRInv1021-20261292041,ECG ,,200,0,0,200,200,0,UPI - PhonePe,K PRATHIMA,Walk-In,Walk-In
29-01-2026,MR10210005187,OP10210009247,Mrs. M VENAKATA RAMANA,Female,49Y,9963638156,Dr. SIDDHARTH REDDY  ALLA,OPRInv1021-20261292042,RUT,,500,0,0,500,500,0,Cash,K PRATHIMA,Walk-In,Walk-In
29-01-2026,MR10210005193,OP10210009257,Mrs. B TIRUPATHAMMA,Female,40Y,7799736478,Dr. SIDDHARTH REDDY  ALLA,OPRInv1021-20261292043,ENDOSCOPY,,3300,0,0,3300,3300,0,Cash,K PRATHIMA,Walk-In,Walk-In
29-01-2026,MR10210005188,OP10210009250,Mr. A SRINIVASA REDDY,Male,55Y,6305304069,Dr. SIDDHARTH REDDY  ALLA,OPRInv1021-20261292044,POSITIVE EXTRA CHARGES,,1700,0,0,1700,1700,0,Cash,BHARGAV CHOWDARY,Walk-In,Walk-In
30-01-2026,MR10210005197,OP10210009273,Mr. N VENKAT RAO,Male,38Y,9963432746,Dr. SIDDHARTH REDDY  ALLA,OPRInv1021-20261302045,"ANESTHETIA SGA, COLONOSCOPY",,9800,0,0,9800,9800,0,UPI - PhonePe,RUPA N,Walk-In,Walk-In
30-01-2026,MR10210005202,OP10210009275,Mr. B NAVEEN,Male,23Y,7981326665,Dr. SIDDHARTH REDDY  ALLA,OPRInv1021-20261302046,ENDOSCOPY,,3300,0,0,3300,3300,0,UPI - PhonePe,RUPA N,Walk-In,Walk-In
30-01-2026,MR10210005206,OP10210009282,Mrs. T LINGAMMA,Female,67Y,8985778286,Dr. SIDDHARTH REDDY  ALLA,OPRInv1021-20261302047,ENDOSCOPY,,3300,0,0,3300,3300,0,UPI - PhonePe,RUPA N,Walk-In,Walk-In
30-01-2026,MR10210005206,OP10210009282,Mrs. T LINGAMMA,Female,67Y,8985778286,Dr. SIDDHARTH REDDY  ALLA,OPRInv1021-20261302048,BIOPSY SMALL,,1500,0,0,1500,1500,0,UPI - PhonePe,RUPA N,Walk-In,Walk-In
30-01-2026,MR10210005207,OP10210009285,Mr. D RAMANAIAH,Male,48Y,7793993886,Dr. SIDDHARTH REDDY  ALLA,OPRInv1021-20261302049,ENDOSCOPY,,3300,500,0,2800,2800,0,UPI - PhonePe,RUPA N,Walk-In,Walk-In
30-01-2026,MR10210005207,OP10210009285,Mr. D RAMANAIAH,Male,48Y,7793993886,Dr. SIDDHARTH REDDY  ALLA,OPRInv1021-20261302050,RUT,,500,0,0,500,500,0,Cash,RUPA N,Walk-In,Walk-In
30-01-2026,MR10210005205,OP10210009280,Mr. M NAGESWARA RAO,Male,73Y,9553564086,Dr. SIDDHARTH REDDY  ALLA,OPRInv1021-20261302051,"ANESTHETIA SGA, COLONOSCOPY",,9800,0,0,9800,9800,0,Cash,RUPA N,Walk-In,Walk-In
30-01-2026,MR10210003666,OP10210009287,Mr. P J R SESHA SAI ,Male,55Y,9110798961,Dr. SIDDHARTH REDDY  ALLA,OPRInv1021-20261302052,UGISCOPY + STENT REMOVAL,,5000,2000,0,3000,3000,0,Cash,Siddhartha Reddy ,Walk-In,Walk-In
30-01-2026,MR10210005208,OP10210009289,Mr. SK BAJI,Male,45Y,9866814634,Dr. SIDDHARTH REDDY  ALLA,OPRInv1021-20261302053,ENDOSCOPY,,3300,0,0,3300,3300,0,UPI - PhonePe,RUPA N,Walk-In,Walk-In
31-01-2026,MR10210005211,OP10210009293,Mr. Y KIRAN KUMAR,Male,39Y,9676962898,Dr. SIDDHARTH REDDY  ALLA,OPRInv1021-20261312054,ENDOSCOPY,,3300,0,0,3300,3300,0,UPI - PhonePe,RUPA N,Walk-In,Walk-In
31-01-2026,MR10210005211,OP10210009293,Mr. Y KIRAN KUMAR,Male,39Y,9676962898,Dr. SIDDHARTH REDDY  ALLA,OPRInv1021-20261312055,RUT,,500,0,0,500,500,0,Cash,RUPA N,Walk-In,Walk-In
31-01-2026,MR10210005215,OP10210009297,Mrs. M NAGA RAJA KUMARI,Female,62Y,9491663799,Dr. SIDDHARTH REDDY  ALLA,OPRInv1021-20261312056,"ENDOSCOPY, RUT",,3800,0,0,3800,3800,0,Cash,RUPA N,Walk-In,Walk-In
31-01-2026,MR10210005213,OP10210009295,Mrs. G RAMA DEVI,Female,50Y,8639971213,Dr. SIDDHARTH REDDY  ALLA,OPRInv1021-20261312057,"ANESTHETIA SGA, ENDOSCOPY",,6800,0,0,6800,6800,0,Cash,RUPA N,Walk-In,Walk-In
31-01-2026,MR10210005216,OP10210009298,Mr. M KALYAN,Male,25Y,6303514795,Dr. SIDDHARTH REDDY  ALLA,OPRInv1021-20261312058,ENDOSCOPY,,3300,0,0,3300,3300,0,Cash,RUPA N,Walk-In,Walk-In
31-01-2026,MR10210005218,OP10210009303,Mr. Y HEMANTH KUMAR,Male,31Y,8500878841,Dr. SIDDHARTH REDDY  ALLA,OPRInv1021-20261312059,ENDOSCOPY,,3300,0,0,3300,3300,0,Cash,RUPA N,Walk-In,Walk-In
31-01-2026,MR10210005218,OP10210009305,Mr. Y HEMANTH KUMAR,Male,31Y,8500878841,Dr. SIDDHARTH REDDY  ALLA,OPRInv1021-20261312060,RUT,,500,0,0,500,500,0,Cash,RUPA N,Walk-In,Walk-In
31-01-2026,MR10210005216,OP10210009298,Mr. M KALYAN,Male,25Y,6303514795,Dr. SIDDHARTH REDDY  ALLA,OPRInv1021-20261312061,RUT,,500,0,0,500,500,0,UPI - PhonePe,RUPA N,Walk-In,Walk-In
02-02-2026,MR10210004472,OP10210009316,Mr. G KRISHNA REDDY,Male,73Y,9490196295,Dr. SIDDHARTH REDDY  ALLA,OPRInv1021-2026222062,"ANESTHETIA SGA, COLONOSCOPY",,9800,0,0,9800,9800,0,Cash,RUPA N,Walk-In,Walk-In
02-02-2026,MR10210005224,OP10210009315,Mr. SK TAJUDDIN,Male,40Y,9642350069,Dr. SIDDHARTH REDDY  ALLA,OPRInv1021-2026222063,COLONOSCOPY,,6300,0,0,6300,6300,0,Cash,RUPA N,Walk-In,Walk-In
02-02-2026,MR10210004779,OP10210009322,Mrs. B NAGESWARAMMA,Female,59Y,9985695082,Dr. SIDDHARTH REDDY  ALLA,OPRInv1021-2026222064,ENDOSCOPY,,3300,0,0,3300,3300,0,UPI - PhonePe,RUPA N,Walk-In,Walk-In
02-02-2026,MR10210005234,OP10210009349,Mrs. A MADHAVI LATHA,Female,48Y,9441452950,Dr. SIDDHARTH REDDY  ALLA,OPRInv1021-2026222065,ENDOSCOPY,,3300,0,0,3300,3300,0,UPI - PhonePe,RUPA N,Walk-In,Walk-In
03-02-2026,MR10210005241,OP10210009358,Ms. N ANJALI,Female,20Y,9508202064,Dr. SIDDHARTH REDDY  ALLA,OPRInv1021-2026232066,ENDOSCOPY,,3300,0,0,3300,3300,0,Cash,RUPA N,Walk-In,Walk-In
03-02-2026,MR10210005243,OP10210009361,Mr. N KOTESWARA RAO,Male,71Y,9989853491,Dr. SIDDHARTH REDDY  ALLA,OPRInv1021-2026232067,ENDOSCOPY,,3300,0,0,3300,3300,0,Cash,RUPA N,Walk-In,Walk-In
03-02-2026,MR10210005241,OP10210009358,Ms. N ANJALI,Female,20Y,9508202064,Dr. SIDDHARTH REDDY  ALLA,OPRInv1021-2026232068,RUT,,500,0,0,500,500,0,Cash,RUPA N,Walk-In,Walk-In
04-02-2026,MR10210005240,OP10210009357,Mr. J JAGADISH,Male,45Y,8500780251,Dr. SIDDHARTH REDDY  ALLA,OPRInv1021-2026242069,"ANESTHETIA SGA, COLONOSCOPY",,9800,0,0,9800,9800,0,UPI - PhonePe,RUPA N,Walk-In,Walk-In
04-02-2026,MR10210005239,OP10210009356,Mrs. J REBECCA,Female,46Y,8500780251,Dr. SIDDHARTH REDDY  ALLA,OPRInv1021-2026242070,"ANESTHETIA SGA, COLONOSCOPY",,9800,0,0,9800,9800,0,UPI - PhonePe,RUPA N,Walk-In,Walk-In
04-02-2026,MR10210005252,OP10210009383,Mrs. G LAKSHMI,Female,50Y,8790246250,Dr. SIDDHARTH REDDY  ALLA,OPRInv1021-2026242071,ENDOSCOPY,,3300,0,0,3300,3300,0,UPI - PhonePe,RUPA N,Walk-In,Walk-In
04-02-2026,MR10210005251,OP10210009380,Mr. B KOONA REDDY,Male,64Y,9505363172,Dr. SIDDHARTH REDDY  ALLA,OPRInv1021-2026242072,ENDOSCOPY,,3300,0,0,3300,3300,0,Cash,RUPA N,Walk-In,Walk-In
04-02-2026,MR10210005239,OP10210009356,Mrs. J REBECCA,Female,46Y,8500780251,Dr. SIDDHARTH REDDY  ALLA,OPRInv1021-2026242073,BIOPSY SMALL,,1500,0,0,1500,1500,0,UPI - PhonePe,RUPA N,Walk-In,Walk-In
04-02-2026,MR10210005253,OP10210009384,Mrs. T VENKAYAMMA,Female,56Y,8247228083,Dr. SIDDHARTH REDDY  ALLA,OPRInv1021-2026242074,ENDOSCOPY,,3300,0,0,3300,0,3300,Cash,RUPA N,Walk-In,Walk-In
05-05-2026,MR10210005253,OP10210009384,Mrs. T VENKAYAMMA,Female,56Y,8247228083,Dr. SIDDHARTH REDDY  ALLA,OPRInv1021-2026242074,ENDOSCOPY,,3300,0,3300,0,0,0,Cash,RUPA N,Walk-In,Walk-In
04-02-2026,MR10210005254,OP10210009388,Mr. N SANKAR,Male,46Y,9885810030,Dr. SIDDHARTH REDDY  ALLA,OPRInv1021-2026242075,ENDOSCOPY,,3300,0,0,3300,3300,0,UPI - PhonePe,RUPA N,Walk-In,Walk-In
04-02-2026,MR10210005255,OP10210009391,Mr. K SREENIVASA RAO,Male,59Y,9951332422,Dr. SIDDHARTH REDDY  ALLA,OPRInv1021-2026242076,ENDOSCOPY,,3300,0,0,3300,3300,0,UPI - PhonePe,RUPA N,Walk-In,Walk-In
04-02-2026,MR10210005258,OP10210009399,Mrs. S RENUKA,Female,52Y,7036632009,Dr. SIDDHARTH REDDY  ALLA,OPRInv1021-2026242077,ENDOSCOPY,,3300,0,0,3300,3300,0,UPI - PhonePe,RUPA N,Walk-In,Walk-In
04-02-2026,MR10210005259,OP10210009401,Mrs. K LAKSHMI KANTHAM,Female,51Y,8142557810,Dr. SIDDHARTH REDDY  ALLA,OPRInv1021-2026242078,"ANESTHETIA SGA, COLONOSCOPY",,9800,0,0,9800,9800,0,Cash,RUPA N,Walk-In,Walk-In
04-02-2026,MR10210005258,OP10210009402,Mrs. S RENUKA,Female,52Y,7036632009,Dr. SIDDHARTH REDDY  ALLA,OPRInv1021-2026242079,BIOPSY SMALL,,1500,0,0,1500,1500,0,UPI - PhonePe,RUPA N,Walk-In,Walk-In
04-02-2026,MR10210005255,OP10210009391,Mr. K SREENIVASA RAO,Male,59Y,9951332422,Dr. SIDDHARTH REDDY  ALLA,OPRInv1021-2026242080,RUT,,500,0,0,500,500,0,Cash,RUPA N,Walk-In,Walk-In
05-02-2026,MR10210005221,OP10210009410,Mr. Y ANIL BABU,Male,43Y,8886737373,Dr. SIDDHARTH REDDY  ALLA,OPRInv1021-2026252081,"ANESTHETIA SGA, COLONOSCOPY",,9800,0,0,9800,9800,0,UPI - PhonePe,RUPA N,Walk-In,Walk-In
05-02-2026,MR10210005262,OP10210009406,Mr. P VENKATESWARA RAO,Male,63Y,7075955914,Dr. SIDDHARTH REDDY  ALLA,OPRInv1021-2026252082,ENDOSCOPY,,3300,0,0,3300,3300,0,UPI - PhonePe,RUPA N,Walk-In,Walk-In
05-02-2026,MR10210005267,OP10210009416,Mr. SK IBRAHIM,Male,45Y,8106155149,Dr. SIDDHARTH REDDY  ALLA,OPRInv1021-2026252083,ENDOSCOPY,,3300,0,0,3300,3300,0,UPI - PhonePe,RUPA N,Walk-In,Walk-In
05-02-2026,MR10210005271,OP10210009421,Mr. B VENKATESWARA RAO,Male,50Y,7702741121,Dr. SIDDHARTH REDDY  ALLA,OPRInv1021-2026252084,ENDOSCOPY,,3300,0,0,3300,3300,0,UPI - PhonePe,RUPA N,Walk-In,Walk-In
05-02-2026,MR10210005264,OP10210009411,Mr. M BALA VENKATESWARA RAO,Male,23Y,6304770418,Dr. SIDDHARTH REDDY  ALLA,OPRInv1021-2026252085,BIOPSY SMALL,,1500,0,0,1500,1500,0,UPI - PhonePe,RUPA N,Walk-In,Walk-In
05-02-2026,MR10210005274,OP10210009428,Mrs. A BHARGAVI,Female,30Y,9849786191,Dr. SIDDHARTH REDDY  ALLA,OPRInv1021-2026252086,ENDOSCOPY,,3300,0,0,3300,3300,0,Cash,RUPA N,Walk-In,Walk-In
05-02-2026,MR10210005268,OP10210009417,Mr. SK KARIMULLA,Male,63Y,9121045060,Dr. SIDDHARTH REDDY  ALLA,OPRInv1021-2026252087,ENDOSCOPY,,3300,1000,0,2300,2300,0,UPI - PhonePe,Siddhartha Reddy ,Walk-In,Walk-In
05-02-2026,MR10210005264,OP10210009411,Mr. M BALA VENKATESWARA RAO,Male,23Y,6304770418,Dr. SIDDHARTH REDDY  ALLA,OPRInv1021-2026252088,SIGMOIDOSCOPY,,3300,800,0,2500,2500,0,UPI - PhonePe,Siddhartha Reddy ,Walk-In,Walk-In
05-02-2026,MR10210005273,OP10210009425,Mr. V RAJESHJ,Male,52Y,7286808294,Dr. SIDDHARTH REDDY  ALLA,OPRInv1021-2026252089,SIGMOIDOSCOPY,,3300,0,0,3300,3300,0,Cash,RUPA N,Walk-In,Walk-In
05-02-2026,MR10210005269,OP10210009418,Mrs. A NAGA MALLESWARI,Female,60Y,9000927206,Dr. SIDDHARTH REDDY  ALLA,OPRInv1021-2026252090,"ANESTHETIA SGA, COLONOSCOPY",,9800,0,0,9800,9800,0,UPI - PhonePe,RUPA N,Walk-In,Walk-In
05-02-2026,MR10210005274,OP10210009428,Mrs. A BHARGAVI,Female,30Y,9849786191,Dr. SIDDHARTH REDDY  ALLA,OPRInv1021-2026252091,BIOPSY SMALL,,1500,0,0,1500,1500,0,UPI - PhonePe,RUPA N,Walk-In,Walk-In
05-02-2026,MR10210005274,OP10210009428,Mrs. A BHARGAVI,Female,30Y,9849786191,Dr. SIDDHARTH REDDY  ALLA,OPRInv1021-2026252092,BIOPSY SMALL,,1500,0,0,1500,1500,0,UPI - PhonePe,RUPA N,Walk-In,Walk-In
05-02-2026,MR10210005268,OP10210009417,Mr. SK KARIMULLA,Male,63Y,9121045060,Dr. SIDDHARTH REDDY  ALLA,OPRInv1021-2026252093,RUT,,500,0,0,500,500,0,UPI - PhonePe,RUPA N,Walk-In,Walk-In
05-02-2026,MR10210005269,OP10210009418,Mrs. A NAGA MALLESWARI,Female,60Y,9000927206,Dr. SIDDHARTH REDDY  ALLA,OPRInv1021-2026252094,BIOPSY SMALL,,1500,0,0,1500,1500,0,Cash,RUPA N,Walk-In,Walk-In
05-02-2026,MR10210005267,OP10210009416,Mr. SK IBRAHIM,Male,45Y,8106155149,Dr. SIDDHARTH REDDY  ALLA,OPRInv1021-2026252095,RUT,,500,0,0,500,500,0,Cash,RUPA N,Walk-In,Walk-In
06-02-2026,MR10210005276,OP10210009431,Mrs. D DIVYA,Female,31Y,8247437327,Dr. SIDDHARTH REDDY  ALLA,OPRInv1021-2026262096,ENDOSCOPY,,3300,0,0,3300,3300,0,UPI - PhonePe,RUPA N,Walk-In,Walk-In
06-02-2026,MR10210005279,OP10210009439,Mrs. M KRISHNA KUMARI,Female,54Y,9741189884,Dr. SIDDHARTH REDDY  ALLA,OPRInv1021-2026262097,ENDOSCOPY,,3300,0,0,3300,3300,0,Cash,RUPA N,Walk-In,Walk-In
06-02-2026,MR10210005262,OP10210009406,Mr. P VENKATESWARA RAO,Male,63Y,7075955914,Dr. SIDDHARTH REDDY  ALLA,OPRInv1021-2026262098,BIOPSY SMALL,,1500,0,0,1500,1500,0,UPI - PhonePe,RUPA N,Walk-In,Walk-In
06-02-2026,MR10210005276,OP10210009431,Mrs. D DIVYA,Female,31Y,8247437327,Dr. SIDDHARTH REDDY  ALLA,OPRInv1021-2026262099,RUT,,500,0,0,500,500,0,UPI - PhonePe,RUPA N,Walk-In,Walk-In
06-02-2026,MR10210005271,OP10210009421,Mr. B VENKATESWARA RAO,Male,50Y,7702741121,Dr. SIDDHARTH REDDY  ALLA,OPRInv1021-2026262100,RUT,,500,0,0,500,500,0,UPI - PhonePe,RUPA N,Walk-In,Walk-In
06-02-2026,MR10210005283,OP10210009447,Mrs. CH NAGA LAKSHMI,Female,37Y,9701053945,Dr. SIDDHARTH REDDY  ALLA,OPRInv1021-2026262101,ENDOSCOPY,,3300,0,0,3300,3300,0,UPI - PhonePe,RUPA N,Walk-In,Walk-In
06-02-2026,MR10210005277,OP10210009432,Mr. P ANJINEYULU,Male,65Y,9704166356,Dr. SIDDHARTH REDDY  ALLA,OPRInv1021-2026262102,"ANESTHETIA SGA, BIOPSY SMALL, POLYPECTOMY",,25000,18000,0,7000,7000,0,UPI - PhonePe,Siddhartha Reddy ,Walk-In,Walk-In
06-02-2026,MR10210005288,OP10210009455,Mr. Y SIVAIAH,Male,27Y,9392282145,Dr. SIDDHARTH REDDY  ALLA,OPRInv1021-2026262103,ENDOSCOPY,,3300,0,0,3300,3300,0,Cash,K PRATHIMA,Walk-In,Walk-In
06-02-2026,MR10210005288,OP10210009455,Mr. Y SIVAIAH,Male,27Y,9392282145,Dr. SIDDHARTH REDDY  ALLA,OPRInv1021-2026262104,RUT,,500,0,0,500,500,0,Cash,BHARGAV CHOWDARY,Walk-In,Walk-In
07-02-2026,MR10210005290,OP10210009457,Mrs. P MOUNIKA,Female,31Y,7285934045,Dr. SIDDHARTH REDDY  ALLA,OPRInv1021-2026272105,ENDOSCOPY,,3300,0,0,3300,3300,0,UPI - PhonePe,RUPA N,Walk-In,Walk-In
07-02-2026,MR10210005291,OP10210009459,Mr. V SRINIVAS RAO,Male,56Y,8143043143,Dr. SIDDHARTH REDDY  ALLA,OPRInv1021-2026272106,ENDOSCOPY,,3300,0,0,3300,3300,0,UPI - PhonePe,K PRATHIMA,Walk-In,Walk-In
07-02-2026,MR10210004830,OP10210009440,Mr. K VINCY,Male,48Y,9133519996,Dr. SIDDHARTH REDDY  ALLA,OPRInv1021-2026272107,ENDOSCOPY,,3300,0,0,3300,3300,0,UPI - PhonePe,K PRATHIMA,Walk-In,Walk-In
07-02-2026,MR10210004830,OP10210009440,Mr. K VINCY,Male,48Y,9133519996,Dr. SIDDHARTH REDDY  ALLA,OPRInv1021-2026272108,RUT,,500,0,0,500,500,0,UPI - PhonePe,K PRATHIMA,Walk-In,Walk-In
07-02-2026,MR10210005297,OP10210009471,Mrs. G siva koteswaramma,Female,38Y,9550928285,Dr. SIDDHARTH REDDY  ALLA,OPRInv1021-2026272109,ENDOSCOPY,,3300,0,0,3300,3300,0,Cash,K PRATHIMA,Walk-In,Walk-In
07-02-2026,MR10210005300,OP10210009474,Mrs. G KOTESWARAMMA,Female,38Y,9550928285,Dr. SIDDHARTH REDDY  ALLA,OPRInv1021-2026272110,RUT,,500,0,0,500,500,0,Cash,K PRATHIMA,Walk-In,Walk-In
07-02-2026,MR10210005301,OP10210009475,Mr. P VENKATESWAR RAO,Male,58Y,9959828569,Dr. SIDDHARTH REDDY  ALLA,OPRInv1021-2026272111,"ANESTHETIA SGA, COLONOSCOPY, ENDOSCOPY",,13100,0,0,13100,13100,0,UPI - PhonePe,K PRATHIMA,Walk-In,Walk-In
07-02-2026,MR10210005302,OP10210009476,Mr. D VENKATESAR REDDY,Male,59Y,9441903991,Dr. SIDDHARTH REDDY  ALLA,OPRInv1021-2026272112,ENDOSCOPY,,3300,0,0,3300,3300,0,Cash,K PRATHIMA,Walk-In,Walk-In
07-02-2026,MR10210005303,OP10210009478,Mr. D VENKATESWAR REDDY,Male,59Y,9441903991,Dr. SIDDHARTH REDDY  ALLA,OPRInv1021-2026272113,RUT,,500,0,0,500,500,0,Cash,K PRATHIMA,Walk-In,Walk-In
07-02-2026,MR10210005245,OP10210009466,Mrs. A BHARATHI,Female,70Y,9490247455,Dr. SIDDHARTH REDDY  ALLA,OPRInv1021-2026272114,ERCP,,40000,0,0,40000,40000,0,UPI - PhonePe,BHARGAV CHOWDARY,Walk-In,Walk-In
07-02-2026,MR10210005245,OP10210009466,Mrs. A BHARATHI,Female,70Y,9490247455,Dr. SIDDHARTH REDDY  ALLA,OPRInv1021-2026272115,ANESTHETIA UNDER GA,,5000,0,0,5000,5000,0,UPI - PhonePe,K PRATHIMA,Walk-In,Walk-In
07-02-2026,MR10210005304,OP10210009480,Mr. B LATIF NAIK,Male,37Y,7993038293,Dr. SIDDHARTH REDDY  ALLA,OPRInv1021-2026272116,ENDOSCOPY,,3300,0,0,3300,3300,0,Cash,K PRATHIMA,Walk-In,Walk-In
07-02-2026,MR10210005304,OP10210009480,Mr. B LATIF NAIK,Male,37Y,7993038293,Dr. SIDDHARTH REDDY  ALLA,OPRInv1021-2026272117,RUT,,500,0,0,500,500,0,Cash,K PRATHIMA,Walk-In,Walk-In
08-02-2026,MR10210005176,OP10210009487,Mr. V NAGARJUNA,Male,36Y,9618145665,Dr. SIDDHARTH REDDY  ALLA,OPRInv1021-2026282118,ENDOSCOPY,,3300,0,0,3300,3300,0,Cash,K PRATHIMA,Walk-In,Walk-In
09-02-2026,MR10210005308,OP10210009490,Mr. L ANJI,Male,32Y,9652057547,Dr. SIDDHARTH REDDY  ALLA,OPRInv1021-2026292119,ENDOSCOPY,,3300,0,0,3300,3300,0,Cash,K PRATHIMA,Walk-In,Walk-In
09-02-2026,MR10210005309,OP10210009491,Mr. SK SAMEER GOUS,Male,30Y,9959182583,Dr. SIDDHARTH REDDY  ALLA,OPRInv1021-2026292120,ENDOSCOPY,,3300,0,0,3300,3300,0,UPI - PhonePe,K PRATHIMA,Walk-In,Walk-In
09-02-2026,MR10210005310,OP10210009493,Mrs. M DEENA,Female,42Y,9398780729,Dr. SIDDHARTH REDDY  ALLA,OPRInv1021-2026292121,ENDOSCOPY,,3300,0,0,3300,3300,0,Cash,K PRATHIMA,Walk-In,Walk-In
09-02-2026,MR10210005314,OP10210009498,Mrs. U TIRUPATHAMMA,Female,35Y,7799486335,Dr. SIDDHARTH REDDY  ALLA,OPRInv1021-2026292122,ENDOSCOPY,,3300,0,0,3300,3300,0,Cash,K PRATHIMA,Walk-In,Walk-In
09-02-2026,MR10210005318,OP10210009504,Mrs. TIRUPATHAMMA L,Female,31Y,7799486335,Dr. SIDDHARTH REDDY  ALLA,OPRInv1021-2026292123,RUT,,500,0,0,500,500,0,Cash,K PRATHIMA,Walk-In,Walk-In
09-02-2026,MR10210005309,OP10210009491,Mr. SK SAMEER GOUS,Male,30Y,9959182583,Dr. SIDDHARTH REDDY  ALLA,OPRInv1021-2026292124,RUT,,500,0,0,500,500,0,Cash,K PRATHIMA,Walk-In,Walk-In
09-02-2026,MR10210005310,OP10210009493,Mrs. M DEENA,Female,42Y,9398780729,Dr. SIDDHARTH REDDY  ALLA,OPRInv1021-2026292125,RUT,,500,0,0,500,500,0,Cash,K PRATHIMA,Walk-In,Walk-In
09-02-2026,MR10210005307,OP10210009492,Mr. E SOMASHEKAR REDDY,Male,41Y,9440070701,Dr. SIDDHARTH REDDY  ALLA,OPRInv1021-2026292126,ENDOSCOPY,,3300,0,0,3300,2300,1000,UPI - PhonePe,K PRATHIMA,Walk-In,Walk-In
16-02-2026,MR10210005307,OP10210009492,Mr. E SOMASHEKAR REDDY,Male,41Y,9440070701,Dr. SIDDHARTH REDDY  ALLA,OPRInv1021-2026292126,ENDOSCOPY,,3300,0,1000,0,0,0,Cash,K PRATHIMA,Walk-In,Walk-In
09-02-2026,MR10210005308,OP10210009490,Mr. L ANJI,Male,32Y,9652057547,Dr. SIDDHARTH REDDY  ALLA,OPRInv1021-2026292127,RUT,,500,0,0,500,500,0,Cash,K PRATHIMA,Walk-In,Walk-In
09-02-2026,MR10210005315,OP10210009501,Mr. B SURESH,Male,28Y,8328498232,Dr. SIDDHARTH REDDY  ALLA,OPRInv1021-2026292128,ENDOSCOPY,,3300,0,0,3300,3300,0,UPI - PhonePe,K PRATHIMA,Walk-In,Walk-In
09-02-2026,MR10210005323,OP10210009509,Mrs. K DURGA,Female,50Y,9392959126,Dr. SIDDHARTH REDDY  ALLA,OPRInv1021-2026292129,ENDOSCOPY,,3300,0,0,3300,3300,0,Cash,K PRATHIMA,Walk-In,Walk-In
09-02-2026,MR10210005325,OP10210009511,Mrs. G DURGA,Female,51Y,9515304399,Dr. SIDDHARTH REDDY  ALLA,OPRInv1021-2026292130,ENDOSCOPY,,3300,0,0,3300,3300,0,Cash,K PRATHIMA,Walk-In,Walk-In
09-02-2026,MR10210005323,OP10210009509,Mrs. K DURGA,Female,50Y,9392959126,Dr. SIDDHARTH REDDY  ALLA,OPRInv1021-2026292131,RUT,,500,0,0,500,500,0,Cash,K PRATHIMA,Walk-In,Walk-In
09-02-2026,MR10210005325,OP10210009511,Mrs. G DURGA,Female,51Y,9515304399,Dr. SIDDHARTH REDDY  ALLA,OPRInv1021-2026292132,RUT,,500,0,0,500,500,0,Cash,BHARGAV CHOWDARY,Walk-In,Walk-In
09-02-2026,MR10210005326,OP10210009513,Mr. B PREM BABU,Male,14Y,9441675195,Dr. SIDDHARTH REDDY  ALLA,OPRInv1021-2026292133,ENDOSCOPY,,3300,0,0,3300,2600,700,Cash,BHARGAV CHOWDARY,Walk-In,Walk-In
09-02-2026,MR10210005326,OP10210009513,Mr. B PREM BABU,Male,14Y,9441675195,Dr. SIDDHARTH REDDY  ALLA,OPRInv1021-2026292133,ENDOSCOPY,,3300,0,0,700,700,0,UPI - PhonePe,BHARGAV CHOWDARY,Walk-In,Walk-In
09-02-2026,MR10210005319,OP10210009505,Mr. M KRISHNA,Male,27Y,9063584611,Dr. SIDDHARTH REDDY  ALLA,OPRInv1021-2026292134,ENDOSCOPY,,3300,0,0,3300,3300,0,Cash,BHARGAV CHOWDARY,Walk-In,Walk-In
09-02-2026,MR10210005319,OP10210009505,Mr. M KRISHNA,Male,27Y,9063584611,Dr. SIDDHARTH REDDY  ALLA,OPRInv1021-2026292135,RUT,,500,0,0,500,500,0,Cash,K PRATHIMA,Walk-In,Walk-In
09-02-2026,MR10210005326,OP10210009513,Mr. B PREM BABU,Male,14Y,9441675195,Dr. SIDDHARTH REDDY  ALLA,OPRInv1021-2026292136,RUT,,500,0,0,500,500,0,UPI - PhonePe,K PRATHIMA,Walk-In,Walk-In
09-02-2026,MR10210005329,OP10210009517,Mrs. V CHAPLI BAI,Female,55Y,8497955164,Dr. SIDDHARTH REDDY  ALLA,OPRInv1021-2026292137,BIOPSY LARGE,,3000,0,0,3000,3000,0,Cash,K PRATHIMA,Walk-In,Walk-In
09-02-2026,MR10210005329,OP10210009517,Mrs. V CHAPLI BAI,Female,55Y,8497955164,Dr. SIDDHARTH REDDY  ALLA,OPRInv1021-2026292138,EUS FNB,,30000,5000,0,25000,25000,0,Cash,BHARGAV CHOWDARY,Walk-In,Walk-In
10-02-2026,MR10210005335,OP10210009532,Mr. SK SHUKUR,Male,67Y,9963667497,Dr. SIDDHARTH REDDY  ALLA,OPRInv1021-20262102139,ENDOSCOPY,,3300,0,0,3300,3300,0,UPI - PhonePe,K PRATHIMA,Walk-In,Walk-In
10-02-2026,MR10210005336,OP10210009534,Mrs. S SUDHA RANI,Female,50Y,7995874025,Dr. SIDDHARTH REDDY  ALLA,OPRInv1021-20262102140,SIGMOIDOSCOPY,,3300,0,0,3300,3300,0,UPI - PhonePe,K PRATHIMA,Walk-In,Walk-In
10-02-2026,MR10210005339,OP10210009539,Mrs. J LATHA,Female,60Y,9381929389,Dr. SIDDHARTH REDDY  ALLA,OPRInv1021-20262102141,ENDOSCOPY,,3300,0,0,3300,3300,0,UPI - PhonePe,K PRATHIMA,Walk-In,Walk-In
11-02-2026,MR10210005343,OP10210009552,Mrs. SK JAINA BEE,Female,46Y,9966287022,Dr. SIDDHARTH REDDY  ALLA,OPRInv1021-20262112142,ENDOSCOPY,,3300,0,0,3300,3300,0,Cash,K PRATHIMA,Walk-In,Walk-In
11-02-2026,MR10210005342,OP10210009550,Mrs. T SYAMALA,Female,52Y,9603707017,Dr. SIDDHARTH REDDY  ALLA,OPRInv1021-20262112143,ENDOSCOPY,,3300,0,0,3300,3300,0,Cash,K PRATHIMA,Walk-In,Walk-In
11-02-2026,MR10210005343,OP10210009555,Mrs. SK JAINA BEE,Female,42Y,9966287022,Dr. SIDDHARTH REDDY  ALLA,OPRInv1021-20262112144,RUT,,500,0,0,500,500,0,Cash,K PRATHIMA,Walk-In,Walk-In
11-02-2026,MR10210005342,OP10210009550,Mrs. T SYAMALA,Female,52Y,9603707017,Dr. SIDDHARTH REDDY  ALLA,OPRInv1021-20262112145,RUT,,500,0,0,500,500,0,Cash,K PRATHIMA,Walk-In,Walk-In
11-02-2026,MR10210005337,OP10210009551,Mrs. P MALLESWARI,Female,65Y,9640644147,Dr. SIDDHARTH REDDY  ALLA,OPRInv1021-20262112146,ERCP,,40000,0,0,40000,40000,0,Cash,K PRATHIMA,Walk-In,Walk-In
11-02-2026,MR10210005345,OP10210009556,Mr. M SEETHA RAMA RAJU,Male,63Y,9912497955,Dr. SIDDHARTH REDDY  ALLA,OPRInv1021-20262112147,ENDOSCOPY,,3300,0,0,3300,3300,0,Cash,K PRATHIMA,Walk-In,Walk-In
11-02-2026,MR10210004993,OP10210009559,Mr. G RAJA,Male,29Y,7702660648,Dr. SIDDHARTH REDDY  ALLA,OPRInv1021-20262112148,SIGMOIDOSCOPY,,3300,0,0,3300,3300,0,UPI - PhonePe,K PRATHIMA,Walk-In,Walk-In
11-02-2026,MR10210005345,OP10210009556,Mr. M SEETHA RAMA RAJU,Male,63Y,9912497955,Dr. SIDDHARTH REDDY  ALLA,OPRInv1021-20262112149,BIOPSY SMALL,,1500,0,0,1500,1500,0,Cash,K PRATHIMA,Walk-In,Walk-In
12-02-2026,MR10210005351,OP10210009570,Mrs. A LAKSHMI DEVEMMA,Female,65Y,9505890859,Dr. SIDDHARTH REDDY  ALLA,OPRInv1021-20262122150,"ANESTHETIA SGA, COLONOSCOPY",,9800,0,0,9800,9800,0,UPI - PhonePe,K PRATHIMA,Walk-In,Walk-In
12-02-2026,MR10210005346,OP10210009562,Mrs. R ARUNA KUMARI,Female,42Y,9030292764,Dr. SIDDHARTH REDDY  ALLA,OPRInv1021-20262122151,"ANESTHETIA SGA, COLONOSCOPY",,9800,0,0,9800,8000,1800,UPI - PhonePe,K PRATHIMA,Walk-In,Walk-In
16-02-2026,MR10210005346,OP10210009562,Mrs. R ARUNA KUMARI,Female,42Y,9030292764,Dr. SIDDHARTH REDDY  ALLA,OPRInv1021-20262122151,"ANESTHETIA SGA, COLONOSCOPY",,9800,0,1800,0,0,0,Cash,K PRATHIMA,Walk-In,Walk-In
12-02-2026,MR10210005358,OP10210009583,Mr. K MAHESAWARA RAO,Male,70Y,9866275182,Dr. SIDDHARTH REDDY  ALLA,OPRInv1021-20262122152,"ANESTHETIA SGA, COLONOSCOPY, ENDOSCOPY",,13100,0,0,13100,0,13100,Cash,K PRATHIMA,Walk-In,Walk-In
25-02-2026,MR10210005358,OP10210009583,Mr. K MAHESAWARA RAO,Male,70Y,9866275182,Dr. SIDDHARTH REDDY  ALLA,OPRInv1021-20262122152,"ANESTHETIA SGA, COLONOSCOPY, ENDOSCOPY",,13100,0,13100,0,0,0,Cash,K PRATHIMA,Walk-In,Walk-In
12-02-2026,MR10210005354,OP10210009576,Mrs. SK KHASIM BEE,Female,45Y,8466873581,Dr. SIDDHARTH REDDY  ALLA,OPRInv1021-20262122153,"ANESTHETIA SGA, COLONOSCOPY, ENDOSCOPY",,13100,0,0,13100,950,12150,Cash,K PRATHIMA,Walk-In,Walk-In
12-02-2026,MR10210005354,OP10210009576,Mrs. SK KHASIM BEE,Female,45Y,8466873581,Dr. SIDDHARTH REDDY  ALLA,OPRInv1021-20262122153,"ANESTHETIA SGA, COLONOSCOPY, ENDOSCOPY",,13100,0,950,11200,11200,0,Cash,K PRATHIMA,Walk-In,Walk-In
12-02-2026,MR10210005355,OP10210009580,Ms. M RENUMALLIKA,Female,16Y,9010324451,Dr. SIDDHARTH REDDY  ALLA,OPRInv1021-20262122154,ENDOSCOPY,,3300,0,0,3300,1500,1800,UPI - PhonePe,K PRATHIMA,Walk-In,Walk-In
12-02-2026,MR10210005355,OP10210009580,Ms. M RENUMALLIKA,Female,16Y,9010324451,Dr. SIDDHARTH REDDY  ALLA,OPRInv1021-20262122154,ENDOSCOPY,,3300,0,0,1800,1800,0,Cash,K PRATHIMA,Walk-In,Walk-In
12-02-2026,MR10210005354,OP10210009576,Mrs. SK KHASIM BEE,Female,45Y,8466873581,Dr. SIDDHARTH REDDY  ALLA,OPRInv1021-20262122155,BIOPSY SMALL,,1500,0,0,1500,1500,0,Cash,K PRATHIMA,Walk-In,Walk-In
13-02-2026,MR10210005360,OP10210009587,Mr. A RANGA RAO,Male,65Y,7386971763,Dr. SIDDHARTH REDDY  ALLA,OPRInv1021-20262132156,ENDOSCOPY,,3300,0,0,3300,3300,0,UPI - PhonePe,K PRATHIMA,Walk-In,Walk-In
13-02-2026,MR10210005069,OP10210009585,Mr. P SRINIVAS,Male,52Y,9676781022,Dr. SIDDHARTH REDDY  ALLA,OPRInv1021-20262132157,ENDOSCOPY,,3300,250,0,3050,3050,0,UPI - PhonePe,K PRATHIMA,Walk-In,Walk-In
13-02-2026,MR10210005360,OP10210009590,Mr. A RANGA RAO,Male,65Y,7386971763,Dr. SIDDHARTH REDDY  ALLA,OPRInv1021-20262132158,RUT,,500,0,0,500,500,0,UPI - PhonePe,K PRATHIMA,Walk-In,Walk-In
13-02-2026,MR10210005069,OP10210009585,Mr. P SRINIVAS,Male,52Y,9676781022,Dr. SIDDHARTH REDDY  ALLA,OPRInv1021-20262132159,RUT,,500,0,0,500,500,0,UPI - PhonePe,K PRATHIMA,Walk-In,Walk-In
13-02-2026,MR10210005363,OP10210009591,Mrs. B PADMA,Female,45Y,8466020267,Dr. SIDDHARTH REDDY  ALLA,OPRInv1021-20262132160,ENDOSCOPY,,3300,0,0,3300,3300,0,Cash,K PRATHIMA,Walk-In,Walk-In
13-02-2026,MR10210005363,OP10210009591,Mrs. B PADMA,Female,45Y,8466020267,Dr. SIDDHARTH REDDY  ALLA,OPRInv1021-20262132161,RUT,,500,0,0,500,500,0,Cash,K PRATHIMA,Walk-In,Walk-In
13-02-2026,MR10210005367,OP10210009598,Mr. M BALA SWAMY,Male,56Y,9550354738,Dr. SIDDHARTH REDDY  ALLA,OPRInv1021-20262132162,ENDOSCOPY,,3300,0,0,3300,3300,0,Cash,K PRATHIMA,Walk-In,Walk-In
13-02-2026,MR10210005367,OP10210009602,Mr. M BALA SWAMY,Male,56Y,9550354738,Dr. SIDDHARTH REDDY  ALLA,OPRInv1021-20262132163,RUT,,500,0,0,500,500,0,Cash,K PRATHIMA,Walk-In,Walk-In
14-02-2026,MR10210005371,OP10210009612,Mrs. A ANURADHA,Female,38Y,9951169889,Dr. SIDDHARTH REDDY  ALLA,OPRInv1021-20262142164,ENDOSCOPY,,3300,0,0,3300,1800,1500,Cash,K PRATHIMA,Walk-In,Walk-In
14-02-2026,MR10210005371,OP10210009612,Mrs. A ANURADHA,Female,38Y,9951169889,Dr. SIDDHARTH REDDY  ALLA,OPRInv1021-20262142164,ENDOSCOPY,,3300,0,0,1500,1500,0,UPI - PhonePe,K PRATHIMA,Walk-In,Walk-In
14-02-2026,MR10210005371,OP10210009612,Mrs. A ANURADHA,Female,38Y,9951169889,Dr. SIDDHARTH REDDY  ALLA,OPRInv1021-20262142165,RUT,,500,0,0,500,500,0,UPI - PhonePe,K PRATHIMA,Walk-In,Walk-In
14-02-2026,MR10210005376,OP10210009621,Mr. K SUBBA RAO,Male,77Y,7382463974,Dr. SIDDHARTH REDDY  ALLA,OPRInv1021-20262142166,RUT,,500,0,0,500,500,0,UPI - PhonePe,K PRATHIMA,Walk-In,Walk-In
14-02-2026,MR10210005376,OP10210009621,Mr. K SUBBA RAO,Male,77Y,7382463974,Dr. SIDDHARTH REDDY  ALLA,OPRInv1021-20262142167,ENDOSCOPY,,3300,990,0,2310,2300,10,UPI - PhonePe,BHARGAV CHOWDARY,Walk-In,Walk-In
16-02-2026,MR10210005376,OP10210009621,Mr. K SUBBA RAO,Male,77Y,7382463974,Dr. SIDDHARTH REDDY  ALLA,OPRInv1021-20262142167,ENDOSCOPY,,3300,990,10,0,0,0,Cash,BHARGAV CHOWDARY,Walk-In,Walk-In
16-02-2026,MR10210005382,OP10210009634,Mr. N PRASAD RAO,Male,46Y,9949732338,Dr. SIDDHARTH REDDY  ALLA,OPRInv1021-20262162168,ENDOSCOPY,,3300,0,0,3300,2300,1000,Cash,K PRATHIMA,Walk-In,Walk-In
16-02-2026,MR10210005382,OP10210009634,Mr. N PRASAD RAO,Male,46Y,9949732338,Dr. SIDDHARTH REDDY  ALLA,OPRInv1021-20262162168,ENDOSCOPY,,3300,0,1000,0,0,0,Cash,K PRATHIMA,Walk-In,Walk-In
16-02-2026,MR10210005018,OP10210009636,Mr. BOJJA RAJESH,Male,28Y,8688164286,Dr. SIDDHARTH REDDY  ALLA,OPRInv1021-20262162169,ENDOSCOPY,,3300,0,0,3300,2300,1000,Cash,K PRATHIMA,Walk-In,Walk-In
16-02-2026,MR10210005018,OP10210009636,Mr. BOJJA RAJESH,Male,28Y,8688164286,Dr. SIDDHARTH REDDY  ALLA,OPRInv1021-20262162169,ENDOSCOPY,,3300,0,0,1000,1000,0,Cash,K PRATHIMA,Walk-In,Walk-In
16-02-2026,MR10210002200,OP10210003705,Mrs. CHILAKAMMA O,Female,50Y,6304035266,Dr. SIDDHARTH REDDY  ALLA,OPRInv1021-20253856,UGISCOPY + STENT REMOVAL,,5000,0,1700,0,0,0,Cash,NAGUR VALI  SHAIK,Walk-In,Walk-In
16-02-2026,MR10210002419,OP10210003952,Mr. K RAJENDRA  ,Male,40Y,6303293346,Dr. SIDDHARTH REDDY  ALLA,OPRInv1021-2025324146,ENDOSCOPY,,3300,0,1000,0,0,0,Cash,NAGUR VALI  SHAIK,Walk-In,Walk-In
16-02-2026,MR10210005382,OP10210009634,Mr. N PRASAD RAO,Male,46Y,9949732338,Dr. SIDDHARTH REDDY  ALLA,OPRInv1021-20262162170,RUT,,500,0,0,500,500,0,Cash,K PRATHIMA,Walk-In,Walk-In
16-02-2026,MR10210005383,OP10210009635,Mr. A AJAY VARMA,Male,25Y,7981117625,Dr. SIDDHARTH REDDY  ALLA,OPRInv1021-20262162171,RUT,,500,0,0,500,500,0,Cash,K PRATHIMA,Walk-In,Walk-In
16-02-2026,MR10210005383,OP10210009635,Mr. A AJAY VARMA,Male,25Y,7981117625,Dr. SIDDHARTH REDDY  ALLA,OPRInv1021-20262162172,ENDOSCOPY,,3300,0,0,3300,2300,1000,Cash,K PRATHIMA,Walk-In,Walk-In
16-02-2026,MR10210005383,OP10210009635,Mr. A AJAY VARMA,Male,25Y,7981117625,Dr. SIDDHARTH REDDY  ALLA,OPRInv1021-20262162172,ENDOSCOPY,,3300,0,1000,0,0,0,Cash,K PRATHIMA,Walk-In,Walk-In
16-02-2026,MR10210005390,OP10210009649,Mrs. N MOUNIKA,Female,23Y,7306020140,Dr. SIDDHARTH REDDY  ALLA,OPRInv1021-20262162173,ENDOSCOPY,,3300,0,0,3300,3300,0,UPI - PhonePe,K PRATHIMA,Walk-In,Walk-In
16-02-2026,MR10210005390,OP10210009649,Mrs. N MOUNIKA,Female,23Y,7306020140,Dr. SIDDHARTH REDDY  ALLA,OPRInv1021-20262162174,RUT,,500,0,0,500,500,0,Cash,K PRATHIMA,Walk-In,Walk-In
17-02-2026,MR10210005398,OP10210009662,Mr. SK JAMEER BASHA,Male,35Y,8143251376,Dr. SIDDHARTH REDDY  ALLA,OPRInv1021-20262172175,"ANESTHETIA SGA, COLONOSCOPY, ENDOSCOPY",,13100,2000,0,11100,11100,0,UPI - PhonePe,K PRATHIMA,Walk-In,Walk-In
17-02-2026,MR10210005399,OP10210009663,Mrs. K VENKATA NAGA LAKSHMI,Female,34Y,9618137668,Dr. SIDDHARTH REDDY  ALLA,OPRInv1021-20262172176,ENDOSCOPY,,3300,0,0,3300,3300,0,UPI - PhonePe,K PRATHIMA,Walk-In,Walk-In
17-02-2026,MR10210005399,OP10210009663,Mrs. K VENKATA NAGA LAKSHMI,Female,34Y,9618137668,Dr. SIDDHARTH REDDY  ALLA,OPRInv1021-20262172177,RUT,,500,0,0,500,500,0,Cash,K PRATHIMA,Walk-In,Walk-In
17-02-2026,MR10210005404,OP10210009671,Mr. D SRINIVASA RAO,Male,48Y,9398413166,Dr. SIDDHARTH REDDY  ALLA,OPRInv1021-20262172178,"ANESTHETIA SGA, COLONOSCOPY",,9800,0,0,9800,9800,0,UPI - PhonePe,K PRATHIMA,Walk-In,Walk-In
17-02-2026,MR10210005398,OP10210009662,Mr. SK JAMEER BASHA,Male,35Y,8143251376,Dr. SIDDHARTH REDDY  ALLA,OPRInv1021-20262172179,RUT,,500,0,0,500,500,0,UPI - PhonePe,K PRATHIMA,Walk-In,Walk-In
17-02-2026,MR10210005401,OP10210009673,Mrs. N ANITHA,Female,23Y,9502094291,Dr. SIDDHARTH REDDY  ALLA,OPRInv1021-20262172180,ENDOSCOPY,,3300,0,0,3300,3300,0,Cash - PhonePe,K PRATHIMA,Walk-In,Walk-In
18-02-2026,MR10210005378,OP10210009679,Mrs. T SIVA KUMARI,Female,46Y,6304148746,Dr. SIDDHARTH REDDY  ALLA,OPRInv1021-20262182181,ENDOSCOPY,,3300,0,0,3300,3300,0,Cash,RUPA N,Walk-In,Walk-In
18-02-2026,MR10210005409,OP10210009683,Mrs. C NAGENDHRAMMA,Female,60Y,9393062268,Dr. SIDDHARTH REDDY  ALLA,OPRInv1021-20262182182,ENDOSCOPY,,3300,0,0,3300,3300,0,Cash,RUPA N,Walk-In,Walk-In
18-02-2026,MR10210005411,OP10210009687,Mr. K VENKATAIAH,Male,55Y,9642711642,Dr. SIDDHARTH REDDY  ALLA,OPRInv1021-20262182183,COLONOSCOPY,,6300,0,0,6300,6300,0,UPI - PhonePe,RUPA N,Walk-In,Walk-In
18-02-2026,MR10210005378,OP10210009679,Mrs. T SIVA KUMARI,Female,46Y,6304148746,Dr. SIDDHARTH REDDY  ALLA,OPRInv1021-20262182184,RUT,,500,0,0,500,500,0,UPI - PhonePe,RUPA N,Walk-In,Walk-In
18-02-2026,MR10210005411,OP10210009691,Mr. K VENKATAIAH,Male,55Y,9642711642,Dr. SIDDHARTH REDDY  ALLA,OPRInv1021-20262182185,ANESTHETIA SGA,,3500,0,0,3500,3500,0,UPI - PhonePe,RUPA N,Walk-In,Walk-In
18-02-2026,MR10210005409,OP10210009683,Mrs. C NAGENDHRAMMA,Female,60Y,9393062268,Dr. SIDDHARTH REDDY  ALLA,OPRInv1021-20262182186,RUT,,500,0,0,500,500,0,Cash,RUPA N,Walk-In,Walk-In
18-02-2026,MR10210005410,OP10210009686,Ms. S KEERTHI,Female,22Y,9573418146,Dr. SIDDHARTH REDDY  ALLA,OPRInv1021-20262182187,"ANESTHETIA SGA, COLONOSCOPY",,9800,0,0,9800,9800,0,Cash,RUPA N,Walk-In,Walk-In
18-02-2026,MR10210005411,OP10210009699,Mr. K VENKATAIAH,Male,55Y,9642711642,Dr. SIDDHARTH REDDY  ALLA,OPRInv1021-20262182188,BIOPSY SMALL,,1500,0,0,1500,1500,0,UPI - PhonePe,RUPA N,Walk-In,Walk-In
18-02-2026,MR10210005415,OP10210009698,Mrs. V GIRIJA,Female,45Y,9248537593,Dr. SIDDHARTH REDDY  ALLA,OPRInv1021-20262182189,ENDOSCOPY,,3300,0,0,3300,3300,0,UPI - PhonePe,RUPA N,Walk-In,Walk-In
18-02-2026,MR10210005415,OP10210009698,Mrs. V GIRIJA,Female,45Y,9248537593,Dr. SIDDHARTH REDDY  ALLA,OPRInv1021-20262182190,RUT,,500,0,0,500,500,0,Cash,RUPA N,Walk-In,Walk-In
19-02-2026,MR10210005420,OP10210009705,Mrs. K OBULAMMA,Female,60Y,9581128112,Dr. SIDDHARTH REDDY  ALLA,OPRInv1021-20262192191,"ANESTHETIA SGA, COLONOSCOPY",,9800,0,0,9800,9800,0,UPI - PhonePe,K PRATHIMA,Walk-In,Walk-In
19-02-2026,MR10210005422,OP10210009708,Mr. M SRINIVASA RAO,Male,50Y,9000446061,Dr. SIDDHARTH REDDY  ALLA,OPRInv1021-20262192192,ENDOSCOPY,,3300,0,0,3300,3300,0,Cash,K PRATHIMA,Walk-In,Walk-In
19-02-2026,MR10210005421,OP10210009707,Mr. V SATYA NANDHAM,Male,44Y,9491344409,Dr. SIDDHARTH REDDY  ALLA,OPRInv1021-20262192193,"ENDOSCOPY, SIGMOIDOSCOPY",,6600,0,0,6600,6600,0,UPI - PhonePe,K PRATHIMA,Walk-In,Walk-In
19-02-2026,MR10210005422,OP10210009710,Mr. M SRINIVASA RAO,Male,50Y,9000446061,Dr. SIDDHARTH REDDY  ALLA,OPRInv1021-20262192194,BIOPSY SMALL,,1500,0,0,1500,1500,0,Cash,K PRATHIMA,Walk-In,Walk-In
19-02-2026,MR10210005420,OP10210009718,Mrs. K OBULAMMA,Female,60Y,9581128112,Dr. SIDDHARTH REDDY  ALLA,OPRInv1021-20262192195,BIOPSY SMALL,,1500,0,0,1500,1500,0,UPI - PhonePe,K PRATHIMA,Walk-In,Walk-In
19-02-2026,MR10210005421,OP10210009707,Mr. V SATYA NANDHAM,Male,44Y,9491344409,Dr. SIDDHARTH REDDY  ALLA,OPRInv1021-20262192196,RUT,,500,0,0,500,500,0,UPI - PhonePe,K PRATHIMA,Walk-In,Walk-In
20-02-2026,MR10210005432,OP10210009730,Mrs. K SAMBRAJYAM,Female,55Y,7416112660,Dr. SIDDHARTH REDDY  ALLA,OPRInv1021-20262202197,"ANESTHETIA SGA, COLONOSCOPY, ENDOSCOPY",,13100,0,0,13100,13100,0,UPI - PhonePe,K PRATHIMA,Walk-In,Walk-In
20-02-2026,MR10210005425,OP10210009719,Mrs. R VIJAYA LAKSHMI,Female,32Y,9248300740,Dr. SIDDHARTH REDDY  ALLA,OPRInv1021-20262202198,ENDOSCOPY,,3300,0,0,3300,3300,0,Cash,K PRATHIMA,Walk-In,Walk-In
20-02-2026,MR10210001947,OP10210009735,Ms. T ARONIKA ,Female,39Y,6300823559,Dr. SIDDHARTH REDDY  ALLA,OPRInv1021-20262202199,ENDOSCOPY,,3300,0,0,3300,2300,1000,Cash,K PRATHIMA,Walk-In,Walk-In
20-02-2026,MR10210001947,OP10210009735,Ms. T ARONIKA ,Female,39Y,6300823559,Dr. SIDDHARTH REDDY  ALLA,OPRInv1021-20262202199,ENDOSCOPY,,3300,0,0,1000,1000,0,UPI - PhonePe,K PRATHIMA,Walk-In,Walk-In
20-02-2026,MR10210001947,OP10210009735,Ms. T ARONIKA ,Female,39Y,6300823559,Dr. SIDDHARTH REDDY  ALLA,OPRInv1021-20262202200,RUT,,500,0,0,500,500,0,Cash,K PRATHIMA,Walk-In,Walk-In
20-02-2026,MR10210004642,OP10210009741,Mr. B MAHENDRA,Male,50Y,9849261016,Dr. SIDDHARTH REDDY  ALLA,OPRInv1021-20262202201,ENDOSCOPY,,3300,0,0,3300,3300,0,Cash,K PRATHIMA,Walk-In,Walk-In
20-02-2026,MR10210005432,OP10210009742,Mrs. K SAMBRAJYAM,Female,55Y,7416112660,Dr. SIDDHARTH REDDY  ALLA,OPRInv1021-20262202202,RUT,,500,0,0,500,500,0,UPI - PhonePe,K PRATHIMA,Walk-In,Walk-In
20-02-2026,MR10210004642,OP10210009741,Mr. B MAHENDRA,Male,50Y,9849261016,Dr. SIDDHARTH REDDY  ALLA,OPRInv1021-20262202203,RUT,,500,0,0,500,500,0,Cash,K PRATHIMA,Walk-In,Walk-In
20-02-2026,MR10210005435,OP10210009747,Mrs. P JAYAMMA,Female,37Y,8008146620,Dr. SIDDHARTH REDDY  ALLA,OPRInv1021-20262202204,ENDOSCOPY,,3300,0,0,3300,1800,1500,UPI - PhonePe,K PRATHIMA,Walk-In,Walk-In
25-02-2026,MR10210005435,OP10210009747,Mrs. P JAYAMMA,Female,37Y,8008146620,Dr. SIDDHARTH REDDY  ALLA,OPRInv1021-20262202204,ENDOSCOPY,,3300,0,1500,0,0,0,Cash,K PRATHIMA,Walk-In,Walk-In
21-02-2026,MR10210005439,OP10210009752,Mrs. N SUMATHI,Female,45Y,7993147126,Dr. SIDDHARTH REDDY  ALLA,OPRInv1021-20262212205,ENDOSCOPY,,3300,0,0,3300,3300,0,UPI - PhonePe,K PRATHIMA,Walk-In,Walk-In
21-02-2026,MR10210005437,OP10210009749,Mr. M VENKATESWARLU,Male,75Y,9949941294,Dr. SIDDHARTH REDDY  ALLA,OPRInv1021-20262212206,ENDOSCOPY,,3300,0,0,3300,3300,0,Cash,K PRATHIMA,Walk-In,Walk-In
21-02-2026,MR10210005440,OP10210009754,Mr. B PRAKASH REDDY,Male,40Y,9059111233,Dr. SIDDHARTH REDDY  ALLA,OPRInv1021-20262212207,ENDOSCOPY,,3300,0,0,3300,3300,0,UPI - PhonePe,K PRATHIMA,Walk-In,Walk-In
21-02-2026,MR10210005439,OP10210009759,Mrs. N SUMATHI,Female,45Y,7993147126,Dr. SIDDHARTH REDDY  ALLA,OPRInv1021-20262212208,RUT,,500,0,0,500,500,0,UPI - PhonePe,K PRATHIMA,Walk-In,Walk-In
21-02-2026,MR10210005437,OP10210009749,Mr. M VENKATESWARLU,Male,75Y,9949941294,Dr. SIDDHARTH REDDY  ALLA,OPRInv1021-20262212209,RUT,,500,0,0,500,500,0,Cash,K PRATHIMA,Walk-In,Walk-In
21-02-2026,MR10210005440,OP10210009754,Mr. B PRAKASH REDDY,Male,40Y,9059111233,Dr. SIDDHARTH REDDY  ALLA,OPRInv1021-20262212210,RUT,,500,0,0,500,500,0,Cash,K PRATHIMA,Walk-In,Walk-In
21-02-2026,MR10210005443,OP10210009761,Mrs. M LEELAVATHI,Female,45Y,8008558528,Dr. SIDDHARTH REDDY  ALLA,OPRInv1021-20262212211,ENDOSCOPY,,3300,0,0,3300,3300,0,Cash,K PRATHIMA,Walk-In,Walk-In
21-02-2026,MR10210005444,OP10210009764,Mr. P MAHESH,Male,36Y,9703041405,Dr. SIDDHARTH REDDY  ALLA,OPRInv1021-20262212212,ENDOSCOPY,,3300,0,0,3300,2650,650,Cash,K PRATHIMA,Walk-In,Walk-In
21-02-2026,MR10210005444,OP10210009764,Mr. P MAHESH,Male,36Y,9703041405,Dr. SIDDHARTH REDDY  ALLA,OPRInv1021-20262212212,ENDOSCOPY,,3300,0,0,650,650,0,UPI - PhonePe,K PRATHIMA,Walk-In,Walk-In
21-02-2026,MR10210005443,OP10210009761,Mrs. M LEELAVATHI,Female,45Y,8008558528,Dr. SIDDHARTH REDDY  ALLA,OPRInv1021-20262212213,RUT,,500,0,0,500,500,0,Cash,RUPA N,Walk-In,Walk-In
21-02-2026,MR10210005444,OP10210009764,Mr. P MAHESH,Male,36Y,9703041405,Dr. SIDDHARTH REDDY  ALLA,OPRInv1021-20262212214,RUT,,500,0,0,500,350,150,Cash,RUPA N,Walk-In,Walk-In
21-02-2026,MR10210005444,OP10210009764,Mr. P MAHESH,Male,36Y,9703041405,Dr. SIDDHARTH REDDY  ALLA,OPRInv1021-20262212214,RUT,,500,0,0,150,150,0,UPI - PhonePe,RUPA N,Walk-In,Walk-In
23-02-2026,MR10210005445,OP10210009772,Mrs. J RAMAKOTAMMA,Female,60Y,9000394239,Dr. SIDDHARTH REDDY  ALLA,OPRInv1021-20262232215,"ANESTHETIA SGA, COLONOSCOPY, ENDOSCOPY",,13100,0,0,13100,13100,0,UPI - PhonePe,K PRATHIMA,Walk-In,Walk-In
23-02-2026,MR10210005448,OP10210009778,Mrs. J ESWARAMMA,Female,38Y,9392690880,Dr. SIDDHARTH REDDY  ALLA,OPRInv1021-20262232216,ENDOSCOPY,,3300,0,0,3300,3300,0,Cash,K PRATHIMA,Walk-In,Walk-In
23-02-2026,MR10210005448,OP10210009781,Mrs. J ESWARAMMA,Female,38Y,9392690880,Dr. SIDDHARTH REDDY  ALLA,OPRInv1021-20262232217,RUT,,500,0,0,500,500,0,UPI - PhonePe,K PRATHIMA,Walk-In,Walk-In
23-02-2026,MR10210005450,OP10210009782,Mrs. L SARADA,Female,40Y,9866281384,Dr. SIDDHARTH REDDY  ALLA,OPRInv1021-20262232218,"ANESTHETIA SGA, COLONOSCOPY",,9800,0,0,9800,9800,0,Cash,K PRATHIMA,Walk-In,Walk-In
23-02-2026,MR10210005389,OP10210009779,Mrs. K MALLESWARI,Female,55Y,8801317494,Dr. SIDDHARTH REDDY  ALLA,OPRInv1021-20262232219,ENDOSCOPY,,3300,0,0,3300,3300,0,UPI - PhonePe,K PRATHIMA,Walk-In,Walk-In
23-02-2026,MR10210005453,OP10210009791,Mrs. K BHAVANI,Female,31Y,9542294146,Dr. SIDDHARTH REDDY  ALLA,OPRInv1021-20262232220,ENDOSCOPY,,3300,0,0,3300,3300,0,Cash,RUPA N,Walk-In,Walk-In
23-02-2026,MR10210005454,OP10210009793,Mrs. M GAYATHRI,Female,32Y,9849642436,Dr. SIDDHARTH REDDY  ALLA,OPRInv1021-20262232221,ENDOSCOPY,,3300,0,0,3300,1150,2150,Cash,RUPA N,Walk-In,Walk-In
23-02-2026,MR10210005454,OP10210009793,Mrs. M GAYATHRI,Female,32Y,9849642436,Dr. SIDDHARTH REDDY  ALLA,OPRInv1021-20262232221,ENDOSCOPY,,3300,0,0,2150,2150,0,UPI - PhonePe,RUPA N,Walk-In,Walk-In
23-02-2026,MR10210005453,OP10210009791,Mrs. K BHAVANI,Female,31Y,9542294146,Dr. SIDDHARTH REDDY  ALLA,OPRInv1021-20262232222,RUT,,500,0,0,500,500,0,Cash,RUPA N,Walk-In,Walk-In
23-02-2026,MR10210005454,OP10210009793,Mrs. M GAYATHRI,Female,32Y,9849642436,Dr. SIDDHARTH REDDY  ALLA,OPRInv1021-20262232223,RUT,,500,0,0,500,500,0,Cash,RUPA N,Walk-In,Walk-In
23-02-2026,MR10210005445,OP10210009772,Mrs. J RAMAKOTAMMA,Female,60Y,9000394239,Dr. SIDDHARTH REDDY  ALLA,OPRInv1021-20262232224,BIOPSY SMALL,,1500,0,0,1500,1500,0,UPI - PhonePe,RUPA N,Walk-In,Walk-In
24-02-2026,MR10210001969,OP10210009816,Mr. K VENKAT ,Male,35Y,9030113772,Dr. SIDDHARTH REDDY  ALLA,OPRInv1021-20262242225,ENDOSCOPY,,3300,0,0,3300,3300,0,UPI - PhonePe,RUPA N,Walk-In,Walk-In
24-02-2026,MR10210005462,OP10210009818,Mr. P SRINIVASA RAO,Male,52Y,7989693286,Dr. SIDDHARTH REDDY  ALLA,OPRInv1021-20262242226,COLONOSCOPY,,6300,0,0,6300,6300,0,UPI - PhonePe,RUPA N,Walk-In,Walk-In
24-02-2026,MR10210005189,OP10210009815,Mrs. P ESWARAMMA,Female,40Y,9121154945,Dr. SIDDHARTH REDDY  ALLA,OPRInv1021-20262242227,ENDOSCOPY,,3300,0,0,3300,3300,0,UPI - PhonePe,RUPA N,Walk-In,Walk-In
24-02-2026,MR10210001969,OP10210009816,Mr. K VENKAT ,Male,35Y,9030113772,Dr. SIDDHARTH REDDY  ALLA,OPRInv1021-20262242228,RUT,,500,0,0,500,500,0,UPI - PhonePe,RUPA N,Walk-In,Walk-In
24-02-2026,MR10210005341,OP10210009821,Mrs. R KAVITHA,Female,46Y,8639028933,Dr. SIDDHARTH REDDY  ALLA,OPRInv1021-20262242229,ENDOSCOPY,,3300,0,0,3300,3300,0,Cash,RUPA N,Walk-In,Walk-In
24-02-2026,MR10210005189,OP10210009815,Mrs. P ESWARAMMA,Female,40Y,9121154945,Dr. SIDDHARTH REDDY  ALLA,OPRInv1021-20262242230,RUT,,500,0,0,500,500,0,UPI - PhonePe,RUPA N,Walk-In,Walk-In
24-02-2026,MR10210005468,OP10210009828,Ms. B NILIMA,Female,21Y,9705494498,Dr. SIDDHARTH REDDY  ALLA,OPRInv1021-20262242231,ENDOSCOPY,,3300,0,0,3300,3300,0,Cash,RUPA N,Walk-In,Walk-In
24-02-2026,MR10210005341,OP10210009821,Mrs. R KAVITHA,Female,46Y,8639028933,Dr. SIDDHARTH REDDY  ALLA,OPRInv1021-20262242232,RUT,,500,0,0,500,500,0,Cash,RUPA N,Walk-In,Walk-In
24-02-2026,MR10210005468,OP10210009828,Ms. B NILIMA,Female,21Y,9705494498,Dr. SIDDHARTH REDDY  ALLA,OPRInv1021-20262242233,RUT,,500,0,0,500,500,0,Cash,RUPA N,Walk-In,Walk-In
25-02-2026,MR10210005359,OP10210009842,Mr. K NARASIMHA SWAMY,Male,58Y,9885485613,Dr. SIDDHARTH REDDY  ALLA,OPRInv1021-20262252234,ENDOSCOPY,,3300,0,0,3300,3300,0,UPI - PhonePe,K PRATHIMA,Walk-In,Walk-In
25-02-2026,MR10210005470,OP10210009841,Mr. B SINGA REDDY,Male,74Y,9502517744,Dr. SIDDHARTH REDDY  ALLA,OPRInv1021-20262252235,"ANESTHETIA SGA, COLONOSCOPY",,9800,0,0,9800,9800,0,Cash,K PRATHIMA,Walk-In,Walk-In
25-02-2026,MR10210005472,OP10210009843,Mr. M NAGA SEKHAR,Male,24Y,6281923849,Dr. SIDDHARTH REDDY  ALLA,OPRInv1021-20262252236,"ANESTHETIA SGA, COLONOSCOPY",,9800,0,0,9800,9800,0,UPI - PhonePe,K PRATHIMA,Walk-In,Walk-In
25-02-2026,MR10210005359,OP10210009842,Mr. K NARASIMHA SWAMY,Male,58Y,9885485613,Dr. SIDDHARTH REDDY  ALLA,OPRInv1021-20262252237,RUT,,500,0,0,500,500,0,Cash,K PRATHIMA,Walk-In,Walk-In
25-02-2026,MR10210000696,OP10210009844,Mr. VENKATA REDDY CH,Male,70Y,9535597487,Dr. SIDDHARTH REDDY  ALLA,OPRInv1021-20262252238,"ANESTHETIA SGA, COLONOSCOPY, ENDOSCOPY",,13100,0,0,13100,9100,4000,Cash,K PRATHIMA,Walk-In,Walk-In
25-02-2026,MR10210000696,OP10210009844,Mr. VENKATA REDDY CH,Male,70Y,9535597487,Dr. SIDDHARTH REDDY  ALLA,OPRInv1021-20262252238,"ANESTHETIA SGA, COLONOSCOPY, ENDOSCOPY",,13100,0,4000,0,0,0,Cash,K PRATHIMA,Walk-In,Walk-In
25-02-2026,MR10210005475,OP10210009840,Mr. K SAMBA SIVA RAO,Male,79Y,8185813550,Dr. SIDDHARTH REDDY  ALLA,OPRInv1021-20262252239,ENDOSCOPY,,3300,0,0,3300,3300,0,UPI - PhonePe,K PRATHIMA,Walk-In,Walk-In
25-02-2026,MR10210005476,OP10210009848,Mr. B VENKATA KRISHNA PRASAD,Male,54Y,9010918825,Dr. SIDDHARTH REDDY  ALLA,OPRInv1021-20262252240,ENDOSCOPY,,3300,0,0,3300,0,3300,Cash,K PRATHIMA,Walk-In,Walk-In
27-05-2026,MR10210005476,OP10210009848,Mr. B VENKATA KRISHNA PRASAD,Male,54Y,9010918825,Dr. SIDDHARTH REDDY  ALLA,OPRInv1021-20262252240,ENDOSCOPY,,3300,0,3300,0,0,0,Cash,K PRATHIMA,Walk-In,Walk-In
25-02-2026,MR10210005476,OP10210009849,Mr. B VENKATA KRISHNA PRASAD,Male,54Y,9010918825,Dr. SIDDHARTH REDDY  ALLA,OPRInv1021-20262252241,RUT,,500,0,0,500,0,500,Cash,K PRATHIMA,Walk-In,Walk-In
27-05-2026,MR10210005476,OP10210009849,Mr. B VENKATA KRISHNA PRASAD,Male,54Y,9010918825,Dr. SIDDHARTH REDDY  ALLA,OPRInv1021-20262252241,RUT,,500,0,500,0,0,0,Cash,K PRATHIMA,Walk-In,Walk-In
25-02-2026,MR10210005475,OP10210009840,Mr. K SAMBA SIVA RAO,Male,79Y,8185813550,Dr. SIDDHARTH REDDY  ALLA,OPRInv1021-20262252242,RUT,,500,0,0,500,500,0,Cash,K PRATHIMA,Walk-In,Walk-In
25-02-2026,MR10210005477,OP10210009850,Mr. K GIRISH,Male,28Y,9849476321,Dr. SIDDHARTH REDDY  ALLA,OPRInv1021-20262252243,ENDOSCOPY,,3300,0,0,3300,3300,0,UPI - PhonePe,K PRATHIMA,Walk-In,Walk-In
25-02-2026,MR10210005470,OP10210009841,Mr. B SINGA REDDY,Male,74Y,9502517744,Dr. SIDDHARTH REDDY  ALLA,OPRInv1021-20262252244,BIOPSY SMALL,,1500,0,0,1500,1500,0,Cash,K PRATHIMA,Walk-In,Walk-In
25-02-2026,MR10210005472,OP10210009843,Mr. M NAGA SEKHAR,Male,24Y,6281923849,Dr. SIDDHARTH REDDY  ALLA,OPRInv1021-20262252245,BIOPSY SMALL,,1500,0,0,1500,1500,0,UPI - PhonePe,K PRATHIMA,Walk-In,Walk-In
25-02-2026,MR10210005477,OP10210009850,Mr. K GIRISH,Male,28Y,9849476321,Dr. SIDDHARTH REDDY  ALLA,OPRInv1021-20262252246,RUT,,500,0,0,500,500,0,UPI - PhonePe,K PRATHIMA,Walk-In,Walk-In
25-02-2026,MR10210000696,OP10210009844,Mr. VENKATA REDDY CH,Male,70Y,9535597487,Dr. SIDDHARTH REDDY  ALLA,OPRInv1021-20262252247,BIOPSY SMALL,,1500,0,0,1500,1500,0,Cash,K PRATHIMA,Walk-In,Walk-In
25-02-2026,MR10210005479,OP10210010306,Mrs. K SAMADHANAM,Female,70Y,9491785239,Dr. SIDDHARTH REDDY  ALLA,OPRInv1021-20263212402,ERCP,,40000,20000,0,20000,20000,0,Cash,Siddhartha Reddy ,Walk-In,Walk-In
26-02-2026,MR10210005480,OP10210009854,Mr. G GURUSWAMY,Male,46Y,9948621269,Dr. SIDDHARTH REDDY  ALLA,OPRInv1021-20262262248,ENDOSCOPY,,3300,0,0,3300,3300,0,Cash,K PRATHIMA,Walk-In,Walk-In
26-02-2026,MR10210005481,OP10210009855,Mr. V VIJAY RAJU,Male,26Y,6302617614,Dr. SIDDHARTH REDDY  ALLA,OPRInv1021-20262262249,ENDOSCOPY,,3300,0,0,3300,3300,0,UPI - PhonePe,K PRATHIMA,Walk-In,Walk-In
26-02-2026,MR10210005484,OP10210009858,Mrs. D RAJYA LAKSHMI,Female,45Y,9581610824,Dr. SIDDHARTH REDDY  ALLA,OPRInv1021-20262262250,ENDOSCOPY,,3300,0,0,3300,3300,0,UPI - PhonePe,K PRATHIMA,Walk-In,Walk-In
26-02-2026,MR10210005486,OP10210009863,Mrs. B RATNA,Female,35Y,6301758913,Dr. SIDDHARTH REDDY  ALLA,OPRInv1021-20262262251,ENDOSCOPY,,3300,0,0,3300,3300,0,UPI - PhonePe,K PRATHIMA,Walk-In,Walk-In
26-02-2026,MR10210005484,OP10210009858,Mrs. D RAJYA LAKSHMI,Female,45Y,9581610824,Dr. SIDDHARTH REDDY  ALLA,OPRInv1021-20262262252,RUT,,500,0,0,500,500,0,Cash,K PRATHIMA,Walk-In,Walk-In
26-02-2026,MR10210005480,OP10210009866,Mr. G GURUSWAMY,Male,46Y,9948621269,Dr. SIDDHARTH REDDY  ALLA,OPRInv1021-20262262253,BIOPSY SMALL,,1500,0,0,1500,1500,0,Cash,K PRATHIMA,Walk-In,Walk-In
27-02-2026,MR10210005490,OP10210009871,Ms. S SRILAKSHMI,Female,18Y,9014976086,Dr. SIDDHARTH REDDY  ALLA,OPRInv1021-20262272254,ENDOSCOPY,,3300,0,0,3300,3300,0,Cash,K PRATHIMA,Walk-In,Walk-In
27-02-2026,MR10210004781,OP10210009878,Mr. PB CHOWDARY,Male,55Y,9394152040,Dr. SIDDHARTH REDDY  ALLA,OPRInv1021-20262272255,ENDOSCOPY,,3300,500,0,2800,2800,0,UPI - PhonePe,K PRATHIMA,Walk-In,Walk-In
27-02-2026,MR10210005494,OP10210009877,Mr. J HARI BABU,Male,54Y,9010367364,Dr. SIDDHARTH REDDY  ALLA,OPRInv1021-20262272256,ENDOSCOPY,,3300,0,0,3300,3300,0,UPI - PhonePe,K PRATHIMA,Walk-In,Walk-In
27-02-2026,MR10210005491,OP10210009872,Mrs. V SARIKA,Female,30Y,9703876852,Dr. SIDDHARTH REDDY  ALLA,OPRInv1021-20262272257,"ANESTHETIA SGA, COLONOSCOPY",,9800,0,0,9800,9800,0,UPI - PhonePe,BHARGAV CHOWDARY,Walk-In,Walk-In
27-02-2026,MR10210005492,OP10210009875,Mrs. G RAJAMMA,Female,40Y,9133596763,Dr. SIDDHARTH REDDY  ALLA,OPRInv1021-20262272258,ENDOSCOPY,,3300,0,0,3300,3300,0,Cash,K PRATHIMA,Walk-In,Walk-In
27-02-2026,MR10210005490,OP10210009883,Ms. S SRILAKSHMI,Female,18Y,9014976086,Dr. SIDDHARTH REDDY  ALLA,OPRInv1021-20262272259,BIOPSY SMALL,,1500,0,0,1500,1500,0,Cash,K PRATHIMA,Walk-In,Walk-In
27-02-2026,MR10210005497,OP10210009881,Mr. G KOTI NAGULU,Male,49Y,9059855491,Dr. SIDDHARTH REDDY  ALLA,OPRInv1021-20262272260,ENDOSCOPY,,3300,0,0,3300,3300,0,Cash,K PRATHIMA,Walk-In,Walk-In
27-02-2026,MR10210004781,OP10210009878,Mr. PB CHOWDARY,Male,55Y,9394152040,Dr. SIDDHARTH REDDY  ALLA,OPRInv1021-20262272261,RUT,,500,0,0,500,500,0,UPI - PhonePe,K PRATHIMA,Walk-In,Walk-In
27-02-2026,MR10210005494,OP10210009877,Mr. J HARI BABU,Male,54Y,9010367364,Dr. SIDDHARTH REDDY  ALLA,OPRInv1021-20262272262,RUT,,500,0,0,500,500,0,UPI - PhonePe,K PRATHIMA,Walk-In,Walk-In
27-02-2026,MR10210005492,OP10210009875,Mrs. G RAJAMMA,Female,40Y,9133596763,Dr. SIDDHARTH REDDY  ALLA,OPRInv1021-20262272263,RUT,,500,0,0,500,500,0,Cash,K PRATHIMA,Walk-In,Walk-In
27-02-2026,MR10210005497,OP10210009881,Mr. G KOTI NAGULU,Male,49Y,9059855491,Dr. SIDDHARTH REDDY  ALLA,OPRInv1021-20262272264,RUT,,500,0,0,500,500,0,Cash,K PRATHIMA,Walk-In,Walk-In
27-02-2026,MR10210005493,OP10210009876,Mr. A SRIKANTH,Male,39Y,9391232340,Dr. SIDDHARTH REDDY  ALLA,OPRInv1021-20262272265,ENDOSCOPY,,3300,0,0,3300,3300,0,UPI - PhonePe,K PRATHIMA,Walk-In,Walk-In
27-02-2026,MR10210005500,OP10210009886,Mrs. K SABINA,Female,31Y,8179022170,Dr. SIDDHARTH REDDY  ALLA,OPRInv1021-20262272266,"ANESTHETIA SGA, COLONOSCOPY",,9800,0,0,9800,9800,0,UPI - PhonePe,K PRATHIMA,Walk-In,Walk-In
27-02-2026,MR10210005493,OP10210009876,Mr. A SRIKANTH,Male,39Y,9391232340,Dr. SIDDHARTH REDDY  ALLA,OPRInv1021-20262272267,RUT,,500,0,0,500,500,0,UPI - PhonePe,K PRATHIMA,Walk-In,Walk-In
27-02-2026,MR10210005500,OP10210009886,Mrs. K SABINA,Female,31Y,8179022170,Dr. SIDDHARTH REDDY  ALLA,OPRInv1021-20262272268,BIOPSY SMALL,,1500,0,0,1500,1500,0,UPI - PhonePe,K PRATHIMA,Walk-In,Walk-In
27-02-2026,MR10210005500,OP10210009886,Mrs. K SABINA,Female,31Y,8179022170,Dr. SIDDHARTH REDDY  ALLA,OPRInv1021-20262272269,BIOPSY SMALL,,1500,0,0,1500,1500,0,UPI - PhonePe,K PRATHIMA,Walk-In,Walk-In
27-02-2026,MR10210005495,OP10210009879,Mrs. J RADHIKA,Female,51Y,8886826611,Dr. SIDDHARTH REDDY  ALLA,OPRInv1021-20262272270,ENDOSCOPY,,3300,0,0,3300,3300,0,UPI - PhonePe,K PRATHIMA,Walk-In,Walk-In
27-02-2026,MR10210005495,OP10210009879,Mrs. J RADHIKA,Female,51Y,8886826611,Dr. SIDDHARTH REDDY  ALLA,OPRInv1021-20262272271,RUT,,500,0,0,500,500,0,Cash,K PRATHIMA,Walk-In,Walk-In
28-02-2026,MR10210005503,OP10210009895,Mr. V PRASAD,Male,38Y,9666630017,Dr. SIDDHARTH REDDY  ALLA,OPRInv1021-20262282272,ENDOSCOPY,,3300,0,0,3300,3300,0,UPI - PhonePe,K PRATHIMA,Walk-In,Walk-In
28-02-2026,MR10210005504,OP10210009896,Mrs. P SUDHA RANI,Female,48Y,9963218952,Dr. SIDDHARTH REDDY  ALLA,OPRInv1021-20262282273,ENDOSCOPY,,3300,0,0,3300,3300,0,UPI - PhonePe,K PRATHIMA,Walk-In,Walk-In
28-02-2026,MR10210005505,OP10210009899,Mrs. CH DURGA BHAVANI,Female,53Y,8328341440,Dr. SIDDHARTH REDDY  ALLA,OPRInv1021-20262282274,ENDOSCOPY,,3300,0,0,3300,500,2800,Cash,K PRATHIMA,Walk-In,Walk-In
28-02-2026,MR10210005505,OP10210009899,Mrs. CH DURGA BHAVANI,Female,53Y,8328341440,Dr. SIDDHARTH REDDY  ALLA,OPRInv1021-20262282274,ENDOSCOPY,,3300,0,0,2800,2800,0,UPI - PhonePe,K PRATHIMA,Walk-In,Walk-In
28-02-2026,MR10210005504,OP10210009896,Mrs. P SUDHA RANI,Female,48Y,9963218952,Dr. SIDDHARTH REDDY  ALLA,OPRInv1021-20262282275,RUT,,500,0,0,500,500,0,UPI - PhonePe,K PRATHIMA,Walk-In,Walk-In
28-02-2026,MR10210005503,OP10210009895,Mr. V PRASAD,Male,38Y,9666630017,Dr. SIDDHARTH REDDY  ALLA,OPRInv1021-20262282276,RUT,,500,0,0,500,500,0,UPI - PhonePe,K PRATHIMA,Walk-In,Walk-In
28-02-2026,MR10210002516,OP10210009906,Mrs. M SUPRAJA ,Female,25Y,9652402002,Dr. SIDDHARTH REDDY  ALLA,OPRInv1021-20262282277,"ANESTHETIA SGA, UGISCOPY + STENT REMOVAL",,8500,0,0,8500,8500,0,Cash,K PRATHIMA,Walk-In,Walk-In
28-02-2026,MR10210005505,OP10210009899,Mrs. CH DURGA BHAVANI,Female,53Y,8328341440,Dr. SIDDHARTH REDDY  ALLA,OPRInv1021-20262282278,ENDOSCOPY,,3300,0,0,3300,500,2800,Cash,RUPA N,Walk-In,Walk-In
28-02-2026,MR10210005505,OP10210009899,Mrs. CH DURGA BHAVANI,Female,53Y,8328341440,Dr. SIDDHARTH REDDY  ALLA,OPRInv1021-20262282278,ENDOSCOPY,,3300,0,0,2800,1500,1300,UPI - PhonePe,RUPA N,Walk-In,Walk-In
28-02-2026,MR10210005505,OP10210009899,Mrs. CH DURGA BHAVANI,Female,53Y,8328341440,Dr. SIDDHARTH REDDY  ALLA,OPRInv1021-20262282278,ENDOSCOPY,,3300,0,1300,0,0,0,Cash,RUPA N,Walk-In,Walk-In
02-03-2026,MR10210005524,OP10210009947,Mrs. E VENKATA BHARATHI,Female,54Y,8885488891,Dr. SIDDHARTH REDDY  ALLA,OPRInv1021-2026322279,ENDOSCOPY,,3300,0,0,3300,3300,0,UPI - PhonePe,K PRATHIMA,Walk-In,Walk-In
02-03-2026,MR10210005526,OP10210009956,Mr. P BALA REDDY,Male,85Y,6304828637,Dr. SIDDHARTH REDDY  ALLA,OPRInv1021-2026322280,ENDOSCOPY,,3300,0,0,3300,3300,0,Cash,K PRATHIMA,Walk-In,Walk-In
02-03-2026,MR10210005524,OP10210009947,Mrs. E VENKATA BHARATHI,Female,54Y,8885488891,Dr. SIDDHARTH REDDY  ALLA,OPRInv1021-2026322281,RUT,,500,0,0,500,500,0,UPI - PhonePe,K PRATHIMA,Walk-In,Walk-In
02-03-2026,MR10210005527,OP10210009957,Mr. M NARASIMHA RAO,Male,37Y,9052715560,Dr. SIDDHARTH REDDY  ALLA,OPRInv1021-2026322282,ENDOSCOPY,,3300,0,0,3300,3300,0,UPI - PhonePe,K PRATHIMA,Walk-In,Walk-In
02-03-2026,MR10210005528,OP10210009962,Mrs. NB SAIDA BEE,Female,40Y,9346459360,Dr. SIDDHARTH REDDY  ALLA,OPRInv1021-2026322283,ENDOSCOPY,,3300,0,0,3300,3300,0,Cash,K PRATHIMA,Walk-In,Walk-In
02-03-2026,MR10210005530,OP10210009964,Mrs. N KUMARI,Female,60Y,9912901694,Dr. SIDDHARTH REDDY  ALLA,OPRInv1021-2026322284,ENDOSCOPY,,3300,0,0,3300,3300,0,Cash,K PRATHIMA,Walk-In,Walk-In
02-03-2026,MR10210002979,OP10210009965,Mrs. A ANITHA,Female,33Y,7888970161,Dr. SIDDHARTH REDDY  ALLA,OPRInv1021-2026322285,ENDOSCOPY,,3300,0,0,3300,3300,0,Cash,K PRATHIMA,Walk-In,Walk-In
02-03-2026,MR10210005530,OP10210009966,Mrs. N KUMARI,Female,60Y,9912901694,Dr. SIDDHARTH REDDY  ALLA,OPRInv1021-2026322286,RUT,,500,0,0,500,500,0,Cash,K PRATHIMA,Walk-In,Walk-In
02-03-2026,MR10210005531,OP10210009968,Mr. CH VENKATA RAO,Male,68Y,9949066929,Dr. SIDDHARTH REDDY  ALLA,OPRInv1021-2026322287,SIGMOIDOSCOPY,,3300,0,0,3300,3300,0,UPI - PhonePe,K PRATHIMA,Walk-In,Walk-In
02-03-2026,MR10210005531,OP10210009968,Mr. CH VENKATA RAO,Male,68Y,9949066929,Dr. SIDDHARTH REDDY  ALLA,OPRInv1021-2026322288,BIOPSY SMALL,,1500,0,0,1500,1500,0,UPI - PhonePe,K PRATHIMA,Walk-In,Walk-In
03-03-2026,MR10210005328,OP10210009973,Mrs. R BHAGYA LAKSHMI,Female,45Y,9603789288,Dr. SIDDHARTH REDDY  ALLA,OPRInv1021-2026332289,ENDOSCOPY,,3300,0,0,3300,3300,0,Cash,K PRATHIMA,Walk-In,Walk-In
03-03-2026,MR10210005328,OP10210009973,Mrs. R BHAGYA LAKSHMI,Female,45Y,9603789288,Dr. SIDDHARTH REDDY  ALLA,OPRInv1021-2026332290,RUT,,500,0,0,500,500,0,Cash,K PRATHIMA,Walk-In,Walk-In
03-03-2026,MR10210005539,OP10210009986,Mr. SK KHASIM FAREED,Male,58Y,8179994653,Dr. SIDDHARTH REDDY  ALLA,OPRInv1021-2026332291,"ANESTHETIA SGA, COLONOSCOPY",,9800,0,0,9800,9800,0,Cash,K PRATHIMA,Walk-In,Walk-In
03-03-2026,MR10210005539,OP10210009988,Mr. SK KHASIM FAREED,Male,58Y,8179994653,Dr. SIDDHARTH REDDY  ALLA,OPRInv1021-2026332292,BIOPSY SMALL,,1500,0,0,1500,1500,0,Cash,K PRATHIMA,Walk-In,Walk-In
04-03-2026,MR10210005547,OP10210009999,Mr. M NAGESWAR RAO,Male,46Y,9866664525,Dr. SIDDHARTH REDDY  ALLA,OPRInv1021-2026342293,ENDOSCOPY,,3300,0,0,3300,3300,0,Cash,K PRATHIMA,Walk-In,Walk-In
04-03-2026,MR10210005549,OP10210010001,Mrs. S MALLESWARI,Female,32Y,9390524741,Dr. SIDDHARTH REDDY  ALLA,OPRInv1021-2026342294,ENDOSCOPY,,3300,0,0,3300,3300,0,UPI - PhonePe,K PRATHIMA,Walk-In,Walk-In
04-03-2026,MR10210004828,OP10210010009,Mr. V SAMBI REDDY,Male,57Y,9966644344,Dr. SIDDHARTH REDDY  ALLA,OPRInv1021-2026342295,ENDOSCOPY,,3300,0,0,3300,3300,0,UPI - PhonePe,K PRATHIMA,Walk-In,Walk-In
04-03-2026,MR10210005550,OP10210010002,Mr. B VENKATA RAMI REDDY,Male,66Y,9959610756,Dr. SIDDHARTH REDDY  ALLA,OPRInv1021-2026342296,ENDOSCOPY,,3300,0,0,3300,3300,0,UPI - PhonePe,K PRATHIMA,Walk-In,Walk-In
04-03-2026,MR10210005547,OP10210010011,Mr. M NAGESWAR RAO,Male,46Y,9866664525,Dr. SIDDHARTH REDDY  ALLA,OPRInv1021-2026342297,RUT,,500,0,0,500,500,0,Cash,K PRATHIMA,Walk-In,Walk-In
04-03-2026,MR10210005551,OP10210010004,Mr. T SAI PRAKASH,Male,33Y,7075638730,Dr. SIDDHARTH REDDY  ALLA,OPRInv1021-2026342298,ENDOSCOPY,,3300,0,0,3300,2330,970,Cash,K PRATHIMA,Walk-In,Walk-In
04-03-2026,MR10210005551,OP10210010004,Mr. T SAI PRAKASH,Male,33Y,7075638730,Dr. SIDDHARTH REDDY  ALLA,OPRInv1021-2026342298,ENDOSCOPY,,3300,0,0,970,970,0,UPI - PhonePe,K PRATHIMA,Walk-In,Walk-In
04-03-2026,MR10210005550,OP10210010002,Mr. B VENKATA RAMI REDDY,Male,66Y,9959610756,Dr. SIDDHARTH REDDY  ALLA,OPRInv1021-2026342299,RUT,,500,0,0,500,500,0,Cash,K PRATHIMA,Walk-In,Walk-In
04-03-2026,MR10210004828,OP10210010009,Mr. V SAMBI REDDY,Male,57Y,9966644344,Dr. SIDDHARTH REDDY  ALLA,OPRInv1021-2026342300,RUT,,500,0,0,500,500,0,UPI - PhonePe,K PRATHIMA,Walk-In,Walk-In
04-03-2026,MR10210005555,OP10210010015,Mrs. I RAMA CHANDRA RAO,Female,62Y,9346223772,Dr. SIDDHARTH REDDY  ALLA,OPRInv1021-2026342301,ENDOSCOPY,,3300,0,0,3300,3300,0,UPI - PhonePe,K PRATHIMA,Walk-In,Walk-In
04-03-2026,MR10210005551,OP10210010004,Mr. T SAI PRAKASH,Male,33Y,7075638730,Dr. SIDDHARTH REDDY  ALLA,OPRInv1021-2026342302,ENDOSCOPY,,3300,700,0,2600,2330,270,Cash,BHARGAV CHOWDARY,Walk-In,Walk-In
04-03-2026,MR10210005551,OP10210010004,Mr. T SAI PRAKASH,Male,33Y,7075638730,Dr. SIDDHARTH REDDY  ALLA,OPRInv1021-2026342302,ENDOSCOPY,,3300,700,0,270,270,0,UPI - PhonePe,BHARGAV CHOWDARY,Walk-In,Walk-In
04-03-2026,MR10210005555,OP10210010024,Mrs. I RAMA CHANDRA RAO,Female,62Y,9346223772,Dr. SIDDHARTH REDDY  ALLA,OPRInv1021-2026342303,RUT,,500,0,0,500,500,0,UPI - PhonePe,K PRATHIMA,Walk-In,Walk-In
04-03-2026,MR10210005549,OP10210010001,Mrs. S MALLESWARI,Female,32Y,9390524741,Dr. SIDDHARTH REDDY  ALLA,OPRInv1021-2026342304,RUT,,500,0,0,500,500,0,UPI - PhonePe,K PRATHIMA,Walk-In,Walk-In
04-03-2026,MR10210005551,OP10210010004,Mr. T SAI PRAKASH,Male,33Y,7075638730,Dr. SIDDHARTH REDDY  ALLA,OPRInv1021-2026342305,RUT,,500,0,0,500,500,0,UPI - PhonePe,K PRATHIMA,Walk-In,Walk-In
04-03-2026,MR10210005560,OP10210010022,Mrs. G SESHAMMA,Female,52Y,7995134534,Dr. SIDDHARTH REDDY  ALLA,OPRInv1021-2026342306,ENDOSCOPY,,3300,0,0,3300,3300,0,UPI - PhonePe,K PRATHIMA,Walk-In,Walk-In
05-03-2026,MR10210005559,OP10210010034,Mr. J SIVA RAMA KRISHNA,Male,28Y,9542769261,Dr. SIDDHARTH REDDY  ALLA,OPRInv1021-2026352307,ENDOSCOPY,,3300,0,0,3300,3300,0,UPI - PhonePe,K PRATHIMA,Walk-In,Walk-In
05-03-2026,MR10210005566,OP10210010033,Mr. R NAVEEN,Male,28Y,9581779295,Dr. SIDDHARTH REDDY  ALLA,OPRInv1021-2026352308,ENDOSCOPY,,3300,0,0,3300,3300,0,UPI - PhonePe,K PRATHIMA,Walk-In,Walk-In
05-03-2026,MR10210005559,OP10210010034,Mr. J SIVA RAMA KRISHNA,Male,28Y,9542769261,Dr. SIDDHARTH REDDY  ALLA,OPRInv1021-2026352309,BIOPSY SMALL,,1500,0,0,1500,1500,0,UPI - PhonePe,K PRATHIMA,Walk-In,Walk-In
05-03-2026,MR10210005570,OP10210010041,Mrs. K SOWJANYA,Female,30Y,8790010156,Dr. SIDDHARTH REDDY  ALLA,OPRInv1021-2026352310,ERCP,,40000,5000,0,35000,20000,15000,Cash,K PRATHIMA,Walk-In,Walk-In
05-03-2026,MR10210005570,OP10210010041,Mrs. K SOWJANYA,Female,30Y,8790010156,Dr. SIDDHARTH REDDY  ALLA,OPRInv1021-2026352310,ERCP,,40000,5000,0,15000,15000,0,UPI - PhonePe,K PRATHIMA,Walk-In,Walk-In
06-03-2026,MR10210005575,OP10210010046,Mr. K SURENDRA,Male,35Y,8886883917,Dr. SIDDHARTH REDDY  ALLA,OPRInv1021-2026362311,"ENDOSCOPY, SIGMOIDOSCOPY",,6600,1000,0,5600,5600,0,Cash,K PRATHIMA,Walk-In,Walk-In
06-03-2026,MR10210005578,OP10210010052,Mrs. S JYOTHI,Female,39Y,7893856222,Dr. SIDDHARTH REDDY  ALLA,OPRInv1021-2026362312,SIGMOIDOSCOPY,,3300,0,0,3300,3300,0,Cash,K PRATHIMA,Walk-In,Walk-In
06-03-2026,MR10210005579,OP10210010053,Mr. N ANIL KUMAR,Male,40Y,9959816066,Dr. SIDDHARTH REDDY  ALLA,OPRInv1021-2026362313,ENDOSCOPY,,3300,0,0,3300,3300,0,UPI - PhonePe,K PRATHIMA,Walk-In,Walk-In
06-03-2026,MR10210005579,OP10210010053,Mr. N ANIL KUMAR,Male,40Y,9959816066,Dr. SIDDHARTH REDDY  ALLA,OPRInv1021-2026362314,RUT,,500,0,0,500,500,0,Cash,K PRATHIMA,Walk-In,Walk-In
06-03-2026,MR10210005575,OP10210010046,Mr. K SURENDRA,Male,35Y,8886883917,Dr. SIDDHARTH REDDY  ALLA,OPRInv1021-2026362315,BIOPSY SMALL,,1500,0,0,1500,1500,0,Cash,K PRATHIMA,Walk-In,Walk-In
07-03-2026,MR10210005581,OP10210010059,Mrs. SK KARIMUN ,Female,45Y,8008329118,Dr. SIDDHARTH REDDY  ALLA,OPRInv1021-2026372316,ENDOSCOPY,,3300,0,0,3300,3300,0,UPI - PhonePe,K PRATHIMA,Walk-In,Walk-In
07-03-2026,MR10210005582,OP10210010060,Master. P MOHAN SHANKAR,Male,23Y,9177427781,Dr. SIDDHARTH REDDY  ALLA,OPRInv1021-2026372317,"ANESTHETIA SGA, COLONOSCOPY",,9800,0,0,9800,9800,0,Cash,K PRATHIMA,Walk-In,Walk-In
07-03-2026,MR10210005584,OP10210010062,Mr. N NARESH,Male,42Y,8341701068,Dr. SIDDHARTH REDDY  ALLA,OPRInv1021-2026372318,ENDOSCOPY,,3300,0,0,3300,3300,0,UPI - PhonePe,K PRATHIMA,Walk-In,Walk-In
07-03-2026,MR10210005584,OP10210010062,Mr. N NARESH,Male,42Y,8341701068,Dr. SIDDHARTH REDDY  ALLA,OPRInv1021-2026372319,RUT,,500,0,0,500,500,0,Cash,K PRATHIMA,Walk-In,Walk-In
08-03-2026,MR10210005588,OP10210010079,Mrs. G T KRISHNAVENI,Female,30Y,9494613788,Dr. SIDDHARTH REDDY  ALLA,OPRInv1021-2026382320,ENDOSCOPY,,3300,0,0,3300,3300,0,Cash,K PRATHIMA,Walk-In,Walk-In
09-03-2026,MR10210005589,OP10210010082,Mr. K SUBBA RAO,Male,71Y,9440444575,Dr. SIDDHARTH REDDY  ALLA,OPRInv1021-2026392321,ENDOSCOPY,,3300,0,0,3300,3300,0,Cash,K PRATHIMA,Walk-In,Walk-In
09-03-2026,MR10210005545,OP10210010080,Mrs. K VENKATA RAMANAMMA,Female,47Y,9492606573,Dr. SIDDHARTH REDDY  ALLA,OPRInv1021-2026392322,DIAGNOSTIC EUS,,15000,0,0,15000,8000,7000,Cash,K PRATHIMA,Walk-In,Walk-In
09-03-2026,MR10210005545,OP10210010080,Mrs. K VENKATA RAMANAMMA,Female,47Y,9492606573,Dr. SIDDHARTH REDDY  ALLA,OPRInv1021-2026392322,DIAGNOSTIC EUS,,15000,0,0,7000,5500,1500,Cash,K PRATHIMA,Walk-In,Walk-In
31-03-2026,MR10210005545,OP10210010080,Mrs. K VENKATA RAMANAMMA,Female,47Y,9492606573,Dr. SIDDHARTH REDDY  ALLA,OPRInv1021-2026392322,DIAGNOSTIC EUS,,15000,0,1500,0,0,0,Cash,K PRATHIMA,Walk-In,Walk-In
09-03-2026,MR10210005593,OP10210010088,Mrs. Y LAKSHMI TRIVENI,Female,32Y,8978014779,Dr. SIDDHARTH REDDY  ALLA,OPRInv1021-2026392323,ENDOSCOPY,,3300,0,0,3300,3300,0,UPI - PhonePe,K PRATHIMA,Walk-In,Walk-In
09-03-2026,MR10210005594,OP10210010092,Mr. M VISHNU MURTHY,Male,38Y,9110593258,Dr. SIDDHARTH REDDY  ALLA,OPRInv1021-2026392324,ENDOSCOPY,,3300,0,0,3300,3300,0,Cash,K PRATHIMA,Walk-In,Walk-In
09-03-2026,MR10210005593,OP10210010088,Mrs. Y LAKSHMI TRIVENI,Female,32Y,8978014779,Dr. SIDDHARTH REDDY  ALLA,OPRInv1021-2026392325,"ANESTHETIA SGA, RUT",,4000,0,0,4000,4000,0,UPI - PhonePe,K PRATHIMA,Walk-In,Walk-In
09-03-2026,MR10210005596,OP10210010099,Mrs. SK GOUSIYA,Female,45Y,9989368295,Dr. SIDDHARTH REDDY  ALLA,OPRInv1021-2026392326,ENDOSCOPY,,3300,0,0,3300,3300,0,Cash,K PRATHIMA,Walk-In,Walk-In
10-03-2026,MR10210005599,OP10210010105,Mrs. R SANTHA  KUMARI,Female,65Y,9916041600,Dr. SIDDHARTH REDDY  ALLA,OPRInv1021-20263102327,"ANESTHETIA SGA, COLONOSCOPY",,9800,0,0,9800,9800,0,UPI - PhonePe,K PRATHIMA,Walk-In,Walk-In
10-03-2026,MR10210005600,OP10210010106,Mr. M SOMAIAH,Male,35Y,8712277917,Dr. SIDDHARTH REDDY  ALLA,OPRInv1021-20263102328,ENDOSCOPY,,3300,0,0,3300,3300,0,UPI - PhonePe,K PRATHIMA,Walk-In,Walk-In
10-03-2026,MR10210005600,OP10210010106,Mr. M SOMAIAH,Male,35Y,8712277917,Dr. SIDDHARTH REDDY  ALLA,OPRInv1021-20263102329,RUT,,500,0,0,500,500,0,UPI - PhonePe,K PRATHIMA,Walk-In,Walk-In
10-03-2026,MR10210005487,OP10210010112,Mr. A PRABHAKAR REDDY,Male,53Y,9492247139,Dr. SIDDHARTH REDDY  ALLA,OPRInv1021-20263102330,ENDOSCOPY,,3300,0,0,3300,3300,0,UPI - PhonePe,K PRATHIMA,Walk-In,Walk-In
10-03-2026,MR10210005604,OP10210010119,Ms. D MANEESHA,Female,27Y,9701366886,Dr. SIDDHARTH REDDY  ALLA,OPRInv1021-20263102331,ENDOSCOPY,,3300,0,0,3300,3300,0,UPI - PhonePe,K PRATHIMA,Walk-In,Walk-In
10-03-2026,MR10210005602,OP10210010116,Mrs. M MANEESHA,Female,26Y,6304252576,Dr. SIDDHARTH REDDY  ALLA,OPRInv1021-20263102332,ENDOSCOPY,,3300,0,0,3300,3300,0,UPI - PhonePe,K PRATHIMA,Walk-In,Walk-In
10-03-2026,MR10210005603,OP10210010117,Mr. P VEERA REDDY,Male,75Y,9989665733,Dr. SIDDHARTH REDDY  ALLA,OPRInv1021-20263102333,ENDOSCOPY,,3300,0,0,3300,3300,0,Cash,K PRATHIMA,Walk-In,Walk-In
10-03-2026,MR10210005603,OP10210010117,Mr. P VEERA REDDY,Male,75Y,9989665733,Dr. SIDDHARTH REDDY  ALLA,OPRInv1021-20263102334,RUT,,500,0,0,500,500,0,UPI - PhonePe,K PRATHIMA,Walk-In,Walk-In
10-03-2026,MR10210005606,OP10210010124,Mr. A V KRISHNA REDDY,Male,76Y,9393477759,Dr. SIDDHARTH REDDY  ALLA,OPRInv1021-20263102335,ENDOSCOPY,,3300,0,0,3300,1800,1500,UPI - PhonePe,K PRATHIMA,Walk-In,Walk-In
10-03-2026,MR10210005606,OP10210010124,Mr. A V KRISHNA REDDY,Male,76Y,9393477759,Dr. SIDDHARTH REDDY  ALLA,OPRInv1021-20263102335,ENDOSCOPY,,3300,0,1500,0,0,0,Cash,K PRATHIMA,Walk-In,Walk-In
10-03-2026,MR10210005605,OP10210010123,Mrs. D VIJAYA LAKSHMI,Female,55Y,9505885195,Dr. SIDDHARTH REDDY  ALLA,OPRInv1021-20263102336,"ENDOSCOPY, SIGMOIDOSCOPY",,6600,0,0,6600,6600,0,UPI - PhonePe,K PRATHIMA,Walk-In,Walk-In
10-03-2026,MR10210001625,OP10210010111,Ms. P DURGA DEVI ,Female,56Y,9849795715,Dr. SIDDHARTH REDDY  ALLA,OPRInv1021-20263102337,ENDOSCOPY,,3300,0,0,3300,3300,0,Cash,K PRATHIMA,Walk-In,Walk-In
10-03-2026,MR10210005607,OP10210010125,Ms. MARY CH,Female,57Y,7997579283,Dr. SIDDHARTH REDDY  ALLA,OPRInv1021-20263102338,ENDOSCOPY,,3300,0,0,3300,3300,0,Cash,K PRATHIMA,Walk-In,Walk-In
10-03-2026,MR10210005607,OP10210010126,Ms. MARY CH,Female,57Y,7997579283,Dr. SIDDHARTH REDDY  ALLA,OPRInv1021-20263102339,RUT,,500,0,0,500,500,0,Cash,K PRATHIMA,Walk-In,Walk-In
10-03-2026,MR10210001625,OP10210010111,Ms. P DURGA DEVI ,Female,56Y,9849795715,Dr. SIDDHARTH REDDY  ALLA,OPRInv1021-20263102340,RUT,,500,0,0,500,500,0,Cash,K PRATHIMA,Walk-In,Walk-In
10-03-2026,MR10210005487,OP10210010112,Mr. A PRABHAKAR REDDY,Male,53Y,9492247139,Dr. SIDDHARTH REDDY  ALLA,OPRInv1021-20263102341,RUT,,500,0,0,500,500,0,UPI - PhonePe,K PRATHIMA,Walk-In,Walk-In
10-03-2026,MR10210005608,OP10210010128,Mrs. A VENKATA NARASAMMA,Female,53Y,9000397885,Dr. SIDDHARTH REDDY  ALLA,OPRInv1021-20263102342,ENDOSCOPY,,3300,0,0,3300,3300,0,UPI - PhonePe,K PRATHIMA,Walk-In,Walk-In
10-03-2026,MR10210005608,OP10210010128,Mrs. A VENKATA NARASAMMA,Female,53Y,9000397885,Dr. SIDDHARTH REDDY  ALLA,OPRInv1021-20263102343,BIOPSY SMALL,,1500,0,0,1500,1500,0,UPI - PhonePe,K PRATHIMA,Walk-In,Walk-In
11-03-2026,MR10210005604,OP10210010137,Ms. D MANEESHA,Female,27Y,9701366886,Dr. SIDDHARTH REDDY  ALLA,OPRInv1021-20263112344,RUT,,500,0,0,500,500,0,UPI - PhonePe,K PRATHIMA,Walk-In,Walk-In
12-03-2026,MR10210001308,OP10210010139,Ms. NIRMALA T,Female,71Y,7382648201,Dr. SIDDHARTH REDDY  ALLA,OPRInv1021-20263122345,"ANESTHETIA SGA, COLONOSCOPY, ENDOSCOPY",,13100,0,0,13100,13100,0,Cash,K PRATHIMA,Walk-In,Walk-In
12-03-2026,MR10210005278,OP10210010145,Mrs. B BABY SAROJINI,Female,73Y,9493301636,Dr. SIDDHARTH REDDY  ALLA,OPRInv1021-20263122346,"ANESTHETIA SGA, COLONOSCOPY",,9800,0,0,9800,9800,0,Cash,K PRATHIMA,Walk-In,Walk-In
12-03-2026,MR10210005616,OP10210010142,Mrs. D NASAR BEE,Female,21Y,8121176937,Dr. SIDDHARTH REDDY  ALLA,OPRInv1021-20263122347,SIGMOIDOSCOPY,,3300,0,0,3300,3300,0,Cash,K PRATHIMA,Walk-In,Walk-In
12-03-2026,MR10210005620,OP10210010149,Master. K KOTESWARA RAO,Male,13Y,7036676432,Dr. SIDDHARTH REDDY  ALLA,OPRInv1021-20263122348,"ANESTHETIA SGA, COLONOSCOPY, ENDOSCOPY",,13100,0,0,13100,2000,11100,Cash,K PRATHIMA,Walk-In,Walk-In
12-03-2026,MR10210005620,OP10210010149,Master. K KOTESWARA RAO,Male,13Y,7036676432,Dr. SIDDHARTH REDDY  ALLA,OPRInv1021-20263122348,"ANESTHETIA SGA, COLONOSCOPY, ENDOSCOPY",,13100,0,2000,9100,9100,0,Cash,K PRATHIMA,Walk-In,Walk-In
12-03-2026,MR10210005617,OP10210010143,Mr. D SRINIVASA RAO,Male,49Y,9347974860,Dr. SIDDHARTH REDDY  ALLA,OPRInv1021-20263122349,"ENDOSCOPY, SIGMOIDOSCOPY",,6600,0,0,6600,4600,2000,Cash,K PRATHIMA,Walk-In,Walk-In
23-03-2026,MR10210005617,OP10210010143,Mr. D SRINIVASA RAO,Male,49Y,9347974860,Dr. SIDDHARTH REDDY  ALLA,OPRInv1021-20263122349,"ENDOSCOPY, SIGMOIDOSCOPY",,6600,0,2000,0,0,0,Cash,K PRATHIMA,Walk-In,Walk-In
12-03-2026,MR10210005619,OP10210010146,Mr. S SIVA NAGI REDDY,Male,51Y,8112124847,Dr. SIDDHARTH REDDY  ALLA,OPRInv1021-20263122350,"ENDOSCOPY, RUT",,3800,0,0,3800,3800,0,UPI - PhonePe,K PRATHIMA,Walk-In,Walk-In
12-03-2026,MR10210005598,OP10210010151,Mrs. R SWATHI,Female,35Y,9394038120,Dr. SIDDHARTH REDDY  ALLA,OPRInv1021-20263122351,ENDOSCOPY,,3300,0,0,3300,3300,0,Cash,K PRATHIMA,Walk-In,Walk-In
12-03-2026,MR10210005598,OP10210010151,Mrs. R SWATHI,Female,35Y,9394038120,Dr. SIDDHARTH REDDY  ALLA,OPRInv1021-20263122352,RUT,,500,0,0,500,500,0,Cash,K PRATHIMA,Walk-In,Walk-In
12-03-2026,MR10210005617,OP10210010143,Mr. D SRINIVASA RAO,Male,49Y,9347974860,Dr. SIDDHARTH REDDY  ALLA,OPRInv1021-20263122353,BIOPSY SMALL,,1500,0,0,1500,1500,0,Cash,K PRATHIMA,Walk-In,Walk-In
12-03-2026,MR10210005605,OP10210010123,Mrs. D VIJAYA LAKSHMI,Female,55Y,9505885195,Dr. SIDDHARTH REDDY  ALLA,OPRInv1021-20263122354,ANESTHETIA SGA,,3500,0,0,3500,3500,0,UPI - PhonePe,K PRATHIMA,Walk-In,Walk-In
12-03-2026,MR10210005624,OP10210010158,Mr. G MARUTHI,Male,38Y,9963307056,Dr. SIDDHARTH REDDY  ALLA,OPRInv1021-20263122355,ENDOSCOPY,,3300,0,0,3300,3300,0,UPI - PhonePe,K PRATHIMA,Walk-In,Walk-In
12-03-2026,MR10210005627,OP10210010161,Mr. U HANUMANTH RAO,Male,53Y,9032073392,Dr. SIDDHARTH REDDY  ALLA,OPRInv1021-20263122356,ENDOSCOPY,,3300,0,0,3300,3300,0,Cash,K PRATHIMA,Walk-In,Walk-In
12-03-2026,MR10210001308,OP10210010139,Ms. NIRMALA T,Female,71Y,7382648201,Dr. SIDDHARTH REDDY  ALLA,OPRInv1021-20263122357,RUT,,500,0,0,500,500,0,Cash,K PRATHIMA,Walk-In,Walk-In
12-03-2026,MR10210005627,OP10210010168,Mr. U HANUMANTH RAO,Male,53Y,9032073392,Dr. SIDDHARTH REDDY  ALLA,OPRInv1021-20263122358,RUT,,500,0,0,500,500,0,Cash,K PRATHIMA,Walk-In,Walk-In
13-03-2026,MR10210005630,OP10210010173,Mr. CH YESU BABU,Male,33Y,9959166605,Dr. SIDDHARTH REDDY  ALLA,OPRInv1021-20263132359,ENDOSCOPY,,3300,0,0,3300,3300,0,Cash,K PRATHIMA,Walk-In,Walk-In
14-03-2026,MR10210005633,OP10210010184,Mrs. SK JANAMMA,Female,50Y,8465896347,Dr. SIDDHARTH REDDY  ALLA,OPRInv1021-20263142360,ENDOSCOPY,,3300,0,0,3300,3300,0,UPI - PhonePe,K PRATHIMA,Walk-In,Walk-In
14-03-2026,MR10210005634,OP10210010189,Mr. T NEERAJ,Male,22Y,9390456719,Dr. SIDDHARTH REDDY  ALLA,OPRInv1021-20263142361,ENDOSCOPY,,3300,0,0,3300,3300,0,UPI - PhonePe,K PRATHIMA,Walk-In,Walk-In
14-03-2026,MR10210005635,OP10210010191,Ms. G PRANEETHA,Female,12Y,6305562048,Dr. SIDDHARTH REDDY  ALLA,OPRInv1021-20263142362,SIGMOIDOSCOPY,,3300,500,0,2800,2800,0,UPI - PhonePe,K PRATHIMA,Walk-In,Walk-In
14-03-2026,MR10210002788,OP10210010186,Mr. Y MANIKANTA ,Male,19Y,7842748488,Dr. SIDDHARTH REDDY  ALLA,OPRInv1021-20263142363,SG DILATATION,,15000,0,0,15000,15000,0,UPI - PhonePe,K PRATHIMA,Walk-In,Walk-In
14-03-2026,MR10210005634,OP10210010189,Mr. T NEERAJ,Male,22Y,9390456719,Dr. SIDDHARTH REDDY  ALLA,OPRInv1021-20263142364,RUT,,500,0,0,500,500,0,UPI - PhonePe,K PRATHIMA,Walk-In,Walk-In
14-03-2026,MR10210005642,OP10210010203,Mrs. Y VENKATA RAMANA,Female,40Y,9966228084,Dr. SIDDHARTH REDDY  ALLA,OPRInv1021-20263142365,ENDOSCOPY,,3300,0,0,3300,3300,0,Cash,K PRATHIMA,Walk-In,Walk-In
14-03-2026,MR10210005640,OP10210010199,Mr. M RAJU,Male,49Y,9949523515,Dr. SIDDHARTH REDDY  ALLA,OPRInv1021-20263142366,ENDOSCOPY,,3300,500,0,2800,2800,0,UPI - PhonePe,K PRATHIMA,Walk-In,Walk-In
14-03-2026,MR10210005642,OP10210010208,Mrs. Y VENKATA RAMANA,Female,40Y,9966228084,Dr. SIDDHARTH REDDY  ALLA,OPRInv1021-20263142367,RUT,,500,0,0,500,500,0,Cash,K PRATHIMA,Walk-In,Walk-In
14-03-2026,MR10210005633,OP10210010184,Mrs. SK JANAMMA,Female,50Y,8465896347,Dr. SIDDHARTH REDDY  ALLA,OPRInv1021-20263142368,RUT,,500,0,0,500,500,0,UPI - PhonePe,K PRATHIMA,Walk-In,Walk-In
14-03-2026,MR10210005644,OP10210010210,Ms. M SUSILA,Female,33Y,9866492411,Dr. SIDDHARTH REDDY  ALLA,OPRInv1021-20263142369,ENDOSCOPY,,3300,0,0,3300,3300,0,UPI - PhonePe,K PRATHIMA,Walk-In,Walk-In
14-03-2026,MR10210005640,OP10210010199,Mr. M RAJU,Male,49Y,9949523515,Dr. SIDDHARTH REDDY  ALLA,OPRInv1021-20263142370,RUT,,500,0,0,500,500,0,UPI - PhonePe,K PRATHIMA,Walk-In,Walk-In
14-03-2026,MR10210005644,OP10210010210,Ms. M SUSILA,Female,33Y,9866492411,Dr. SIDDHARTH REDDY  ALLA,OPRInv1021-20263142371,RUT,,500,0,0,500,500,0,UPI - PhonePe,K PRATHIMA,Walk-In,Walk-In
15-03-2026,MR10210005645,OP10210010212,Mr. K SAI KRISHNA,Male,46Y,9493957259,Dr. SIDDHARTH REDDY  ALLA,OPRInv1021-20263152372,ENDOSCOPY,,3300,0,0,3300,3300,0,Cash,K PRATHIMA,Walk-In,Walk-In
15-03-2026,MR10210005645,OP10210010212,Mr. K SAI KRISHNA,Male,46Y,9493957259,Dr. SIDDHARTH REDDY  ALLA,OPRInv1021-20263152373,RUT,,500,0,0,500,500,0,Cash,K PRATHIMA,Walk-In,Walk-In
16-03-2026,MR10210005649,OP10210010217,Mr. K SRINIVAS REDDY,Male,39Y,9440779472,Dr. SIDDHARTH REDDY  ALLA,OPRInv1021-20263162374,ENDOSCOPY,,3300,0,0,3300,3300,0,UPI - PhonePe,K PRATHIMA,Walk-In,Walk-In
16-03-2026,MR10210005647,OP10210010215,Mrs. M VENKATA LAKSHMI,Female,49Y,8688144445,Dr. SIDDHARTH REDDY  ALLA,OPRInv1021-20263162375,"ANESTHETIA SGA, COLONOSCOPY",,9800,0,0,9800,9800,0,Cash,K PRATHIMA,Walk-In,Walk-In
16-03-2026,MR10210005646,OP10210010214,Mrs. V MOUNIKA,Female,33Y,7702454222,Dr. SIDDHARTH REDDY  ALLA,OPRInv1021-20263162376,ENDOSCOPY,,3300,0,0,3300,3300,0,UPI - PhonePe,K PRATHIMA,Walk-In,Walk-In
16-03-2026,MR10210005653,OP10210010224,Mr. G SRINIVASA RAO,Male,57Y,9642468796,Dr. SIDDHARTH REDDY  ALLA,OPRInv1021-20263162377,ENDOSCOPY,,3300,0,0,3300,3300,0,Cash,K PRATHIMA,Walk-In,Walk-In
16-03-2026,MR10210005566,OP10210010033,Mr. R NAVEEN,Male,28Y,9581779295,Dr. SIDDHARTH REDDY  ALLA,OPRInv1021-20263162378,ENDOSCOPY (P),,5000,1000,0,4000,4000,0,Cash,K PRATHIMA,Walk-In,Walk-In
16-03-2026,MR10210005654,OP10210010225,Mr. K VIJAY KUMAR,Male,48Y,8106990508,Dr. SIDDHARTH REDDY  ALLA,OPRInv1021-20263162379,ENDOSCOPY,,3300,0,0,3300,3300,0,UPI - PhonePe,K PRATHIMA,Walk-In,Walk-In
16-03-2026,MR10210005653,OP10210010224,Mr. G SRINIVASA RAO,Male,57Y,9642468796,Dr. SIDDHARTH REDDY  ALLA,OPRInv1021-20263162380,RUT,,500,0,0,500,500,0,Cash,K PRATHIMA,Walk-In,Walk-In
16-03-2026,MR10210005057,OP10210010222,Mr. V PRASANNA KUMAR,Male,24Y,9603125663,Dr. SIDDHARTH REDDY  ALLA,OPRInv1021-20263162381,"ANESTHETIA SGA, COLONOSCOPY",,9800,0,0,9800,9800,0,UPI - PhonePe,K PRATHIMA,Walk-In,Walk-In
16-03-2026,MR10210005057,OP10210010222,Mr. V PRASANNA KUMAR,Male,24Y,9603125663,Dr. SIDDHARTH REDDY  ALLA,OPRInv1021-20263162382,BIOPSY SMALL,,1500,0,0,1500,1500,0,UPI - PhonePe,K PRATHIMA,Walk-In,Walk-In
17-03-2026,MR10210005662,OP10210010240,Mr. A N V VENU GOPALA SWAMI,Male,62Y,9849228384,Dr. SIDDHARTH REDDY  ALLA,OPRInv1021-20263172383,"ANESTHETIA SGA, COLONOSCOPY",,9800,0,0,9800,9800,0,Cash,K PRATHIMA,Walk-In,Walk-In
17-03-2026,MR10210005664,OP10210010244,Mr. M SRINIVAS RAO,Male,50Y,9246428082,Dr. SIDDHARTH REDDY  ALLA,OPRInv1021-20263172384,ENDOSCOPY,,3300,0,0,3300,3300,0,UPI - PhonePe,K PRATHIMA,Walk-In,Walk-In
17-03-2026,MR10210005664,OP10210010244,Mr. M SRINIVAS RAO,Male,50Y,9246428082,Dr. SIDDHARTH REDDY  ALLA,OPRInv1021-20263172385,RUT,,500,0,0,500,500,0,Cash,K PRATHIMA,Walk-In,Walk-In
17-03-2026,MR10210005665,OP10210010249,Mrs. K PITCHAMMA,Female,55Y,9494297539,Dr. SIDDHARTH REDDY  ALLA,OPRInv1021-20263172386,ENDOSCOPY,,3300,0,0,3300,3300,0,UPI - PhonePe,K PRATHIMA,Walk-In,Walk-In
18-03-2026,MR10210005670,OP10210010266,Mr. V NAGENDRA REDDY,Male,72Y,9705422399,Dr. SIDDHARTH REDDY  ALLA,OPRInv1021-20263182387,SIGMOIDOSCOPY,,3300,0,0,3300,3300,0,Cash,K PRATHIMA,Walk-In,Walk-In
18-03-2026,MR10210005669,OP10210010264,Mr. DHEERAJ KUMAR,Male,21Y,9905734207,Dr. SIDDHARTH REDDY  ALLA,OPRInv1021-20263182388,ENDOSCOPY,,3300,0,0,3300,3300,0,UPI - PhonePe,K PRATHIMA,Walk-In,Walk-In
18-03-2026,MR10210005671,OP10210010269,Mrs. T BAJAMMA,Female,38Y,7674932262,Dr. SIDDHARTH REDDY  ALLA,OPRInv1021-20263182389,ENDOSCOPY,,3300,0,0,3300,3300,0,Cash,K PRATHIMA,Walk-In,Walk-In
19-03-2026,MR10210005426,OP10210010273,Mr. P SAMBAIAH,Male,55Y,9700181477,Dr. SIDDHARTH REDDY  ALLA,OPRInv1021-20263192390,UGISCOPY + STENT REMOVAL,,5000,0,0,5000,5000,0,Cash,K PRATHIMA,Walk-In,Walk-In
19-03-2026,MR10210005675,OP10210010275,Mrs. A KOTESHWARI,Female,43Y,9652252246,Dr. SIDDHARTH REDDY  ALLA,OPRInv1021-20263192391,ENDOSCOPY,,3300,0,0,3300,3300,0,Cash,K PRATHIMA,Walk-In,Walk-In
19-03-2026,MR10210005677,OP10210010279,Mrs. G KAMALA,Female,45Y,9505659060,Dr. SIDDHARTH REDDY  ALLA,OPRInv1021-20263192392,ENDOSCOPY,,3300,0,0,3300,2500,800,UPI - PhonePe,K PRATHIMA,Walk-In,Walk-In
31-03-2026,MR10210005677,OP10210010279,Mrs. G KAMALA,Female,45Y,9505659060,Dr. SIDDHARTH REDDY  ALLA,OPRInv1021-20263192392,ENDOSCOPY,,3300,0,800,0,0,0,Cash,K PRATHIMA,Walk-In,Walk-In
20-03-2026,MR10210005525,OP10210010281,Mr. S V RAMANA MURTHY,Male,68Y,9390035386,Dr. SIDDHARTH REDDY  ALLA,OPRInv1021-20263202393,ENDOSCOPY,,3300,0,0,3300,3300,0,Cash,K PRATHIMA,Walk-In,Walk-In
20-03-2026,MR10210005678,OP10210010283,Mrs. B VARA LAKSHMI,Female,76Y,9440368303,Dr. SIDDHARTH REDDY  ALLA,OPRInv1021-20263202394,ENDOSCOPY,,3300,0,0,3300,3300,0,UPI - PhonePe,K PRATHIMA,Walk-In,Walk-In
20-03-2026,MR10210005525,OP10210010281,Mr. S V RAMANA MURTHY,Male,68Y,9390035386,Dr. SIDDHARTH REDDY  ALLA,OPRInv1021-20263202395,RUT,,500,0,0,500,500,0,Cash,K PRATHIMA,Walk-In,Walk-In
20-03-2026,MR10210005678,OP10210010284,Mrs. B VARA LAKSHMI,Female,76Y,9440368303,Dr. SIDDHARTH REDDY  ALLA,OPRInv1021-20263202396,BIOPSY SMALL,,1500,0,0,1500,1500,0,UPI - PhonePe,K PRATHIMA,Walk-In,Walk-In
21-03-2026,MR10210005682,OP10210010299,Mrs. p SUJATHA,Female,44Y,9502027954,Dr. SIDDHARTH REDDY  ALLA,OPRInv1021-20263212397,ENDOSCOPY,,3300,0,0,3300,3300,0,UPI - PhonePe,K PRATHIMA,Walk-In,Walk-In
21-03-2026,MR10210005568,OP10210010303,Mrs. P THIRUPATHAMMA,Female,55Y,9133289667,Dr. SIDDHARTH REDDY  ALLA,OPRInv1021-20263212398,ENDOSCOPY,,3300,0,0,3300,3300,0,UPI - PhonePe,K PRATHIMA,Walk-In,Walk-In
21-03-2026,MR10210005683,OP10210010304,Mr. B VENKATESHWARLU,Male,54Y,9618190184,Dr. SIDDHARTH REDDY  ALLA,OPRInv1021-20263212399,ENDOSCOPY,,3300,0,0,3300,3300,0,UPI - PhonePe,K PRATHIMA,Walk-In,Walk-In
21-03-2026,MR10210005683,OP10210010305,Mr. B VENKATESHWARLU,Male,54Y,9618190184,Dr. SIDDHARTH REDDY  ALLA,OPRInv1021-20263212400,RUT,,500,0,0,500,500,0,Cash,K PRATHIMA,Walk-In,Walk-In
21-03-2026,MR10210005568,OP10210010303,Mrs. P THIRUPATHAMMA,Female,55Y,9133289667,Dr. SIDDHARTH REDDY  ALLA,OPRInv1021-20263212401,BIOPSY SMALL,,1500,0,0,1500,1500,0,UPI - PhonePe,K PRATHIMA,Walk-In,Walk-In
23-03-2026,MR10210005687,OP10210010310,Ms. A SRI KOUSALYA,Female,18Y,9985651643,Dr. SIDDHARTH REDDY  ALLA,OPRInv1021-20263232403,ENDOSCOPY,,3300,0,0,3300,3300,0,Cash,K PRATHIMA,Walk-In,Walk-In
23-03-2026,MR10210005688,OP10210010317,Mr. P PRAKASH RAO,Male,44Y,9014156596,Dr. SIDDHARTH REDDY  ALLA,OPRInv1021-20263232404,ENDOSCOPY,,3300,0,0,3300,0,3300,Cash,K PRATHIMA,Walk-In,Walk-In
05-05-2026,MR10210005688,OP10210010317,Mr. P PRAKASH RAO,Male,44Y,9014156596,Dr. SIDDHARTH REDDY  ALLA,OPRInv1021-20263232404,ENDOSCOPY,,3300,0,3300,0,3300,-3300,Cash,K PRATHIMA,Walk-In,Walk-In
23-03-2026,MR10210005690,OP10210010319,Mr. SK BAJI,Male,35Y,9292959299,Dr. SIDDHARTH REDDY  ALLA,OPRInv1021-20263232405,ENDOSCOPY,,3300,0,0,3300,3300,0,UPI - PhonePe,K PRATHIMA,Walk-In,Walk-In
23-03-2026,MR10210005692,OP10210010321,Mrs. D RATHNA KUMARI,Female,38Y,9440349947,Dr. SIDDHARTH REDDY  ALLA,OPRInv1021-20263232406,ENDOSCOPY,,3300,0,0,3300,3300,0,Cash,K PRATHIMA,Walk-In,Walk-In
23-03-2026,MR10210005690,OP10210010319,Mr. SK BAJI,Male,35Y,9292959299,Dr. SIDDHARTH REDDY  ALLA,OPRInv1021-20263232407,RUT,,500,0,0,500,500,0,Cash,K PRATHIMA,Walk-In,Walk-In
23-03-2026,MR10210005695,OP10210010326,Mr. P VENKATAPPAIAH,Male,45Y,6301656171,Dr. SIDDHARTH REDDY  ALLA,OPRInv1021-20263232408,"ANESTHETIA SGA, COLONOSCOPY",,9800,0,0,9800,0,9800,Cash,K PRATHIMA,Walk-In,Walk-In
31-03-2026,MR10210005695,OP10210010326,Mr. P VENKATAPPAIAH,Male,45Y,6301656171,Dr. SIDDHARTH REDDY  ALLA,OPRInv1021-20263232408,"ANESTHETIA SGA, COLONOSCOPY",,9800,0,9800,0,0,0,Cash,K PRATHIMA,Walk-In,Walk-In
23-03-2026,MR10210005693,OP10210010323,Master. S AASHRITH REDDY,Male,5Y,9989555559,Dr. SIDDHARTH REDDY  ALLA,OPRInv1021-20263232409,"ANESTHETIA SGA, FOREIGN BODY REMOVAL - BLUNT",,15500,500,0,15000,8000,7000,UPI - PhonePe,K PRATHIMA,Walk-In,Walk-In
23-03-2026,MR10210005693,OP10210010323,Master. S AASHRITH REDDY,Male,5Y,9989555559,Dr. SIDDHARTH REDDY  ALLA,OPRInv1021-20263232409,"ANESTHETIA SGA, FOREIGN BODY REMOVAL - BLUNT",,15500,500,0,7000,7000,0,Cash,K PRATHIMA,Walk-In,Walk-In
24-03-2026,MR10210005698,OP10210010336,Mrs. J UMAMAHESHWARI,Female,44Y,7093314445,Dr. SIDDHARTH REDDY  ALLA,OPRInv1021-20263242410,ENDOSCOPY,,3300,0,0,3300,3300,0,UPI - PhonePe,K PRATHIMA,Walk-In,Walk-In
24-03-2026,MR10210005008,OP10210010337,Mrs. K LAKSHMI SIREESHA,Female,33Y,7680842019,Dr. SIDDHARTH REDDY  ALLA,OPRInv1021-20263242411,ENDOSCOPY,,3300,0,0,3300,3300,0,Cash,K PRATHIMA,Walk-In,Walk-In
24-03-2026,MR10210005699,OP10210010338,Mr. A JANAKIRAMAYYA,Male,52Y,9885493288,Dr. SIDDHARTH REDDY  ALLA,OPRInv1021-20263242412,ENDOSCOPY,,3300,0,0,3300,3300,0,Cash,K PRATHIMA,Walk-In,Walk-In
24-03-2026,MR10210005700,OP10210010340,Mr. P VEERA ANJANEYULU,Male,72Y,9618915192,Dr. SIDDHARTH REDDY  ALLA,OPRInv1021-20263242413,ENDOSCOPY,,3300,0,0,3300,3300,0,Cash,K PRATHIMA,Walk-In,Walk-In
24-03-2026,MR10210005699,OP10210010338,Mr. A JANAKIRAMAYYA,Male,52Y,9885493288,Dr. SIDDHARTH REDDY  ALLA,OPRInv1021-20263242414,BIOPSY SMALL,,1500,0,0,1500,1500,0,Cash,K PRATHIMA,Walk-In,Walk-In
24-03-2026,MR10210005698,OP10210010336,Mrs. J UMAMAHESHWARI,Female,44Y,7093314445,Dr. SIDDHARTH REDDY  ALLA,OPRInv1021-20263242415,"ANESTHETIA SGA, SG DILATATION",,18500,0,0,18500,18500,0,UPI - PhonePe,BHARGAV CHOWDARY,Walk-In,Walk-In
25-03-2026,MR10210005705,OP10210010350,Mr. U SRI VEERANADH,Male,20Y,9652933726,Dr. SIDDHARTH REDDY  ALLA,OPRInv1021-20263252416,ENDOSCOPY,,3300,0,0,3300,3300,0,UPI - PhonePe,K PRATHIMA,Walk-In,Walk-In
25-03-2026,MR10210005708,OP10210010355,Mr. P MALA KONDAIAH,Male,67Y,6301311398,Dr. SIDDHARTH REDDY  ALLA,OPRInv1021-20263252417,ENDOSCOPY,,3300,0,0,3300,3300,0,UPI - PhonePe,K PRATHIMA,Walk-In,Walk-In
25-03-2026,MR10210005706,OP10210010351,Mr. K MACHERLA,Male,25Y,6302515030,Dr. SIDDHARTH REDDY  ALLA,OPRInv1021-20263252418,ENDOSCOPY,,3300,0,0,3300,3300,0,UPI - PhonePe,K PRATHIMA,Walk-In,Walk-In
25-03-2026,MR10210005707,OP10210010353,Mr. CH MALA KONDAIAH,Male,74Y,9573036466,Dr. SIDDHARTH REDDY  ALLA,OPRInv1021-20263252419,ENDOSCOPY,,3300,0,0,3300,3300,0,Cash,K PRATHIMA,Walk-In,Walk-In
25-03-2026,MR10210005705,OP10210010362,Mr. U SRI VEERANADH,Male,20Y,9652933726,Dr. SIDDHARTH REDDY  ALLA,OPRInv1021-20263252420,RUT,,500,0,0,500,500,0,UPI - PhonePe,K PRATHIMA,Walk-In,Walk-In
25-03-2026,MR10210005711,OP10210010361,Mr. B VISHNU VARDHAN REDDY,Male,39Y,9966536566,Dr. SIDDHARTH REDDY  ALLA,OPRInv1021-20263252421,ENDOSCOPY,,3300,0,0,3300,3300,0,UPI - PhonePe,K PRATHIMA,Walk-In,Walk-In
25-03-2026,MR10210001753,OP10210010360,Mr. B NARAYANA REDDY ,Male,40Y,8096549595,Dr. SIDDHARTH REDDY  ALLA,OPRInv1021-20263252422,ENDOSCOPY,,3300,0,0,3300,3300,0,UPI - PhonePe,K PRATHIMA,Walk-In,Walk-In
25-03-2026,MR10210001753,OP10210010360,Mr. B NARAYANA REDDY ,Male,40Y,8096549595,Dr. SIDDHARTH REDDY  ALLA,OPRInv1021-20263252423,RUT,,500,0,0,500,500,0,UPI - PhonePe,K PRATHIMA,Walk-In,Walk-In
25-03-2026,MR10210005711,OP10210010361,Mr. B VISHNU VARDHAN REDDY,Male,39Y,9966536566,Dr. SIDDHARTH REDDY  ALLA,OPRInv1021-20263252424,BIOPSY SMALL,,1500,0,0,1500,1500,0,UPI - PhonePe,K PRATHIMA,Walk-In,Walk-In
25-03-2026,MR10210005706,OP10210010351,Mr. K MACHERLA,Male,25Y,6302515030,Dr. SIDDHARTH REDDY  ALLA,OPRInv1021-20263252425,RUT,,500,0,0,500,500,0,Cash,K PRATHIMA,Walk-In,Walk-In
25-03-2026,MR10210005714,OP10210010368,Mr. SK BASHA,Male,25Y,7207203469,Dr. SIDDHARTH REDDY  ALLA,OPRInv1021-20263252426,ENDOSCOPY,,3300,500,0,2800,2800,0,Cash,K PRATHIMA,Walk-In,Walk-In
25-03-2026,MR10210005714,OP10210010368,Mr. SK BASHA,Male,25Y,7207203469,Dr. SIDDHARTH REDDY  ALLA,OPRInv1021-20263252427,RUT,,500,0,0,500,300,200,UPI - PhonePe,K PRATHIMA,Walk-In,Walk-In
25-03-2026,MR10210005714,OP10210010368,Mr. SK BASHA,Male,25Y,7207203469,Dr. SIDDHARTH REDDY  ALLA,OPRInv1021-20263252427,RUT,,500,0,200,0,0,0,Cash,K PRATHIMA,Walk-In,Walk-In
26-03-2026,MR10210005717,OP10210010371,Mrs. K MAHA LAKSHMAMMA,Female,75Y,9449005779,Dr. SIDDHARTH REDDY  ALLA,OPRInv1021-20263262428,"ANESTHETIA SGA, COLONOSCOPY",,9800,0,0,9800,9800,0,UPI - PhonePe,K PRATHIMA,Walk-In,Walk-In
26-03-2026,MR10210005716,OP10210010370,Mr. V ADHINARAYANA,Male,42Y,9550118470,Dr. SIDDHARTH REDDY  ALLA,OPRInv1021-20263262429,ENDOSCOPY,,3300,0,0,3300,3300,0,Cash,K PRATHIMA,Walk-In,Walk-In
26-03-2026,MR10210005719,OP10210010376,Mrs. SK LEELA BEE,Female,27Y,7799328733,Dr. SIDDHARTH REDDY  ALLA,OPRInv1021-20263262430,ENDOSCOPY,,3300,0,0,3300,2300,1000,UPI - PhonePe,K PRATHIMA,Walk-In,Walk-In
26-03-2026,MR10210005719,OP10210010376,Mrs. SK LEELA BEE,Female,27Y,7799328733,Dr. SIDDHARTH REDDY  ALLA,OPRInv1021-20263262430,ENDOSCOPY,,3300,0,1000,0,0,0,Cash,K PRATHIMA,Walk-In,Walk-In
26-03-2026,MR10210005721,OP10210010378,Mrs. E LAKSHMI,Female,33Y,9949259169,Dr. SIDDHARTH REDDY  ALLA,OPRInv1021-20263262431,ENDOSCOPY,,3300,300,0,3000,3000,0,UPI - PhonePe,K PRATHIMA,Walk-In,Walk-In
26-03-2026,MR10210005719,OP10210010376,Mrs. SK LEELA BEE,Female,27Y,7799328733,Dr. SIDDHARTH REDDY  ALLA,OPRInv1021-20263262432,RUT,,500,0,0,500,500,0,UPI - PhonePe,K PRATHIMA,Walk-In,Walk-In
26-03-2026,MR10210005716,OP10210010370,Mr. V ADHINARAYANA,Male,42Y,9550118470,Dr. SIDDHARTH REDDY  ALLA,OPRInv1021-20263262433,RUT,,500,0,0,500,500,0,Cash,K PRATHIMA,Walk-In,Walk-In
28-03-2026,MR10210005731,OP10210010398,Mr. M YESU,Male,60Y,9848139360,Dr. SIDDHARTH REDDY  ALLA,OPRInv1021-20263282434,ENDOSCOPY,,3300,0,0,3300,3300,0,Cash,K PRATHIMA,Walk-In,Walk-In
28-03-2026,MR10210005731,OP10210010402,Mr. M YESU,Male,60Y,9848139360,Dr. SIDDHARTH REDDY  ALLA,OPRInv1021-20263282435,RUT,,500,0,0,500,500,0,Cash,BHARGAV CHOWDARY,Walk-In,Walk-In
28-03-2026,MR10210005734,OP10210010401,Mr. PRASAD M V D,Male,54Y,9885968899,Dr. SIDDHARTH REDDY  ALLA,OPRInv1021-20263282436,ENDOSCOPY,,3300,990,0,2310,2300,10,Cash,BHARGAV CHOWDARY,Doctor,Doctor - DR.UMA SHANKAR
31-03-2026,MR10210005734,OP10210010401,Mr. PRASAD M V D,Male,54Y,9885968899,Dr. SIDDHARTH REDDY  ALLA,OPRInv1021-20263282436,ENDOSCOPY,,3300,990,10,0,0,0,Cash,BHARGAV CHOWDARY,Doctor,Doctor - DR.UMA SHANKAR
28-03-2026,MR10210005738,OP10210010407,Mrs. SWARNALATHA KARRA,Female,54Y,9177044022,Dr. SIDDHARTH REDDY  ALLA,OPRInv1021-20263282437,ENDOSCOPY,,3300,0,0,3300,3300,0,Card,BHARGAV CHOWDARY,Walk-In,Walk-In
28-03-2026,MR10210005736,OP10210010405,Mr. BABU RAJENDRA PRASAD MAINENI,Male,78Y,8096301390,Dr. SIDDHARTH REDDY  ALLA,OPRInv1021-20263282438,"ANESTHETIA SGA, COLONOSCOPY",,9800,0,0,9800,9800,0,UPI - PhonePe,BHARGAV CHOWDARY,Walk-In,Walk-In
28-03-2026,MR10210005741,OP10210010410,Mr. MOHAN B,Male,35Y,6300779266,Dr. SIDDHARTH REDDY  ALLA,OPRInv1021-20263282439,"ANESTHETIA SGA, COLONOSCOPY",,9800,0,0,9800,9800,0,UPI - PhonePe,BHARGAV CHOWDARY,Walk-In,Walk-In
28-03-2026,MR10210005733,OP10210010400,Mrs. VANAJAKSHI G,Female,72Y,8317566609,Dr. SIDDHARTH REDDY  ALLA,OPRInv1021-20263282440,"ANESTHETIA UNDER GA, ERCP",,45000,8000,0,37000,37000,0,UPI - PhonePe,BHARGAV CHOWDARY,Walk-In,Walk-In
28-03-2026,MR10210005732,OP10210010399,Mr. CHANDRA MOHAN B,Male,50Y,9440228649,Dr. SIDDHARTH REDDY  ALLA,OPRInv1021-20263282441,"ANESTHETIA SGA, COLONOSCOPY",,9800,1850,0,7950,7950,0,Cash,BHARGAV CHOWDARY,Walk-In,Walk-In
28-03-2026,MR10210005735,OP10210010403,Mr. SUBBA RAO BOLLU,Male,49Y,9652586577,Dr. SIDDHARTH REDDY  ALLA,OPRInv1021-20263282442,"ANESTHETIA SGA, COLONOSCOPY",,9800,0,0,9800,9800,0,UPI - PhonePe,BHARGAV CHOWDARY,Walk-In,Walk-In
28-03-2026,MR10210002386,OP10210010412,Ms. DINITHA D,Female,18Y,6303143784,Dr. SIDDHARTH REDDY  ALLA,OPRInv1021-20263282443,SIGMOIDOSCOPY,,3300,500,0,2800,2800,0,Cash,BHARGAV CHOWDARY,Walk-In,Walk-In
28-03-2026,MR10210005738,OP10210010407,Mrs. SWARNALATHA KARRA,Female,54Y,9177044022,Dr. SIDDHARTH REDDY  ALLA,OPRInv1021-20263282444,BIOPSY SMALL,,1500,0,0,1500,1500,0,UPI - PhonePe,BHARGAV CHOWDARY,Walk-In,Walk-In
28-03-2026,MR10210005749,OP10210010422,Ms. RATNA KUMARI S,Female,25Y,7989792419,Dr. SIDDHARTH REDDY  ALLA,OPRInv1021-20263282445,ENDOSCOPY,,3300,0,0,3300,3300,0,UPI - PhonePe,BHARGAV CHOWDARY,Walk-In,Walk-In
28-03-2026,MR10210005749,OP10210010422,Ms. RATNA KUMARI S,Female,25Y,7989792419,Dr. SIDDHARTH REDDY  ALLA,OPRInv1021-20263282446,BIOPSY SMALL,,1500,0,0,1500,1500,0,UPI - PhonePe,BHARGAV CHOWDARY,Walk-In,Walk-In
28-03-2026,MR10210005736,OP10210010405,Mr. BABU RAJENDRA PRASAD MAINENI,Male,78Y,8096301390,Dr. SIDDHARTH REDDY  ALLA,OPRInv1021-20263282447,BIOPSY SMALL,,1500,0,0,1500,1500,0,Card,BHARGAV CHOWDARY,Walk-In,Walk-In
28-03-2026,MR10210005748,OP10210010421,Mrs. SATYAVATHI K,Female,70Y,8985859666,Dr. SIDDHARTH REDDY  ALLA,OPRInv1021-20263282448,ERCP  (D),,25000,0,0,25000,25000,0,Cash,BHARGAV CHOWDARY,Walk-In,Walk-In
29-03-2026,MR10210005756,OP10210010441,Mr. B BHARGAV,Male,30Y,9542484147,Dr. SIDDHARTH REDDY  ALLA,OPRInv1021-20263292449,ENDOSCOPY,,3300,0,0,3300,3300,0,UPI - PhonePe,K PRATHIMA,Walk-In,Walk-In
30-03-2026,MR10210005761,OP10210010448,Mr. P MANIKANTA,Male,22Y,9652243568,Dr. SIDDHARTH REDDY  ALLA,OPRInv1021-20263302450,ENDOSCOPY,,3300,0,0,3300,3300,0,UPI - PhonePe,K PRATHIMA,Walk-In,Walk-In
30-03-2026,MR10210005697,OP10210010452,Mr. D SIVA NAGARAJU,Male,42Y,9666984144,Dr. SIDDHARTH REDDY  ALLA,OPRInv1021-20263302451,SIGMOIDOSCOPY,,3300,0,0,3300,3300,0,UPI - PhonePe,K PRATHIMA,Walk-In,Walk-In
30-03-2026,MR10210005761,OP10210010448,Mr. P MANIKANTA,Male,22Y,9652243568,Dr. SIDDHARTH REDDY  ALLA,OPRInv1021-20263302452,RUT,,500,0,0,500,500,0,UPI - PhonePe,K PRATHIMA,Walk-In,Walk-In
30-03-2026,MR10210005265,OP10210010458,Mrs. K SRIVANI ALIAS RANGAMMA,Female,67Y,8985299343,Dr. SIDDHARTH REDDY  ALLA,OPRInv1021-20263302453,"ANESTHETIA SGA, COLONOSCOPY",,9800,0,0,9800,7800,2000,UPI - PhonePe,K PRATHIMA,Walk-In,Walk-In
30-03-2026,MR10210005265,OP10210010458,Mrs. K SRIVANI ALIAS RANGAMMA,Female,67Y,8985299343,Dr. SIDDHARTH REDDY  ALLA,OPRInv1021-20263302453,"ANESTHETIA SGA, COLONOSCOPY",,9800,0,2000,0,0,0,Cash,K PRATHIMA,Walk-In,Walk-In
30-03-2026,MR10210005764,OP10210010461,Mrs. B SAMBRAJYAM,Female,58Y,8096668422,Dr. SIDDHARTH REDDY  ALLA,OPRInv1021-20263302454,ENDOSCOPY,,3300,0,0,3300,3300,0,Cash,K PRATHIMA,Walk-In,Walk-In
30-03-2026,MR10210005764,OP10210010467,Mrs. B SAMBRAJYAM,Female,58Y,8096668422,Dr. SIDDHARTH REDDY  ALLA,OPRInv1021-20263302455,RUT,,500,0,0,500,500,0,Cash,K PRATHIMA,Walk-In,Walk-In
30-03-2026,MR10210005765,OP10210010469,Mrs. S VIJAYA GEETHA,Female,40Y,9849596883,Dr. SIDDHARTH REDDY  ALLA,OPRInv1021-20263302456,ENDOSCOPY,,3300,0,0,3300,3300,0,UPI - PhonePe,K PRATHIMA,Walk-In,Walk-In
30-03-2026,MR10210005768,OP10210010474,Mrs. SK MEDHAR BEE,Female,59Y,7794947778,Dr. SIDDHARTH REDDY  ALLA,OPRInv1021-20263302457,ENDOSCOPY,,3300,500,0,2800,2800,0,Cash,K PRATHIMA,Walk-In,Walk-In
31-03-2026,MR10210005772,OP10210010483,Mr. G SAMBA SIVA RAO,Male,42Y,8555844998,Dr. SIDDHARTH REDDY  ALLA,OPRInv1021-20263312458,COLONOSCOPY,,6300,0,0,6300,4800,1500,Cash,K PRATHIMA,Walk-In,Walk-In
31-03-2026,MR10210005772,OP10210010483,Mr. G SAMBA SIVA RAO,Male,42Y,8555844998,Dr. SIDDHARTH REDDY  ALLA,OPRInv1021-20263312458,COLONOSCOPY,,6300,0,1500,0,0,0,Cash,K PRATHIMA,Walk-In,Walk-In
31-03-2026,MR10210005769,OP10210010479,Mr. K VEERANJANEYLU,Male,34Y,9346757944,Dr. SIDDHARTH REDDY  ALLA,OPRInv1021-20263312459,ENDOSCOPY,,3300,0,0,3300,3300,0,UPI - PhonePe,K PRATHIMA,Walk-In,Walk-In
31-03-2026,MR10210003901,OP10210010484,Mrs. ANANTHAMMA K,Female,50Y,9959441181,Dr. SIDDHARTH REDDY  ALLA,OPRInv1021-20263312460,ENDOSCOPY,,3300,0,0,3300,3000,300,UPI - PhonePe,K PRATHIMA,Walk-In,Walk-In
31-03-2026,MR10210003901,OP10210010484,Mrs. ANANTHAMMA K,Female,50Y,9959441181,Dr. SIDDHARTH REDDY  ALLA,OPRInv1021-20263312460,ENDOSCOPY,,3300,0,0,300,300,0,Cash,K PRATHIMA,Walk-In,Walk-In
31-03-2026,MR10210005775,OP10210010492,Mrs. S BHU LAKSHMI,Female,52Y,9908422116,Dr. SIDDHARTH REDDY  ALLA,OPRInv1021-20263312461,ENDOSCOPY,,3300,0,0,3300,3300,0,UPI - PhonePe,K PRATHIMA,Walk-In,Walk-In
31-03-2026,MR10210005776,OP10210010493,Mrs. P CHINNAMAI,Female,67Y,9948067488,Dr. SIDDHARTH REDDY  ALLA,OPRInv1021-20263312462,ENDOSCOPY,,3300,0,0,3300,3300,0,Cash,K PRATHIMA,Walk-In,Walk-In
31-03-2026,MR10210005776,OP10210010495,Mrs. P CHINNAMAI,Female,67Y,9948067488,Dr. SIDDHARTH REDDY  ALLA,OPRInv1021-20263312463,RUT,,500,0,0,500,500,0,UPI - PhonePe,K PRATHIMA,Walk-In,Walk-In
01-04-2026,MR10210002450,OP10210010507,Mrs. s priyanka ,Female,37Y,7207296682,Dr. SIDDHARTH REDDY  ALLA,OPRInv1021-2026412464,ANESTHETIA SGA,,3500,0,0,3500,3500,0,Cash,K PRATHIMA,Walk-In,Walk-In
01-04-2026,MR10210005780,OP10210010504,Mr. V RAVINDRA BABU,Male,30Y,7731922604,Dr. SIDDHARTH REDDY  ALLA,OPRInv1021-2026412465,ENDOSCOPY,,3300,0,0,3300,3300,0,UPI - PhonePe,K PRATHIMA,Walk-In,Walk-In
01-04-2026,MR10210005777,OP10210010510,Mr. P SESHAIAH,Male,75Y,7997035274,Dr. SIDDHARTH REDDY  ALLA,OPRInv1021-2026412466,ENDOSCOPY,,3300,0,0,3300,3300,0,UPI - PhonePe,K PRATHIMA,Walk-In,Walk-In
02-04-2026,MR10210001709,OP10210010477,Mr. A SRINIVASA REDDY ,Male,44Y,9740631605,Dr. SIDDHARTH REDDY  ALLA,OPRInv1021-2026422467,COLONOSCOPY,,6300,0,0,6300,6300,0,UPI - PhonePe,RUPA N,Walk-In,Walk-In
02-04-2026,MR10210005793,OP10210010528,Mr. CH SUBBARAO,Male,60Y,8801866326,Dr. SIDDHARTH REDDY  ALLA,OPRInv1021-2026422468,ENDOSCOPY,,3300,0,0,3300,3300,0,Cash,K PRATHIMA,Walk-In,Walk-In
02-04-2026,MR10210005788,OP10210010519,Mr. B SHIVANAGIREDDY,Male,34Y,8978489026,Dr. SIDDHARTH REDDY  ALLA,OPRInv1021-2026422469,ENDOSCOPY,,3300,300,0,3000,3000,0,UPI - PhonePe,K PRATHIMA,Walk-In,Walk-In
02-04-2026,MR10210005793,OP10210010531,Mr. CH SUBBARAO,Male,60Y,8801866326,Dr. SIDDHARTH REDDY  ALLA,OPRInv1021-2026422470,BIOPSY SMALL,,1500,0,0,1500,1500,0,Cash - PhonePe,K PRATHIMA,Walk-In,Walk-In
02-04-2026,MR10210005795,OP10210010530,Mrs. J SAVITHRI,Female,63Y,9866794466,Dr. SIDDHARTH REDDY  ALLA,OPRInv1021-2026422471,"ANESTHETIA SGA, COLONOSCOPY",,9800,0,0,9800,9800,0,Cash,K PRATHIMA,Walk-In,Walk-In
02-04-2026,MR10210005788,OP10210010519,Mr. B SHIVANAGIREDDY,Male,34Y,8978489026,Dr. SIDDHARTH REDDY  ALLA,OPRInv1021-2026422472,ENDOSCOPY,,3300,300,0,3000,3000,0,UPI - PhonePe,K PRATHIMA,Walk-In,Walk-In
02-04-2026,MR10210001709,OP10210010537,Mr. A SRINIVASA REDDY ,Male,44Y,9740631605,Dr. SIDDHARTH REDDY  ALLA,OPRInv1021-2026422473,BIOPSY SMALL,,1500,0,0,1500,1500,0,UPI - PhonePe,K PRATHIMA,Walk-In,Walk-In
02-04-2026,MR10210005797,OP10210010538,Mrs. K VIJAYA LAKSHMI,Female,24Y,9666091461,Dr. SIDDHARTH REDDY  ALLA,OPRInv1021-2026422474,ANESTHETIA SGA,,3500,0,0,3500,3500,0,Cash,K PRATHIMA,Walk-In,Walk-In
02-04-2026,MR10210005797,OP10210010539,Mrs. K VIJAYA LAKSHMI,Female,24Y,9666091461,Dr. SIDDHARTH REDDY  ALLA,OPRInv1021-2026422475,BIOPSY SMALL,,1500,0,0,1500,1500,0,UPI - PhonePe,K PRATHIMA,Walk-In,Walk-In
02-04-2026,MR10210005790,OP10210010524,Mrs. T ANUSUYAMMA,Female,65Y,9652615182,Dr. SIDDHARTH REDDY  ALLA,OPRInv1021-2026422476,ENDOSCOPY,,3300,990,0,2310,0,2310,Cash,BHARGAV CHOWDARY,Walk-In,Walk-In
02-04-2026,MR10210005790,OP10210010524,Mrs. T ANUSUYAMMA,Female,65Y,9652615182,Dr. SIDDHARTH REDDY  ALLA,OPRInv1021-2026422476,ENDOSCOPY,,3300,990,10,2300,2300,0,Cash,BHARGAV CHOWDARY,Walk-In,Walk-In
02-04-2026,MR10210005790,OP10210010524,Mrs. T ANUSUYAMMA,Female,65Y,9652615182,Dr. SIDDHARTH REDDY  ALLA,OPRInv1021-2026422477,RUT,,500,0,0,500,500,0,Cash,BHARGAV CHOWDARY,Walk-In,Walk-In
02-04-2026,MR10210005798,OP10210010542,Mrs. SD MEERA BEE,Female,49Y,7093586453,Dr. SIDDHARTH REDDY  ALLA,OPRInv1021-2026422478,SIGMOIDOSCOPY,,3300,0,0,3300,3300,0,Cash,BHARGAV CHOWDARY,Walk-In,Walk-In
02-04-2026,MR10210005799,OP10210010544,Mr. T sambaiah,Male,73Y,9618535665,Dr. SIDDHARTH REDDY  ALLA,OPRInv1021-2026422479,"ANESTHETIA SGA, COLONOSCOPY, ENDOSCOPY",,13100,1800,0,11300,11300,0,Cash,BHARGAV CHOWDARY,Walk-In,Walk-In
03-04-2026,MR10210005801,OP10210010547,Mrs. B SRUDHINI,Female,63Y,9949139771,Dr. SIDDHARTH REDDY  ALLA,OPRInv1021-2026432480,ENDOSCOPY,,3300,0,0,3300,3300,0,UPI - PhonePe,K PRATHIMA,Walk-In,Walk-In
03-04-2026,MR10210005777,OP10210010550,Mr. P SESHAIAH,Male,75Y,7997035274,Dr. SIDDHARTH REDDY  ALLA,OPRInv1021-2026432481,"ANESTHETIA SGA, COLONOSCOPY",,9800,0,0,9800,9800,0,UPI - PhonePe,K PRATHIMA,Walk-In,Walk-In
03-04-2026,MR10210005800,OP10210010545,Mrs. SK JAN BI,Female,42Y,9603066758,Dr. SIDDHARTH REDDY  ALLA,OPRInv1021-2026432482,ENDOSCOPY,,3300,0,0,3300,3300,0,UPI - PhonePe,K PRATHIMA,Walk-In,Walk-In
03-04-2026,MR10210005801,OP10210010551,Mrs. B SRUDHINI,Female,63Y,9949139771,Dr. SIDDHARTH REDDY  ALLA,OPRInv1021-2026432483,BIOPSY SMALL,,1500,0,0,1500,1500,0,UPI - PhonePe,K PRATHIMA,Walk-In,Walk-In
03-04-2026,MR10210005777,OP10210010550,Mr. P SESHAIAH,Male,75Y,7997035274,Dr. SIDDHARTH REDDY  ALLA,OPRInv1021-2026432484,BIOPSY SMALL,,1500,0,0,1500,1500,0,Cash,K PRATHIMA,Walk-In,Walk-In
03-04-2026,MR10210000732,OP10210010556,Mr. G V RAMA KRISHNA ,Male,43Y,9866457567,Dr. SIDDHARTH REDDY  ALLA,OPRInv1021-2026432485,ENDOSCOPY,,3300,0,0,3300,1500,1800,UPI - PhonePe,K PRATHIMA,Walk-In,Walk-In
03-04-2026,MR10210000732,OP10210010556,Mr. G V RAMA KRISHNA ,Male,43Y,9866457567,Dr. SIDDHARTH REDDY  ALLA,OPRInv1021-2026432485,ENDOSCOPY,,3300,0,1800,0,0,0,Cash,K PRATHIMA,Walk-In,Walk-In
03-04-2026,MR10210005713,OP10210010554,Mrs. K SRUJANA,Female,23Y,8790665342,Dr. SIDDHARTH REDDY  ALLA,OPRInv1021-2026432486,ENDOSCOPY,,3300,0,0,3300,3300,0,Cash,K PRATHIMA,Walk-In,Walk-In
03-04-2026,MR10210005713,OP10210010554,Mrs. K SRUJANA,Female,23Y,8790665342,Dr. SIDDHARTH REDDY  ALLA,OPRInv1021-2026432487,RUT,,500,0,0,500,500,0,Cash,K PRATHIMA,Walk-In,Walk-In
03-04-2026,MR10210004790,OP10210010553,Mr. K MUDDULA KRISHNA,Male,45Y,9703199964,Dr. SIDDHARTH REDDY  ALLA,OPRInv1021-2026432488,"ANESTHETIA SGA, ENDOSCOPY",,6800,0,0,6800,6800,0,UPI - PhonePe,K PRATHIMA,Walk-In,Walk-In
04-04-2026,MR10210005809,OP10210010570,Mr. N TEJA,Male,22Y,9701794334,Dr. SIDDHARTH REDDY  ALLA,OPRInv1021-2026442489,ENDOSCOPY,,3300,0,0,3300,3300,0,Cash,K PRATHIMA,Walk-In,Walk-In
04-04-2026,MR10210005786,OP10210010575,Mrs. D PRAMEELA DEVI,Female,47Y,9652197089,Dr. SIDDHARTH REDDY  ALLA,OPRInv1021-2026442490,ENDOSCOPY,,3300,0,0,3300,3300,0,UPI - PhonePe,K PRATHIMA,Walk-In,Walk-In
04-04-2026,MR10210005811,OP10210010579,Mr. Y GANESH,Male,23Y,8885354389,Dr. SIDDHARTH REDDY  ALLA,OPRInv1021-2026442491,ENDOSCOPY,,3300,0,0,3300,3300,0,Cash,K PRATHIMA,Walk-In,Walk-In
04-04-2026,MR10210005786,OP10210010575,Mrs. D PRAMEELA DEVI,Female,47Y,9652197089,Dr. SIDDHARTH REDDY  ALLA,OPRInv1021-2026442492,RUT,,500,0,0,500,500,0,UPI - PhonePe,K PRATHIMA,Walk-In,Walk-In
04-04-2026,MR10210005809,OP10210010570,Mr. N TEJA,Male,22Y,9701794334,Dr. SIDDHARTH REDDY  ALLA,OPRInv1021-2026442493,RUT,,500,0,0,500,500,0,Cash,K PRATHIMA,Walk-In,Walk-In
05-04-2026,MR10210005816,OP10210010591,Mr. M RAVI KISHORE,Male,69Y,9949931512,Dr. SIDDHARTH REDDY  ALLA,OPRInv1021-2026452494,ENDOSCOPY,,3300,0,0,3300,3300,0,UPI - PhonePe,RUPA N,Walk-In,Walk-In
05-04-2026,MR10210005817,OP10210010593,Mr. M VENKATESHVARLU,Male,38Y,7671004595,Dr. SIDDHARTH REDDY  ALLA,OPRInv1021-2026452495,ENDOSCOPY,,3300,0,0,3300,0,3300,Cash,RUPA N,Walk-In,Walk-In
05-05-2026,MR10210005817,OP10210010593,Mr. M VENKATESHVARLU,Male,38Y,7671004595,Dr. SIDDHARTH REDDY  ALLA,OPRInv1021-2026452495,ENDOSCOPY,,3300,0,3300,0,0,0,Cash,RUPA N,Walk-In,Walk-In
05-04-2026,MR10210005816,OP10210010595,Mr. M RAVI KISHORE,Male,69Y,9949931512,Dr. SIDDHARTH REDDY  ALLA,OPRInv1021-2026452496,BIOPSY SMALL,,1500,0,0,1500,1500,0,UPI - PhonePe,RUPA N,Walk-In,Walk-In
05-04-2026,MR10210005818,OP10210010594,Mrs. K SUSHILA,Female,55Y,9542123818,Dr. SIDDHARTH REDDY  ALLA,OPRInv1021-2026452497,ENDOSCOPY,,3300,0,0,3300,3300,0,UPI - PhonePe,RUPA N,Walk-In,Walk-In
05-04-2026,MR10210005818,OP10210010594,Mrs. K SUSHILA,Female,55Y,9542123818,Dr. SIDDHARTH REDDY  ALLA,OPRInv1021-2026452498,RUT,,500,0,0,500,500,0,Cash,RUPA N,Walk-In,Walk-In
06-04-2026,MR10210005822,OP10210010605,Ms. S GAYATHRI SHIVA NANDHINI,Female,23Y,9985467878,Dr. SIDDHARTH REDDY  ALLA,OPRInv1021-2026462499,ENDOSCOPY,,3300,0,0,3300,3300,0,UPI - PhonePe,RUPA N,Walk-In,Walk-In
06-04-2026,MR10210005823,OP10210010602,Mr. B SRINIVASA REDDY,Male,55Y,9951580429,Dr. SIDDHARTH REDDY  ALLA,OPRInv1021-2026462500,ENDOSCOPY,,3300,0,0,3300,2300,1000,UPI - PhonePe,RUPA N,Walk-In,Walk-In
06-04-2026,MR10210005823,OP10210010602,Mr. B SRINIVASA REDDY,Male,55Y,9951580429,Dr. SIDDHARTH REDDY  ALLA,OPRInv1021-2026462500,ENDOSCOPY,,3300,0,1000,0,0,0,Cash,RUPA N,Walk-In,Walk-In
06-04-2026,MR10210005824,OP10210010603,Mr. G SRINU,Male,35Y,8466899912,Dr. SIDDHARTH REDDY  ALLA,OPRInv1021-2026462501,ENDOSCOPY,,3300,0,0,3300,3300,0,UPI - PhonePe,RUPA N,Walk-In,Walk-In
06-04-2026,MR10210005819,OP10210010607,Mrs. A SAI,Female,59Y,9848320509,Dr. SIDDHARTH REDDY  ALLA,OPRInv1021-2026462502,ENDOSCOPY,,3300,500,0,2800,2800,0,UPI - PhonePe,RUPA N,Walk-In,Walk-In
06-04-2026,MR10210005825,OP10210010606,Mrs. T KUMARI,Female,45Y,9705889409,Dr. SIDDHARTH REDDY  ALLA,OPRInv1021-2026462503,COLONOSCOPY,,6300,0,0,6300,6300,0,Cash,RUPA N,Walk-In,Walk-In
06-04-2026,MR10210005819,OP10210010607,Mrs. A SAI,Female,59Y,9848320509,Dr. SIDDHARTH REDDY  ALLA,OPRInv1021-2026462504,RUT,,500,0,0,500,500,0,Cash,RUPA N,Walk-In,Walk-In
06-04-2026,MR10210005824,OP10210010603,Mr. G SRINU,Male,35Y,8466899912,Dr. SIDDHARTH REDDY  ALLA,OPRInv1021-2026462505,RUT,,500,0,0,500,500,0,UPI - PhonePe,RUPA N,Walk-In,Walk-In
06-04-2026,MR10210005828,OP10210010611,Mrs. P BIBISARA,Female,70Y,9866943318,Dr. SIDDHARTH REDDY  ALLA,OPRInv1021-2026462506,ENDOSCOPY,,3300,0,0,3300,3300,0,Cash - PhonePe,RUPA N,Walk-In,Walk-In
06-04-2026,MR10210005831,OP10210010614,Baby. G SATHVIK,Female,4YY,9059072574,Dr. SIDDHARTH REDDY  ALLA,OPRInv1021-2026462507,"ANESTHETIA SGA, ENDOSCOPY",,6800,0,0,6800,6800,0,Cash,RUPA N,Walk-In,Walk-In
06-04-2026,MR10210005822,OP10210010605,Ms. S GAYATHRI SHIVA NANDHINI,Female,23Y,9985467878,Dr. SIDDHARTH REDDY  ALLA,OPRInv1021-2026462508,RUT,,500,0,0,500,500,0,Cash,RUPA N,Walk-In,Walk-In
06-04-2026,MR10210005825,OP10210010606,Mrs. T KUMARI,Female,45Y,9705889409,Dr. SIDDHARTH REDDY  ALLA,OPRInv1021-2026462509,ANESTHETIA SGA,,3500,0,0,3500,3500,0,Cash - PhonePe,RUPA N,Walk-In,Walk-In
06-04-2026,MR10210005823,OP10210010602,Mr. B SRINIVASA REDDY,Male,55Y,9951580429,Dr. SIDDHARTH REDDY  ALLA,OPRInv1021-2026462510,RUT,,500,0,0,500,500,0,Cash,RUPA N,Walk-In,Walk-In
07-04-2026,MR10210005833,OP10210010622,Mrs. N SAMBRAJYAM,Female,70Y,7093503407,Dr. SIDDHARTH REDDY  ALLA,OPRInv1021-2026472511,ENDOSCOPY,,3300,0,0,3300,3300,0,Cash,K PRATHIMA,Walk-In,Walk-In
07-04-2026,MR10210005835,OP10210010626,Mr. S ACHAIAH,Male,57Y,9490735931,Dr. SIDDHARTH REDDY  ALLA,OPRInv1021-2026472512,ENDOSCOPY,,3300,0,0,3300,3300,0,Cash,K PRATHIMA,Walk-In,Walk-In
07-04-2026,MR10210005835,OP10210010627,Mr. S ACHAIAH,Male,57Y,9490735931,Dr. SIDDHARTH REDDY  ALLA,OPRInv1021-2026472513,RUT,,500,0,0,500,500,0,Cash,K PRATHIMA,Walk-In,Walk-In
07-04-2026,MR10210005833,OP10210010622,Mrs. N SAMBRAJYAM,Female,70Y,7093503407,Dr. SIDDHARTH REDDY  ALLA,OPRInv1021-2026472514,RUT,,500,0,0,500,500,0,Cash,K PRATHIMA,Walk-In,Walk-In
07-04-2026,MR10210005840,OP10210010635,Baby. G SAATHVIK,Female,3Y,9059072574,Dr. SIDDHARTH REDDY  ALLA,OPRInv1021-2026472515,BIOPSY SMALL,,1500,0,0,1500,1500,0,UPI - PhonePe,K PRATHIMA,Walk-In,Walk-In
07-04-2026,MR10210005827,OP10210010637,Mrs. J SYAMALA,Female,75Y,9299300673,Dr. SIDDHARTH REDDY  ALLA,OPRInv1021-2026472516,DIAGNOSTIC EUS,,15000,1500,0,13500,13500,0,UPI - PhonePe,K PRATHIMA,Walk-In,Walk-In
08-04-2026,MR10210005844,OP10210010646,Mrs. A VENKATA LAKSHMI,Female,57Y,9100917072,Dr. NST TEJASWI ALLA,OPRInv1021-2026482517,ENDOSCOPY,,3300,0,0,3300,3300,0,UPI - PhonePe,K PRATHIMA,Walk-In,Walk-In
08-04-2026,MR10210005846,OP10210010647,Mrs. A NARASAMMA,Female,50Y,6301745401,Dr. SIDDHARTH REDDY  ALLA,OPRInv1021-2026482518,ENDOSCOPY,,3300,0,0,3300,0,3300,Cash,K PRATHIMA,Walk-In,Walk-In
14-04-2026,MR10210005846,OP10210010647,Mrs. A NARASAMMA,Female,50Y,6301745401,Dr. SIDDHARTH REDDY  ALLA,OPRInv1021-2026482518,ENDOSCOPY,,3300,0,3300,0,0,0,Cash,K PRATHIMA,Walk-In,Walk-In
08-04-2026,MR10210005844,OP10210010643,Mrs. A VENKATA LAKSHMI,Female,57Y,9100917072,Dr. SIDDHARTH REDDY  ALLA,OPRInv1021-2026482519,RUT,,500,0,0,500,500,0,UPI - PhonePe,K PRATHIMA,Walk-In,Walk-In
09-04-2026,MR10210005852,OP10210010665,Mrs. G CHANDANA,Female,33Y,9182180130,Dr. SIDDHARTH REDDY  ALLA,OPRInv1021-2026492520,"ANESTHETIA SGA, COLONOSCOPY",,9800,0,0,9800,9800,0,Cash,K PRATHIMA,Walk-In,Walk-In
09-04-2026,MR10210005855,OP10210010670,Mr. V VENKATA NARAYANA,Male,44Y,9533100195,Dr. SIDDHARTH REDDY  ALLA,OPRInv1021-2026492521,ENDOSCOPY,,3300,500,0,2800,2800,0,UPI - PhonePe,K PRATHIMA,Walk-In,Walk-In
09-04-2026,MR10210005856,OP10210010672,Mrs. A PADMAVATHI,Female,57Y,9963981609,Dr. SIDDHARTH REDDY  ALLA,OPRInv1021-2026492522,"ANESTHETIA SGA, COLONOSCOPY, ENDOSCOPY",,13100,0,0,13100,13100,0,UPI - PhonePe,K PRATHIMA,Walk-In,Walk-In
09-04-2026,MR10210005860,OP10210010676,Mr. A CINNA NARASIMHA,Male,55Y,9347576814,Dr. SIDDHARTH REDDY  ALLA,OPRInv1021-2026492523,ENDOSCOPY,,3300,0,0,3300,3300,0,Cash,K PRATHIMA,Walk-In,Walk-In
09-04-2026,MR10210005855,OP10210010670,Mr. V VENKATA NARAYANA,Male,44Y,9533100195,Dr. SIDDHARTH REDDY  ALLA,OPRInv1021-2026492524,RUT,,500,0,0,500,500,0,UPI - PhonePe,K PRATHIMA,Walk-In,Walk-In
09-04-2026,MR10210005827,OP10210010659,Mrs. J SYAMALA,Female,75Y,9299300673,Dr. SIDDHARTH REDDY  ALLA,OPRInv1021-2026492525,"ANESTHETIA SGA, ERCP",,43500,13500,0,30000,30000,0,Cash,Siddhartha Reddy ,Walk-In,Walk-In
09-04-2026,MR10210005856,OP10210010672,Mrs. A PADMAVATHI,Female,57Y,9963981609,Dr. SIDDHARTH REDDY  ALLA,OPRInv1021-2026492526,"BIOPSY SMALL, RUT",,2000,0,0,2000,2000,0,Cash,K PRATHIMA,Walk-In,Walk-In
09-04-2026,MR10210005854,OP10210010668,Mr. M CHINNA YESU,Male,70Y,7997579236,Dr. SIDDHARTH REDDY  ALLA,OPRInv1021-2026492527,2D ECHO,,2500,0,0,2500,2500,0,Cash - PhonePe,RUPA N,Walk-In,Walk-In
10-04-2026,MR10210005862,OP10210010688,Mr. CH KRISHNA RAO,Male,70Y,8096886359,Dr. SIDDHARTH REDDY  ALLA,OPRInv1021-20264102528,COLONOSCOPY,,6300,0,0,6300,6300,0,UPI - PhonePe,RUPA N,Walk-In,Walk-In
10-04-2026,MR10210005689,OP10210010698,Mr. B SATISH,Male,29Y,8688128385,Dr. SIDDHARTH REDDY  ALLA,OPRInv1021-20264102529,ENDOSCOPY,,3300,0,0,3300,3300,0,Cash,K PRATHIMA,Walk-In,Walk-In
10-04-2026,MR10210005689,OP10210010698,Mr. B SATISH,Male,29Y,8688128385,Dr. SIDDHARTH REDDY  ALLA,OPRInv1021-20264102530,RUT,,500,0,0,500,500,0,Cash,K PRATHIMA,Walk-In,Walk-In
11-04-2026,MR10210005758,OP10210010709,Mr. K VENKATA GOPI CHAND,Male,30Y,9966924296,Dr. SIDDHARTH REDDY  ALLA,OPRInv1021-20264112531,"ANESTHETIA SGA, COLONOSCOPY",,9800,0,0,9800,9800,0,Cash,K PRATHIMA,Walk-In,Walk-In
11-04-2026,MR10210005854,OP10210010713,Mr. M CHINNA YESU,Male,70Y,7997579236,Dr. SIDDHARTH REDDY  ALLA,OPRInv1021-20264112532,ENDOSCOPY,,3300,0,0,3300,3300,0,Cash,K PRATHIMA,Walk-In,Walk-In
11-04-2026,MR10210005337,OP10210010706,Mrs. P MALLESWARI,Female,65Y,9640644147,Dr. SIDDHARTH REDDY  ALLA,OPRInv1021-20264112533,ENDOSCOPY,,3300,0,0,3300,3300,0,Cash,K PRATHIMA,Walk-In,Walk-In
11-04-2026,MR10210005878,OP10210010715,Mr. A SREEMAN NARAYANA,Male,60Y,7842748488,Dr. SIDDHARTH REDDY  ALLA,OPRInv1021-20264112534,ENDOSCOPY,,3300,0,0,3300,3300,0,Cash,K PRATHIMA,Walk-In,Walk-In
11-04-2026,MR10210005877,OP10210010711,Mr. V RAVI,Male,43Y,9949231210,Dr. SIDDHARTH REDDY  ALLA,OPRInv1021-20264112535,ENDOSCOPY,,3300,0,0,3300,3300,0,Cash,K PRATHIMA,Walk-In,Walk-In
11-04-2026,MR10210005876,OP10210010708,Mrs. S AGNESU,Female,36Y,7386853454,Dr. SIDDHARTH REDDY  ALLA,OPRInv1021-20264112536,"ANESTHETIA SGA, COLONOSCOPY",,9800,0,0,9800,9800,0,Cash,K PRATHIMA,Walk-In,Walk-In
11-04-2026,MR10210005880,OP10210010721,Mrs. CH PADMAVATHI,Female,50Y,8686610067,Dr. SIDDHARTH REDDY  ALLA,OPRInv1021-20264112537,ENDOSCOPY,,3300,0,0,3300,3300,0,UPI - PhonePe,K PRATHIMA,Walk-In,Walk-In
11-04-2026,MR10210005879,OP10210010719,Mr. K DURGA PRASAD,Male,38Y,7416322139,Dr. SIDDHARTH REDDY  ALLA,OPRInv1021-20264112538,ENDOSCOPY,,3300,0,0,3300,3300,0,Card,K PRATHIMA,Walk-In,Walk-In
11-04-2026,MR10210005570,OP10210010722,Mrs. K SOWJANYA,Female,30Y,8790010156,Dr. SIDDHARTH REDDY  ALLA,OPRInv1021-20264112539,UGISCOPY + STENT REMOVAL,,5000,0,0,5000,3300,1700,UPI - PhonePe,K PRATHIMA,Walk-In,Walk-In
14-04-2026,MR10210005570,OP10210010722,Mrs. K SOWJANYA,Female,30Y,8790010156,Dr. SIDDHARTH REDDY  ALLA,OPRInv1021-20264112539,UGISCOPY + STENT REMOVAL,,5000,0,1700,0,0,0,Cash,K PRATHIMA,Walk-In,Walk-In
11-04-2026,MR10210005878,OP10210010715,Mr. A SREEMAN NARAYANA,Male,60Y,7842748488,Dr. SIDDHARTH REDDY  ALLA,OPRInv1021-20264112540,RUT,,500,0,0,500,500,0,Cash,K PRATHIMA,Walk-In,Walk-In
11-04-2026,MR10210005758,OP10210010709,Mr. K VENKATA GOPI CHAND,Male,30Y,9966924296,Dr. SIDDHARTH REDDY  ALLA,OPRInv1021-20264112541,BIOPSY SMALL,,1500,0,0,1500,1500,0,UPI - PhonePe,K PRATHIMA,Walk-In,Walk-In
11-04-2026,MR10210005879,OP10210010719,Mr. K DURGA PRASAD,Male,38Y,7416322139,Dr. SIDDHARTH REDDY  ALLA,OPRInv1021-20264112542,RUT,,500,0,0,500,500,0,UPI - PhonePe,K PRATHIMA,Walk-In,Walk-In
11-04-2026,MR10210005758,OP10210010709,Mr. K VENKATA GOPI CHAND,Male,30Y,9966924296,Dr. SIDDHARTH REDDY  ALLA,OPRInv1021-20264112543,POLYPECTOMY,,20000,2000,0,18000,18000,0,UPI - PhonePe,K PRATHIMA,Walk-In,Walk-In
11-04-2026,MR10210005877,OP10210010711,Mr. V RAVI,Male,43Y,9949231210,Dr. SIDDHARTH REDDY  ALLA,OPRInv1021-20264112544,RUT,,500,0,0,500,500,0,Cash,K PRATHIMA,Walk-In,Walk-In
13-04-2026,MR10210005886,OP10210010737,Mr. V SRINIVASA RAO,Male,45Y,8522883219,Dr. SIDDHARTH REDDY  ALLA,OPRInv1021-20264132545,ENDOSCOPY,,3300,0,0,3300,3300,0,Cash,K PRATHIMA,Walk-In,Walk-In
13-04-2026,MR10210005887,OP10210010739,Mr. B ANJAMMA,Male,71Y,9390996508,Dr. SIDDHARTH REDDY  ALLA,OPRInv1021-20264132546,ENDOSCOPY,,3300,0,0,3300,3300,0,Cash,K PRATHIMA,Walk-In,Walk-In
13-04-2026,MR10210005882,OP10210010741,Mr. G VIJAYA PRATHAP,Male,40Y,9502727659,Dr. SIDDHARTH REDDY  ALLA,OPRInv1021-20264132547,"ENDOSCOPY, RUT",,3800,0,0,3800,3800,0,UPI - PhonePe,K PRATHIMA,Walk-In,Walk-In
13-04-2026,MR10210005886,OP10210010743,Mr. V SRINIVASA RAO,Male,45Y,8522883219,Dr. SIDDHARTH REDDY  ALLA,OPRInv1021-20264132548,RUT,,500,0,0,500,500,0,Cash,K PRATHIMA,Walk-In,Walk-In
13-04-2026,MR10210005857,OP10210010738,Ms. D MASTHAN BE,Female,19Y,9505501156,Dr. SIDDHARTH REDDY  ALLA,OPRInv1021-20264132549,ENDOSCOPY,,3300,0,0,3300,3300,0,Cash,K PRATHIMA,Walk-In,Walk-In
13-04-2026,MR10210005883,OP10210010735,Mrs. G MINAKSHI,Female,53Y,8186855766,Dr. SIDDHARTH REDDY  ALLA,OPRInv1021-20264132550,ENDOSCOPY,,3300,0,0,3300,2300,1000,Cash,K PRATHIMA,Walk-In,Walk-In
14-04-2026,MR10210005883,OP10210010735,Mrs. G MINAKSHI,Female,53Y,8186855766,Dr. SIDDHARTH REDDY  ALLA,OPRInv1021-20264132550,ENDOSCOPY,,3300,0,1000,0,0,0,Cash,K PRATHIMA,Walk-In,Walk-In
13-04-2026,MR10210005857,OP10210010738,Ms. D MASTHAN BE,Female,19Y,9505501156,Dr. SIDDHARTH REDDY  ALLA,OPRInv1021-20264132551,RUT,,500,0,0,500,500,0,Cash,RUPA N,Walk-In,Walk-In
13-04-2026,MR10210005883,OP10210010735,Mrs. G MINAKSHI,Female,53Y,8186855766,Dr. SIDDHARTH REDDY  ALLA,OPRInv1021-20264132552,RUT,,500,0,0,500,500,0,UPI - PhonePe,RUPA N,Walk-In,Walk-In
13-04-2026,MR10210005895,OP10210010752,Mr. S ASHOK,Male,31Y,9885053026,Dr. SIDDHARTH REDDY  ALLA,OPRInv1021-20264132553,SIGMOIDOSCOPY,,3300,0,0,3300,3300,0,UPI - PhonePe,RUPA N,Walk-In,Walk-In
13-04-2026,MR10210005890,OP10210010745,Mr. CH PEDDANNA,Male,50Y,9182915646,Dr. SIDDHARTH REDDY  ALLA,OPRInv1021-20264132554,ENDOSCOPY,,3300,0,0,3300,3300,0,Cash,RUPA N,Walk-In,Walk-In
13-04-2026,MR10210005888,OP10210010742,Mrs. SK NOORJAHAN BEE,Female,55Y,9951359203,Dr. SIDDHARTH REDDY  ALLA,OPRInv1021-20264132555,"2D ECHO, ENDOSCOPY",,5800,0,0,5800,5800,0,Cash,RUPA N,Walk-In,Walk-In
13-04-2026,MR10210005896,OP10210010760,Mrs. SK NEELOFOR,Female,35Y,9493657802,Dr. SIDDHARTH REDDY  ALLA,OPRInv1021-20264132556,ENDOSCOPY,,3300,0,0,3300,2500,800,UPI - PhonePe,RUPA N,Walk-In,Walk-In
14-04-2026,MR10210005896,OP10210010760,Mrs. SK NEELOFOR,Female,35Y,9493657802,Dr. SIDDHARTH REDDY  ALLA,OPRInv1021-20264132556,ENDOSCOPY,,3300,0,800,0,0,0,Cash,RUPA N,Walk-In,Walk-In
14-04-2026,MR10210005873,OP10210010766,Mrs. B NAGA MANI,Female,64Y,9052839362,Dr. SIDDHARTH REDDY  ALLA,OPRInv1021-20264142557,ENDOSCOPY,,3300,0,0,3300,3300,0,Cash,K PRATHIMA,Walk-In,Walk-In
14-04-2026,MR10210005899,OP10210010765,Mr. K KIRAN BABU,Male,31Y,9553614302,Dr. SIDDHARTH REDDY  ALLA,OPRInv1021-20264142558,ENDOSCOPY,,3300,0,0,3300,2300,1000,UPI - PhonePe,K PRATHIMA,Walk-In,Walk-In
14-04-2026,MR10210005899,OP10210010765,Mr. K KIRAN BABU,Male,31Y,9553614302,Dr. SIDDHARTH REDDY  ALLA,OPRInv1021-20264142558,ENDOSCOPY,,3300,0,1000,0,0,0,Cash,K PRATHIMA,Walk-In,Walk-In
14-04-2026,MR10210005900,OP10210010767,Mr. M SUBBA RAO,Male,72Y,9849296334,Dr. SIDDHARTH REDDY  ALLA,OPRInv1021-20264142559,"ANESTHETIA SGA, COLONOSCOPY, ENDOSCOPY",,13100,0,0,13100,10100,3000,Cash,K PRATHIMA,Walk-In,Walk-In
14-04-2026,MR10210005900,OP10210010767,Mr. M SUBBA RAO,Male,72Y,9849296334,Dr. SIDDHARTH REDDY  ALLA,OPRInv1021-20264142559,"ANESTHETIA SGA, COLONOSCOPY, ENDOSCOPY",,13100,0,3000,0,0,0,Cash,K PRATHIMA,Walk-In,Walk-In
15-04-2026,MR10210005909,OP10210010797,Mr. V SATISH BABU,Male,43Y,9014813617,Dr. SIDDHARTH REDDY  ALLA,OPRInv1021-20264152560,"ANESTHETIA SGA, COLONOSCOPY, ENDOSCOPY",,13100,0,0,13100,10100,3000,UPI - PhonePe,RUPA N,Walk-In,Walk-In
15-04-2026,MR10210005909,OP10210010797,Mr. V SATISH BABU,Male,43Y,9014813617,Dr. SIDDHARTH REDDY  ALLA,OPRInv1021-20264152560,"ANESTHETIA SGA, COLONOSCOPY, ENDOSCOPY",,13100,0,3000,0,0,0,UPI - Paytm,RUPA N,Walk-In,Walk-In
16-04-2026,MR10210005914,OP10210010805,Mr. V SRINIVASA REDDY,Male,53Y,9441275137,Dr. SIDDHARTH REDDY  ALLA,OPRInv1021-20264162561,ENDOSCOPY,,3300,500,0,2800,2800,0,UPI - PhonePe,K PRATHIMA,Walk-In,Walk-In
16-04-2026,MR10210005916,OP10210010810,Mrs. B POLERAMMA,Female,30Y,9177461955,Dr. SIDDHARTH REDDY  ALLA,OPRInv1021-20264162562,ENDOSCOPY,,3300,0,0,3300,3300,0,UPI - PhonePe,K PRATHIMA,Walk-In,Walk-In
16-04-2026,MR10210005917,OP10210010811,Mr. B SATYA BABU,Male,68Y,9182227988,Dr. SIDDHARTH REDDY  ALLA,OPRInv1021-20264162563,ENDOSCOPY,,3300,0,0,3300,3300,0,UPI - PhonePe,K PRATHIMA,Walk-In,Walk-In
16-04-2026,MR10210005916,OP10210010810,Mrs. B POLERAMMA,Female,30Y,9177461955,Dr. SIDDHARTH REDDY  ALLA,OPRInv1021-20264162564,RUT,,500,0,0,500,500,0,UPI - PhonePe,K PRATHIMA,Walk-In,Walk-In
16-04-2026,MR10210005918,OP10210010816,Mr. T PURNA SURENDRA REDDY,Male,39Y,8008327749,Dr. SIDDHARTH REDDY  ALLA,OPRInv1021-20264162565,ENDOSCOPY,,3300,0,0,3300,3300,0,Cash,K PRATHIMA,Walk-In,Walk-In
16-04-2026,MR10210005914,OP10210010805,Mr. V SRINIVASA REDDY,Male,53Y,9441275137,Dr. SIDDHARTH REDDY  ALLA,OPRInv1021-20264162566,RUT,,500,0,0,500,500,0,Cash,K PRATHIMA,Walk-In,Walk-In
16-04-2026,MR10210005918,OP10210010816,Mr. T PURNA SURENDRA REDDY,Male,39Y,8008327749,Dr. SIDDHARTH REDDY  ALLA,OPRInv1021-20264162567,RUT,,500,0,0,500,500,0,Cash,K PRATHIMA,Walk-In,Walk-In
16-04-2026,MR10210005923,OP10210010826,Mrs. K PADMAJA,Female,62Y,9247558875,Dr. SIDDHARTH REDDY  ALLA,OPRInv1021-20264162568,ENDOSCOPY,,3300,0,0,3300,3300,0,UPI - PhonePe,K PRATHIMA,Walk-In,Walk-In
16-04-2026,MR10210005926,OP10210010830,Mr. SK ABDUL REHMAN,Male,48Y,9441519132,Dr. SIDDHARTH REDDY  ALLA,OPRInv1021-20264162569,ENDOSCOPY,,3300,0,0,3300,3300,0,UPI - PhonePe,K PRATHIMA,Walk-In,Walk-In
17-04-2026,MR10210005917,OP10210010811,Mr. B SATYA BABU,Male,68Y,9182227988,Dr. SIDDHARTH REDDY  ALLA,OPRInv1021-20264172570,RUT,,500,0,0,500,500,0,UPI - PhonePe,RUPA N,Walk-In,Walk-In
17-04-2026,MR10210005933,OP10210010848,Mrs. T LAKSHMI,Female,58Y,8341079872,Dr. SIDDHARTH REDDY  ALLA,OPRInv1021-20264172571,"ANESTHETIA SGA, COLONOSCOPY",,9800,0,0,9800,9800,0,UPI - PhonePe,RUPA N,Walk-In,Walk-In
17-04-2026,MR10210005933,OP10210010856,Mrs. T LAKSHMI,Female,58Y,8341079872,Dr. SIDDHARTH REDDY  ALLA,OPRInv1021-20264172572,BIOPSY SMALL,,1500,0,0,1500,1000,500,UPI - PhonePe,K PRATHIMA,Walk-In,Walk-In
05-05-2026,MR10210005933,OP10210010856,Mrs. T LAKSHMI,Female,58Y,8341079872,Dr. SIDDHARTH REDDY  ALLA,OPRInv1021-20264172572,BIOPSY SMALL,,1500,0,500,0,0,0,Cash,K PRATHIMA,Walk-In,Walk-In
18-04-2026,MR10210005937,OP10210010858,Mr. K VEERAIAH,Male,40Y,7032938560,Dr. SIDDHARTH REDDY  ALLA,OPRInv1021-20264182573,ENDOSCOPY,,3300,0,0,3300,3300,0,Cash,RUPA N,Walk-In,Walk-In
22-04-2026,MR10210005941,OP10210010864,Mr. I KOTESWARA RAO,Male,72Y,9848725564,Dr. SIDDHARTH REDDY  ALLA,OPRInv1021-20264222574,"ANESTHETIA SGA, COLONOSCOPY, ENDOSCOPY",,13100,0,0,13100,13100,0,Cash,K PRATHIMA,Walk-In,Walk-In
22-04-2026,MR10210005942,OP10210010867,Mrs. K NAGA MANI,Female,33Y,7780147937,Dr. SIDDHARTH REDDY  ALLA,OPRInv1021-20264222575,ENDOSCOPY,,3300,0,0,3300,3300,0,Cash,K PRATHIMA,Walk-In,Walk-In
22-04-2026,MR10210005945,OP10210010872,Mrs. SK FARHAD,Female,35Y,6301257179,Dr. SIDDHARTH REDDY  ALLA,OPRInv1021-20264222576,ENDOSCOPY,,3300,0,0,3300,3300,0,Cash,K PRATHIMA,Walk-In,Walk-In
22-04-2026,MR10210005952,OP10210010888,Mr. V BAPI REDDY,Male,40Y,8686210933,Dr. SIDDHARTH REDDY  ALLA,OPRInv1021-20264222577,ENDOSCOPY,,3300,0,0,3300,3300,0,Cash,K PRATHIMA,Walk-In,Walk-In
22-04-2026,MR10210005942,OP10210010867,Mrs. K NAGA MANI,Female,33Y,7780147937,Dr. SIDDHARTH REDDY  ALLA,OPRInv1021-20264222578,BIOPSY SMALL,,1500,0,0,1500,1500,0,Cash,K PRATHIMA,Walk-In,Walk-In
22-04-2026,MR10210005948,OP10210010876,Mr. S RAM GOPALA VARMA,Male,26Y,9640349770,Dr. SIDDHARTH REDDY  ALLA,OPRInv1021-20264222579,ENDOSCOPY,,3300,0,0,3300,3300,0,Cash,K PRATHIMA,Walk-In,Walk-In
22-04-2026,MR10210005944,OP10210010870,Mrs. R PRIYA DARSHINI,Female,34Y,9063551883,Dr. SIDDHARTH REDDY  ALLA,OPRInv1021-20264222580,ENDOSCOPY,,3300,0,0,3300,3300,0,UPI - PhonePe,K PRATHIMA,Walk-In,Walk-In
22-04-2026,MR10210005948,OP10210010876,Mr. S RAM GOPALA VARMA,Male,26Y,9640349770,Dr. SIDDHARTH REDDY  ALLA,OPRInv1021-20264222581,RUT,,500,0,0,500,500,0,Cash,BHARGAV CHOWDARY,Walk-In,Walk-In
22-04-2026,MR10210005945,OP10210010872,Mrs. SK FARHAD,Female,35Y,6301257179,Dr. SIDDHARTH REDDY  ALLA,OPRInv1021-20264222582,BIOPSY SMALL,,1500,0,0,1500,1500,0,Cash,BHARGAV CHOWDARY,Walk-In,Walk-In
22-04-2026,MR10210005958,OP10210010899,Mr. SANKAR NARAYANA D,Male,68Y,9989873056,Dr. SIDDHARTH REDDY  ALLA,OPRInv1021-20264222583,ENDOSCOPY,,3300,0,0,3300,3300,0,Cash,BHARGAV CHOWDARY,Walk-In,Walk-In
22-04-2026,MR10210005952,OP10210010898,Mr. V BAPI REDDY,Male,40Y,8686210933,Dr. SIDDHARTH REDDY  ALLA,OPRInv1021-20264222584,RUT,,500,0,0,500,500,0,Cash,BHARGAV CHOWDARY,Walk-In,Walk-In
22-04-2026,MR10210005960,OP10210010901,Mrs. M ANJALI,Female,42Y,9948663643,Dr. SIDDHARTH REDDY  ALLA,OPRInv1021-20264222585,ENDOSCOPY,,3300,0,0,3300,3300,0,Cash,BHARGAV CHOWDARY,Walk-In,Walk-In
22-04-2026,MR10210005960,OP10210010903,Mrs. M ANJALI,Female,42Y,9948663643,Dr. SIDDHARTH REDDY  ALLA,OPRInv1021-20264222586,ANESTHETIA SGA,,3500,0,0,3500,3500,0,Cash,BHARGAV CHOWDARY,Walk-In,Walk-In
22-04-2026,MR10210005941,OP10210010904,Mr. I KOTESWARA RAO,Male,72Y,9848725564,Dr. SIDDHARTH REDDY  ALLA,OPRInv1021-20264222587,RUT,,500,0,0,500,500,0,Cash,BHARGAV CHOWDARY,Walk-In,Walk-In
22-04-2026,MR10210005944,OP10210010870,Mrs. R PRIYA DARSHINI,Female,34Y,9063551883,Dr. SIDDHARTH REDDY  ALLA,OPRInv1021-20264222588,RUT,,500,0,0,500,500,0,UPI - PhonePe,BHARGAV CHOWDARY,Walk-In,Walk-In
22-04-2026,MR10210005960,OP10210010907,Mrs. M ANJALI,Female,42Y,9948663643,Dr. SIDDHARTH REDDY  ALLA,OPRInv1021-20264222589,BIOPSY SMALL,,1500,0,0,1500,1500,0,Cash,BHARGAV CHOWDARY,Walk-In,Walk-In
23-04-2026,MR10210005964,OP10210010915,Mrs. K MOUNIKA,Female,30Y,7330877935,Dr. SIDDHARTH REDDY  ALLA,OPRInv1021-20264232590,"ANESTHETIA SGA, COLONOSCOPY",,9800,0,0,9800,9800,0,UPI - PhonePe,K PRATHIMA,Walk-In,Walk-In
23-04-2026,MR10210005889,OP10210010925,Mrs. D SRI LAKSHMI,Female,40Y,9494402912,Dr. SIDDHARTH REDDY  ALLA,OPRInv1021-20264232591,ENDOSCOPY,,3300,0,0,3300,3300,0,UPI - PhonePe,K PRATHIMA,Walk-In,Walk-In
23-04-2026,MR10210005889,OP10210010925,Mrs. D SRI LAKSHMI,Female,40Y,9494402912,Dr. SIDDHARTH REDDY  ALLA,OPRInv1021-20264232592,RUT,,500,0,0,500,500,0,UPI - PhonePe,K PRATHIMA,Walk-In,Walk-In
23-04-2026,MR10210005955,OP10210010916,Mr. N SURESH BABU,Male,54Y,8639084245,Dr. SIDDHARTH REDDY  ALLA,OPRInv1021-20264232593,"ANESTHETIA SGA, COLONOSCOPY, ENDOSCOPY",,13100,0,0,13100,13100,0,Card,K PRATHIMA,Walk-In,Walk-In
23-04-2026,MR10210005965,OP10210010917,Mr. K CHANDRA SHEKAR NAIK,Male,43Y,8790101841,Dr. SIDDHARTH REDDY  ALLA,OPRInv1021-20264232594,ENDOSCOPY,,3300,520,0,2780,2780,0,Cash,K PRATHIMA,Walk-In,Walk-In
24-04-2026,MR10210005984,OP10210010956,Mr. A RATHAIAH,Male,84Y,9885456538,Dr. SIDDHARTH REDDY  ALLA,OPRInv1021-20264242595,"ANESTHETIA SGA, COLONOSCOPY",,9800,0,0,9800,7800,2000,UPI - PhonePe,K PRATHIMA,Walk-In,Walk-In
05-05-2026,MR10210005984,OP10210010956,Mr. A RATHAIAH,Male,84Y,9885456538,Dr. SIDDHARTH REDDY  ALLA,OPRInv1021-20264242595,"ANESTHETIA SGA, COLONOSCOPY",,9800,0,2000,0,0,0,Cash,K PRATHIMA,Walk-In,Walk-In
24-04-2026,MR10210005983,OP10210010955,Mr. P NARENDRA,Male,33Y,9908693985,Dr. SIDDHARTH REDDY  ALLA,OPRInv1021-20264242596,ENDOSCOPY,,3300,0,0,3300,3300,0,UPI - PhonePe,K PRATHIMA,Walk-In,Walk-In
24-04-2026,MR10210005985,OP10210010962,Mr. M VENKATESWARA RAO,Male,67Y,7386173958,Dr. SIDDHARTH REDDY  ALLA,OPRInv1021-20264242597,ENDOSCOPY,,3300,0,0,3300,3300,0,Cash,K PRATHIMA,Walk-In,Walk-In
24-04-2026,MR10210005426,OP10210010963,Mr. P SAMBAIAH,Male,55Y,9700181477,Dr. SIDDHARTH REDDY  ALLA,OPRInv1021-20264242598,ENDOSCOPY,,3300,0,0,3300,3300,0,Cash,RUPA N,Walk-In,Walk-In
24-04-2026,MR10210005985,OP10210010962,Mr. M VENKATESWARA RAO,Male,67Y,7386173958,Dr. SIDDHARTH REDDY  ALLA,OPRInv1021-20264242599,RUT,,500,0,0,500,500,0,Cash,RUPA N,Walk-In,Walk-In
24-04-2026,MR10210005984,OP10210010956,Mr. A RATHAIAH,Male,84Y,9885456538,Dr. SIDDHARTH REDDY  ALLA,OPRInv1021-20264242600,BIOPSY SMALL,,1500,0,0,1500,1500,0,UPI - PhonePe,RUPA N,Walk-In,Walk-In
25-04-2026,MR10210005994,OP10210010976,Mrs. M SUSILA,Female,50Y,9949819389,Dr. SIDDHARTH REDDY  ALLA,OPRInv1021-20264252601,ENDOSCOPY,,3300,0,0,3300,3300,0,Cash,RUPA N,Walk-In,Walk-In
25-04-2026,MR10210005993,OP10210010975,Mr. P UPENDHRA REDDY,Male,25Y,9398739811,Dr. SIDDHARTH REDDY  ALLA,OPRInv1021-20264252602,ENDOSCOPY,,3300,0,0,3300,3300,0,UPI - PhonePe,RUPA N,Walk-In,Walk-In
25-04-2026,MR10210005994,OP10210010982,Mrs. M SUSILA,Female,50Y,9949819389,Dr. SIDDHARTH REDDY  ALLA,OPRInv1021-20264252603,RUT,,500,0,0,500,500,0,Cash,RUPA N,Walk-In,Walk-In
25-04-2026,MR10210005996,OP10210010985,Mr. S NAGARAJU,Male,70Y,8121771123,Dr. SIDDHARTH REDDY  ALLA,OPRInv1021-20264252604,ENDOSCOPY,,3300,500,0,2800,2800,0,UPI - PhonePe,RUPA N,Walk-In,Walk-In
25-04-2026,MR10210005997,OP10210010986,Mrs. CH ELISAMMA,Female,60Y,8886936372,Dr. SIDDHARTH REDDY  ALLA,OPRInv1021-20264252605,"ANESTHETIA SGA, COLONOSCOPY",,9800,0,0,9800,9800,0,Cash,RUPA N,Walk-In,Walk-In
25-04-2026,MR10210002026,OP10210010981,Mr. KARTHEEK GUDIVADA,Male,32Y,9791196649,Dr. SIDDHARTH REDDY  ALLA,OPRInv1021-20264252606,BIOPSY SMALL,,1500,0,0,1500,1500,0,Cash,RUPA N,Walk-In,Walk-In
25-04-2026,MR10210005995,OP10210010980,Mr. K UMA MAHESWAR RAO,Male,40Y,9493441895,Dr. SIDDHARTH REDDY  ALLA,OPRInv1021-20264252607,ENDOSCOPY,,3300,0,0,3300,3300,0,Cash,RUPA N,Walk-In,Walk-In
25-04-2026,MR10210002026,OP10210010981,Mr. KARTHEEK GUDIVADA,Male,32Y,9791196649,Dr. SIDDHARTH REDDY  ALLA,OPRInv1021-20264252608,SIGMOIDOSCOPY,,3300,0,0,3300,3300,0,UPI - PhonePe,RUPA N,Walk-In,Walk-In
25-04-2026,MR10210005995,OP10210010980,Mr. K UMA MAHESWAR RAO,Male,40Y,9493441895,Dr. SIDDHARTH REDDY  ALLA,OPRInv1021-20264252609,RUT,,500,0,0,500,500,0,Cash,RUPA N,Walk-In,Walk-In
25-04-2026,MR10210006006,OP10210011009,Ms. P MANASA VEENA,Female,26Y,9912244256,Dr. SIDDHARTH REDDY  ALLA,OPRInv1021-20264252610,SIGMOIDOSCOPY,,3300,0,0,3300,3300,0,UPI - PhonePe,K PRATHIMA,Walk-In,Walk-In
25-04-2026,MR10210006006,OP10210011009,Ms. P MANASA VEENA,Female,26Y,9912244256,Dr. SIDDHARTH REDDY  ALLA,OPRInv1021-20264252611,BIOPSY SMALL,,1500,0,0,1500,1500,0,Cash,BHARGAV CHOWDARY,Walk-In,Walk-In
25-04-2026,MR10210005113,OP10210011001,Mrs. V RAMA KOTAMMA,Female,65Y,6305821512,Dr. SIDDHARTH REDDY  ALLA,OPRInv1021-20264252612,ENDOSCOPY,,3300,0,0,3300,3300,0,Cash,K PRATHIMA,Walk-In,Walk-In
26-04-2026,MR10210005685,OP10210011022,Mr. P RAMARAO,Male,48Y,9553607890,Dr. SIDDHARTH REDDY  ALLA,OPRInv1021-20264262613,ENDOSCOPY,,3300,0,0,3300,3300,0,Cash,K PRATHIMA,Walk-In,Walk-In
27-04-2026,MR10210006016,OP10210011029,Mrs. CH DHANALAKSHMI,Female,63Y,8297731001,Dr. SIDDHARTH REDDY  ALLA,OPRInv1021-20264272614,ENDOSCOPY,,3300,0,0,3300,3300,0,UPI - PhonePe,RUPA N,Walk-In,Walk-In
27-04-2026,MR10210005976,OP10210011031,Mr. CH JAGANADHAM,Male,71Y,9177266906,Dr. SIDDHARTH REDDY  ALLA,OPRInv1021-20264272615,COLONOSCOPY,,6300,0,0,6300,6300,0,Cash,RUPA N,Walk-In,Walk-In
27-04-2026,MR10210006016,OP10210011035,Mrs. CH DHANALAKSHMI,Female,63Y,8297731001,Dr. SIDDHARTH REDDY  ALLA,OPRInv1021-20264272616,RUT,,500,0,0,500,500,0,UPI - PhonePe,RUPA N,Walk-In,Walk-In
27-04-2026,MR10210005976,OP10210011031,Mr. CH JAGANADHAM,Male,71Y,9177266906,Dr. SIDDHARTH REDDY  ALLA,OPRInv1021-20264272617,ANESTHETIA SGA,,3500,0,0,3500,3500,0,Cash,RUPA N,Walk-In,Walk-In
27-04-2026,MR10210006025,OP10210011051,Mr. B SRINIVASA RAO,Male,40Y,9000885017,Dr. SIDDHARTH REDDY  ALLA,OPRInv1021-20264272618,ENDOSCOPY,,3300,0,0,3300,3300,0,Cash,RUPA N,Walk-In,Walk-In
27-04-2026,MR10210005976,OP10210011031,Mr. CH JAGANADHAM,Male,71Y,9177266906,Dr. SIDDHARTH REDDY  ALLA,OPRInv1021-20264272619,ENDOSCOPY,,3300,0,0,3300,3300,0,Cash,RUPA N,Walk-In,Walk-In
27-04-2026,MR10210006026,OP10210011052,Mr. P BHANU RAHUL,Male,25Y,7396796596,Dr. SIDDHARTH REDDY  ALLA,OPRInv1021-20264272620,ENDOSCOPY,,3300,0,0,3300,3300,0,UPI - PhonePe,RUPA N,Walk-In,Walk-In
27-04-2026,MR10210006026,OP10210011053,Mr. P BHANU RAHUL,Male,25Y,7396796596,Dr. SIDDHARTH REDDY  ALLA,OPRInv1021-20264272621,RUT,,500,0,0,500,500,0,UPI - PhonePe,RUPA N,Walk-In,Walk-In
27-04-2026,MR10210005976,OP10210011031,Mr. CH JAGANADHAM,Male,71Y,9177266906,Dr. SIDDHARTH REDDY  ALLA,OPRInv1021-20264272622,RUT,,500,0,0,500,500,0,Cash,K PRATHIMA,Walk-In,Walk-In
29-04-2026,MR10210005946,OP10210011082,Mr. J RAJESH,Male,36Y,9652670570,Dr. SIDDHARTH REDDY  ALLA,OPRInv1021-20264292623,COLONOSCOPY,,6300,0,0,6300,6300,0,Card,RUPA N,Walk-In,Walk-In
29-04-2026,MR10210005946,OP10210011082,Mr. J RAJESH,Male,36Y,9652670570,Dr. SIDDHARTH REDDY  ALLA,OPRInv1021-20264292624,ANESTHETIA SGA,,3500,0,0,3500,3500,0,UPI - PhonePe,RUPA N,Walk-In,Walk-In
29-04-2026,MR10210006036,OP10210011086,Ms. N HARIKA,Female,15Y,7799557198,Dr. SIDDHARTH REDDY  ALLA,OPRInv1021-20264292625,ENDOSCOPY,,3300,0,0,3300,3300,0,Cash,RUPA N,Walk-In,Walk-In
29-04-2026,MR10210006037,OP10210011088,Mrs. M DURGA,Female,51Y,8297223660,Dr. SIDDHARTH REDDY  ALLA,OPRInv1021-20264292626,ENDOSCOPY,,3300,0,0,3300,3300,0,Cash,RUPA N,Walk-In,Walk-In
29-04-2026,MR10210006037,OP10210011089,Mrs. M DURGA,Female,51Y,8297223660,Dr. SIDDHARTH REDDY  ALLA,OPRInv1021-20264292627,ANESTHETIA SGA,,3500,0,0,3500,3500,0,Cash,RUPA N,Walk-In,Walk-In
29-04-2026,MR10210006038,OP10210011090,Mr. K DHARMA  RAO,Male,50Y,6300066875,Dr. SIDDHARTH REDDY  ALLA,OPRInv1021-20264292628,"ANESTHETIA SGA, COLONOSCOPY",,9800,0,0,9800,9800,0,Cash,RUPA N,Walk-In,Walk-In
29-04-2026,MR10210006037,OP10210011092,Mrs. M DURGA,Female,51Y,8297223660,Dr. SIDDHARTH REDDY  ALLA,OPRInv1021-20264292629,PEDIATRIC ENDOSCOPY,,7000,2000,0,5000,5000,0,Cash,BHARGAV CHOWDARY,Walk-In,Walk-In
29-04-2026,MR10210006034,OP10210011083,Mr. CH RATHNA REDDY,Male,44Y,9849478228,Dr. SIDDHARTH REDDY  ALLA,OPRInv1021-20264292630,ENDOSCOPY,,3300,0,0,3300,3300,0,UPI - PhonePe,K PRATHIMA,Walk-In,Walk-In
29-04-2026,MR10210006039,OP10210011094,Mr. A VIJAY,Male,52Y,9490807066,Dr. SIDDHARTH REDDY  ALLA,OPRInv1021-20264292631,ENDOSCOPY,,3300,0,0,3300,3300,0,UPI - PhonePe,K PRATHIMA,Walk-In,Walk-In
29-04-2026,MR10210006034,OP10210011083,Mr. CH RATHNA REDDY,Male,44Y,9849478228,Dr. SIDDHARTH REDDY  ALLA,OPRInv1021-20264292632,ANESTHETIA SGA,,3500,0,0,3500,3500,0,UPI - PhonePe,K PRATHIMA,Walk-In,Walk-In
29-04-2026,MR10210006039,OP10210011096,Mr. A VIJAY,Male,52Y,9490807066,Dr. SIDDHARTH REDDY  ALLA,OPRInv1021-20264292633,RUT,,500,0,0,500,500,0,UPI - PhonePe,K PRATHIMA,Walk-In,Walk-In
30-04-2026,MR10210006042,OP10210011102,Mr. P SUBBA RAO,Male,75Y,9014182855,Dr. SIDDHARTH REDDY  ALLA,OPRInv1021-20264302634,ENDOSCOPY,,3300,0,0,3300,3300,0,Cash,K PRATHIMA,Walk-In,Walk-In
30-04-2026,MR10210006041,OP10210011101,Mr. PATAN MAHABOOB SUBHANI,Male,50Y,9849591889,Dr. SIDDHARTH REDDY  ALLA,OPRInv1021-20264302635,ENDOSCOPY,,3300,0,0,3300,3300,0,Cash,K PRATHIMA,Walk-In,Walk-In
30-04-2026,MR10210006040,OP10210011105,Mr. E VIJAY BHASKAR REDDY,Male,49Y,9490925476,Dr. SIDDHARTH REDDY  ALLA,OPRInv1021-20264302636,ENDOSCOPY,,3300,500,0,2800,2800,0,Card,K PRATHIMA,Walk-In,Walk-In
30-04-2026,MR10210006040,OP10210011105,Mr. E VIJAY BHASKAR REDDY,Male,49Y,9490925476,Dr. SIDDHARTH REDDY  ALLA,OPRInv1021-20264302637,RUT,,500,0,0,500,500,0,Card,K PRATHIMA,Walk-In,Walk-In
30-04-2026,MR10210006041,OP10210011101,Mr. PATAN MAHABOOB SUBHANI,Male,50Y,9849591889,Dr. SIDDHARTH REDDY  ALLA,OPRInv1021-20264302638,RUT,,500,0,0,500,500,0,Cash,K PRATHIMA,Walk-In,Walk-In
30-04-2026,MR10210006046,OP10210011118,Mrs. A YOGESWARI,Female,21Y,8886288727,Dr. SIDDHARTH REDDY  ALLA,OPRInv1021-20264302639,ENDOSCOPY,,3300,0,0,3300,3300,0,Cash,K PRATHIMA,Walk-In,Walk-In
30-04-2026,MR10210006047,OP10210011120,Mrs. M VENKATA LAKSHMI,Female,70Y,9440346675,Dr. SIDDHARTH REDDY  ALLA,OPRInv1021-20264302640,ENDOSCOPY,,3300,0,0,3300,3300,0,UPI - PhonePe,K PRATHIMA,Walk-In,Walk-In
01-05-2026,MR10210006044,OP10210011127,Mr. G VENU AMBEDKAR,Male,49Y,9490188533,Dr. SIDDHARTH REDDY  ALLA,OPRInv1021-2026512641,ENDOSCOPY,,3300,0,0,3300,3300,0,UPI - PhonePe,K PRATHIMA,Walk-In,Walk-In
01-05-2026,MR10210006049,OP10210011130,Mr. CH VENKATA REDDY,Male,52Y,9490059627,Dr. SIDDHARTH REDDY  ALLA,OPRInv1021-2026512642,"ANESTHETIA SGA, COLONOSCOPY",,9800,0,0,9800,9800,0,UPI - PhonePe,K PRATHIMA,Walk-In,Walk-In
01-05-2026,MR10210005088,OP10210011133,Mrs. B PRASHANTHI,Female,38Y,9704436036,Dr. SIDDHARTH REDDY  ALLA,OPRInv1021-2026512643,ENDOSCOPY,,3300,0,0,3300,3300,0,UPI - PhonePe,K PRATHIMA,Walk-In,Walk-In
01-05-2026,MR10210006044,OP10210011127,Mr. G VENU AMBEDKAR,Male,49Y,9490188533,Dr. SIDDHARTH REDDY  ALLA,OPRInv1021-2026512644,RUT,,500,0,0,500,500,0,UPI - PhonePe,K PRATHIMA,Walk-In,Walk-In
01-05-2026,MR10210006051,OP10210011137,Mr. D VENKATESWARLU,Male,38Y,9676965888,Dr. SIDDHARTH REDDY  ALLA,OPRInv1021-2026512645,ENDOSCOPY,,3300,0,0,3300,3300,0,UPI - PhonePe,K PRATHIMA,Walk-In,Walk-In
01-05-2026,MR10210005088,OP10210011133,Mrs. B PRASHANTHI,Female,38Y,9704436036,Dr. SIDDHARTH REDDY  ALLA,OPRInv1021-2026512646,RUT,,500,0,0,500,500,0,UPI - PhonePe,K PRATHIMA,Walk-In,Walk-In
01-05-2026,MR10210006052,OP10210011138,Mr. K VIJAY,Male,28Y,7330931422,Dr. SIDDHARTH REDDY  ALLA,OPRInv1021-2026512647,ENDOSCOPY,,3300,0,0,3300,2300,1000,Cash,K PRATHIMA,Walk-In,Walk-In
05-05-2026,MR10210006052,OP10210011138,Mr. K VIJAY,Male,28Y,7330931422,Dr. SIDDHARTH REDDY  ALLA,OPRInv1021-2026512647,ENDOSCOPY,,3300,0,1000,0,0,0,Cash,K PRATHIMA,Walk-In,Walk-In
01-05-2026,MR10210006051,OP10210011137,Mr. D VENKATESWARLU,Male,38Y,9676965888,Dr. SIDDHARTH REDDY  ALLA,OPRInv1021-2026512648,RUT,,500,0,0,500,500,0,UPI - PhonePe,K PRATHIMA,Walk-In,Walk-In
01-05-2026,MR10210006053,OP10210011141,Mrs. U VENKATA RATHNAM,Female,63Y,7993548941,Dr. SIDDHARTH REDDY  ALLA,OPRInv1021-2026512649,SIGMOIDOSCOPY,,3300,0,0,3300,3300,0,Cash,K PRATHIMA,Walk-In,Walk-In
02-05-2026,MR10210006057,OP10210011148,Mrs. s VENKATA LAKSHMI,Female,29Y,7036539666,Dr. SIDDHARTH REDDY  ALLA,OPRInv1021-2026522650,ENDOSCOPY,,3300,0,0,3300,2300,1000,UPI - PhonePe,BHARGAV CHOWDARY,Walk-In,Walk-In
05-05-2026,MR10210006057,OP10210011148,Mrs. s VENKATA LAKSHMI,Female,29Y,7036539666,Dr. SIDDHARTH REDDY  ALLA,OPRInv1021-2026522650,ENDOSCOPY,,3300,0,1000,0,0,0,Cash,BHARGAV CHOWDARY,Walk-In,Walk-In
02-05-2026,MR10210006057,OP10210011148,Mrs. s VENKATA LAKSHMI,Female,29Y,7036539666,Dr. SIDDHARTH REDDY  ALLA,OPRInv1021-2026522651,BIOPSY SMALL,,1500,0,0,1500,1000,500,UPI - PhonePe,RUPA N,Walk-In,Walk-In
05-05-2026,MR10210006057,OP10210011148,Mrs. s VENKATA LAKSHMI,Female,29Y,7036539666,Dr. SIDDHARTH REDDY  ALLA,OPRInv1021-2026522651,BIOPSY SMALL,,1500,0,500,0,0,0,Cash,RUPA N,Walk-In,Walk-In
02-05-2026,MR10210006062,OP10210011159,Mr. K VENKATA MUTHYAM,Male,46Y,8639348327,Dr. SIDDHARTH REDDY  ALLA,OPRInv1021-2026522652,SIGMOIDOSCOPY,,3300,0,0,3300,3300,0,Cash,RUPA N,Walk-In,Walk-In
03-05-2026,MR10210006069,OP10210011172,Ms. M MADHAVI,Female,14Y,6303004198,Dr. SIDDHARTH REDDY  ALLA,OPRInv1021-2026532653,ENDOSCOPY,,3300,0,0,3300,3300,0,UPI - PhonePe,RUPA N,Walk-In,Walk-In
04-05-2026,MR10210006074,OP10210011182,Mrs. S PADMAVATHI,Female,60Y,9393787777,Dr. SIDDHARTH REDDY  ALLA,OPRInv1021-2026542654,"ANESTHETIA SGA, APC, SIGMOIDOSCOPY",,31800,0,0,31800,20000,11800,UPI - PhonePe,K PRATHIMA,Walk-In,Walk-In
05-05-2026,MR10210006074,OP10210011182,Mrs. S PADMAVATHI,Female,60Y,9393787777,Dr. SIDDHARTH REDDY  ALLA,OPRInv1021-2026542654,"ANESTHETIA SGA, APC, SIGMOIDOSCOPY",,31800,0,11800,0,0,0,Cash,K PRATHIMA,Walk-In,Walk-In
04-05-2026,MR10210006081,OP10210011196,Mrs. O ANJAMMA,Female,37Y,9618581868,Dr. SIDDHARTH REDDY  ALLA,OPRInv1021-2026542655,ENDOSCOPY,,3300,0,0,3300,2000,1300,UPI - PhonePe,K PRATHIMA,Walk-In,Walk-In
04-05-2026,MR10210006081,OP10210011196,Mrs. O ANJAMMA,Female,37Y,9618581868,Dr. SIDDHARTH REDDY  ALLA,OPRInv1021-2026542655,ENDOSCOPY,,3300,0,0,1300,1000,300,UPI - PhonePe,K PRATHIMA,Walk-In,Walk-In
04-05-2026,MR10210006081,OP10210011196,Mrs. O ANJAMMA,Female,37Y,9618581868,Dr. SIDDHARTH REDDY  ALLA,OPRInv1021-2026542655,ENDOSCOPY,,3300,0,0,300,300,0,Cash,K PRATHIMA,Walk-In,Walk-In
04-05-2026,MR10210006082,OP10210011197,Mrs. M CHINNMAI,Female,40Y,7095712958,Dr. SIDDHARTH REDDY  ALLA,OPRInv1021-2026542656,ENDOSCOPY,,3300,0,0,3300,3300,0,Cash,K PRATHIMA,Walk-In,Walk-In
05-05-2026,MR10210006084,OP10210011209,Mrs. N VENKATESWARAMMA,Female,57Y,9966089890,Dr. SIDDHARTH REDDY  ALLA,OPRInv1021-2026552657,ENDOSCOPY,,3300,0,0,3300,1500,1800,UPI - PhonePe,K PRATHIMA,Walk-In,Walk-In
05-05-2026,MR10210006084,OP10210011209,Mrs. N VENKATESWARAMMA,Female,57Y,9966089890,Dr. SIDDHARTH REDDY  ALLA,OPRInv1021-2026552657,ENDOSCOPY,,3300,0,1800,0,0,0,Cash,K PRATHIMA,Walk-In,Walk-In
05-05-2026,MR10210006084,OP10210011209,Mrs. N VENKATESWARAMMA,Female,57Y,9966089890,Dr. SIDDHARTH REDDY  ALLA,OPRInv1021-2026552658,BIOPSY SMALL,,1500,0,0,1500,500,1000,Cash,K PRATHIMA,Walk-In,Walk-In
05-05-2026,MR10210006084,OP10210011209,Mrs. N VENKATESWARAMMA,Female,57Y,9966089890,Dr. SIDDHARTH REDDY  ALLA,OPRInv1021-2026552658,BIOPSY SMALL,,1500,0,1000,0,0,0,Cash,K PRATHIMA,Walk-In,Walk-In
05-05-2026,MR10210006085,OP10210011212,Ms. V BINDHUSRI,Female,13Y,7569702527,Dr. SIDDHARTH REDDY  ALLA,OPRInv1021-2026552659,"ANESTHETIA SGA, COLONOSCOPY",,9800,0,0,9800,9800,0,UPI - PhonePe,K PRATHIMA,Walk-In,Walk-In
05-05-2026,MR10210006089,OP10210011219,Mr. M KRISHNA RAO,Male,78Y,9492437108,Dr. SIDDHARTH REDDY  ALLA,OPRInv1021-2026552660,ENDOSCOPY,,3300,0,0,3300,3300,0,UPI - PhonePe,RUPA N,Walk-In,Walk-In
06-05-2026,MR10210006093,OP10210011232,Mr. M SEETHA RAMAIAH,Male,75Y,8555032956,Dr. SIDDHARTH REDDY  ALLA,OPRInv1021-2026562661,ENDOSCOPY,,3300,0,0,3300,3300,0,UPI - PhonePe,K PRATHIMA,Walk-In,Walk-In
06-05-2026,MR10210006093,OP10210011233,Mr. M SEETHA RAMAIAH,Male,75Y,8555032956,Dr. SIDDHARTH REDDY  ALLA,OPRInv1021-2026562662,RUT,,500,0,0,500,500,0,UPI - PhonePe,K PRATHIMA,Walk-In,Walk-In
06-05-2026,MR10210006096,OP10210011239,Ms. D NIKITHA,Female,19Y,7893249939,Dr. SIDDHARTH REDDY  ALLA,OPRInv1021-2026562663,ENDOSCOPY,,3300,0,0,3300,3300,0,UPI - PhonePe,K PRATHIMA,Walk-In,Walk-In
07-05-2026,MR10210006092,OP10210011242,Mr. V TIRUMULA REDDY,Male,51Y,9848909598,Dr. SIDDHARTH REDDY  ALLA,OPRInv1021-2026572664,ENDOSCOPY,,3300,0,0,3300,3300,0,UPI - PhonePe,K PRATHIMA,Walk-In,Walk-In
07-05-2026,MR10210006097,OP10210011241,Mrs. D LEELAVATHI,Female,31Y,9391381621,Dr. SIDDHARTH REDDY  ALLA,OPRInv1021-2026572665,ENDOSCOPY,,3300,0,0,3300,3300,0,UPI - PhonePe,K PRATHIMA,Walk-In,Walk-In
07-05-2026,MR10210006099,OP10210011246,Mr. R SATYA NARAYANA,Male,62Y,8331051452,Dr. NST TEJASWI ALLA,OPRInv1021-2026572666,2D ECHO,,2500,0,0,2500,2500,0,Cash,K PRATHIMA,Walk-In,Walk-In
07-05-2026,MR10210005978,OP10210011245,Ms. SK RAHAMATUNNISA,Female,22Y,7997880304,Dr. SIDDHARTH REDDY  ALLA,OPRInv1021-2026572667,ENDOSCOPY,,3300,0,0,3300,3300,0,UPI - PhonePe,K PRATHIMA,Walk-In,Walk-In
07-05-2026,MR10210006097,OP10210011241,Mrs. D LEELAVATHI,Female,31Y,9391381621,Dr. SIDDHARTH REDDY  ALLA,OPRInv1021-2026572668,RUT,,500,0,0,500,500,0,Cash,K PRATHIMA,Walk-In,Walk-In
07-05-2026,MR10210006100,OP10210011252,Mr. D SRIKANTH,Male,26Y,8466847556,Dr. SIDDHARTH REDDY  ALLA,OPRInv1021-2026572669,ENDOSCOPY,,3300,0,0,3300,3300,0,Cash,K PRATHIMA,Walk-In,Walk-In
07-05-2026,MR10210005978,OP10210011245,Ms. SK RAHAMATUNNISA,Female,22Y,7997880304,Dr. SIDDHARTH REDDY  ALLA,OPRInv1021-2026572670,RUT,,500,0,0,500,500,0,UPI - PhonePe,K PRATHIMA,Walk-In,Walk-In
07-05-2026,MR10210006100,OP10210011252,Mr. D SRIKANTH,Male,26Y,8466847556,Dr. SIDDHARTH REDDY  ALLA,OPRInv1021-2026572671,RUT,,500,0,0,500,500,0,Cash,K PRATHIMA,Walk-In,Walk-In
07-05-2026,MR10210006104,OP10210011264,Mrs. D LALITHA,Female,50Y,6309763917,Dr. SIDDHARTH REDDY  ALLA,OPRInv1021-2026572672,ENDOSCOPY,,3300,0,0,3300,3300,0,UPI - PhonePe,K PRATHIMA,Walk-In,Walk-In
07-05-2026,MR10210006106,OP10210011266,Mrs. T RATNA KUMARI,Female,57Y,9959792700,Dr. SIDDHARTH REDDY  ALLA,OPRInv1021-2026572673,ENDOSCOPY,,3300,0,0,3300,3300,0,Cash,K PRATHIMA,Walk-In,Walk-In
08-05-2026,MR10210006105,OP10210011273,Mr. K REDANKAMMA,Male,68Y,9704979904,Dr. SIDDHARTH REDDY  ALLA,OPRInv1021-2026582674,"ANESTHETIA SGA, COLONOSCOPY",,9800,0,0,9800,9800,0,Cash,K PRATHIMA,Walk-In,Walk-In
08-05-2026,MR10210006109,OP10210011271,Mr. U SESHAIAH,Male,60Y,8506256182,Dr. SIDDHARTH REDDY  ALLA,OPRInv1021-2026582675,ENDOSCOPY,,3300,500,0,2800,2800,0,Cash,K PRATHIMA,Walk-In,Walk-In
08-05-2026,MR10210006110,OP10210011272,Mr. SK SUBHANI,Male,31Y,9848682989,Dr. SIDDHARTH REDDY  ALLA,OPRInv1021-2026582676,ENDOSCOPY,,3300,0,0,3300,3300,0,Cash,K PRATHIMA,Walk-In,Walk-In
08-05-2026,MR10210006112,OP10210011281,Mr. N SRIKANTH,Male,38Y,9160505183,Dr. SIDDHARTH REDDY  ALLA,OPRInv1021-2026582677,ENDOSCOPY,,3300,500,0,2800,2800,0,Cash,RUPA N,Walk-In,Walk-In
09-05-2026,MR10210004646,OP10210011286,Mrs. P VENKATA SUJATHA,Female,45Y,9492610315,Dr. SIDDHARTH REDDY  ALLA,OPRInv1021-2026592678,ENDOSCOPY,,3300,0,0,3300,2300,1000,UPI - PhonePe,K PRATHIMA,Walk-In,Walk-In
16-05-2026,MR10210004646,OP10210011286,Mrs. P VENKATA SUJATHA,Female,45Y,9492610315,Dr. SIDDHARTH REDDY  ALLA,OPRInv1021-2026592678,ENDOSCOPY,,3300,0,1000,0,0,0,Cash,K PRATHIMA,Walk-In,Walk-In
09-05-2026,MR10210004646,OP10210011286,Mrs. P VENKATA SUJATHA,Female,45Y,9492610315,Dr. SIDDHARTH REDDY  ALLA,OPRInv1021-2026592679,RUT,,500,0,0,500,500,0,UPI - PhonePe,K PRATHIMA,Walk-In,Walk-In
09-05-2026,MR10210006116,OP10210011304,Mr. A VENKATESHWARLU,Male,73Y,9949524208,Dr. SIDDHARTH REDDY  ALLA,OPRInv1021-2026592680,"ANESTHETIA SGA, COLONOSCOPY, ENDOSCOPY",,13100,0,0,13100,13100,0,UPI - PhonePe,RUPA N,Walk-In,Walk-In
09-05-2026,MR10210006117,OP10210011306,Mr. G SUBBAIHA,Male,70Y,9866267127,Dr. SIDDHARTH REDDY  ALLA,OPRInv1021-2026592681,ENDOSCOPY,,3300,0,0,3300,3300,0,Cash,RUPA N,Walk-In,Walk-In
09-05-2026,MR10210006116,OP10210011307,Mr. A VENKATESHWARLU,Male,73Y,9949524208,Dr. SIDDHARTH REDDY  ALLA,OPRInv1021-2026592682,BIOPSY SMALL,,1500,0,0,1500,0,1500,Cash,RUPA N,Walk-In,Walk-In
16-05-2026,MR10210006116,OP10210011307,Mr. A VENKATESHWARLU,Male,73Y,9949524208,Dr. SIDDHARTH REDDY  ALLA,OPRInv1021-2026592682,BIOPSY SMALL,,1500,0,1000,500,0,500,Cash,RUPA N,Walk-In,Walk-In
16-05-2026,MR10210006116,OP10210011307,Mr. A VENKATESHWARLU,Male,73Y,9949524208,Dr. SIDDHARTH REDDY  ALLA,OPRInv1021-2026592682,BIOPSY SMALL,,1500,0,500,1000,0,1000,Cash,RUPA N,Walk-In,Walk-In
09-05-2026,MR10210006118,OP10210011310,Mr. G JOGENDRA  BABU,Male,55Y,9032975686,Dr. SIDDHARTH REDDY  ALLA,OPRInv1021-2026592683,ENDOSCOPY,,3300,0,0,3300,3300,0,Cash,RUPA N,Walk-In,Walk-In
09-05-2026,MR10210005727,OP10210011311,Mrs. M PAVANI,Female,39Y,9949523514,Dr. SIDDHARTH REDDY  ALLA,OPRInv1021-2026592684,ENDOSCOPY,,3300,0,0,3300,3300,0,UPI - PhonePe,RUPA N,Walk-In,Walk-In
10-05-2026,MR10210006120,OP10210011320,Mr. B MALLIKARJUN,Male,40Y,9398717311,Dr. SIDDHARTH REDDY  ALLA,OPRInv1021-20265102685,ENDOSCOPY,,3300,0,0,3300,3300,0,Cash,K PRATHIMA,Walk-In,Walk-In
10-05-2026,MR10210006121,OP10210011321,Mr. SD THAJUDDIN,Male,26Y,9985919687,Dr. SIDDHARTH REDDY  ALLA,OPRInv1021-20265102686,ENDOSCOPY,,3300,0,0,3300,3300,0,UPI - PhonePe,K PRATHIMA,Walk-In,Walk-In
10-05-2026,MR10210006121,OP10210011321,Mr. SD THAJUDDIN,Male,26Y,9985919687,Dr. SIDDHARTH REDDY  ALLA,OPRInv1021-20265102687,RUT,,500,0,0,500,500,0,UPI - PhonePe,K PRATHIMA,Walk-In,Walk-In
10-05-2026,MR10210006120,OP10210011320,Mr. B MALLIKARJUN,Male,40Y,9398717311,Dr. SIDDHARTH REDDY  ALLA,OPRInv1021-20265102688,RUT,,500,0,0,500,500,0,Cash,K PRATHIMA,Walk-In,Walk-In
10-05-2026,MR10210006122,OP10210011325,Mrs. P SESHAMMA,Female,60Y,8590811147,Dr. SIDDHARTH REDDY  ALLA,OPRInv1021-20265102689,ENDOSCOPY,,3300,0,0,3300,3300,0,Cash,K PRATHIMA,Walk-In,Walk-In
10-05-2026,MR10210006122,OP10210011325,Mrs. P SESHAMMA,Female,60Y,8590811147,Dr. SIDDHARTH REDDY  ALLA,OPRInv1021-20265102690,RUT,,500,0,0,500,500,0,Cash,K PRATHIMA,Walk-In,Walk-In
11-05-2026,MR10210006059,OP10210011329,Mr. Y MURALI KRISHNA,Male,38Y,9948389399,Dr. SIDDHARTH REDDY  ALLA,OPRInv1021-20265112691,ENDOSCOPY,,3300,0,0,3300,3300,0,Cash,K PRATHIMA,Walk-In,Walk-In
11-05-2026,MR10210006125,OP10210011332,Mr. B SYAM PRASAD,Male,28Y,9030187188,Dr. SIDDHARTH REDDY  ALLA,OPRInv1021-20265112692,ENDOSCOPY,,3300,0,0,3300,3300,0,UPI - PhonePe,K PRATHIMA,Walk-In,Walk-In
11-05-2026,MR10210006125,OP10210011333,Mr. B SYAM PRASAD,Male,28Y,9030187188,Dr. SIDDHARTH REDDY  ALLA,OPRInv1021-20265112693,BIOPSY SMALL,,1500,0,0,1500,500,1000,UPI - PhonePe,K PRATHIMA,Walk-In,Walk-In
16-05-2026,MR10210006125,OP10210011333,Mr. B SYAM PRASAD,Male,28Y,9030187188,Dr. SIDDHARTH REDDY  ALLA,OPRInv1021-20265112693,BIOPSY SMALL,,1500,0,1000,0,0,0,Cash,K PRATHIMA,Walk-In,Walk-In
11-05-2026,MR10210006059,OP10210011329,Mr. Y MURALI KRISHNA,Male,38Y,9948389399,Dr. SIDDHARTH REDDY  ALLA,OPRInv1021-20265112694,RUT,,500,0,0,500,500,0,Cash,K PRATHIMA,Walk-In,Walk-In
11-05-2026,MR10210006091,OP10210011328,Mrs. K AKKAMMA,Female,70Y,7702138969,Dr. SIDDHARTH REDDY  ALLA,OPRInv1021-20265112695,ENDOSCOPY,,3300,0,0,3300,1750,1550,UPI - PhonePe,K PRATHIMA,Walk-In,Walk-In
11-05-2026,MR10210006091,OP10210011328,Mrs. K AKKAMMA,Female,70Y,7702138969,Dr. SIDDHARTH REDDY  ALLA,OPRInv1021-20265112695,ENDOSCOPY,,3300,0,0,1550,1550,0,Cash,K PRATHIMA,Walk-In,Walk-In
11-05-2026,MR10210006128,OP10210011337,Mr. G SURYA CHANDRA PRASAD,Male,64Y,9440062355,Dr. SIDDHARTH REDDY  ALLA,OPRInv1021-20265112696,ENDOSCOPY,,3300,0,0,3300,3300,0,UPI - PhonePe,K PRATHIMA,Walk-In,Walk-In
11-05-2026,MR10210006126,OP10210011334,Mr. M ANJANEYULU,Male,69Y,9866256242,Dr. SIDDHARTH REDDY  ALLA,OPRInv1021-20265112697,ENDOSCOPY,,3300,0,0,3300,3300,0,UPI - PhonePe,K PRATHIMA,Walk-In,Walk-In
11-05-2026,MR10210006128,OP10210011349,Mr. G SURYA CHANDRA PRASAD,Male,64Y,9440062355,Dr. SIDDHARTH REDDY  ALLA,OPRInv1021-20265112698,RUT,,500,0,0,500,500,0,UPI - PhonePe,K PRATHIMA,Walk-In,Walk-In
12-05-2026,MR10210006138,OP10210011368,Mr. R SRINU,Male,44Y,9949267268,Dr. SIDDHARTH REDDY  ALLA,OPRInv1021-20265122699,"ANESTHETIA SGA, COLONOSCOPY",,9800,1960,0,7840,7840,0,UPI - PhonePe,K PRATHIMA,Walk-In,Walk-In
12-05-2026,MR10210006142,OP10210011371,Mrs. G SATYAVATHI,Female,74Y,9949399607,Dr. SIDDHARTH REDDY  ALLA,OPRInv1021-20265122700,ENDOSCOPY,,3300,0,0,3300,3300,0,Cash,K PRATHIMA,Walk-In,Walk-In
12-05-2026,MR10210006141,OP10210011363,Mr. P SRINU,Male,31Y,9182424496,Dr. SIDDHARTH REDDY  ALLA,OPRInv1021-20265122701,ENDOSCOPY,,3300,0,0,3300,3300,0,UPI - PhonePe,K PRATHIMA,Walk-In,Walk-In
12-05-2026,MR10210006141,OP10210011363,Mr. P SRINU,Male,31Y,9182424496,Dr. SIDDHARTH REDDY  ALLA,OPRInv1021-20265122702,RUT,,500,0,0,500,500,0,Cash,K PRATHIMA,Walk-In,Walk-In
12-05-2026,MR10210006144,OP10210011374,Mr. K MAHA LAKSHMI,Male,42Y,9849995722,Dr. SIDDHARTH REDDY  ALLA,OPRInv1021-20265122703,ENDOSCOPY,,3300,0,0,3300,3300,0,UPI - PhonePe,K PRATHIMA,Walk-In,Walk-In
12-05-2026,MR10210006145,OP10210011375,Mr. S S SHANKAR REDDY,Male,53Y,7013141567,Dr. SIDDHARTH REDDY  ALLA,OPRInv1021-20265122704,ENDOSCOPY,,3300,0,0,3300,3300,0,UPI - PhonePe,K PRATHIMA,Walk-In,Walk-In
12-05-2026,MR10210005902,OP10210011369,Mr. B SAIDULU,Male,66Y,8465954695,Dr. SIDDHARTH REDDY  ALLA,OPRInv1021-20265122705,ENDOSCOPY,,3300,0,0,3300,2300,1000,Cash,K PRATHIMA,Walk-In,Walk-In
16-05-2026,MR10210005902,OP10210011369,Mr. B SAIDULU,Male,66Y,8465954695,Dr. SIDDHARTH REDDY  ALLA,OPRInv1021-20265122705,ENDOSCOPY,,3300,0,1000,0,0,0,Cash,K PRATHIMA,Walk-In,Walk-In
12-05-2026,MR10210006145,OP10210011375,Mr. S S SHANKAR REDDY,Male,53Y,7013141567,Dr. SIDDHARTH REDDY  ALLA,OPRInv1021-20265122706,RUT,,500,0,0,500,500,0,Cash,K PRATHIMA,Walk-In,Walk-In
13-05-2026,MR10210006148,OP10210011384,Mr. P NARASIMHA RAO,Male,64Y,9703545357,Dr. SIDDHARTH REDDY  ALLA,OPRInv1021-20265132707,ENDOSCOPY,,3300,0,0,3300,3300,0,UPI - PhonePe,K PRATHIMA,Walk-In,Walk-In
13-05-2026,MR10210006147,OP10210011386,Master. P HARISH KARTHIK,Male,16Y,7397445327,Dr. SIDDHARTH REDDY  ALLA,OPRInv1021-20265132708,ENDOSCOPY,,3300,0,0,3300,1000,2300,Cash,K PRATHIMA,Walk-In,Walk-In
13-05-2026,MR10210006147,OP10210011386,Master. P HARISH KARTHIK,Male,16Y,7397445327,Dr. SIDDHARTH REDDY  ALLA,OPRInv1021-20265132708,ENDOSCOPY,,3300,0,0,2300,2300,0,UPI - PhonePe,K PRATHIMA,Walk-In,Walk-In
13-05-2026,MR10210006149,OP10210011387,Mr. D SURESH,Male,31Y,9966903847,Dr. SIDDHARTH REDDY  ALLA,OPRInv1021-20265132709,ENDOSCOPY,,3300,0,0,3300,3300,0,Cash,K PRATHIMA,Walk-In,Walk-In
13-05-2026,MR10210006150,OP10210011383,Mr. CH KOTESWARA RAO,Male,55Y,8309840416,Dr. SIDDHARTH REDDY  ALLA,OPRInv1021-20265132710,ENDOSCOPY,,3300,0,0,3300,2300,1000,Cash,K PRATHIMA,Walk-In,Walk-In
16-05-2026,MR10210006150,OP10210011383,Mr. CH KOTESWARA RAO,Male,55Y,8309840416,Dr. SIDDHARTH REDDY  ALLA,OPRInv1021-20265132710,ENDOSCOPY,,3300,0,1000,0,0,0,Cash,K PRATHIMA,Walk-In,Walk-In
13-05-2026,MR10210006151,OP10210011389,Mrs. K VENKATA SIVA SURYA KUMARI,Female,73Y,9866331566,Dr. SIDDHARTH REDDY  ALLA,OPRInv1021-20265132711,ENDOSCOPY,,3300,0,0,3300,3300,0,Cash,K PRATHIMA,Walk-In,Walk-In
13-05-2026,MR10210006147,OP10210011386,Master. P HARISH KARTHIK,Male,16Y,7397445327,Dr. SIDDHARTH REDDY  ALLA,OPRInv1021-20265132712,RUT,,500,0,0,500,500,0,Cash,K PRATHIMA,Walk-In,Walk-In
13-05-2026,MR10210006148,OP10210011384,Mr. P NARASIMHA RAO,Male,64Y,9703545357,Dr. SIDDHARTH REDDY  ALLA,OPRInv1021-20265132713,RUT,,500,0,0,500,500,0,UPI - PhonePe,K PRATHIMA,Walk-In,Walk-In
13-05-2026,MR10210006149,OP10210011387,Mr. D SURESH,Male,31Y,9966903847,Dr. SIDDHARTH REDDY  ALLA,OPRInv1021-20265132714,RUT,,500,0,0,500,500,0,Cash,K PRATHIMA,Walk-In,Walk-In
13-05-2026,MR10210006152,OP10210011398,Mr. K SURESH,Male,39Y,8885407259,Dr. SIDDHARTH REDDY  ALLA,OPRInv1021-20265132715,SIGMOIDOSCOPY,,3300,0,0,3300,3300,0,Cash,RUPA N,Walk-In,Walk-In
13-05-2026,MR10210006156,OP10210011404,Ms. M ANJALI,Female,19Y,8790848736,Dr. SIDDHARTH REDDY  ALLA,OPRInv1021-20265132716,ENDOSCOPY,,3300,0,0,3300,3300,0,Cash,RUPA N,Walk-In,Walk-In
14-05-2026,MR10210006158,OP10210011408,Mr. V SAMBHA SIVA RAO,Male,51Y,9381155310,Dr. SIDDHARTH REDDY  ALLA,OPRInv1021-20265142717,ENDOSCOPY,,3300,0,0,3300,3300,0,UPI - PhonePe,K PRATHIMA,Walk-In,Walk-In
14-05-2026,MR10210005988,OP10210011414,Mr. K KRISHNA RAO,Male,80Y,9849102266,Dr. SIDDHARTH REDDY  ALLA,OPRInv1021-20265142718,"ANESTHETIA SGA, COLONOSCOPY, ENDOSCOPY",,13100,0,0,13100,13100,0,Cash,K PRATHIMA,Walk-In,Walk-In
14-05-2026,MR10210006161,OP10210011418,Mr. P MOHAMAD KHAN,Male,33Y,9550028428,Dr. SIDDHARTH REDDY  ALLA,OPRInv1021-20265142719,ENDOSCOPY,,3300,0,0,3300,3300,0,UPI - PhonePe,K PRATHIMA,Walk-In,Walk-In
14-05-2026,MR10210006105,OP10210011413,Mr. K REDANKAMMA,Male,68Y,9704979904,Dr. SIDDHARTH REDDY  ALLA,OPRInv1021-20265142720,BIOPSY LARGE,,3000,0,0,3000,3000,0,Cash,K PRATHIMA,Walk-In,Walk-In
14-05-2026,MR10210006161,OP10210011418,Mr. P MOHAMAD KHAN,Male,33Y,9550028428,Dr. SIDDHARTH REDDY  ALLA,OPRInv1021-20265142721,RUT,,500,0,0,500,500,0,UPI - PhonePe,K PRATHIMA,Walk-In,Walk-In
14-05-2026,MR10210006158,OP10210011408,Mr. V SAMBHA SIVA RAO,Male,51Y,9381155310,Dr. SIDDHARTH REDDY  ALLA,OPRInv1021-20265142722,RUT,,500,0,0,500,500,0,UPI - PhonePe,K PRATHIMA,Walk-In,Walk-In
14-05-2026,MR10210006158,OP10210011408,Mr. V SAMBHA SIVA RAO,Male,51Y,9381155310,Dr. SIDDHARTH REDDY  ALLA,OPRInv1021-20265142723,2D ECHO,,2500,0,0,2500,2500,0,UPI - PhonePe,K PRATHIMA,Walk-In,Walk-In
15-05-2026,MR10210006164,OP10210011434,Mr. CH VENKATESWARA RAO,Male,63Y,9642851711,Dr. SIDDHARTH REDDY  ALLA,OPRInv1021-20265152724,"ANESTHETIA SGA, COLONOSCOPY",,9800,0,0,9800,9800,0,Cash,K PRATHIMA,Walk-In,Walk-In
15-05-2026,MR10210006143,OP10210011437,Mr. A BRAMHA REDDY,Male,47Y,6305227261,Dr. SIDDHARTH REDDY  ALLA,OPRInv1021-20265152725,"ANESTHETIA SGA, COLONOSCOPY, ENDOSCOPY",,13100,0,0,13100,13100,0,UPI - PhonePe,K PRATHIMA,Walk-In,Walk-In
15-05-2026,MR10210006166,OP10210011438,Mrs. K PADMAJA,Female,55Y,8686286555,Dr. SIDDHARTH REDDY  ALLA,OPRInv1021-20265152726,ENDOSCOPY,,3300,0,0,3300,3300,0,UPI - PhonePe,K PRATHIMA,Walk-In,Walk-In
15-05-2026,MR10210001238,OP10210011441,Mr. RISHI KESAVA REDDY K,Male,26Y,8639752554,Dr. SIDDHARTH REDDY  ALLA,OPRInv1021-20265152727,"ANESTHETIA SGA, COLONOSCOPY",,9800,0,0,9800,9800,0,UPI - PhonePe,K PRATHIMA,Walk-In,Walk-In
15-05-2026,MR10210006166,OP10210011442,Mrs. K PADMAJA,Female,55Y,8686286555,Dr. SIDDHARTH REDDY  ALLA,OPRInv1021-20265152728,RUT,,500,0,0,500,500,0,UPI - PhonePe,K PRATHIMA,Walk-In,Walk-In
15-05-2026,MR10210006164,OP10210011450,Mr. CH VENKATESWARA RAO,Male,63Y,9642851711,Dr. SIDDHARTH REDDY  ALLA,OPRInv1021-20265152729,BIOPSY SMALL,,1500,0,0,1500,1500,0,Cash,K PRATHIMA,Walk-In,Walk-In
15-05-2026,MR10210006174,OP10210011452,Mr. K RAVI,Male,48Y,8317543924,Dr. SIDDHARTH REDDY  ALLA,OPRInv1021-20265152730,"ANESTHETIA SGA, COLONOSCOPY",,9800,500,0,9300,9300,0,Cash,K PRATHIMA,Walk-In,Walk-In
15-05-2026,MR10210006176,OP10210011454,Mr. B V P RAMANA MURTHI,Male,65Y,9247466808,Dr. SIDDHARTH REDDY  ALLA,OPRInv1021-20265152731,BEDSIDE ENDOSCOPY,,5000,0,0,5000,5000,0,Cash,K PRATHIMA,Walk-In,Walk-In
15-05-2026,MR10210003757,OP10210011445,Ms. E DHANSHUKA,Female,17Y,9676336959,Dr. SIDDHARTH REDDY  ALLA,OPRInv1021-20265152732,"ANESTHETIA SGA, COLONOSCOPY",,9800,0,0,9800,6800,3000,UPI - PhonePe,K PRATHIMA,Walk-In,Walk-In
16-05-2026,MR10210003757,OP10210011445,Ms. E DHANSHUKA,Female,17Y,9676336959,Dr. SIDDHARTH REDDY  ALLA,OPRInv1021-20265152732,"ANESTHETIA SGA, COLONOSCOPY",,9800,0,3000,0,0,0,Cash,K PRATHIMA,Walk-In,Walk-In
15-05-2026,MR10210006143,OP10210011437,Mr. A BRAMHA REDDY,Male,47Y,6305227261,Dr. SIDDHARTH REDDY  ALLA,OPRInv1021-20265152733,RUT,,500,0,0,500,500,0,UPI - PhonePe,K PRATHIMA,Walk-In,Walk-In
15-05-2026,MR10210006174,OP10210011459,Mr. K RAVI,Male,48Y,8317543924,Dr. SIDDHARTH REDDY  ALLA,OPRInv1021-20265152734,BIOPSY SMALL,,1500,0,0,1500,1500,0,Cash,K PRATHIMA,Walk-In,Walk-In
15-05-2026,MR10210003757,OP10210011445,Ms. E DHANSHUKA,Female,17Y,9676336959,Dr. SIDDHARTH REDDY  ALLA,OPRInv1021-20265152735,BIOPSY SMALL,,1500,0,0,1500,1000,500,Cash,K PRATHIMA,Walk-In,Walk-In
16-05-2026,MR10210003757,OP10210011445,Ms. E DHANSHUKA,Female,17Y,9676336959,Dr. SIDDHARTH REDDY  ALLA,OPRInv1021-20265152735,BIOPSY SMALL,,1500,0,500,0,0,0,Cash,K PRATHIMA,Walk-In,Walk-In
16-05-2026,MR10210006173,OP10210011463,Mr. B SRINIVASA RAO,Male,64Y,9866436001,Dr. SIDDHARTH REDDY  ALLA,OPRInv1021-20265162736,"ANESTHETIA SGA, COLONOSCOPY, ENDOSCOPY",,13100,0,0,13100,8300,4800,UPI - PhonePe,K PRATHIMA,Walk-In,Walk-In
16-05-2026,MR10210006173,OP10210011463,Mr. B SRINIVASA RAO,Male,64Y,9866436001,Dr. SIDDHARTH REDDY  ALLA,OPRInv1021-20265162736,"ANESTHETIA SGA, COLONOSCOPY, ENDOSCOPY",,13100,0,4800,0,0,0,Cash,K PRATHIMA,Walk-In,Walk-In
16-05-2026,MR10210006180,OP10210011471,Mrs. K ANJAMMA,Female,73Y,6304519423,Dr. SIDDHARTH REDDY  ALLA,OPRInv1021-20265162737,"ECG , ENDOSCOPY",,3500,0,0,3500,3500,0,Cash,K PRATHIMA,Walk-In,Walk-In
16-05-2026,MR10210006181,OP10210011473,Mr. SK MUZAHED HUSSAIN,Male,24Y,7569163200,Dr. SIDDHARTH REDDY  ALLA,OPRInv1021-20265162738,ENDOSCOPY,,3300,0,0,3300,3300,0,UPI - PhonePe,K PRATHIMA,Walk-In,Walk-In
16-05-2026,MR10210006178,OP10210011466,Mr. N KODANDA RAMUDU,Male,31Y,7661898810,Dr. SIDDHARTH REDDY  ALLA,OPRInv1021-20265162739,ENDOSCOPY,,3300,0,0,3300,3300,0,UPI - PhonePe,K PRATHIMA,Walk-In,Walk-In
16-05-2026,MR10210006184,OP10210011485,Mrs. P SUSEELA,Female,66Y,9052524811,Dr. SIDDHARTH REDDY  ALLA,OPRInv1021-20265162740,ENDOSCOPY,,3300,0,0,3300,3300,0,Cash,K PRATHIMA,Walk-In,Walk-In
16-05-2026,MR10210006185,OP10210011486,Mr. SK MOHATAJ KHAJA,Male,55Y,7587288589,Dr. SIDDHARTH REDDY  ALLA,OPRInv1021-20265162741,ENDOSCOPY,,3300,0,0,3300,3300,0,UPI - PhonePe,K PRATHIMA,Walk-In,Walk-In
16-05-2026,MR10210006184,OP10210011487,Mrs. P SUSEELA,Female,66Y,9052524811,Dr. SIDDHARTH REDDY  ALLA,OPRInv1021-20265162742,RUT,,500,0,0,500,500,0,Cash,K PRATHIMA,Walk-In,Walk-In
16-05-2026,MR10210006185,OP10210011488,Mr. SK MOHATAJ KHAJA,Male,55Y,7587288589,Dr. SIDDHARTH REDDY  ALLA,OPRInv1021-20265162743,RUT,,500,0,0,500,500,0,Cash,K PRATHIMA,Walk-In,Walk-In
16-05-2026,MR10210006178,OP10210011466,Mr. N KODANDA RAMUDU,Male,31Y,7661898810,Dr. SIDDHARTH REDDY  ALLA,OPRInv1021-20265162744,RUT,,500,0,0,500,500,0,UPI - PhonePe,RUPA N,Walk-In,Walk-In
16-05-2026,MR10210006181,OP10210011473,Mr. SK MUZAHED HUSSAIN,Male,24Y,7569163200,Dr. SIDDHARTH REDDY  ALLA,OPRInv1021-20265162745,RUT,,500,0,0,500,500,0,UPI - PhonePe,RUPA N,Walk-In,Walk-In
16-05-2026,MR10210006186,OP10210011489,Mrs. G VENKATA RATNAM,Female,65Y,7330931637,Dr. SIDDHARTH REDDY  ALLA,OPRInv1021-20265162746,ENDOSCOPY,,3300,0,0,3300,3300,0,Cash,RUPA N,Walk-In,Walk-In
16-05-2026,MR10210006186,OP10210011492,Mrs. G VENKATA RATNAM,Female,65Y,7330931637,Dr. SIDDHARTH REDDY  ALLA,OPRInv1021-20265162747,BIOPSY SMALL,,1500,0,0,1500,1500,0,Cash,RUPA N,Walk-In,Walk-In
18-05-2026,MR10210006192,OP10210011504,Mr. B KONDAL RAO,Male,47Y,9030531017,Dr. SIDDHARTH REDDY  ALLA,OPRInv1021-20265182748,ENDOSCOPY,,3300,0,0,3300,0,3300,Cash,K PRATHIMA,Walk-In,Walk-In
27-05-2026,MR10210006192,OP10210011504,Mr. B KONDAL RAO,Male,47Y,9030531017,Dr. SIDDHARTH REDDY  ALLA,OPRInv1021-20265182748,ENDOSCOPY,,3300,0,3300,0,3300,-3300,Cash,K PRATHIMA,Walk-In,Walk-In
18-05-2026,MR10210006191,OP10210011501,Mr. T VENKATA GIRI,Male,51Y,9032427736,Dr. SIDDHARTH REDDY  ALLA,OPRInv1021-20265182749,ENDOSCOPY,,3300,0,0,3300,3300,0,UPI - PhonePe,K PRATHIMA,Walk-In,Walk-In
18-05-2026,MR10210002304,OP10210011510,Mrs. PADMAJA G,Female,54Y,9951435929,Dr. SIDDHARTH REDDY  ALLA,OPRInv1021-20265182750,"ANESTHETIA SGA, COLONOSCOPY",,9800,0,0,9800,9800,0,Cash,K PRATHIMA,Walk-In,Walk-In
18-05-2026,MR10210006195,OP10210011509,Mrs. K RAMA,Female,54Y,9908101875,Dr. SIDDHARTH REDDY  ALLA,OPRInv1021-20265182751,ENDOSCOPY,,3300,0,0,3300,3300,0,Cash,K PRATHIMA,Walk-In,Walk-In
18-05-2026,MR10210006193,OP10210011506,Mrs. V VIJAYA LAKSHMI,Female,53Y,9182775634,Dr. SIDDHARTH REDDY  ALLA,OPRInv1021-20265182752,ENDOSCOPY,,3300,0,0,3300,3300,0,UPI - PhonePe,K PRATHIMA,Walk-In,Walk-In
18-05-2026,MR10210001578,OP10210011511,Mr. L GOVINDH ,Male,36Y,9000713430,Dr. SIDDHARTH REDDY  ALLA,OPRInv1021-20265182753,ENDOSCOPY,,3300,0,0,3300,3300,0,UPI - PhonePe,K PRATHIMA,Walk-In,Walk-In
18-05-2026,MR10210006193,OP10210011506,Mrs. V VIJAYA LAKSHMI,Female,53Y,9182775634,Dr. SIDDHARTH REDDY  ALLA,OPRInv1021-20265182754,RUT,,500,0,0,500,500,0,UPI - PhonePe,K PRATHIMA,Walk-In,Walk-In
18-05-2026,MR10210006199,OP10210011520,Mrs. G BALA KUMARI,Female,70Y,9652534575,Dr. SIDDHARTH REDDY  ALLA,OPRInv1021-20265182755,"ECG , ENDOSCOPY",,3500,0,0,3500,3500,0,Cash,K PRATHIMA,Walk-In,Walk-In
18-05-2026,MR10210006197,OP10210011516,Mrs. P NAGAMMA,Female,60Y,8790912490,Dr. SIDDHARTH REDDY  ALLA,OPRInv1021-20265182756,ENDOSCOPY,,3300,0,0,3300,3300,0,UPI - PhonePe,K PRATHIMA,Walk-In,Walk-In
18-05-2026,MR10210006199,OP10210011521,Mrs. G BALA KUMARI,Female,70Y,9652534575,Dr. SIDDHARTH REDDY  ALLA,OPRInv1021-20265182757,RUT,,500,0,0,500,500,0,Cash,K PRATHIMA,Walk-In,Walk-In
18-05-2026,MR10210006200,OP10210011523,Mr. N SIVA PRASAD,Male,41Y,8121280148,Dr. SIDDHARTH REDDY  ALLA,OPRInv1021-20265182758,ENDOSCOPY,,3300,0,0,3300,0,3300,Cash,K PRATHIMA,Walk-In,Walk-In
27-05-2026,MR10210006200,OP10210011523,Mr. N SIVA PRASAD,Male,41Y,8121280148,Dr. SIDDHARTH REDDY  ALLA,OPRInv1021-20265182758,ENDOSCOPY,,3300,0,3300,0,3300,-3300,Cash,K PRATHIMA,Walk-In,Walk-In
18-05-2026,MR10210006200,OP10210011524,Mr. N SIVA PRASAD,Male,41Y,8121280148,Dr. SIDDHARTH REDDY  ALLA,OPRInv1021-20265182759,RUT,,500,0,0,500,0,500,Cash,K PRATHIMA,Walk-In,Walk-In
27-05-2026,MR10210006200,OP10210011524,Mr. N SIVA PRASAD,Male,41Y,8121280148,Dr. SIDDHARTH REDDY  ALLA,OPRInv1021-20265182759,RUT,,500,0,500,0,0,0,Cash,K PRATHIMA,Walk-In,Walk-In
18-05-2026,MR10210006201,OP10210011526,Mrs. K MISAMMA,Female,58Y,7702836131,Dr. SIDDHARTH REDDY  ALLA,OPRInv1021-20265182760,ENDOSCOPY,,3300,0,0,3300,3000,300,UPI - PhonePe,K PRATHIMA,Walk-In,Walk-In
18-05-2026,MR10210006201,OP10210011526,Mrs. K MISAMMA,Female,58Y,7702836131,Dr. SIDDHARTH REDDY  ALLA,OPRInv1021-20265182760,ENDOSCOPY,,3300,0,0,300,300,0,Cash,K PRATHIMA,Walk-In,Walk-In
18-05-2026,MR10210006201,OP10210011527,Mrs. K MISAMMA,Female,58Y,7702836131,Dr. SIDDHARTH REDDY  ALLA,OPRInv1021-20265182761,RUT,,500,0,0,500,500,0,Cash,K PRATHIMA,Walk-In,Walk-In
18-05-2026,MR10210006201,OP10210011528,Mrs. K MISAMMA,Female,58Y,7702836131,Dr. SIDDHARTH REDDY  ALLA,OPRInv1021-20265182762,BIOPSY SMALL,,1500,0,0,1500,500,1000,Cash,K PRATHIMA,Walk-In,Walk-In
21-05-2026,MR10210006201,OP10210011528,Mrs. K MISAMMA,Female,58Y,7702836131,Dr. SIDDHARTH REDDY  ALLA,OPRInv1021-20265182762,BIOPSY SMALL,,1500,0,1000,0,0,0,Cash,K PRATHIMA,Walk-In,Walk-In
18-05-2026,MR10210006197,OP10210011516,Mrs. P NAGAMMA,Female,60Y,8790912490,Dr. SIDDHARTH REDDY  ALLA,OPRInv1021-20265182763,RUT,,500,0,0,500,500,0,Cash,K PRATHIMA,Walk-In,Walk-In
18-05-2026,MR10210006192,OP10210011531,Mr. B KONDAL RAO,Male,47Y,9030531017,Dr. SIDDHARTH REDDY  ALLA,OPRInv1021-20265182764,"ANESTHETIA SGA, COLONOSCOPY",,9800,0,0,9800,0,9800,Cash,K PRATHIMA,Walk-In,Walk-In
27-05-2026,MR10210006192,OP10210011531,Mr. B KONDAL RAO,Male,47Y,9030531017,Dr. SIDDHARTH REDDY  ALLA,OPRInv1021-20265182764,"ANESTHETIA SGA, COLONOSCOPY",,9800,0,9800,0,0,0,Cash,K PRATHIMA,Walk-In,Walk-In
19-05-2026,MR10210001578,OP10210011511,Mr. L GOVINDH ,Male,36Y,9000713430,Dr. SIDDHARTH REDDY  ALLA,OPRInv1021-20265192765,RUT,,500,0,0,500,500,0,Cash,K PRATHIMA,Walk-In,Walk-In
19-05-2026,MR10210005536,OP10210011555,Mrs. K RAJINI,Female,30Y,7729942694,Dr. SIDDHARTH REDDY  ALLA,OPRInv1021-20265192766,ENDOSCOPY,,3300,0,0,3300,2300,1000,Cash,K PRATHIMA,Walk-In,Walk-In
19-05-2026,MR10210005536,OP10210011555,Mrs. K RAJINI,Female,30Y,7729942694,Dr. SIDDHARTH REDDY  ALLA,OPRInv1021-20265192766,ENDOSCOPY,,3300,0,0,1000,1000,0,UPI - PhonePe,K PRATHIMA,Walk-In,Walk-In
19-05-2026,MR10210005536,OP10210011555,Mrs. K RAJINI,Female,30Y,7729942694,Dr. SIDDHARTH REDDY  ALLA,OPRInv1021-20265192767,RUT,,500,0,0,500,500,0,UPI - PhonePe,K PRATHIMA,Walk-In,Walk-In
19-05-2026,MR10210006215,OP10210011558,Baby. A VENKATA RITHVIK,Female,6Y,7901055879,Dr. SIDDHARTH REDDY  ALLA,OPRInv1021-20265192768,"ANESTHETIA SGA, FOREIGN BODY REMOVAL - BLUNT",,15500,0,0,15500,11000,4500,UPI - PhonePe,K PRATHIMA,Walk-In,Walk-In
19-05-2026,MR10210006215,OP10210011558,Baby. A VENKATA RITHVIK,Female,6Y,7901055879,Dr. SIDDHARTH REDDY  ALLA,OPRInv1021-20265192768,"ANESTHETIA SGA, FOREIGN BODY REMOVAL - BLUNT",,15500,0,4500,0,0,0,Cash,K PRATHIMA,Walk-In,Walk-In
20-05-2026,MR10210005407,OP10210011561,Mrs. CH RAJINI KUMARI,Female,61Y,9885880806,Dr. SIDDHARTH REDDY  ALLA,OPRInv1021-20265202769,"ANESTHETIA SGA, COLONOSCOPY",,9800,0,0,9800,9800,0,UPI - PhonePe,RUPA N,Walk-In,Walk-In
20-05-2026,MR10210006217,OP10210011562,Mrs. G NANCHARAMMA,Female,68Y,9493378287,Dr. SIDDHARTH REDDY  ALLA,OPRInv1021-20265202770,ENDOSCOPY,,3300,0,0,3300,3300,0,UPI - PhonePe,RUPA N,Walk-In,Walk-In
20-05-2026,MR10210006219,OP10210011564,Mrs. A SHANTHA KUMARI,Female,41Y,8500387478,Dr. SIDDHARTH REDDY  ALLA,OPRInv1021-20265202771,"ANESTHETIA SGA, COLONOSCOPY",,9800,0,0,9800,9800,0,UPI - PhonePe,RUPA N,Walk-In,Walk-In
20-05-2026,MR10210000499,OP10210011559,Mr. NAGA BHUSHANA RAO A,Male,62Y,9490256602,Dr. SIDDHARTH REDDY  ALLA,OPRInv1021-20265202772,"ANESTHETIA SGA, EVL BANDING ",,18500,0,0,18500,18500,0,UPI - PhonePe,RUPA N,Walk-In,Walk-In
20-05-2026,MR10210006218,OP10210011563,Ms. A SINDHUJA,Female,25Y,7330944915,Dr. SIDDHARTH REDDY  ALLA,OPRInv1021-20265202773,ENDOSCOPY,,3300,0,0,3300,3300,0,UPI - PhonePe,RUPA N,Walk-In,Walk-In
20-05-2026,MR10210006220,OP10210011565,Mrs. Y AMBHIKA,Female,32Y,9948982868,Dr. SIDDHARTH REDDY  ALLA,OPRInv1021-20265202774,ENDOSCOPY,,3300,0,0,3300,3300,0,Cash,RUPA N,Walk-In,Walk-In
20-05-2026,MR10210006224,OP10210011569,Mr. S SAMELU,Male,60Y,9908436476,Dr. SIDDHARTH REDDY  ALLA,OPRInv1021-20265202775,ENDOSCOPY,,3300,0,0,3300,0,3300,Cash,RUPA N,Walk-In,Walk-In
27-05-2026,MR10210006224,OP10210011569,Mr. S SAMELU,Male,60Y,9908436476,Dr. SIDDHARTH REDDY  ALLA,OPRInv1021-20265202775,ENDOSCOPY,,3300,0,3300,0,0,0,Cash,RUPA N,Walk-In,Walk-In
20-05-2026,MR10210006224,OP10210011573,Mr. S SAMELU,Male,60Y,9908436476,Dr. SIDDHARTH REDDY  ALLA,OPRInv1021-20265202776,RUT,,500,0,0,500,0,500,Cash,RUPA N,Walk-In,Walk-In
27-05-2026,MR10210006224,OP10210011573,Mr. S SAMELU,Male,60Y,9908436476,Dr. SIDDHARTH REDDY  ALLA,OPRInv1021-20265202776,RUT,,500,0,500,0,0,0,Cash,RUPA N,Walk-In,Walk-In
20-05-2026,MR10210006226,OP10210011575,Mr. CH PEDDA VEERAIAH,Male,76Y,9440251904,Dr. SIDDHARTH REDDY  ALLA,OPRInv1021-20265202777,ENDOSCOPY,,3300,0,0,3300,3300,0,UPI - PhonePe,BHARGAV CHOWDARY,Walk-In,Walk-In
20-05-2026,MR10210006218,OP10210011563,Ms. A SINDHUJA,Female,25Y,7330944915,Dr. SIDDHARTH REDDY  ALLA,OPRInv1021-20265202778,"ANESTHETIA SGA, SG DILATATION",,18500,2500,0,16000,16000,0,UPI - PhonePe,BHARGAV CHOWDARY,Walk-In,Walk-In
21-05-2026,MR10210006221,OP10210011586,Mr. P HARI,Male,53Y,9848294446,Dr. SIDDHARTH REDDY  ALLA,OPRInv1021-20265212779,"ANESTHETIA SGA, COLONOSCOPY, ENDOSCOPY",,13100,0,0,13100,13100,0,Cash,RUPA N,Walk-In,Walk-In
21-05-2026,MR10210006213,OP10210011585,Mrs. M VENNILA,Female,25Y,9848841969,Dr. SIDDHARTH REDDY  ALLA,OPRInv1021-20265212780,ENDOSCOPY,,3300,0,0,3300,2300,1000,UPI - PhonePe,RUPA N,Walk-In,Walk-In
21-05-2026,MR10210006213,OP10210011585,Mrs. M VENNILA,Female,25Y,9848841969,Dr. SIDDHARTH REDDY  ALLA,OPRInv1021-20265212780,ENDOSCOPY,,3300,0,1000,0,0,0,Cash,RUPA N,Walk-In,Walk-In
21-05-2026,MR10210006132,OP10210011589,Mr. M NAGA SERATH KUMAR,Male,49Y,9866256242,Dr. SIDDHARTH REDDY  ALLA,OPRInv1021-20265212781,ENDOSCOPY,,3300,0,0,3300,3300,0,UPI - PhonePe,RUPA N,Walk-In,Walk-In
21-05-2026,MR10210006132,OP10210011589,Mr. M NAGA SERATH KUMAR,Male,49Y,9866256242,Dr. SIDDHARTH REDDY  ALLA,OPRInv1021-20265212782,RUT,,500,0,0,500,500,0,Cash,RUPA N,Walk-In,Walk-In
21-05-2026,MR10210006221,OP10210011586,Mr. P HARI,Male,53Y,9848294446,Dr. SIDDHARTH REDDY  ALLA,OPRInv1021-20265212783,BIOPSY SMALL,,1500,0,0,1500,1000,500,Cash,RUPA N,Walk-In,Walk-In
27-05-2026,MR10210006221,OP10210011586,Mr. P HARI,Male,53Y,9848294446,Dr. SIDDHARTH REDDY  ALLA,OPRInv1021-20265212783,BIOPSY SMALL,,1500,0,500,0,0,0,Cash,RUPA N,Walk-In,Walk-In
21-05-2026,MR10210006231,OP10210011596,Mrs. SK BAZI,Female,41Y,9182378274,Dr. SIDDHARTH REDDY  ALLA,OPRInv1021-20265212784,ENDOSCOPY,,3300,0,0,3300,3300,0,UPI - PhonePe,RUPA N,Walk-In,Walk-In
21-05-2026,MR10210006231,OP10210011596,Mrs. SK BAZI,Female,41Y,9182378274,Dr. SIDDHARTH REDDY  ALLA,OPRInv1021-20265212785,RUT,,500,0,0,500,500,0,Cash,RUPA N,Walk-In,Walk-In
21-05-2026,MR10210006232,OP10210011597,Mr. K PAVAN RAJA SEKHAR,Male,38Y,9494413869,Dr. SIDDHARTH REDDY  ALLA,OPRInv1021-20265212786,ENDOSCOPY,,3300,0,0,3300,3300,0,Cash,RUPA N,Walk-In,Walk-In
21-05-2026,MR10210006232,OP10210011598,Mr. K PAVAN RAJA SEKHAR,Male,38Y,9494413869,Dr. SIDDHARTH REDDY  ALLA,OPRInv1021-20265212787,RUT,,500,0,0,500,500,0,Cash,RUPA N,Walk-In,Walk-In
21-05-2026,MR10210006233,OP10210011599,Mrs. Y JANSI,Female,72Y,6302593016,Dr. SIDDHARTH REDDY  ALLA,OPRInv1021-20265212788,"ANESTHETIA SGA, COLONOSCOPY",,9800,0,0,9800,9800,0,UPI - PhonePe,RUPA N,Walk-In,Walk-In
21-05-2026,MR10210006234,OP10210011602,Baby. V MOJESH PAUL,Female,5Y,8143091830,Dr. SIDDHARTH REDDY  ALLA,OPRInv1021-20265212789,"ANESTHETIA SGA, FOREIGN BODY REMOVAL - BLUNT",,15500,0,0,15500,15000,500,Cash,RUPA N,Walk-In,Walk-In
09-06-2026,MR10210006234,OP10210011602,Baby. V MOJESH PAUL,Female,5Y,8143091830,Dr. SIDDHARTH REDDY  ALLA,OPRInv1021-20265212789,"ANESTHETIA SGA, FOREIGN BODY REMOVAL - BLUNT",,15500,0,500,0,0,0,Cash,RUPA N,Walk-In,Walk-In
22-05-2026,MR10210006237,OP10210011610,Ms. P SRI LAKSHMI,Female,30Y,8008992528,Dr. SIDDHARTH REDDY  ALLA,OPRInv1021-20265222790,ENDOSCOPY,,3300,0,0,3300,3300,0,UPI - PhonePe,RUPA N,Walk-In,Walk-In
22-05-2026,MR10210006237,OP10210011614,Ms. P SRI LAKSHMI,Female,30Y,8008992528,Dr. SIDDHARTH REDDY  ALLA,OPRInv1021-20265222791,RUT,,500,0,0,500,500,0,UPI - PhonePe,RUPA N,Walk-In,Walk-In
22-05-2026,MR10210006239,OP10210011617,Mr. R ALFRED,Male,48Y,7396863028,Dr. SIDDHARTH REDDY  ALLA,OPRInv1021-20265222792,ENDOSCOPY,,3300,0,0,3300,3300,0,Cash,RUPA N,Walk-In,Walk-In
22-05-2026,MR10210006239,OP10210011617,Mr. R ALFRED,Male,48Y,7396863028,Dr. SIDDHARTH REDDY  ALLA,OPRInv1021-20265222793,RUT,,500,0,0,500,500,0,Cash,RUPA N,Walk-In,Walk-In
23-05-2026,MR10210006242,OP10210011628,Mrs. CH SUBBA LAKSHMI,Female,39Y,9032079842,Dr. SIDDHARTH REDDY  ALLA,OPRInv1021-20265232794,ENDOSCOPY,,3300,0,0,3300,3300,0,UPI - PhonePe,RUPA N,Walk-In,Walk-In
23-05-2026,MR10210002531,OP10210011630,Mr. M CHANIKYA ,Male,34Y,9490984757,Dr. SIDDHARTH REDDY  ALLA,OPRInv1021-20265232795,ENDOSCOPY,,3300,0,0,3300,3300,0,Cash,RUPA N,Walk-In,Walk-In
23-05-2026,MR10210002531,OP10210011630,Mr. M CHANIKYA ,Male,34Y,9490984757,Dr. SIDDHARTH REDDY  ALLA,OPRInv1021-20265232796,BIOPSY SMALL,,1500,0,0,1500,1000,500,Cash,RUPA N,Walk-In,Walk-In
09-06-2026,MR10210002531,OP10210011630,Mr. M CHANIKYA ,Male,34Y,9490984757,Dr. SIDDHARTH REDDY  ALLA,OPRInv1021-20265232796,BIOPSY SMALL,,1500,0,500,0,500,-500,Cash,RUPA N,Walk-In,Walk-In
23-05-2026,MR10210006246,OP10210011639,Mrs. M SUJATHA,Female,46Y,6301788329,Dr. SIDDHARTH REDDY  ALLA,OPRInv1021-20265232797,ENDOSCOPY,,3300,0,0,3300,3300,0,UPI - PhonePe,RUPA N,Walk-In,Walk-In
23-05-2026,MR10210006248,OP10210011641,Mrs. K LAVANYA,Female,43Y,9885230931,Dr. SIDDHARTH REDDY  ALLA,OPRInv1021-20265232798,"ANESTHETIA SGA, COLONOSCOPY",,9800,0,0,9800,9800,0,UPI - PhonePe,RUPA N,Walk-In,Walk-In
23-05-2026,MR10210006251,OP10210011647,Mrs. S KRISHNAVENI,Female,55Y,9490277918,Dr. SIDDHARTH REDDY  ALLA,OPRInv1021-20265232799,ENDOSCOPY,,3300,0,0,3300,3300,0,UPI - PhonePe,RUPA N,Walk-In,Walk-In
23-05-2026,MR10210006251,OP10210011649,Mrs. S KRISHNAVENI,Female,55Y,9490277918,Dr. SIDDHARTH REDDY  ALLA,OPRInv1021-20265232800,RUT,,500,0,0,500,500,0,UPI - PhonePe,RUPA N,Walk-In,Walk-In
25-05-2026,MR10210006255,OP10210011663,Mrs. K LAKSHMI KUMARI,Female,70Y,8331916569,Dr. SIDDHARTH REDDY  ALLA,OPRInv1021-20265252801,ENDOSCOPY,,3300,0,0,3300,3300,0,UPI - PhonePe,RUPA N,Walk-In,Walk-In
25-05-2026,MR10210006259,OP10210011665,Mr. K PULLAIAH,Male,70Y,7730075006,Dr. SIDDHARTH REDDY  ALLA,OPRInv1021-20265252802,"ANESTHETIA SGA, COLONOSCOPY",,9800,0,0,9800,9800,0,Cash,RUPA N,Walk-In,Walk-In
25-05-2026,MR10210006268,OP10210011683,Mrs. D RENUKA DEVI,Female,53Y,9573317484,Dr. SIDDHARTH REDDY  ALLA,OPRInv1021-20265252803,ENDOSCOPY,,3300,0,0,3300,3300,0,UPI - PhonePe,BHARGAV CHOWDARY,Walk-In,Walk-In
25-05-2026,MR10210006269,OP10210011684,Mrs. B SATYAVATHI,Female,40Y,7893117740,Dr. SIDDHARTH REDDY  ALLA,OPRInv1021-20265252804,ENDOSCOPY,,3300,0,0,3300,3300,0,Cash,BHARGAV CHOWDARY,Walk-In,Walk-In
25-05-2026,MR10210006259,OP10210011677,Mr. K PULLAIAH,Male,70Y,7730075006,Dr. NST TEJASWI ALLA,OPRInv1021-20265252805,BIOPSY SMALL,,1500,0,0,1500,1500,0,Cash,BHARGAV CHOWDARY,Walk-In,Walk-In
26-05-2026,MR10210006271,OP10210011689,Mrs. A VENKATA RATHNA KUMARI,Female,58Y,9949897938,Dr. SIDDHARTH REDDY  ALLA,OPRInv1021-20265262806,"ANESTHETIA SGA, COLONOSCOPY, ENDOSCOPY",,13100,0,0,13100,13100,0,UPI - PhonePe,K PRATHIMA,Walk-In,Walk-In
26-05-2026,MR10210006263,OP10210011691,Mrs. CH V S N PADMAVATHI,Female,65Y,9441253972,Dr. SIDDHARTH REDDY  ALLA,OPRInv1021-20265262807,ENDOSCOPY,,3300,0,0,3300,3300,0,Cash,K PRATHIMA,Walk-In,Walk-In
26-05-2026,MR10210006263,OP10210011691,Mrs. CH V S N PADMAVATHI,Female,65Y,9441253972,Dr. SIDDHARTH REDDY  ALLA,OPRInv1021-20265262808,BIOPSY SMALL,,1500,0,0,1500,1500,0,Cash,K PRATHIMA,Walk-In,Walk-In
26-05-2026,MR10210006272,OP10210011695,Mrs. P VIJAYA LAKSHMI,Female,30Y,9381889725,Dr. SIDDHARTH REDDY  ALLA,OPRInv1021-20265262809,ENDOSCOPY,,3300,0,0,3300,3300,0,Cash,K PRATHIMA,Walk-In,Walk-In
26-05-2026,MR10210006271,OP10210011699,Mrs. A VENKATA RATHNA KUMARI,Female,58Y,9949897938,Dr. SIDDHARTH REDDY  ALLA,OPRInv1021-20265262810,RUT,,500,0,0,500,500,0,Cash,K PRATHIMA,Walk-In,Walk-In
26-05-2026,MR10210006275,OP10210011702,Mr. B MANA RAM,Male,55Y,8790777234,Dr. SIDDHARTH REDDY  ALLA,OPRInv1021-20265262811,ENDOSCOPY,,3300,0,0,3300,3300,0,Cash,K PRATHIMA,Walk-In,Walk-In
27-05-2026,MR10210006279,OP10210011711,Mr. K KOTESWARA RAO,Male,60Y,7730973069,Dr. SIDDHARTH REDDY  ALLA,OPRInv1021-20265272812,ENDOSCOPY,,3300,0,0,3300,3300,0,Cash,K PRATHIMA,Walk-In,Walk-In
27-05-2026,MR10210006278,OP10210011709,Mr. M NAGAIAH,Male,85Y,8886779123,Dr. SIDDHARTH REDDY  ALLA,OPRInv1021-20265272813,ENDOSCOPY,,3300,0,0,3300,3300,0,Cash,K PRATHIMA,Walk-In,Walk-In
27-05-2026,MR10210004549,OP10210011710,Mrs. V PAVANI,Female,42Y,9491957835,Dr. SIDDHARTH REDDY  ALLA,OPRInv1021-20265272814,ENDOSCOPY,,3300,500,0,2800,2800,0,Cash,K PRATHIMA,Walk-In,Walk-In
27-05-2026,MR10210006279,OP10210011711,Mr. K KOTESWARA RAO,Male,60Y,7730973069,Dr. SIDDHARTH REDDY  ALLA,OPRInv1021-20265272815,"ANESTHETIA SGA, COLONOSCOPY",,9800,1000,0,8800,8800,0,UPI - PhonePe,K PRATHIMA,Walk-In,Walk-In
27-05-2026,MR10210006280,OP10210011712,Mrs. G RAMANI,Female,31Y,9966857937,Dr. SIDDHARTH REDDY  ALLA,OPRInv1021-20265272816,"ENDOSCOPY, RUT",,3800,0,0,3800,3800,0,Cash,K PRATHIMA,Walk-In,Walk-In
27-05-2026,MR10210006278,OP10210011709,Mr. M NAGAIAH,Male,85Y,8886779123,Dr. SIDDHARTH REDDY  ALLA,OPRInv1021-20265272817,RUT,,500,0,0,500,500,0,Cash,K PRATHIMA,Walk-In,Walk-In
27-05-2026,MR10210006284,OP10210011720,Mr. T KARUNAKAR REDDY,Male,30Y,9963559121,Dr. SIDDHARTH REDDY  ALLA,OPRInv1021-20265272818,ENDOSCOPY,,3300,0,0,3300,3300,0,UPI - PhonePe,K PRATHIMA,Walk-In,Walk-In
27-05-2026,MR10210006284,OP10210011720,Mr. T KARUNAKAR REDDY,Male,30Y,9963559121,Dr. SIDDHARTH REDDY  ALLA,OPRInv1021-20265272819,RUT,,500,0,0,500,500,0,UPI - PhonePe,K PRATHIMA,Walk-In,Walk-In
27-05-2026,MR10210006288,OP10210011728,Mrs. J PUNYAVATHI,Female,48Y,9848286060,Dr. SIDDHARTH REDDY  ALLA,OPRInv1021-20265272820,ENDOSCOPY,,3300,0,0,3300,3300,0,UPI - PhonePe,K PRATHIMA,Walk-In,Walk-In
27-05-2026,MR10210006288,OP10210011729,Mrs. J PUNYAVATHI,Female,48Y,9848286060,Dr. SIDDHARTH REDDY  ALLA,OPRInv1021-20265272821,RUT,,500,0,0,500,500,0,UPI - PhonePe,K PRATHIMA,Walk-In,Walk-In
27-05-2026,MR10210006290,OP10210011731,Mrs. K SREE VIDYA,Female,41Y,8105963904,Dr. SIDDHARTH REDDY  ALLA,OPRInv1021-20265272822,ENDOSCOPY,,3300,0,0,3300,3300,0,UPI - PhonePe,K PRATHIMA,Walk-In,Walk-In
27-05-2026,MR10210006290,OP10210011733,Mrs. K SREE VIDYA,Female,41Y,8105963904,Dr. SIDDHARTH REDDY  ALLA,OPRInv1021-20265272823,RUT,,500,0,0,500,500,0,UPI - PhonePe,K PRATHIMA,Walk-In,Walk-In
28-05-2026,MR10210006294,OP10210011739,Mr. M THRIEEVEKRAMA RAO,Male,53Y,9705319667,Dr. SIDDHARTH REDDY  ALLA,OPRInv1021-20265282824,SIGMOIDOSCOPY,,3300,0,0,3300,3300,0,UPI - PhonePe,K PRATHIMA,Walk-In,Walk-In
28-05-2026,MR10210004947,OP10210011735,Mr. AVIMANI PAKEERAIAH,Male,60Y,8008446603,Dr. SIDDHARTH REDDY  ALLA,OPRInv1021-20265282825,ENDOSCOPY,,3300,0,0,3300,3300,0,Cash,K PRATHIMA,Walk-In,Walk-In
28-05-2026,MR10210006291,OP10210011736,Mr. CH MAREDDY,Male,40Y,9154288555,Dr. SIDDHARTH REDDY  ALLA,OPRInv1021-20265282826,ENDOSCOPY,,3300,500,0,2800,2800,0,Cash,K PRATHIMA,Walk-In,Walk-In
28-05-2026,MR10210006286,OP10210011745,Mr. G VASU,Male,26Y,9398198499,Dr. SIDDHARTH REDDY  ALLA,OPRInv1021-20265282827,ENDOSCOPY,,3300,0,0,3300,3300,0,Cash,K PRATHIMA,Walk-In,Walk-In
28-05-2026,MR10210006286,OP10210011745,Mr. G VASU,Male,26Y,9398198499,Dr. SIDDHARTH REDDY  ALLA,OPRInv1021-20265282828,RUT,,500,0,0,500,500,0,Cash,K PRATHIMA,Walk-In,Walk-In
28-05-2026,MR10210006182,OP10210011746,Mr. M VENKATA SHESHAGIRI RAO,Male,63Y,9441819718,Dr. SIDDHARTH REDDY  ALLA,OPRInv1021-20265282829,"ANESTHETIA SGA, COLONOSCOPY, ENDOSCOPY",,13100,0,0,13100,10100,3000,UPI - PhonePe,K PRATHIMA,Walk-In,Walk-In
28-05-2026,MR10210006182,OP10210011746,Mr. M VENKATA SHESHAGIRI RAO,Male,63Y,9441819718,Dr. SIDDHARTH REDDY  ALLA,OPRInv1021-20265282829,"ANESTHETIA SGA, COLONOSCOPY, ENDOSCOPY",,13100,0,3000,0,0,0,Cash,K PRATHIMA,Walk-In,Walk-In
28-05-2026,MR10210006291,OP10210011736,Mr. CH MAREDDY,Male,40Y,9154288555,Dr. SIDDHARTH REDDY  ALLA,OPRInv1021-20265282830,RUT,,500,0,0,500,500,0,Cash,K PRATHIMA,Walk-In,Walk-In
28-05-2026,MR10210006182,OP10210011746,Mr. M VENKATA SHESHAGIRI RAO,Male,63Y,9441819718,Dr. SIDDHARTH REDDY  ALLA,OPRInv1021-20265282831,RUT,,500,0,0,500,500,0,Cash,K PRATHIMA,Walk-In,Walk-In
28-05-2026,MR10210006296,OP10210011742,Mr. P SYAM SUNDAR,Male,32Y,9059776756,Dr. SIDDHARTH REDDY  ALLA,OPRInv1021-20265282832,RUT,,500,0,0,500,500,0,UPI - PhonePe,K PRATHIMA,Walk-In,Walk-In
28-05-2026,MR10210006296,OP10210011742,Mr. P SYAM SUNDAR,Male,32Y,9059776756,Dr. SIDDHARTH REDDY  ALLA,OPRInv1021-20265282833,ENDOSCOPY,,3300,0,0,3300,3300,0,Card,K PRATHIMA,Walk-In,Walk-In
29-05-2026,MR10210006306,OP10210011761,Mrs. R JAYAMMA,Female,62Y,6305956755,Dr. SIDDHARTH REDDY  ALLA,OPRInv1021-20265292834,ENDOSCOPY,,3300,0,0,3300,3300,0,Cash,K PRATHIMA,Walk-In,Walk-In
29-05-2026,MR10210005859,OP10210011762,Mrs. CH YAMINI KUMARI,Female,68Y,9133545104,Dr. SIDDHARTH REDDY  ALLA,OPRInv1021-20265292835,ENDOSCOPY,,3300,0,0,3300,3300,0,UPI - PhonePe,K PRATHIMA,Walk-In,Walk-In
29-05-2026,MR10210006309,OP10210011765,Mr. CH MANIKYA RAO,Male,25Y,9493725214,Dr. SIDDHARTH REDDY  ALLA,OPRInv1021-20265292836,ENDOSCOPY,,3300,0,0,3300,3300,0,UPI - PhonePe,K PRATHIMA,Walk-In,Walk-In
29-05-2026,MR10210006308,OP10210011764,Mr. T SRINIVASA RAO,Male,45Y,9059619844,Dr. SIDDHARTH REDDY  ALLA,OPRInv1021-20265292837,ENDOSCOPY,,3300,0,0,3300,3300,0,Cash,K PRATHIMA,Walk-In,Walk-In
29-05-2026,MR10210006309,OP10210011769,Mr. CH MANIKYA RAO,Male,25Y,9493725214,Dr. SIDDHARTH REDDY  ALLA,OPRInv1021-20265292838,RUT,,500,0,0,500,500,0,UPI - PhonePe,K PRATHIMA,Walk-In,Walk-In
29-05-2026,MR10210006187,OP10210011770,Mrs. K SIRISHA,Female,32Y,9490443039,Dr. SIDDHARTH REDDY  ALLA,OPRInv1021-20265292839,ENDOSCOPY,,3300,500,0,2800,2800,0,UPI - PhonePe,K PRATHIMA,Walk-In,Walk-In
29-05-2026,MR10210006306,OP10210011761,Mrs. R JAYAMMA,Female,62Y,6305956755,Dr. SIDDHARTH REDDY  ALLA,OPRInv1021-20265292840,RUT,,500,0,0,500,500,0,Cash,K PRATHIMA,Walk-In,Walk-In
29-05-2026,MR10210006308,OP10210011764,Mr. T SRINIVASA RAO,Male,45Y,9059619844,Dr. SIDDHARTH REDDY  ALLA,OPRInv1021-20265292841,RUT,,500,0,0,500,500,0,Cash,K PRATHIMA,Walk-In,Walk-In
29-05-2026,MR10210005859,OP10210011762,Mrs. CH YAMINI KUMARI,Female,68Y,9133545104,Dr. SIDDHARTH REDDY  ALLA,OPRInv1021-20265292842,"ANESTHETIA SGA, EVL BANDING ",,18500,3300,0,15200,15200,0,UPI - PhonePe,RUPA N,Walk-In,Walk-In
29-05-2026,MR10210006310,OP10210011772,Baby. G SOUNDARYA,Female,9Y,9177436388,Dr. SIDDHARTH REDDY  ALLA,OPRInv1021-20265292843,ENDOSCOPY,,3300,0,0,3300,3300,0,UPI - PhonePe,RUPA N,Walk-In,Walk-In
29-05-2026,MR10210006080,OP10210011777,Mrs. SK MOHIDIN BEE,Female,23Y,8978973947,Dr. SIDDHARTH REDDY  ALLA,OPRInv1021-20265292844,UGISCOPY + STENT REMOVAL,,5000,0,0,5000,3300,1700,UPI - PhonePe,RUPA N,Walk-In,Walk-In
09-06-2026,MR10210006080,OP10210011777,Mrs. SK MOHIDIN BEE,Female,23Y,8978973947,Dr. SIDDHARTH REDDY  ALLA,OPRInv1021-20265292844,UGISCOPY + STENT REMOVAL,,5000,0,1700,0,0,0,Cash,RUPA N,Walk-In,Walk-In
30-05-2026,MR10210006315,OP10210011782,Mr. K TANDAVA KRISHNA,Male,32Y,9492169609,Dr. SIDDHARTH REDDY  ALLA,OPRInv1021-20265302845,ENDOSCOPY,,3300,500,0,2800,2800,0,Cash,K PRATHIMA,Walk-In,Walk-In
30-05-2026,MR10210006316,OP10210011783,Mr. A RAVINDRA REDDY,Male,38Y,9963299955,Dr. SIDDHARTH REDDY  ALLA,OPRInv1021-20265302846,ENDOSCOPY,,3300,500,0,2800,2800,0,UPI - PhonePe,K PRATHIMA,Walk-In,Walk-In
30-05-2026,MR10210006318,OP10210011792,Mr. K CHINNA SAIDAIAH,Male,42Y,9866712997,Dr. SIDDHARTH REDDY  ALLA,OPRInv1021-20265302847,"ANESTHETIA SGA, COLONOSCOPY",,9800,0,0,9800,9800,0,UPI - PhonePe,K PRATHIMA,Walk-In,Walk-In
30-05-2026,MR10210006316,OP10210011783,Mr. A RAVINDRA REDDY,Male,38Y,9963299955,Dr. SIDDHARTH REDDY  ALLA,OPRInv1021-20265302848,RUT,,500,0,0,500,500,0,Cash,K PRATHIMA,Walk-In,Walk-In
30-05-2026,MR10210006169,OP10210011794,Mr. P VEERANJINEYULU,Male,55Y,9640197696,Dr. SIDDHARTH REDDY  ALLA,OPRInv1021-20265302849,ENDOSCOPY,,3300,0,0,3300,3300,0,Cash,K PRATHIMA,Walk-In,Walk-In
30-05-2026,MR10210006327,OP10210011821,Mr. DASARI PRASAD,Male,60Y,9966741742,Dr. SIDDHARTH REDDY  ALLA,OPRInv1021-20265302850,ENDOSCOPY,,3300,0,0,3300,3300,0,Card,BHARGAV CHOWDARY,Walk-In,Walk-In
30-05-2026,MR10210006327,OP10210011822,Mr. DASARI PRASAD,Male,60Y,9966741742,Dr. SIDDHARTH REDDY  ALLA,OPRInv1021-20265302851,RUT,,500,0,0,500,500,0,Cash,RUPA N,Walk-In,Walk-In
31-05-2026,MR10210006328,OP10210011828,Ms. V GAYATHRI,Female,20Y,9346620737,Dr. SIDDHARTH REDDY  ALLA,OPRInv1021-20265312852,ENDOSCOPY,,3300,0,0,3300,2300,1000,UPI - PhonePe,RUPA N,Walk-In,Walk-In
09-06-2026,MR10210006328,OP10210011828,Ms. V GAYATHRI,Female,20Y,9346620737,Dr. SIDDHARTH REDDY  ALLA,OPRInv1021-20265312852,ENDOSCOPY,,3300,0,1000,0,0,0,Cash,RUPA N,Walk-In,Walk-In
31-05-2026,MR10210006328,OP10210011831,Ms. V GAYATHRI,Female,20Y,9346620737,Dr. SIDDHARTH REDDY  ALLA,OPRInv1021-20265312853,RUT,,500,0,0,500,500,0,UPI - PhonePe,RUPA N,Walk-In,Walk-In
01-06-2026,MR10210006216,OP10210011852,Mr. B VENKATESWARLU,Male,27Y,8919335659,Dr. SIDDHARTH REDDY  ALLA,OPRInv1021-2026612854,BIOPSY LARGE,,3000,0,0,3000,3000,0,Cash,K PRATHIMA,Walk-In,Walk-In
01-06-2026,MR10210006335,OP10210011853,Mr. B JAI BABU,Male,35Y,9703060125,Dr. SIDDHARTH REDDY  ALLA,OPRInv1021-2026612855,ENDOSCOPY,,3300,0,0,3300,3300,0,Cash,K PRATHIMA,Walk-In,Walk-In
01-06-2026,MR10210006338,OP10210011858,Mrs. B SUNITHA,Female,45Y,9908668543,Dr. SIDDHARTH REDDY  ALLA,OPRInv1021-2026612856,ENDOSCOPY,,3300,0,0,3300,3300,0,UPI - PhonePe,K PRATHIMA,Walk-In,Walk-In
01-06-2026,MR10210006338,OP10210011863,Mrs. B SUNITHA,Female,45Y,9908668543,Dr. SIDDHARTH REDDY  ALLA,OPRInv1021-2026612857,RUT,,500,0,0,500,500,0,Cash,K PRATHIMA,Walk-In,Walk-In
02-06-2026,MR10210006343,OP10210011878,Mrs. T SEETHA RAVAMMA,Female,52Y,6305682846,Dr. SIDDHARTH REDDY  ALLA,OPRInv1021-2026622858,ENDOSCOPY,,3300,0,0,3300,3300,0,Cash,RUPA N,Walk-In,Walk-In
02-06-2026,MR10210006343,OP10210011881,Mrs. T SEETHA RAVAMMA,Female,52Y,6305682846,Dr. SIDDHARTH REDDY  ALLA,OPRInv1021-2026622859,RUT,,500,0,0,500,500,0,Cash,RUPA N,Walk-In,Walk-In
02-06-2026,MR10210005733,OP10210011877,Mrs. VANAJAKSHI G,Female,72Y,8317566609,Dr. SIDDHARTH REDDY  ALLA,OPRInv1021-2026622860,ENDOSCOPY,,3300,0,0,3300,3300,0,Cash,K PRATHIMA,Walk-In,Walk-In
03-06-2026,MR10210006342,OP10210011892,Mr. K P V PRASAD,Male,58Y,9949369040,Dr. SIDDHARTH REDDY  ALLA,OPRInv1021-2026632861,"ANESTHETIA SGA, COLONOSCOPY",,9800,0,0,9800,7800,2000,UPI - PhonePe,K PRATHIMA,Walk-In,Walk-In
09-06-2026,MR10210006342,OP10210011892,Mr. K P V PRASAD,Male,58Y,9949369040,Dr. SIDDHARTH REDDY  ALLA,OPRInv1021-2026632861,"ANESTHETIA SGA, COLONOSCOPY",,9800,0,2000,0,0,0,Cash,K PRATHIMA,Walk-In,Walk-In
03-06-2026,MR10210006074,OP10210011894,Mrs. S PADMAVATHI,Female,60Y,9393787777,Dr. SIDDHARTH REDDY  ALLA,OPRInv1021-2026632862,SIGMOIDOSCOPY,,3300,0,0,3300,3300,0,UPI - PhonePe,K PRATHIMA,Walk-In,Walk-In
03-06-2026,MR10210006349,OP10210011898,Mr. G SRI HARI RAJU,Male,44Y,9705273523,Dr. SIDDHARTH REDDY  ALLA,OPRInv1021-2026632863,ENDOSCOPY,,3300,0,0,3300,3300,0,Cash,K PRATHIMA,Walk-In,Walk-In
03-06-2026,MR10210006351,OP10210011907,Mrs. Y SAKUNTHALA,Female,65Y,9949193956,Dr. SIDDHARTH REDDY  ALLA,OPRInv1021-2026632864,"ANESTHETIA SGA, COLONOSCOPY, ENDOSCOPY",,13100,0,0,13100,0,13100,Cash,K PRATHIMA,Walk-In,Walk-In
26-07-2026,MR10210006351,OP10210011907,Mrs. Y SAKUNTHALA,Female,65Y,9949193956,Dr. SIDDHARTH REDDY  ALLA,OPRInv1021-2026632864,"ANESTHETIA SGA, COLONOSCOPY, ENDOSCOPY",,13100,0,13100,0,0,0,Cash,K PRATHIMA,Walk-In,Walk-In
03-06-2026,MR10210006352,OP10210011908,Mr. CH VENKATESWARAO,Male,56Y,9703792531,Dr. SIDDHARTH REDDY  ALLA,OPRInv1021-2026632865,ENDOSCOPY,,3300,0,0,3300,3300,0,Cash,K PRATHIMA,Walk-In,Walk-In
03-06-2026,MR10210006351,OP10210011911,Mrs. Y SAKUNTHALA,Female,65Y,9949193956,Dr. SIDDHARTH REDDY  ALLA,OPRInv1021-2026632866,RUT,,500,0,0,500,0,500,Cash,K PRATHIMA,Walk-In,Walk-In
26-07-2026,MR10210006351,OP10210011911,Mrs. Y SAKUNTHALA,Female,65Y,9949193956,Dr. SIDDHARTH REDDY  ALLA,OPRInv1021-2026632866,RUT,,500,0,13100,-12600,0,-12600,Cash,K PRATHIMA,Walk-In,Walk-In
03-06-2026,MR10210006349,OP10210011898,Mr. G SRI HARI RAJU,Male,44Y,9705273523,Dr. SIDDHARTH REDDY  ALLA,OPRInv1021-2026632867,RUT,,500,0,0,500,500,0,Cash,K PRATHIMA,Walk-In,Walk-In
04-06-2026,MR10210006356,OP10210011916,Mr. M RAMA KRISHNA,Male,65Y,7013864287,Dr. SIDDHARTH REDDY  ALLA,OPRInv1021-2026642868,ENDOSCOPY,,3300,0,0,3300,3300,0,Cash,K PRATHIMA,Walk-In,Walk-In
04-06-2026,MR10210006358,OP10210011918,Mr. S ANJI REDDY,Male,34Y,9966662208,Dr. SIDDHARTH REDDY  ALLA,OPRInv1021-2026642869,ENDOSCOPY,,3300,0,0,3300,3300,0,UPI - PhonePe,K PRATHIMA,Walk-In,Walk-In
04-06-2026,MR10210006357,OP10210011917,Mrs. L NAGA MANI,Female,43Y,9985072667,Dr. SIDDHARTH REDDY  ALLA,OPRInv1021-2026642870,"ANESTHETIA SGA, COLONOSCOPY, ENDOSCOPY",,13100,0,0,13100,13100,0,UPI - PhonePe,K PRATHIMA,Walk-In,Walk-In
04-06-2026,MR10210006362,OP10210011926,Mr. K VEERAIAH,Male,70Y,8367063502,Dr. SIDDHARTH REDDY  ALLA,OPRInv1021-2026642871,ENDOSCOPY,,3300,0,0,3300,3300,0,Cash,K PRATHIMA,Walk-In,Walk-In
04-06-2026,MR10210006358,OP10210011918,Mr. S ANJI REDDY,Male,34Y,9966662208,Dr. SIDDHARTH REDDY  ALLA,OPRInv1021-2026642872,RUT,,500,0,0,500,500,0,UPI - PhonePe,K PRATHIMA,Walk-In,Walk-In
04-06-2026,MR10210006361,OP10210011925,Mrs. D ANNAMMA,Female,41Y,9989873744,Dr. NST TEJASWI ALLA,OPRInv1021-2026642873,"ENDOSCOPY, RUT",,3800,0,0,3800,3800,0,UPI - PhonePe,K PRATHIMA,Walk-In,Walk-In
04-06-2026,MR10210006357,OP10210011917,Mrs. L NAGA MANI,Female,43Y,9985072667,Dr. SIDDHARTH REDDY  ALLA,OPRInv1021-2026642874,BIOPSY SMALL,,1500,0,0,1500,1500,0,UPI - PhonePe,K PRATHIMA,Walk-In,Walk-In
04-06-2026,MR10210006363,OP10210011933,Mrs. R KOTESWARAMMA,Female,47Y,9581541548,Dr. SIDDHARTH REDDY  ALLA,OPRInv1021-2026642875,ENDOSCOPY,,3300,0,0,3300,3300,0,Cash,K PRATHIMA,Walk-In,Walk-In
04-06-2026,MR10210006363,OP10210011933,Mrs. R KOTESWARAMMA,Female,47Y,9581541548,Dr. SIDDHARTH REDDY  ALLA,OPRInv1021-2026642876,RUT,,500,0,0,500,500,0,Cash,K PRATHIMA,Walk-In,Walk-In
05-06-2026,MR10210005934,OP10210011943,Mrs. K K RAJESWARI,Female,69Y,9948606586,Dr. SIDDHARTH REDDY  ALLA,OPRInv1021-2026652877,ENDOSCOPY,,3300,0,0,3300,3300,0,UPI - PhonePe,K PRATHIMA,Walk-In,Walk-In
05-06-2026,MR10210006070,OP10210011947,Mr. K SRINIVAS REDDY,Male,54Y,9441213613,Dr. SIDDHARTH REDDY  ALLA,OPRInv1021-2026652878,COLONOSCOPY,,6300,0,0,6300,4800,1500,Cash,K PRATHIMA,Walk-In,Walk-In
09-06-2026,MR10210006070,OP10210011947,Mr. K SRINIVAS REDDY,Male,54Y,9441213613,Dr. SIDDHARTH REDDY  ALLA,OPRInv1021-2026652878,COLONOSCOPY,,6300,0,1500,0,0,0,Cash,K PRATHIMA,Walk-In,Walk-In
05-06-2026,MR10210006301,OP10210011944,Mr. P SIVA REDDY,Male,48Y,9160473141,Dr. SIDDHARTH REDDY  ALLA,OPRInv1021-2026652879,ENDOSCOPY,,3300,0,0,3300,3300,0,UPI - PhonePe,K PRATHIMA,Walk-In,Walk-In
05-06-2026,MR10210005934,OP10210011943,Mrs. K K RAJESWARI,Female,69Y,9948606586,Dr. SIDDHARTH REDDY  ALLA,OPRInv1021-2026652880,RUT,,500,0,0,500,500,0,UPI - PhonePe,K PRATHIMA,Walk-In,Walk-In
05-06-2026,MR10210002573,OP10210011951,Mrs. d sowmya ,Female,28Y,9494418848,Dr. SIDDHARTH REDDY  ALLA,OPRInv1021-2026652881,ENDOSCOPY,,3300,500,0,2800,2800,0,UPI - PhonePe,K PRATHIMA,Walk-In,Walk-In
05-06-2026,MR10210002573,OP10210011951,Mrs. d sowmya ,Female,28Y,9494418848,Dr. SIDDHARTH REDDY  ALLA,OPRInv1021-2026652882,RUT,,500,0,0,500,500,0,UPI - PhonePe,K PRATHIMA,Walk-In,Walk-In
05-06-2026,MR10210006301,OP10210011944,Mr. P SIVA REDDY,Male,48Y,9160473141,Dr. SIDDHARTH REDDY  ALLA,OPRInv1021-2026652883,RUT,,500,0,0,500,500,0,Cash,K PRATHIMA,Walk-In,Walk-In
05-06-2026,MR10210006375,OP10210011967,Mr. SK AADIL,Male,29Y,9505958322,Dr. SIDDHARTH REDDY  ALLA,OPRInv1021-2026652884,SIGMOIDOSCOPY,,3300,0,0,3300,3300,0,Card,K PRATHIMA,Walk-In,Walk-In
05-06-2026,MR10210006376,OP10210011970,Mrs. V RAMA DEVI,Female,58Y,9553268440,Dr. SIDDHARTH REDDY  ALLA,OPRInv1021-2026652885,"ANESTHETIA SGA, COLONOSCOPY",,9800,0,0,9800,9800,0,UPI - PhonePe,K PRATHIMA,Walk-In,Walk-In
05-06-2026,MR10210006375,OP10210011972,Mr. SK AADIL,Male,29Y,9505958322,Dr. SIDDHARTH REDDY  ALLA,OPRInv1021-2026652886,BIOPSY SMALL,,1500,0,0,1500,1500,0,UPI - PhonePe,K PRATHIMA,Walk-In,Walk-In
06-06-2026,MR10210006350,OP10210011983,Mr. I SADHA SIVA,Male,70Y,9866907604,Dr. SIDDHARTH REDDY  ALLA,OPRInv1021-2026662887,ENDOSCOPY,,3300,0,0,3300,3300,0,Cash,K PRATHIMA,Walk-In,Walk-In
06-06-2026,MR10210006379,OP10210011979,Mr. A SUBBA REDDY,Male,75Y,9912120770,Dr. SIDDHARTH REDDY  ALLA,OPRInv1021-2026662888,ENDOSCOPY,,3300,0,0,3300,2300,1000,Cash,K PRATHIMA,Walk-In,Walk-In
09-06-2026,MR10210006379,OP10210011979,Mr. A SUBBA REDDY,Male,75Y,9912120770,Dr. SIDDHARTH REDDY  ALLA,OPRInv1021-2026662888,ENDOSCOPY,,3300,0,1000,0,0,0,Cash,K PRATHIMA,Walk-In,Walk-In
06-06-2026,MR10210006350,OP10210011983,Mr. I SADHA SIVA,Male,70Y,9866907604,Dr. SIDDHARTH REDDY  ALLA,OPRInv1021-2026662889,RUT,,500,0,0,500,500,0,Cash,K PRATHIMA,Walk-In,Walk-In
06-06-2026,MR10210006387,OP10210011997,Mrs. P LAKSHMI DEVI,Female,55Y,8309263754,Dr. SIDDHARTH REDDY  ALLA,OPRInv1021-2026662890,ENDOSCOPY,,3300,0,0,3300,0,3300,Cash,K PRATHIMA,Walk-In,Walk-In
09-06-2026,MR10210006387,OP10210011997,Mrs. P LAKSHMI DEVI,Female,55Y,8309263754,Dr. SIDDHARTH REDDY  ALLA,OPRInv1021-2026662890,ENDOSCOPY,,3300,0,3300,0,0,0,Cash,K PRATHIMA,Walk-In,Walk-In
06-06-2026,MR10210006388,OP10210011998,Mr. K SURESH BABU,Male,44Y,9618071831,Dr. SIDDHARTH REDDY  ALLA,OPRInv1021-2026662891,ENDOSCOPY,,3300,0,0,3300,3300,0,Cash,K PRATHIMA,Walk-In,Walk-In
06-06-2026,MR10210006390,OP10210012002,Mrs. M SIVA RAVAMMA,Female,55Y,6281224975,Dr. SIDDHARTH REDDY  ALLA,OPRInv1021-2026662892,"ANESTHETIA SGA, COLONOSCOPY",,9800,0,0,9800,7800,2000,Cash,K PRATHIMA,Walk-In,Walk-In
09-06-2026,MR10210006390,OP10210012002,Mrs. M SIVA RAVAMMA,Female,55Y,6281224975,Dr. SIDDHARTH REDDY  ALLA,OPRInv1021-2026662892,"ANESTHETIA SGA, COLONOSCOPY",,9800,0,2000,0,0,0,Cash,K PRATHIMA,Walk-In,Walk-In
08-06-2026,MR10210006394,OP10210012015,Mrs. SK HASEENA BEGUM,Female,55Y,9985921883,Dr. SIDDHARTH REDDY  ALLA,OPRInv1021-2026682893,ENDOSCOPY,,3300,0,0,3300,3000,300,Cash,K PRATHIMA,Walk-In,Walk-In
08-06-2026,MR10210006394,OP10210012015,Mrs. SK HASEENA BEGUM,Female,55Y,9985921883,Dr. SIDDHARTH REDDY  ALLA,OPRInv1021-2026682893,ENDOSCOPY,,3300,0,0,300,300,0,UPI - PhonePe,K PRATHIMA,Walk-In,Walk-In
08-06-2026,MR10210006395,OP10210012017,Mr. B NAGESWARA RAO,Male,63Y,8247322756,Dr. SIDDHARTH REDDY  ALLA,OPRInv1021-2026682894,ENDOSCOPY,,3300,0,0,3300,1500,1800,Cash,K PRATHIMA,Walk-In,Walk-In
09-06-2026,MR10210006395,OP10210012017,Mr. B NAGESWARA RAO,Male,63Y,8247322756,Dr. SIDDHARTH REDDY  ALLA,OPRInv1021-2026682894,ENDOSCOPY,,3300,0,1800,0,0,0,Cash,K PRATHIMA,Walk-In,Walk-In
08-06-2026,MR10210006396,OP10210012022,Mr. K MANOJ,Male,23Y,9100905487,Dr. SIDDHARTH REDDY  ALLA,OPRInv1021-2026682895,ENDOSCOPY,,3300,0,0,3300,3300,0,UPI - PhonePe,K PRATHIMA,Walk-In,Walk-In
08-06-2026,MR10210006396,OP10210012022,Mr. K MANOJ,Male,23Y,9100905487,Dr. SIDDHARTH REDDY  ALLA,OPRInv1021-2026682896,RUT,,500,0,0,500,500,0,UPI - PhonePe,K PRATHIMA,Walk-In,Walk-In
08-06-2026,MR10210005676,OP10210012032,Mrs. N INDHRANI,Female,47Y,9010859623,Dr. SIDDHARTH REDDY  ALLA,OPRInv1021-2026682897,ENDOSCOPY,,3300,300,0,3000,3000,0,UPI - PhonePe,K PRATHIMA,Walk-In,Walk-In
09-06-2026,MR10210006405,OP10210012051,Mrs. R PADMA,Female,29Y,9000172401,Dr. SIDDHARTH REDDY  ALLA,OPRInv1021-2026692898,ENDOSCOPY,,3300,500,0,2800,2800,0,Cash,K PRATHIMA,Walk-In,Walk-In
09-06-2026,MR10210006406,OP10210012054,Mr. B VENKATA BALA RANGAIAH,Male,45Y,9347004546,Dr. NST TEJASWI ALLA,OPRInv1021-2026692899,ENDOSCOPY,,3300,0,0,3300,3300,0,UPI - PhonePe,K PRATHIMA,Walk-In,Walk-In
09-06-2026,MR10210006406,OP10210012052,Mr. B VENKATA BALA RANGAIAH,Male,45Y,9347004546,Dr. SIDDHARTH REDDY  ALLA,OPRInv1021-2026692900,RUT,,500,0,0,500,500,0,Cash,K PRATHIMA,Walk-In,Walk-In
10-06-2026,MR10210005876,OP10210012067,Mrs. S AGNESU,Female,36Y,7386853454,Dr. SIDDHARTH REDDY  ALLA,OPRInv1021-20266102901,ENDOSCOPY,,3300,0,0,3300,3300,0,Cash,K PRATHIMA,Walk-In,Walk-In
10-06-2026,MR10210006412,OP10210012068,Mrs. G SITHAMMA,Female,64Y,9000611638,Dr. SIDDHARTH REDDY  ALLA,OPRInv1021-20266102902,ECG ,,200,0,0,200,200,0,Cash,K PRATHIMA,Walk-In,Walk-In
10-06-2026,MR10210006412,OP10210012070,Mrs. G SITHAMMA,Female,64Y,9000611638,Dr. SIDDHARTH REDDY  ALLA,OPRInv1021-20266102903,"ANESTHETIA SGA, COLONOSCOPY",,9800,1500,0,8300,8300,0,Cash,K PRATHIMA,Walk-In,Walk-In
10-06-2026,MR10210005876,OP10210012067,Mrs. S AGNESU,Female,36Y,7386853454,Dr. SIDDHARTH REDDY  ALLA,OPRInv1021-20266102904,RUT,,500,0,0,500,500,0,Cash,K PRATHIMA,Walk-In,Walk-In
10-06-2026,MR10210006418,OP10210012080,Mrs. G NAGA VENKATA MANOGNA,Female,23Y,9505896133,Dr. SIDDHARTH REDDY  ALLA,OPRInv1021-20266102905,"ANESTHETIA SGA, COLONOSCOPY",,9800,0,0,9800,9800,0,UPI - PhonePe,K PRATHIMA,Walk-In,Walk-In
10-06-2026,MR10210006420,OP10210012083,Mrs. K RAMA DEVI,Female,49Y,6303614109,Dr. SIDDHARTH REDDY  ALLA,OPRInv1021-20266102906,ENDOSCOPY,,3300,0,0,3300,1800,1500,Cash,K PRATHIMA,Walk-In,Walk-In
11-06-2026,MR10210006420,OP10210012083,Mrs. K RAMA DEVI,Female,49Y,6303614109,Dr. SIDDHARTH REDDY  ALLA,OPRInv1021-20266102906,ENDOSCOPY,,3300,0,1500,0,0,0,Cash,K PRATHIMA,Walk-In,Walk-In
10-06-2026,MR10210006416,OP10210012077,Mr. T SIVA ANIL KUMAR,Male,43Y,9490188273,Dr. SIDDHARTH REDDY  ALLA,OPRInv1021-20266102907,COLONOSCOPY,,6300,0,0,6300,6300,0,UPI - PhonePe,K PRATHIMA,Walk-In,Walk-In
10-06-2026,MR10210006420,OP10210012086,Mrs. K RAMA DEVI,Female,49Y,6303614109,Dr. SIDDHARTH REDDY  ALLA,OPRInv1021-20266102908,RUT,,500,0,0,500,500,0,Cash,K PRATHIMA,Walk-In,Walk-In
10-06-2026,MR10210006412,OP10210012090,Mrs. G SITHAMMA,Female,64Y,9000611638,Dr. SIDDHARTH REDDY  ALLA,OPRInv1021-20266102909,BIOPSY SMALL,,1500,0,0,1500,1500,0,Cash,K PRATHIMA,Walk-In,Walk-In
10-06-2026,MR10210006412,OP10210012091,Mrs. G SITHAMMA,Female,64Y,9000611638,Dr. SIDDHARTH REDDY  ALLA,OPRInv1021-20266102910,BIOPSY SMALL,,1500,0,0,1500,1500,0,Cash,K PRATHIMA,Walk-In,Walk-In
10-06-2026,MR10210006416,OP10210012077,Mr. T SIVA ANIL KUMAR,Male,43Y,9490188273,Dr. SIDDHARTH REDDY  ALLA,OPRInv1021-20266102911,BIOPSY SMALL,,1500,0,0,1500,500,1000,UPI - PhonePe,K PRATHIMA,Walk-In,Walk-In
11-06-2026,MR10210006416,OP10210012077,Mr. T SIVA ANIL KUMAR,Male,43Y,9490188273,Dr. SIDDHARTH REDDY  ALLA,OPRInv1021-20266102911,BIOPSY SMALL,,1500,0,1000,0,0,0,Cash,K PRATHIMA,Walk-In,Walk-In
11-06-2026,MR10210006426,OP10210012101,Mr. B SRIDHAR BABU,Male,51Y,8121226717,Dr. SIDDHARTH REDDY  ALLA,OPRInv1021-20266112912,COLONOSCOPY,,6300,0,0,6300,4300,2000,Cash,K PRATHIMA,Walk-In,Walk-In
11-06-2026,MR10210006426,OP10210012101,Mr. B SRIDHAR BABU,Male,51Y,8121226717,Dr. SIDDHARTH REDDY  ALLA,OPRInv1021-20266112912,COLONOSCOPY,,6300,0,2000,0,0,0,Cash,K PRATHIMA,Walk-In,Walk-In
11-06-2026,MR10210006428,OP10210012102,Mr. M KOTAIAH,Male,47Y,9949289908,Dr. SIDDHARTH REDDY  ALLA,OPRInv1021-20266112913,ENDOSCOPY,,3300,0,0,3300,3300,0,UPI - PhonePe,K PRATHIMA,Walk-In,Walk-In
11-06-2026,MR10210006430,OP10210012104,Mrs. R RANGA KUMARI,Female,64Y,9052982552,Dr. SIDDHARTH REDDY  ALLA,OPRInv1021-20266112914,"ANESTHETIA SGA, COLONOSCOPY, ENDOSCOPY",,13100,0,0,13100,13100,0,UPI - PhonePe,K PRATHIMA,Walk-In,Walk-In
11-06-2026,MR10210006429,OP10210012103,Mrs. D MANIKYAM,Female,60Y,9502581560,Dr. SIDDHARTH REDDY  ALLA,OPRInv1021-20266112915,ENDOSCOPY,,3300,0,0,3300,3300,0,Cash,K PRATHIMA,Walk-In,Walk-In
11-06-2026,MR10210006431,OP10210012105,Mr. J KRANTHI,Male,35Y,9642918925,Dr. SIDDHARTH REDDY  ALLA,OPRInv1021-20266112916,ENDOSCOPY,,3300,0,0,3300,3300,0,Cash,K PRATHIMA,Walk-In,Walk-In
11-06-2026,MR10210006424,OP10210012096,Mr. K TRINADH,Male,34Y,8978914904,Dr. SIDDHARTH REDDY  ALLA,OPRInv1021-20266112917,"ANESTHETIA SGA, COLONOSCOPY, ENDOSCOPY",,13100,1500,0,11600,0,11600,UPI - PhonePe,K PRATHIMA,Walk-In,Walk-In
11-06-2026,MR10210006424,OP10210012096,Mr. K TRINADH,Male,34Y,8978914904,Dr. SIDDHARTH REDDY  ALLA,OPRInv1021-20266112917,"ANESTHETIA SGA, COLONOSCOPY, ENDOSCOPY",,13100,1500,0,11600,11600,0,UPI - PhonePe,K PRATHIMA,Walk-In,Walk-In
11-06-2026,MR10210006428,OP10210012102,Mr. M KOTAIAH,Male,47Y,9949289908,Dr. SIDDHARTH REDDY  ALLA,OPRInv1021-20266112918,RUT,,500,0,0,500,500,0,Cash,K PRATHIMA,Walk-In,Walk-In
11-06-2026,MR10210006429,OP10210012108,Mrs. D MANIKYAM,Female,60Y,9502581560,Dr. NST TEJASWI ALLA,OPRInv1021-20266112919,RUT,,500,0,0,500,500,0,Cash,K PRATHIMA,Walk-In,Walk-In
11-06-2026,MR10210006431,OP10210012105,Mr. J KRANTHI,Male,35Y,9642918925,Dr. SIDDHARTH REDDY  ALLA,OPRInv1021-20266112920,RUT,,500,0,0,500,500,0,Cash,K PRATHIMA,Walk-In,Walk-In
12-06-2026,MR10210006439,OP10210012124,Mr. P ARUN KUMAR,Male,30Y,9705394482,Dr. SIDDHARTH REDDY  ALLA,OPRInv1021-20266122921,ENDOSCOPY,,3300,0,0,3300,3300,0,Cash,K PRATHIMA,Walk-In,Walk-In
12-06-2026,MR10210006439,OP10210012124,Mr. P ARUN KUMAR,Male,30Y,9705394482,Dr. SIDDHARTH REDDY  ALLA,OPRInv1021-20266122922,RUT,,500,0,0,500,500,0,Cash,K PRATHIMA,Walk-In,Walk-In
12-06-2026,MR10210006443,OP10210012136,Mrs. D VENKATA RAMANA KUMARI,Female,42Y,8341182952,Dr. SIDDHARTH REDDY  ALLA,OPRInv1021-20266122923,ENDOSCOPY,,3300,0,0,3300,3300,0,UPI - PhonePe,K PRATHIMA,Walk-In,Walk-In
13-06-2026,MR10210006452,OP10210012157,Mrs. L ARUNA KUMARI,Female,54Y,8919556881,Dr. SIDDHARTH REDDY  ALLA,OPRInv1021-20266132924,ENDOSCOPY,,3300,0,0,3300,3300,0,UPI - PhonePe,K PRATHIMA,Walk-In,Walk-In
13-06-2026,MR10210006453,OP10210012158,Mr. P SHIVAIAH,Male,69Y,9440249095,Dr. SIDDHARTH REDDY  ALLA,OPRInv1021-20266132925,ENDOSCOPY,,3300,0,0,3300,3300,0,UPI - PhonePe,K PRATHIMA,Walk-In,Walk-In
13-06-2026,MR10210006453,OP10210012158,Mr. P SHIVAIAH,Male,69Y,9440249095,Dr. SIDDHARTH REDDY  ALLA,OPRInv1021-20266132926,BIOPSY SMALL,,1500,0,0,1500,1500,0,UPI - PhonePe,K PRATHIMA,Walk-In,Walk-In
13-06-2026,MR10210002649,OP10210012161,Mr. T RICHAD PREETHAM ,Male,28Y,7798465274,Dr. SIDDHARTH REDDY  ALLA,OPRInv1021-20266132927,"ANESTHETIA SGA, COLONOSCOPY",,9800,0,0,9800,9800,0,UPI - PhonePe,K PRATHIMA,Walk-In,Walk-In
13-06-2026,MR10210006456,OP10210012165,Mr. D SRINIVASA RAO,Male,53Y,8466025795,Dr. SIDDHARTH REDDY  ALLA,OPRInv1021-20266132928,ENDOSCOPY,,3300,0,0,3300,3300,0,UPI - PhonePe,K PRATHIMA,Walk-In,Walk-In
13-06-2026,MR10210006401,OP10210012166,Mr. CH BAJI,Male,29Y,9110384911,Dr. SIDDHARTH REDDY  ALLA,OPRInv1021-20266132929,ENDOSCOPY,,3300,0,0,3300,3300,0,UPI - PhonePe,RUPA N,Walk-In,Walk-In
13-06-2026,MR10210006457,OP10210012167,Mrs. S SIVA PARAVATHI,Female,45Y,8790771996,Dr. SIDDHARTH REDDY  ALLA,OPRInv1021-20266132930,ENDOSCOPY,,3300,0,0,3300,3300,0,Cash,RUPA N,Walk-In,Walk-In
13-06-2026,MR10210006401,OP10210012166,Mr. CH BAJI,Male,29Y,9110384911,Dr. SIDDHARTH REDDY  ALLA,OPRInv1021-20266132931,RUT,,500,0,0,500,500,0,UPI - PhonePe,RUPA N,Walk-In,Walk-In
13-06-2026,MR10210006459,OP10210012172,Mrs. K GOVARDHANA,Female,45Y,9666933737,Dr. SIDDHARTH REDDY  ALLA,OPRInv1021-20266132932,ENDOSCOPY,,3300,0,0,3300,3300,0,Cash,RUPA N,Walk-In,Walk-In
13-06-2026,MR10210006459,OP10210012173,Mrs. K GOVARDHANA,Female,45Y,9666933737,Dr. SIDDHARTH REDDY  ALLA,OPRInv1021-20266132933,RUT,,500,0,0,500,500,0,Cash,RUPA N,Walk-In,Walk-In
13-06-2026,MR10210006452,OP10210012157,Mrs. L ARUNA KUMARI,Female,54Y,8919556881,Dr. SIDDHARTH REDDY  ALLA,OPRInv1021-20266132934,RUT,,500,0,0,500,500,0,Cash,RUPA N,Walk-In,Walk-In
13-06-2026,MR10210006457,OP10210012167,Mrs. S SIVA PARAVATHI,Female,45Y,8790771996,Dr. SIDDHARTH REDDY  ALLA,OPRInv1021-20266132935,RUT,,500,0,0,500,500,0,Cash,RUPA N,Walk-In,Walk-In
15-06-2026,MR10210006467,OP10210012187,Master. K ARJUN,Male,16Y,9553233669,Dr. SIDDHARTH REDDY  ALLA,OPRInv1021-20266152936,SIGMOIDOSCOPY,,3300,0,0,3300,3300,0,UPI - PhonePe,K PRATHIMA,Walk-In,Walk-In
15-06-2026,MR10210006463,OP10210012189,Mrs. P SHOBA,Female,38Y,9515524430,Dr. SIDDHARTH REDDY  ALLA,OPRInv1021-20266152937,"ANESTHETIA SGA, COLONOSCOPY, ENDOSCOPY",,13100,0,0,13100,13100,0,UPI - PhonePe,K PRATHIMA,Walk-In,Walk-In
15-06-2026,MR10210006273,OP10210012194,Mrs. CH KARUNA,Female,64Y,9000658461,Dr. SIDDHARTH REDDY  ALLA,OPRInv1021-20266152938,"ANESTHETIA SGA, COLONOSCOPY",,9800,0,0,9800,9800,0,Cash,K PRATHIMA,Walk-In,Walk-In
15-06-2026,MR10210006470,OP10210012191,Mr. M VENKATESWAR RAO,Male,68Y,9553093621,Dr. SIDDHARTH REDDY  ALLA,OPRInv1021-20266152939,ENDOSCOPY,,3300,0,0,3300,3300,0,UPI - PhonePe,K PRATHIMA,Walk-In,Walk-In
15-06-2026,MR10210006468,OP10210012188,Mrs. D VEDAVATHI DEVI,Female,75Y,8977926951,Dr. SIDDHARTH REDDY  ALLA,OPRInv1021-20266152940,"ANESTHETIA SGA, COLONOSCOPY",,9800,0,0,9800,4000,5800,UPI - PhonePe,K PRATHIMA,Walk-In,Walk-In
15-06-2026,MR10210006468,OP10210012188,Mrs. D VEDAVATHI DEVI,Female,75Y,8977926951,Dr. SIDDHARTH REDDY  ALLA,OPRInv1021-20266152940,"ANESTHETIA SGA, COLONOSCOPY",,9800,0,0,5800,5800,0,Cash,K PRATHIMA,Walk-In,Walk-In
15-06-2026,MR10210006476,OP10210012212,Mr. T SIVA NARAYANA REDDY,Male,61Y,8008327243,Dr. SIDDHARTH REDDY  ALLA,OPRInv1021-20266152941,ENDOSCOPY,,3300,0,0,3300,3300,0,UPI - PhonePe,K PRATHIMA,Walk-In,Walk-In
15-06-2026,MR10210000635,OP10210012211,Mr. V VENKATESWARA REDDY ,Male,35Y,9866800703,Dr. SIDDHARTH REDDY  ALLA,OPRInv1021-20266152942,"ANESTHETIA SGA, COLONOSCOPY",,9800,0,0,9800,9800,0,UPI - PhonePe,K PRATHIMA,Walk-In,Walk-In
16-06-2026,MR10210006481,OP10210012225,Mrs. B MANGAMMA,Female,72Y,7993988676,Dr. SIDDHARTH REDDY  ALLA,OPRInv1021-20266162943,ENDOSCOPY,,3300,500,0,2800,2800,0,Card,K PRATHIMA,Walk-In,Walk-In
16-06-2026,MR10210006479,OP10210012223,Mr. A PARDA SARADHI REDDY,Male,90Y,9000878530,Dr. SIDDHARTH REDDY  ALLA,OPRInv1021-20266162944,"2D ECHO, ECG ",,2700,0,0,2700,2700,0,Cash,K PRATHIMA,Walk-In,Walk-In
16-06-2026,MR10210006483,OP10210012227,Mr. R NAGA RAJU,Male,30Y,9032102151,Dr. SIDDHARTH REDDY  ALLA,OPRInv1021-20266162945,ENDOSCOPY,,3300,0,0,3300,3300,0,UPI - PhonePe,K PRATHIMA,Walk-In,Walk-In
16-06-2026,MR10210006408,OP10210012228,Mrs. M VIJAYA LAKSHMI,Female,67Y,9492387059,Dr. SIDDHARTH REDDY  ALLA,OPRInv1021-20266162946,ENDOSCOPY,,3300,0,0,3300,3300,0,Cash,K PRATHIMA,Walk-In,Walk-In
16-06-2026,MR10210006485,OP10210012231,Mr. V PAVAN,Male,33Y,9008121947,Dr. SIDDHARTH REDDY  ALLA,OPRInv1021-20266162947,ENDOSCOPY,,3300,0,0,3300,3300,0,UPI - PhonePe,K PRATHIMA,Walk-In,Walk-In
16-06-2026,MR10210006483,OP10210012227,Mr. R NAGA RAJU,Male,30Y,9032102151,Dr. SIDDHARTH REDDY  ALLA,OPRInv1021-20266162948,RUT,,500,0,0,500,500,0,Cash,K PRATHIMA,Walk-In,Walk-In
16-06-2026,MR10210006485,OP10210012231,Mr. V PAVAN,Male,33Y,9008121947,Dr. SIDDHARTH REDDY  ALLA,OPRInv1021-20266162949,RUT,,500,0,0,500,500,0,UPI - PhonePe,K PRATHIMA,Walk-In,Walk-In
16-06-2026,MR10210006484,OP10210012230,Mr. T VENKATESWARA REDDY,Male,70Y,9949525610,Dr. SIDDHARTH REDDY  ALLA,OPRInv1021-20266162950,ENDOSCOPY,,3300,0,0,3300,3300,0,UPI - PhonePe,K PRATHIMA,Walk-In,Walk-In
16-06-2026,MR10210006479,OP10210012223,Mr. A PARDA SARADHI REDDY,Male,90Y,9000878530,Dr. SIDDHARTH REDDY  ALLA,OPRInv1021-20266162951,"ANESTHETIA SGA, COLONOSCOPY, ENDOSCOPY",,13100,0,0,13100,13100,0,Cash,K PRATHIMA,Walk-In,Walk-In
16-06-2026,MR10210006488,OP10210012238,Mr. N RAM BABU,Male,54Y,9000045535,Dr. SIDDHARTH REDDY  ALLA,OPRInv1021-20266162952,ENDOSCOPY,,3300,0,0,3300,3300,0,Cash,K PRATHIMA,Walk-In,Walk-In
16-06-2026,MR10210006484,OP10210012235,Mr. T VENKATESWARA REDDY,Male,70Y,9949525610,Dr. NST TEJASWI ALLA,OPRInv1021-20266162953,RUT,,500,0,0,500,500,0,Cash,K PRATHIMA,Walk-In,Walk-In
16-06-2026,MR10210006408,OP10210012228,Mrs. M VIJAYA LAKSHMI,Female,67Y,9492387059,Dr. SIDDHARTH REDDY  ALLA,OPRInv1021-20266162954,RUT,,500,0,0,500,500,0,Cash,K PRATHIMA,Walk-In,Walk-In
16-06-2026,MR10210006490,OP10210012244,Mrs. P YESAMMA,Female,65Y,8500533254,Dr. SIDDHARTH REDDY  ALLA,OPRInv1021-20266162955,ENDOSCOPY,,3300,0,0,3300,3300,0,Cash,RUPA N,Walk-In,Walk-In
17-06-2026,MR10210006497,OP10210012265,Mr. T BHAVANI,Male,50Y,9381455046,Dr. SIDDHARTH REDDY  ALLA,OPRInv1021-20266172956,ENDOSCOPY,,3300,0,0,3300,0,3300,Cash,RUPA N,Walk-In,Walk-In
26-07-2026,MR10210006497,OP10210012265,Mr. T BHAVANI,Male,50Y,9381455046,Dr. SIDDHARTH REDDY  ALLA,OPRInv1021-20266172956,ENDOSCOPY,,3300,0,3300,0,0,0,Cash,RUPA N,Walk-In,Walk-In
17-06-2026,MR10210006500,OP10210012272,Mrs. K LAKSHMI,Female,65Y,9052295779,Dr. SIDDHARTH REDDY  ALLA,OPRInv1021-20266172957,ENDOSCOPY,,3300,0,0,3300,2500,800,Cash,RUPA N,Walk-In,Walk-In
17-06-2026,MR10210006500,OP10210012272,Mrs. K LAKSHMI,Female,65Y,9052295779,Dr. SIDDHARTH REDDY  ALLA,OPRInv1021-20266172957,ENDOSCOPY,,3300,0,0,800,800,0,UPI - PhonePe,RUPA N,Walk-In,Walk-In
17-06-2026,MR10210006500,OP10210012274,Mrs. K LAKSHMI,Female,65Y,9052295779,Dr. SIDDHARTH REDDY  ALLA,OPRInv1021-20266172958,RUT,,500,0,0,500,500,0,Cash,RUPA N,Walk-In,Walk-In
18-06-2026,MR10210006495,OP10210012282,Mr. V SHIVA NAGESHWARRAO,Male,49Y,8499991991,Dr. SIDDHARTH REDDY  ALLA,OPRInv1021-20266182959,"ANESTHETIA SGA, COLONOSCOPY",,9800,0,0,9800,9800,0,Cash,K PRATHIMA,Walk-In,Walk-In
18-06-2026,MR10210006503,OP10210012280,Mrs. K ARUNA,Female,59Y,9885626462,Dr. SIDDHARTH REDDY  ALLA,OPRInv1021-20266182960,ENDOSCOPY,,3300,500,0,2800,2800,0,Card,K PRATHIMA,Walk-In,Walk-In
19-06-2026,MR10210006506,OP10210012291,Mr. P SASHI VARDHAN REDDY,Male,30Y,8464802292,Dr. SIDDHARTH REDDY  ALLA,OPRInv1021-20266192961,ENDOSCOPY,,3300,0,0,3300,3300,0,UPI - PhonePe,K PRATHIMA,Walk-In,Walk-In
19-06-2026,MR10210006507,OP10210012292,Mrs. D GAYATHRI,Female,48Y,7386123464,Dr. SIDDHARTH REDDY  ALLA,OPRInv1021-20266192962,ENDOSCOPY,,3300,0,0,3300,2000,1300,UPI - PhonePe,K PRATHIMA,Walk-In,Walk-In
19-06-2026,MR10210006507,OP10210012292,Mrs. D GAYATHRI,Female,48Y,7386123464,Dr. SIDDHARTH REDDY  ALLA,OPRInv1021-20266192962,ENDOSCOPY,,3300,0,0,1300,1300,0,Cash,K PRATHIMA,Walk-In,Walk-In
19-06-2026,MR10210005257,OP10210012293,Mr. S BHUSHAIAH,Male,36Y,9553435365,Dr. SIDDHARTH REDDY  ALLA,OPRInv1021-20266192963,ENDOSCOPY,,3300,0,0,3300,3300,0,UPI - PhonePe,K PRATHIMA,Walk-In,Walk-In
19-06-2026,MR10210006506,OP10210012291,Mr. P SASHI VARDHAN REDDY,Male,30Y,8464802292,Dr. SIDDHARTH REDDY  ALLA,OPRInv1021-20266192964,RUT,,500,0,0,500,500,0,UPI - PhonePe,K PRATHIMA,Walk-In,Walk-In
19-06-2026,MR10210006507,OP10210012292,Mrs. D GAYATHRI,Female,48Y,7386123464,Dr. SIDDHARTH REDDY  ALLA,OPRInv1021-20266192965,RUT,,500,0,0,500,500,0,UPI - PhonePe,K PRATHIMA,Walk-In,Walk-In
19-06-2026,MR10210005257,OP10210012293,Mr. S BHUSHAIAH,Male,36Y,9553435365,Dr. SIDDHARTH REDDY  ALLA,OPRInv1021-20266192966,RUT,,500,0,0,500,500,0,UPI - PhonePe,K PRATHIMA,Walk-In,Walk-In
19-06-2026,MR10210006510,OP10210012304,Mrs. SK KHRUSHEED BEGUM,Female,49Y,9247491114,Dr. SIDDHARTH REDDY  ALLA,OPRInv1021-20266192967,ENDOSCOPY,,3300,0,0,3300,3300,0,UPI - PhonePe,K PRATHIMA,Walk-In,Walk-In
20-06-2026,MR10210006516,OP10210012313,Mrs. P PADMAVATHI,Female,50Y,9703538358,Dr. SIDDHARTH REDDY  ALLA,OPRInv1021-20266202968,ENDOSCOPY,,3300,0,0,3300,3300,0,Cash,K PRATHIMA,Walk-In,Walk-In
20-06-2026,MR10210006518,OP10210012318,Mrs. N ALEKHYA,Female,24Y,9502622162,Dr. SIDDHARTH REDDY  ALLA,OPRInv1021-20266202969,ENDOSCOPY,,3300,0,0,3300,3050,250,UPI - PhonePe,K PRATHIMA,Walk-In,Walk-In
20-06-2026,MR10210006518,OP10210012318,Mrs. N ALEKHYA,Female,24Y,9502622162,Dr. SIDDHARTH REDDY  ALLA,OPRInv1021-20266202969,ENDOSCOPY,,3300,0,0,250,250,0,Cash,K PRATHIMA,Walk-In,Walk-In
20-06-2026,MR10210003256,OP10210012334,Mrs. E SIVA PARVATHI ,Female,37Y,9912197062,Dr. SIDDHARTH REDDY  ALLA,OPRInv1021-20266202970,SIGMOIDOSCOPY,,3300,0,0,3300,3300,0,Cash,K PRATHIMA,Walk-In,Walk-In
20-06-2026,MR10210006526,OP10210012343,Mrs. V NAGENDRAM,Female,57Y,7382789837,Dr. SIDDHARTH REDDY  ALLA,OPRInv1021-20266202971,ENDOSCOPY,,3300,0,0,3300,3300,0,Cash,K PRATHIMA,Walk-In,Walk-In
20-06-2026,MR10210003256,OP10210012334,Mrs. E SIVA PARVATHI ,Female,37Y,9912197062,Dr. SIDDHARTH REDDY  ALLA,OPRInv1021-20266202972,BIOPSY SMALL,,1500,0,0,1500,1000,500,Cash,K PRATHIMA,Walk-In,Walk-In
20-06-2026,MR10210003256,OP10210012334,Mrs. E SIVA PARVATHI ,Female,37Y,9912197062,Dr. SIDDHARTH REDDY  ALLA,OPRInv1021-20266202972,BIOPSY SMALL,,1500,0,500,0,0,0,Cash,K PRATHIMA,Walk-In,Walk-In
20-06-2026,MR10210006525,OP10210012342,Mrs. SK GULABSAR,Female,18Y,8919972534,Dr. SIDDHARTH REDDY  ALLA,OPRInv1021-20266202973,ENDOSCOPY,,3300,0,0,3300,2800,500,Cash,K PRATHIMA,Walk-In,Walk-In
20-06-2026,MR10210006525,OP10210012342,Mrs. SK GULABSAR,Female,18Y,8919972534,Dr. SIDDHARTH REDDY  ALLA,OPRInv1021-20266202973,ENDOSCOPY,,3300,0,500,0,0,0,Cash,K PRATHIMA,Walk-In,Walk-In
21-06-2026,MR10210006579,OP10210012457,Mr. VENKATESWARLU A,Male,63Y,9123456789,Dr. SIDDHARTH REDDY  ALLA,OPRInv1021-20266253009,ERCP,,40000,0,0,40000,40000,0,Cash,BHARGAV CHOWDARY,Walk-In,Walk-In
21-06-2026,MR10210006529,OP10210012348,Mr. ADAPA VENKATESWARLU,Male,60Y,8688555559,Dr. SIDDHARTH REDDY  ALLA,OPRInv1021-20266212974,ERCP,,40000,0,0,40000,0,40000,Cash,K PRATHIMA,Walk-In,Walk-In
25-08-2026,MR10210006529,OP10210012348,Mr. ADAPA VENKATESWARLU,Male,60Y,8688555559,Dr. SIDDHARTH REDDY  ALLA,OPRInv1021-20266212974,ERCP,,40000,0,40000,0,0,0,Cash,K PRATHIMA,Walk-In,Walk-In
22-06-2026,MR10210006531,OP10210012352,Mrs. K PRABHAVATHI,Female,65Y,7285989999,Dr. SIDDHARTH REDDY  ALLA,OPRInv1021-20266222975,ENDOSCOPY,,3300,0,0,3300,3300,0,Cash,NAGUR VALI  SHAIK,Walk-In,Walk-In
22-06-2026,MR10210006536,OP10210012364,Mrs. G ACHAMMA,Female,74Y,8309208373,Dr. SIDDHARTH REDDY  ALLA,OPRInv1021-20266222976,"ENDOSCOPY, RUT",,3800,0,0,3800,3800,0,Cash,NAGUR VALI  SHAIK,Walk-In,Walk-In
22-06-2026,MR10210006423,OP10210012353,Mr. G SUBBA RAO,Male,49Y,9247939395,Dr. SIDDHARTH REDDY  ALLA,OPRInv1021-20266222977,"ANESTHETIA SGA, COLONOSCOPY",,9800,0,0,9800,8800,1000,UPI - PhonePe,NAGUR VALI  SHAIK,Walk-In,Walk-In
26-06-2026,MR10210006423,OP10210012353,Mr. G SUBBA RAO,Male,49Y,9247939395,Dr. SIDDHARTH REDDY  ALLA,OPRInv1021-20266222977,"ANESTHETIA SGA, COLONOSCOPY",,9800,0,1000,0,0,0,Cash,NAGUR VALI  SHAIK,Walk-In,Walk-In
22-06-2026,MR10210006534,OP10210012357,Mr. D SIVA,Male,58Y,9948345072,Dr. SIDDHARTH REDDY  ALLA,OPRInv1021-20266222978,ENDOSCOPY,,3300,0,0,3300,3300,0,Cash,NAGUR VALI  SHAIK,Walk-In,Walk-In
22-06-2026,MR10210006533,OP10210012356,Mr. SK MASTHAN VALI,Male,50Y,9885365001,Dr. SIDDHARTH REDDY  ALLA,OPRInv1021-20266222979,ENDOSCOPY,,3300,0,0,3300,3300,0,Cash,NAGUR VALI  SHAIK,Walk-In,Walk-In
22-06-2026,MR10210006530,OP10210012350,Mr. A BAPI REDDY,Male,82Y,7981816453,Dr. SIDDHARTH REDDY  ALLA,OPRInv1021-20266222980,"2D ECHO, ANESTHETIA SGA, COLONOSCOPY, ECG , ENDOSCOPY",,15800,0,0,15800,15800,0,Cash,NAGUR VALI  SHAIK,Walk-In,Walk-In
22-06-2026,MR10210006534,OP10210012357,Mr. D SIVA,Male,58Y,9948345072,Dr. SIDDHARTH REDDY  ALLA,OPRInv1021-20266222981,RUT,,500,0,0,500,500,0,Cash,NAGUR VALI  SHAIK,Walk-In,Walk-In
22-06-2026,MR10210006539,OP10210012372,Mrs. G VENKAYAMMA,Female,70Y,9705613540,Dr. SIDDHARTH REDDY  ALLA,OPRInv1021-20266222982,"ECG , ENDOSCOPY",,3500,0,0,3500,3500,0,Cash,NAGUR VALI  SHAIK,Walk-In,Walk-In
22-06-2026,MR10210006539,OP10210012377,Mrs. G VENKAYAMMA,Female,70Y,9705613540,Dr. SIDDHARTH REDDY  ALLA,OPRInv1021-20266222983,RUT,,500,0,0,500,500,0,Cash,RUPA N,Walk-In,Walk-In
22-06-2026,MR10210006542,OP10210012379,Mrs. M RAMA DEVI,Female,46Y,9115512458,Dr. SIDDHARTH REDDY  ALLA,OPRInv1021-20266222984,ENDOSCOPY,,3300,0,0,3300,2000,1300,Cash,RUPA N,Walk-In,Walk-In
22-06-2026,MR10210006542,OP10210012379,Mrs. M RAMA DEVI,Female,46Y,9115512458,Dr. SIDDHARTH REDDY  ALLA,OPRInv1021-20266222984,ENDOSCOPY,,3300,0,0,1300,1300,0,UPI - PhonePe,RUPA N,Walk-In,Walk-In
22-06-2026,MR10210006538,OP10210012366,Mr. J VAMSI,Male,33Y,8885168168,Dr. SIDDHARTH REDDY  ALLA,OPRInv1021-20266222985,COLONOSCOPY,,6300,0,0,6300,5000,1300,UPI - PhonePe,RUPA N,Walk-In,Walk-In
26-06-2026,MR10210006538,OP10210012366,Mr. J VAMSI,Male,33Y,8885168168,Dr. SIDDHARTH REDDY  ALLA,OPRInv1021-20266222985,COLONOSCOPY,,6300,0,1300,0,0,0,Cash,RUPA N,Walk-In,Walk-In
22-06-2026,MR10210006544,OP10210012382,Mr. D SRINIVASA RAO,Male,59Y,9381947537,Dr. SIDDHARTH REDDY  ALLA,OPRInv1021-20266222986,COLONOSCOPY,,6300,0,0,6300,5300,1000,UPI - PhonePe,RUPA N,Walk-In,Walk-In
26-06-2026,MR10210006544,OP10210012382,Mr. D SRINIVASA RAO,Male,59Y,9381947537,Dr. SIDDHARTH REDDY  ALLA,OPRInv1021-20266222986,COLONOSCOPY,,6300,0,500,500,1000,-500,Cash,RUPA N,Walk-In,Walk-In
22-06-2026,MR10210006545,OP10210012383,Mrs. CH VENKAYAMMA,Female,52Y,9490848674,Dr. SIDDHARTH REDDY  ALLA,OPRInv1021-20266222987,ENDOSCOPY,,3300,0,0,3300,3300,0,Cash,RUPA N,Walk-In,Walk-In
22-06-2026,MR10210006538,OP10210012366,Mr. J VAMSI,Male,33Y,8885168168,Dr. SIDDHARTH REDDY  ALLA,OPRInv1021-20266222988,BIOPSY SMALL,,1500,0,0,1500,1000,500,UPI - Paytm,NAGUR VALI  SHAIK,Walk-In,Walk-In
26-06-2026,MR10210006538,OP10210012366,Mr. J VAMSI,Male,33Y,8885168168,Dr. SIDDHARTH REDDY  ALLA,OPRInv1021-20266222988,BIOPSY SMALL,,1500,0,500,0,0,0,Cash,NAGUR VALI  SHAIK,Walk-In,Walk-In
22-06-2026,MR10210006538,OP10210012366,Mr. J VAMSI,Male,33Y,8885168168,Dr. SIDDHARTH REDDY  ALLA,OPRInv1021-20266222989,BIOPSY SMALL,,1500,0,0,1500,1000,500,UPI - Paytm,NAGUR VALI  SHAIK,Walk-In,Walk-In
26-06-2026,MR10210006538,OP10210012366,Mr. J VAMSI,Male,33Y,8885168168,Dr. SIDDHARTH REDDY  ALLA,OPRInv1021-20266222989,BIOPSY SMALL,,1500,0,500,0,0,0,Cash,NAGUR VALI  SHAIK,Walk-In,Walk-In
23-06-2026,MR10210006546,OP10210012389,Mr. B GURU BRAMHAM,Male,58Y,9949656818,Dr. SIDDHARTH REDDY  ALLA,OPRInv1021-20266232990,"ANESTHETIA SGA, COLONOSCOPY, ENDOSCOPY",,13100,0,0,13100,13100,0,Cash,K PRATHIMA,Walk-In,Walk-In
23-06-2026,MR10210006550,OP10210012397,Mr. V ANIL  REDDY,Male,35Y,9949522762,Dr. SIDDHARTH REDDY  ALLA,OPRInv1021-20266232991,"ANESTHETIA SGA, COLONOSCOPY",,9800,1500,0,8300,8300,0,UPI - PhonePe,K PRATHIMA,Walk-In,Walk-In
23-06-2026,MR10210006549,OP10210012402,Mr. T KASAIAH,Male,48Y,9177461545,Dr. NST TEJASWI ALLA,OPRInv1021-20266232992,ENDOSCOPY,,3300,0,0,3300,3300,0,Cash,K PRATHIMA,Walk-In,Walk-In
23-06-2026,MR10210006551,OP10210012405,Mrs. V PADMAVATHI,Female,55Y,6305553007,Dr. SIDDHARTH REDDY  ALLA,OPRInv1021-20266232993,"COLONOSCOPY, ENDOSCOPY",,9600,0,0,9600,9600,0,Cash,K PRATHIMA,Walk-In,Walk-In
23-06-2026,MR10210006549,OP10210012396,Mr. T KASAIAH,Male,48Y,9177461545,Dr. SIDDHARTH REDDY  ALLA,OPRInv1021-20266232994,RUT,,500,0,0,500,500,0,Cash,K PRATHIMA,Walk-In,Walk-In
23-06-2026,MR10210006551,OP10210012405,Mrs. V PADMAVATHI,Female,55Y,6305553007,Dr. SIDDHARTH REDDY  ALLA,OPRInv1021-20266232995,ANESTHETIA SGA,,3500,0,0,3500,3500,0,Cash,K PRATHIMA,Walk-In,Walk-In
23-06-2026,MR10210006555,OP10210012416,Mr. G RAM MOHAN RAO,Male,75Y,9515933194,Dr. SIDDHARTH REDDY  ALLA,OPRInv1021-20266232996,ENDOSCOPY,,3300,0,0,3300,3300,0,Cash,K PRATHIMA,Walk-In,Walk-In
24-06-2026,MR10210006560,OP10210012426,Mr. G RAMA LAKSHMAIAH,Male,45Y,9440756587,Dr. SIDDHARTH REDDY  ALLA,OPRInv1021-20266242997,SIGMOIDOSCOPY,,3300,0,0,3300,800,2500,Cash,K PRATHIMA,Walk-In,Walk-In
24-06-2026,MR10210006560,OP10210012426,Mr. G RAMA LAKSHMAIAH,Male,45Y,9440756587,Dr. SIDDHARTH REDDY  ALLA,OPRInv1021-20266242997,SIGMOIDOSCOPY,,3300,0,0,2500,2500,0,Card,K PRATHIMA,Walk-In,Walk-In
24-06-2026,MR10210006561,OP10210012427,Mr. K VENKAT RAO,Male,43Y,9948343741,Dr. SIDDHARTH REDDY  ALLA,OPRInv1021-20266242998,ENDOSCOPY,,3300,0,0,3300,3300,0,UPI - PhonePe,K PRATHIMA,Walk-In,Walk-In
24-06-2026,MR10210006561,OP10210012427,Mr. K VENKAT RAO,Male,43Y,9948343741,Dr. SIDDHARTH REDDY  ALLA,OPRInv1021-20266242999,RUT,,500,0,0,500,500,0,Cash,K PRATHIMA,Walk-In,Walk-In
24-06-2026,MR10210006564,OP10210012432,Mr. M GOPI KRISHNA,Male,44Y,9291323435,Dr. SIDDHARTH REDDY  ALLA,OPRInv1021-20266243000,SIGMOIDOSCOPY,,3300,0,0,3300,3300,0,UPI - PhonePe,K PRATHIMA,Walk-In,Walk-In
25-06-2026,MR10210003131,OP10210012443,Mr. A KRISHNA REDDY ,Male,51Y,9912437979,Dr. SIDDHARTH REDDY  ALLA,OPRInv1021-20266253001,ENDOSCOPY,,3300,500,0,2800,2800,0,UPI - PhonePe,K PRATHIMA,Walk-In,Walk-In
25-06-2026,MR10210003131,OP10210012443,Mr. A KRISHNA REDDY ,Male,51Y,9912437979,Dr. SIDDHARTH REDDY  ALLA,OPRInv1021-20266253002,RUT,,500,0,0,500,500,0,Cash,K PRATHIMA,Walk-In,Walk-In
25-06-2026,MR10210006567,OP10210012436,Mrs. V VEERAMMA,Female,65Y,9502006489,Dr. SIDDHARTH REDDY  ALLA,OPRInv1021-20266253003,"ANESTHETIA SGA, COLONOSCOPY, ENDOSCOPY",,13100,0,0,13100,10000,3100,Cash,K PRATHIMA,Walk-In,Walk-In
25-06-2026,MR10210006567,OP10210012436,Mrs. V VEERAMMA,Female,65Y,9502006489,Dr. SIDDHARTH REDDY  ALLA,OPRInv1021-20266253003,"ANESTHETIA SGA, COLONOSCOPY, ENDOSCOPY",,13100,0,0,3100,3100,0,UPI - PhonePe,K PRATHIMA,Walk-In,Walk-In
25-06-2026,MR10210006570,OP10210012439,Mr. G SRINIVASA RAO,Male,32Y,7013201333,Dr. SIDDHARTH REDDY  ALLA,OPRInv1021-20266253004,ENDOSCOPY,,3300,0,0,3300,3300,0,UPI - PhonePe,K PRATHIMA,Walk-In,Walk-In
25-06-2026,MR10210006573,OP10210012446,Mrs. S ALEKHYA DEEPTHI,Female,29Y,8333829001,Dr. SIDDHARTH REDDY  ALLA,OPRInv1021-20266253005,ENDOSCOPY,,3300,0,0,3300,3300,0,UPI - PhonePe,K PRATHIMA,Walk-In,Walk-In
25-06-2026,MR10210006570,OP10210012439,Mr. G SRINIVASA RAO,Male,32Y,7013201333,Dr. SIDDHARTH REDDY  ALLA,OPRInv1021-20266253006,RUT,,500,0,0,500,500,0,UPI - PhonePe,K PRATHIMA,Walk-In,Walk-In
25-06-2026,MR10210006576,OP10210012450,Mrs. CH PRAMILA,Female,64Y,8333909855,Dr. SIDDHARTH REDDY  ALLA,OPRInv1021-20266253007,ENDOSCOPY,,3300,0,0,3300,3300,0,UPI - PhonePe,K PRATHIMA,Walk-In,Walk-In
25-06-2026,MR10210006574,OP10210012447,Mrs. CH VIJAYA LAKSHMI,Female,33Y,9640097378,Dr. SIDDHARTH REDDY  ALLA,OPRInv1021-20266253008,ENDOSCOPY,,3300,500,0,2800,2800,0,UPI - PhonePe,K PRATHIMA,Walk-In,Walk-In
25-06-2026,MR10210006568,OP10210012437,Mrs. CH SWARAJYAM,Female,65Y,9959949226,Dr. SIDDHARTH REDDY  ALLA,OPRInv1021-20266253010,ENDOSCOPY,,3300,0,0,3300,3300,0,Cash,BHARGAV CHOWDARY,Walk-In,Walk-In
25-06-2026,MR10210006574,OP10210012447,Mrs. CH VIJAYA LAKSHMI,Female,33Y,9640097378,Dr. SIDDHARTH REDDY  ALLA,OPRInv1021-20266253011,RUT,,500,0,0,500,500,0,UPI - PhonePe,BHARGAV CHOWDARY,Walk-In,Walk-In
25-06-2026,MR10210006581,OP10210012459,Mrs. J NAGA DEEPTHI,Female,28Y,9985172110,Dr. SIDDHARTH REDDY  ALLA,OPRInv1021-20266253012,ENDOSCOPY,,3300,0,0,3300,0,3300,Cash,BHARGAV CHOWDARY,Walk-In,Walk-In
26-07-2026,MR10210006581,OP10210012459,Mrs. J NAGA DEEPTHI,Female,28Y,9985172110,Dr. SIDDHARTH REDDY  ALLA,OPRInv1021-20266253012,ENDOSCOPY,,3300,0,3300,0,0,0,Cash,BHARGAV CHOWDARY,Walk-In,Walk-In
25-06-2026,MR10210006581,OP10210012461,Mrs. J NAGA DEEPTHI,Female,28Y,9985172110,Dr. SIDDHARTH REDDY  ALLA,OPRInv1021-20266253013,RUT,,500,0,0,500,0,500,Cash,RUPA N,Walk-In,Walk-In
26-07-2026,MR10210006581,OP10210012461,Mrs. J NAGA DEEPTHI,Female,28Y,9985172110,Dr. SIDDHARTH REDDY  ALLA,OPRInv1021-20266253013,RUT,,500,0,500,0,0,0,Cash,RUPA N,Walk-In,Walk-In
25-06-2026,MR10210006582,OP10210012462,Mrs. ESWARAMMA M,Female,46Y,7993903682,Dr. SIDDHARTH REDDY  ALLA,OPRInv1021-20266253014,ENDOSCOPY,,3300,0,0,3300,3300,0,Cash,RUPA N,Walk-In,Walk-In
25-06-2026,MR10210006582,OP10210012466,Mrs. ESWARAMMA M,Female,46Y,7993903682,Dr. SIDDHARTH REDDY  ALLA,OPRInv1021-20266253015,RUT,,500,0,0,500,500,0,Cash,RUPA N,Walk-In,Walk-In
25-06-2026,MR10210006573,OP10210012446,Mrs. S ALEKHYA DEEPTHI,Female,29Y,8333829001,Dr. SIDDHARTH REDDY  ALLA,OPRInv1021-20266253016,RUT,,500,0,0,500,500,0,UPI - PhonePe,RUPA N,Walk-In,Walk-In
25-06-2026,MR10210006545,OP10210012469,Mrs. CH VENKAYAMMA,Female,52Y,9490848674,Dr. SIDDHARTH REDDY  ALLA,OPRInv1021-20266253017,"ANESTHETIA SGA, COLONOSCOPY",,9800,0,0,9800,9800,0,Cash,RUPA N,Walk-In,Walk-In
26-06-2026,MR10210006566,OP10210012435,Mr. B RAVI KUMAR,Male,44Y,8328616897,Dr. SIDDHARTH REDDY  ALLA,OPRInv1021-20266263018,ENDOSCOPY,,3300,0,0,3300,3300,0,UPI - PhonePe,BHARGAV CHOWDARY,Walk-In,Walk-In
26-06-2026,MR10210006591,OP10210012481,Mr. Y VENKAIAH,Male,77Y,7416805497,Dr. SIDDHARTH REDDY  ALLA,OPRInv1021-20266263019,ENDOSCOPY,,3300,0,0,3300,3300,0,UPI - PhonePe,BHARGAV CHOWDARY,Walk-In,Walk-In
26-06-2026,MR10210006591,OP10210012482,Mr. Y VENKAIAH,Male,77Y,7416805497,Dr. SIDDHARTH REDDY  ALLA,OPRInv1021-20266263020,ENDOSCOPY,,3300,0,0,3300,2000,1300,Cash,BHARGAV CHOWDARY,Walk-In,Walk-In
26-06-2026,MR10210006591,OP10210012482,Mr. Y VENKAIAH,Male,77Y,7416805497,Dr. SIDDHARTH REDDY  ALLA,OPRInv1021-20266263020,ENDOSCOPY,,3300,0,1300,0,0,0,Cash,BHARGAV CHOWDARY,Walk-In,Walk-In
26-06-2026,MR10210006566,OP10210012480,Mr. B RAVI KUMAR,Male,44Y,8328616897,Dr. SIDDHARTH REDDY  ALLA,OPRInv1021-20266263021,RUT,,500,0,0,500,500,0,UPI - PhonePe,BHARGAV CHOWDARY,Walk-In,Walk-In
26-06-2026,MR10210006475,OP10210012472,Mrs. V NAGA KAMESWARA RAO,Female,62Y,6301677967,Dr. SIDDHARTH REDDY  ALLA,OPRInv1021-20266263022,ENDOSCOPY,,3300,0,0,3300,2800,500,Cash - PhonePe,BHARGAV CHOWDARY,Walk-In,Walk-In
26-06-2026,MR10210006475,OP10210012472,Mrs. V NAGA KAMESWARA RAO,Female,62Y,6301677967,Dr. SIDDHARTH REDDY  ALLA,OPRInv1021-20266263022,ENDOSCOPY,,3300,0,500,0,0,0,Cash,BHARGAV CHOWDARY,Walk-In,Walk-In
26-06-2026,MR10210006588,OP10210012473,Mr. P SRINIVASA RAO,Male,43Y,9985288289,Dr. SIDDHARTH REDDY  ALLA,OPRInv1021-20266263023,ENDOSCOPY,,3300,800,0,2500,2500,0,Cash,BHARGAV CHOWDARY,Walk-In,Walk-In
26-06-2026,MR10210002175,OP10210012484,Mr. VENKATESWARLU M,Male,59Y,9441417367,Dr. SIDDHARTH REDDY  ALLA,OPRInv1021-20266263024,ENDOSCOPY,,3300,500,0,2800,2800,0,Cash,BHARGAV CHOWDARY,Walk-In,Walk-In
26-06-2026,MR10210006592,OP10210012486,Mr. M KIRAN KUMAR,Male,40Y,9618998017,Dr. SIDDHARTH REDDY  ALLA,OPRInv1021-20266263025,ENDOSCOPY,,3300,0,0,3300,3300,0,Cash,BHARGAV CHOWDARY,Walk-In,Walk-In
26-06-2026,MR10210006035,OP10210012478,Mrs. SK RIZWANA,Female,25Y,9014102950,Dr. SIDDHARTH REDDY  ALLA,OPRInv1021-20266263026,ENDOSCOPY,,3300,0,0,3300,3300,0,UPI - PhonePe,BHARGAV CHOWDARY,Walk-In,Walk-In
26-06-2026,MR10210006594,OP10210012492,Ms. CH PRASANNA DEVI,Female,24Y,8639432567,Dr. SIDDHARTH REDDY  ALLA,OPRInv1021-20266263027,ENDOSCOPY,,3300,0,0,3300,3300,0,UPI - PhonePe,BHARGAV CHOWDARY,Walk-In,Walk-In
26-06-2026,MR10210006592,OP10210012486,Mr. M KIRAN KUMAR,Male,40Y,9618998017,Dr. SIDDHARTH REDDY  ALLA,OPRInv1021-20266263028,RUT,,500,0,0,500,500,0,Cash,BHARGAV CHOWDARY,Walk-In,Walk-In
26-06-2026,MR10210005965,OP10210012491,Mr. K CHANDRA SHEKAR NAIK,Male,43Y,8790101841,Dr. SIDDHARTH REDDY  ALLA,OPRInv1021-20266263029,SIGMOIDOSCOPY,,3300,0,0,3300,3300,0,Cash,BHARGAV CHOWDARY,Walk-In,Walk-In
26-06-2026,MR10210006588,OP10210012473,Mr. P SRINIVASA RAO,Male,43Y,9985288289,Dr. SIDDHARTH REDDY  ALLA,OPRInv1021-20266263030,RUT,,500,0,0,500,500,0,Cash,BHARGAV CHOWDARY,Walk-In,Walk-In
26-06-2026,MR10210006594,OP10210012492,Ms. CH PRASANNA DEVI,Female,24Y,8639432567,Dr. SIDDHARTH REDDY  ALLA,OPRInv1021-20266263031,RUT,,500,0,0,500,500,0,UPI - PhonePe,K PRATHIMA,Walk-In,Walk-In
26-06-2026,MR10210006586,OP10210012496,Mr. M SATHYANARAYANA,Male,75Y,7780480700,Dr. SIDDHARTH REDDY  ALLA,OPRInv1021-20266263032,"ANESTHETIA SGA, COLONOSCOPY, ENDOSCOPY",,13100,0,0,13100,13100,0,Cash,K PRATHIMA,Walk-In,Walk-In
26-06-2026,MR10210006586,OP10210012496,Mr. M SATHYANARAYANA,Male,75Y,7780480700,Dr. SIDDHARTH REDDY  ALLA,OPRInv1021-20266263033,BIOPSY SMALL,,1500,0,0,1500,1500,0,Cash,K PRATHIMA,Walk-In,Walk-In
27-06-2026,MR10210006602,OP10210012513,Mrs. S SWATHI,Female,28Y,7989127772,Dr. SIDDHARTH REDDY  ALLA,OPRInv1021-20266273034,ENDOSCOPY,,3300,0,0,3300,3300,0,UPI - PhonePe,K PRATHIMA,Walk-In,Walk-In
27-06-2026,MR10210006603,OP10210012515,Mr. G NARASIMHA RAO,Male,70Y,7995749697,Dr. SIDDHARTH REDDY  ALLA,OPRInv1021-20266273035,ENDOSCOPY,,3300,0,0,3300,3300,0,Cash,K PRATHIMA,Walk-In,Walk-In
27-06-2026,MR10210006512,OP10210012517,Mr. P SRINIVASA RAO,Male,52Y,9291540657,Dr. SIDDHARTH REDDY  ALLA,OPRInv1021-20266273036,ENDOSCOPY,,3300,0,0,3300,3300,0,Cash,BHARGAV CHOWDARY,Walk-In,Walk-In
27-06-2026,MR10210006604,OP10210012521,Mr. G APPAJI,Male,72Y,7680011489,Dr. SIDDHARTH REDDY  ALLA,OPRInv1021-20266273037,ENDOSCOPY,,3300,0,0,3300,3300,0,UPI - PhonePe,BHARGAV CHOWDARY,Walk-In,Walk-In
27-06-2026,MR10210006602,OP10210012513,Mrs. S SWATHI,Female,28Y,7989127772,Dr. SIDDHARTH REDDY  ALLA,OPRInv1021-20266273038,RUT,,500,0,0,500,500,0,UPI - PhonePe,BHARGAV CHOWDARY,Walk-In,Walk-In
27-06-2026,MR10210006512,OP10210012517,Mr. P SRINIVASA RAO,Male,52Y,9291540657,Dr. SIDDHARTH REDDY  ALLA,OPRInv1021-20266273039,RUT,,500,0,0,500,500,0,Cash,BHARGAV CHOWDARY,Walk-In,Walk-In
27-06-2026,MR10210006603,OP10210012515,Mr. G NARASIMHA RAO,Male,70Y,7995749697,Dr. SIDDHARTH REDDY  ALLA,OPRInv1021-20266273040,RUT,,500,100,0,400,400,0,Cash,BHARGAV CHOWDARY,Walk-In,Walk-In
27-06-2026,MR10210006401,OP10210012514,Mr. CH BAJI,Male,29Y,9110384911,Dr. SIDDHARTH REDDY  ALLA,OPRInv1021-20266273041,COLONOSCOPY,,6300,0,0,6300,6300,0,UPI - PhonePe,K PRATHIMA,Walk-In,Walk-In
27-06-2026,MR10210006610,OP10210012549,Mrs. M NAGA JYOTHI,Female,34Y,9542478121,Dr. SIDDHARTH REDDY  ALLA,OPRInv1021-20266273042,ENDOSCOPY,,3300,0,0,3300,3300,0,Cash,K PRATHIMA,Walk-In,Walk-In
27-06-2026,MR10210006610,OP10210012552,Mrs. M NAGA JYOTHI,Female,34Y,9542478121,Dr. SIDDHARTH REDDY  ALLA,OPRInv1021-20266273043,RUT,,500,0,0,500,500,0,Cash,K PRATHIMA,Walk-In,Walk-In
29-06-2026,MR10210005652,OP10210012567,Mr. K NAGARAJU REDDY,Male,37Y,7416691225,Dr. SIDDHARTH REDDY  ALLA,OPRInv1021-20266293044,ENDOSCOPY,,3300,0,0,3300,3300,0,Cash,K PRATHIMA,Walk-In,Walk-In
29-06-2026,MR10210006617,OP10210012566,Mr. B MADHU,Male,47Y,7993197024,Dr. SIDDHARTH REDDY  ALLA,OPRInv1021-20266293045,ENDOSCOPY,,3300,0,0,3300,2300,1000,Cash,K PRATHIMA,Walk-In,Walk-In
26-07-2026,MR10210006617,OP10210012566,Mr. B MADHU,Male,47Y,7993197024,Dr. SIDDHARTH REDDY  ALLA,OPRInv1021-20266293045,ENDOSCOPY,,3300,0,1000,0,0,0,Cash,K PRATHIMA,Walk-In,Walk-In
29-06-2026,MR10210006619,OP10210012573,Mrs. M KUMARI,Female,46Y,9502062323,Dr. SIDDHARTH REDDY  ALLA,OPRInv1021-20266293046,ENDOSCOPY,,3300,0,0,3300,3300,0,Cash,K PRATHIMA,Walk-In,Walk-In
29-06-2026,MR10210006619,OP10210012576,Mrs. M KUMARI,Female,46Y,9502062323,Dr. SIDDHARTH REDDY  ALLA,OPRInv1021-20266293047,RUT,,500,0,0,500,500,0,Cash,K PRATHIMA,Walk-In,Walk-In
29-06-2026,MR10210006622,OP10210012577,Mrs. B SAKUNTHALA,Female,24Y,7337279680,Dr. SIDDHARTH REDDY  ALLA,OPRInv1021-20266293048,ENDOSCOPY,,3300,0,0,3300,2000,1300,UPI - PhonePe,RUPA N,Walk-In,Walk-In
29-06-2026,MR10210006622,OP10210012577,Mrs. B SAKUNTHALA,Female,24Y,7337279680,Dr. SIDDHARTH REDDY  ALLA,OPRInv1021-20266293048,ENDOSCOPY,,3300,0,0,1300,1300,0,Cash,RUPA N,Walk-In,Walk-In
30-06-2026,MR10210006618,OP10210012590,Mr. B CHINNA AKKAIAH,Male,54Y,9959488202,Dr. SIDDHARTH REDDY  ALLA,OPRInv1021-20266303049,"ANESTHETIA SGA, COLONOSCOPY",,9800,0,0,9800,9800,0,UPI - PhonePe,RUPA N,Walk-In,Walk-In
30-06-2026,MR10210006626,OP10210012591,Mr. Y VENKATESWARLU,Male,39Y,9502287441,Dr. SIDDHARTH REDDY  ALLA,OPRInv1021-20266303050,ENDOSCOPY,,3300,0,0,3300,3300,0,UPI - PhonePe,RUPA N,Walk-In,Walk-In
30-06-2026,MR10210006627,OP10210012594,Mr. A SAMBHA SIVA RAO,Male,61Y,9177054266,Dr. SIDDHARTH REDDY  ALLA,OPRInv1021-20266303051,ENDOSCOPY,,3300,0,0,3300,3300,0,Cash,BHARGAV CHOWDARY,Walk-In,Walk-In
30-06-2026,MR10210003321,OP10210012595,Mr. CH NAGESWARARAO ,Male,45Y,9705974343,Dr. SIDDHARTH REDDY  ALLA,OPRInv1021-20266303052,ENDOSCOPY,,3300,0,0,3300,3300,0,UPI - PhonePe,BHARGAV CHOWDARY,Walk-In,Walk-In
30-06-2026,MR10210006630,OP10210012602,Mr. A CHANDRA MOULI,Male,49Y,8801029492,Dr. SIDDHARTH REDDY  ALLA,OPRInv1021-20266303053,ENDOSCOPY,,3300,0,0,3300,0,3300,Cash,RUPA N,Walk-In,Walk-In
26-07-2026,MR10210006630,OP10210012602,Mr. A CHANDRA MOULI,Male,49Y,8801029492,Dr. SIDDHARTH REDDY  ALLA,OPRInv1021-20266303053,ENDOSCOPY,,3300,0,3300,0,0,0,Cash,RUPA N,Walk-In,Walk-In
30-06-2026,MR10210006629,OP10210012600,Mr. P LOKESH REDDY,Male,23Y,9618138983,Dr. SIDDHARTH REDDY  ALLA,OPRInv1021-20266303054,ENDOSCOPY,,3300,0,0,3300,3300,0,UPI - PhonePe,RUPA N,Walk-In,Walk-In
30-06-2026,MR10210003321,OP10210012595,Mr. CH NAGESWARARAO ,Male,45Y,9705974343,Dr. SIDDHARTH REDDY  ALLA,OPRInv1021-20266303055,RUT,,500,0,0,500,500,0,UPI - PhonePe,RUPA N,Walk-In,Walk-In
30-06-2026,MR10210006627,OP10210012594,Mr. A SAMBHA SIVA RAO,Male,61Y,9177054266,Dr. SIDDHARTH REDDY  ALLA,OPRInv1021-20266303056,RUT,,500,0,0,500,500,0,Cash,RUPA N,Walk-In,Walk-In
30-06-2026,MR10210006632,OP10210012605,Mr. CH B N SAI KIRAN,Male,40Y,9866435393,Dr. SIDDHARTH REDDY  ALLA,OPRInv1021-20266303057,ENDOSCOPY,,3300,0,0,3300,3300,0,UPI - PhonePe,RUPA N,Walk-In,Walk-In
01-07-2026,MR10210006635,OP10210012609,Mr. K SUBBA RAO,Male,44Y,9703668776,Dr. SIDDHARTH REDDY  ALLA,OPRInv1021-2026713058,"ANESTHETIA SGA, COLONOSCOPY",,9800,1000,0,8800,8800,0,UPI - PhonePe,K PRATHIMA,Walk-In,Walk-In
01-07-2026,MR10210006029,OP10210012615,Mrs. N MERY,Female,59Y,8019800424,Dr. SIDDHARTH REDDY  ALLA,OPRInv1021-2026713059,"ANESTHETIA SGA, COLONOSCOPY",,9800,0,0,9800,9800,0,UPI - PhonePe,K PRATHIMA,Walk-In,Walk-In
01-07-2026,MR10210006637,OP10210012616,Mr. P PRASAD,Male,21Y,8885802711,Dr. SIDDHARTH REDDY  ALLA,OPRInv1021-2026713060,ENDOSCOPY,,3300,0,0,3300,3300,0,UPI - PhonePe,RUPA N,Walk-In,Walk-In
01-07-2026,MR10210004678,OP10210012621,Mr. M MANIKANTA,Male,26Y,8197749006,Dr. SIDDHARTH REDDY  ALLA,OPRInv1021-2026713061,"ANESTHETIA SGA, COLONOSCOPY, ENDOSCOPY",,13100,0,0,13100,10000,3100,Cash,RUPA N,Walk-In,Walk-In
01-07-2026,MR10210004678,OP10210012621,Mr. M MANIKANTA,Male,26Y,8197749006,Dr. SIDDHARTH REDDY  ALLA,OPRInv1021-2026713061,"ANESTHETIA SGA, COLONOSCOPY, ENDOSCOPY",,13100,0,0,3100,3100,0,UPI - PhonePe,RUPA N,Walk-In,Walk-In
01-07-2026,MR10210006637,OP10210012616,Mr. P PRASAD,Male,21Y,8885802711,Dr. SIDDHARTH REDDY  ALLA,OPRInv1021-2026713062,RUT,,500,0,0,500,500,0,Cash,RUPA N,Walk-In,Walk-In
01-07-2026,MR10210006635,OP10210012609,Mr. K SUBBA RAO,Male,44Y,9703668776,Dr. SIDDHARTH REDDY  ALLA,OPRInv1021-2026713063,BIOPSY SMALL,,1500,0,0,1500,1500,0,UPI - PhonePe,RUPA N,Walk-In,Walk-In
01-07-2026,MR10210004678,OP10210012621,Mr. M MANIKANTA,Male,26Y,8197749006,Dr. SIDDHARTH REDDY  ALLA,OPRInv1021-2026713064,BIOPSY SMALL,,1500,0,0,1500,1500,0,UPI - PhonePe,RUPA N,Walk-In,Walk-In
02-07-2026,MR10210006374,OP10210012633,Mrs. B DEVI,Female,39Y,9885427202,Dr. SIDDHARTH REDDY  ALLA,OPRInv1021-2026723065,ENDOSCOPY,,3300,0,0,3300,3300,0,Cash,K PRATHIMA,Walk-In,Walk-In
02-07-2026,MR10210006643,OP10210012637,Mrs. I SUNDARAMMA,Female,65Y,9182314357,Dr. SIDDHARTH REDDY  ALLA,OPRInv1021-2026723066,"ANESTHETIA SGA, COLONOSCOPY, ECG ",,10000,0,0,10000,10000,0,Cash,K PRATHIMA,Walk-In,Walk-In
03-07-2026,MR10210006636,OP10210012653,Mrs. V ADI LAKSHMI,Female,68Y,7893391703,Dr. SIDDHARTH REDDY  ALLA,OPRInv1021-2026733067,ENDOSCOPY,,3300,0,0,3300,3300,0,Cash,K PRATHIMA,Walk-In,Walk-In
03-07-2026,MR10210006636,OP10210012653,Mrs. V ADI LAKSHMI,Female,68Y,7893391703,Dr. SIDDHARTH REDDY  ALLA,OPRInv1021-2026733068,RUT,,500,0,0,500,500,0,Cash,K PRATHIMA,Walk-In,Walk-In
03-07-2026,MR10210006649,OP10210012655,Mr. D HARI KRISHNA REDDY,Male,37Y,7013263866,Dr. SIDDHARTH REDDY  ALLA,OPRInv1021-2026733069,ENDOSCOPY,,3300,0,0,3300,3300,0,Cash,K PRATHIMA,Walk-In,Walk-In
03-07-2026,MR10210006649,OP10210012655,Mr. D HARI KRISHNA REDDY,Male,37Y,7013263866,Dr. SIDDHARTH REDDY  ALLA,OPRInv1021-2026733070,RUT,,500,0,0,500,500,0,Cash,K PRATHIMA,Walk-In,Walk-In
03-07-2026,MR10210006655,OP10210012667,Mrs. P RAMA DEVI,Female,37Y,7993935661,Dr. SIDDHARTH REDDY  ALLA,OPRInv1021-2026733071,ENDOSCOPY,,3300,0,0,3300,3300,0,UPI - PhonePe,K PRATHIMA,Walk-In,Walk-In
04-07-2026,MR10210006659,OP10210012672,Mr. K RAVI BABU,Male,33Y,8886444319,Dr. SIDDHARTH REDDY  ALLA,OPRInv1021-2026743072,ENDOSCOPY,,3300,0,0,3300,3300,0,Cash,K PRATHIMA,Walk-In,Walk-In
04-07-2026,MR10210006661,OP10210012677,Mrs. K ROHAN  SRI SAI,Female,19Y,6305531915,Dr. SIDDHARTH REDDY  ALLA,OPRInv1021-2026743073,ENDOSCOPY,,3300,0,0,3300,3300,0,UPI - PhonePe,K PRATHIMA,Walk-In,Walk-In
04-07-2026,MR10210006662,OP10210012679,Mrs. B THIRUPATHAMMA,Female,65Y,9110346343,Dr. SIDDHARTH REDDY  ALLA,OPRInv1021-2026743074,ENDOSCOPY,,3300,0,0,3300,3300,0,UPI - PhonePe,K PRATHIMA,Walk-In,Walk-In
04-07-2026,MR10210006658,OP10210012673,Mr. A KOTI REDDY,Male,64Y,9912318555,Dr. SIDDHARTH REDDY  ALLA,OPRInv1021-2026743075,"ANESTHETIA SGA, COLONOSCOPY, ENDOSCOPY",,13100,0,0,13100,10100,3000,Cash,K PRATHIMA,Walk-In,Walk-In
26-07-2026,MR10210006658,OP10210012673,Mr. A KOTI REDDY,Male,64Y,9912318555,Dr. SIDDHARTH REDDY  ALLA,OPRInv1021-2026743075,"ANESTHETIA SGA, COLONOSCOPY, ENDOSCOPY",,13100,0,3000,0,0,0,Cash,K PRATHIMA,Walk-In,Walk-In
04-07-2026,MR10210006659,OP10210012672,Mr. K RAVI BABU,Male,33Y,8886444319,Dr. SIDDHARTH REDDY  ALLA,OPRInv1021-2026743076,RUT,,500,0,0,500,500,0,Cash,K PRATHIMA,Walk-In,Walk-In
04-07-2026,MR10210006664,OP10210012682,Mr. N PRINCE,Male,25Y,7799646483,Dr. SIDDHARTH REDDY  ALLA,OPRInv1021-2026743077,ENDOSCOPY,,3300,0,0,3300,3300,0,UPI - PhonePe,K PRATHIMA,Walk-In,Walk-In
04-07-2026,MR10210006665,OP10210012684,Mrs. CH VENKAYAMMA,Female,48Y,6305883927,Dr. SIDDHARTH REDDY  ALLA,OPRInv1021-2026743078,ENDOSCOPY,,3300,0,0,3300,3300,0,UPI - PhonePe,RUPA N,Walk-In,Walk-In
04-07-2026,MR10210006665,OP10210012684,Mrs. CH VENKAYAMMA,Female,48Y,6305883927,Dr. SIDDHARTH REDDY  ALLA,OPRInv1021-2026743079,RUT,,500,0,0,500,500,0,UPI - PhonePe,RUPA N,Walk-In,Walk-In
04-07-2026,MR10210005808,OP10210012689,Mr. I HANIMI REDDY,Male,38Y,9652949495,Dr. SIDDHARTH REDDY  ALLA,OPRInv1021-2026743080,ENDOSCOPY,,3300,0,0,3300,3300,0,UPI - PhonePe,RUPA N,Walk-In,Walk-In
04-07-2026,MR10210005808,OP10210012689,Mr. I HANIMI REDDY,Male,38Y,9652949495,Dr. SIDDHARTH REDDY  ALLA,OPRInv1021-2026743081,RUT,,500,0,0,500,500,0,UPI - PhonePe,RUPA N,Walk-In,Walk-In
04-07-2026,MR10210006664,OP10210012695,Mr. N PRINCE,Male,25Y,7799646483,Dr. NST TEJASWI ALLA,OPRInv1021-2026743082,RUT,,500,0,0,500,500,0,UPI - PhonePe,RUPA N,Walk-In,Walk-In
04-07-2026,MR10210006669,OP10210012700,Mrs. SD GOUSYA,Female,52Y,9398202437,Dr. SIDDHARTH REDDY  ALLA,OPRInv1021-2026743083,ENDOSCOPY,,3300,0,0,3300,3300,0,Cash,RUPA N,Walk-In,Walk-In
04-07-2026,MR10210006669,OP10210012700,Mrs. SD GOUSYA,Female,52Y,9398202437,Dr. SIDDHARTH REDDY  ALLA,OPRInv1021-2026743084,RUT,,500,0,0,500,500,0,UPI - PhonePe,RUPA N,Walk-In,Walk-In
06-07-2026,MR10210000209,OP10210012704,Mr. RAJA SEKHAR REDDY MOVVA,Male,39Y,9959165789,Dr. SIDDHARTH REDDY  ALLA,OPRInv1021-2026763085,"ANESTHETIA SGA, COLONOSCOPY, ENDOSCOPY",,13100,0,0,13100,13100,0,Cash,K PRATHIMA,Walk-In,Walk-In
06-07-2026,MR10210006671,OP10210012706,Mr. SK SUBHANI,Male,77Y,9246485282,Dr. SIDDHARTH REDDY  ALLA,OPRInv1021-2026763086,"ANESTHETIA SGA, COLONOSCOPY",,9800,0,0,9800,8300,1500,Cash,K PRATHIMA,Walk-In,Walk-In
26-07-2026,MR10210006671,OP10210012706,Mr. SK SUBHANI,Male,77Y,9246485282,Dr. SIDDHARTH REDDY  ALLA,OPRInv1021-2026763086,"ANESTHETIA SGA, COLONOSCOPY",,9800,0,1500,0,0,0,Cash,K PRATHIMA,Walk-In,Walk-In
06-07-2026,MR10210006672,OP10210012709,Mr. K VENKATA RAMANA REDDY,Male,66Y,9550102216,Dr. SIDDHARTH REDDY  ALLA,OPRInv1021-2026763087,ENDOSCOPY,,3300,500,0,2800,2800,0,Cash,K PRATHIMA,Walk-In,Walk-In
06-07-2026,MR10210006648,OP10210012712,Mrs. S BHARGAVI,Female,45Y,8919472089,Dr. SIDDHARTH REDDY  ALLA,OPRInv1021-2026763088,"ANESTHETIA SGA, COLONOSCOPY",,9800,0,0,9800,9800,0,UPI - PhonePe,K PRATHIMA,Walk-In,Walk-In
06-07-2026,MR10210000209,OP10210012704,Mr. RAJA SEKHAR REDDY MOVVA,Male,39Y,9959165789,Dr. SIDDHARTH REDDY  ALLA,OPRInv1021-2026763089,RUT,,500,0,0,500,500,0,Cash,BHARGAV CHOWDARY,Walk-In,Walk-In
06-07-2026,MR10210006648,OP10210012712,Mrs. S BHARGAVI,Female,45Y,8919472089,Dr. SIDDHARTH REDDY  ALLA,OPRInv1021-2026763090,BIOPSY SMALL,,1500,0,0,1500,1500,0,Cash,K PRATHIMA,Walk-In,Walk-In
06-07-2026,MR10210006672,OP10210012709,Mr. K VENKATA RAMANA REDDY,Male,66Y,9550102216,Dr. SIDDHARTH REDDY  ALLA,OPRInv1021-2026763091,RUT,,500,0,0,500,500,0,Cash,K PRATHIMA,Walk-In,Walk-In
06-07-2026,MR10210006677,OP10210012725,Mr. VENKATA KRISHNA REDDY CH,Male,50Y,9553295544,Dr. SIDDHARTH REDDY  ALLA,OPRInv1021-2026763092,"ANESTHETIA SGA, COLONOSCOPY",,9800,1500,0,8300,8300,0,UPI - PhonePe,BHARGAV CHOWDARY,Walk-In,Walk-In
06-07-2026,MR10210006679,OP10210012727,Mrs. SK SHAHANAZ,Female,55Y,9000455483,Dr. SIDDHARTH REDDY  ALLA,OPRInv1021-2026763093,ENDOSCOPY,,3300,0,0,3300,3300,0,UPI - PhonePe,BHARGAV CHOWDARY,Walk-In,Walk-In
07-07-2026,MR10210006688,OP10210012737,Mrs. G VENKATA RAMANA,Female,33Y,9182365391,Dr. SIDDHARTH REDDY  ALLA,OPRInv1021-2026773094,ENDOSCOPY,,3300,0,0,3300,3300,0,Cash,K PRATHIMA,Walk-In,Walk-In
07-07-2026,MR10210006690,OP10210012739,Mr. P SRINIVAS,Male,23Y,8179822525,Dr. SIDDHARTH REDDY  ALLA,OPRInv1021-2026773095,ENDOSCOPY,,3300,0,0,3300,3300,0,Cash,K PRATHIMA,Walk-In,Walk-In
07-07-2026,MR10210006647,OP10210012741,Mrs. K DHANA LAKSHMI,Female,58Y,9963636085,Dr. SIDDHARTH REDDY  ALLA,OPRInv1021-2026773096,"ANESTHETIA SGA, COLONOSCOPY, ENDOSCOPY",,13100,2000,0,11100,11100,0,Cash,K PRATHIMA,Walk-In,Walk-In
07-07-2026,MR10210006690,OP10210012748,Mr. P SRINIVAS,Male,23Y,8179822525,Dr. SIDDHARTH REDDY  ALLA,OPRInv1021-2026773097,RUT,,500,0,0,500,500,0,Cash,K PRATHIMA,Walk-In,Walk-In
07-07-2026,MR10210006676,OP10210012740,Mr. CH ARJUN SINGH,Male,39Y,9989597961,Dr. SIDDHARTH REDDY  ALLA,OPRInv1021-2026773098,ENDOSCOPY,,3300,0,0,3300,2300,1000,Cash,K PRATHIMA,Walk-In,Walk-In
26-07-2026,MR10210006676,OP10210012740,Mr. CH ARJUN SINGH,Male,39Y,9989597961,Dr. SIDDHARTH REDDY  ALLA,OPRInv1021-2026773098,ENDOSCOPY,,3300,0,1000,0,0,0,Cash,K PRATHIMA,Walk-In,Walk-In
07-07-2026,MR10210006692,OP10210012743,Mr. M RAMA KRISHNA,Male,46Y,9441711114,Dr. SIDDHARTH REDDY  ALLA,OPRInv1021-2026773099,ENDOSCOPY,,3300,0,0,3300,3300,0,UPI - PhonePe,RUPA N,Walk-In,Walk-In
07-07-2026,MR10210006694,OP10210012751,Mr. T SUBBA REDDY,Male,50Y,9701356884,Dr. SIDDHARTH REDDY  ALLA,OPRInv1021-2026773100,ENDOSCOPY,,3300,0,0,3300,3300,0,Cash,BHARGAV CHOWDARY,Walk-In,Walk-In
07-07-2026,MR10210006699,OP10210012756,Mr. B PRASAD,Male,52Y,9969611118,Dr. SIDDHARTH REDDY  ALLA,OPRInv1021-2026773101,ENDOSCOPY,,3300,0,0,3300,3300,0,Cash,RUPA N,Walk-In,Walk-In
07-07-2026,MR10210006691,OP10210012757,Mr. CH SRINIVASA RAO,Male,37Y,9959658451,Dr. NST TEJASWI ALLA,OPRInv1021-2026773102,ENDOSCOPY,,3300,500,0,2800,2800,0,UPI - PhonePe,BHARGAV CHOWDARY,Walk-In,Walk-In
07-07-2026,MR10210006692,OP10210012743,Mr. M RAMA KRISHNA,Male,46Y,9441711114,Dr. SIDDHARTH REDDY  ALLA,OPRInv1021-2026773103,RUT,,500,0,0,500,500,0,Cash,RUPA N,Walk-In,Walk-In
07-07-2026,MR10210006676,OP10210012740,Mr. CH ARJUN SINGH,Male,39Y,9989597961,Dr. SIDDHARTH REDDY  ALLA,OPRInv1021-2026773104,RUT,,500,0,0,500,500,0,Cash,RUPA N,Walk-In,Walk-In
07-07-2026,MR10210006701,OP10210012763,Mr. K RAMESH,Male,50Y,9640125339,Dr. SIDDHARTH REDDY  ALLA,OPRInv1021-2026773105,ENDOSCOPY,,3300,0,0,3300,3300,0,Cash,K PRATHIMA,Walk-In,Walk-In
07-07-2026,MR10210006680,OP10210012764,Mrs. G SITA KUMARI,Female,65Y,9985876439,Dr. SIDDHARTH REDDY  ALLA,OPRInv1021-2026773106,"ANESTHETIA SGA, COLONOSCOPY",,9800,0,0,9800,9800,0,Cash,K PRATHIMA,Walk-In,Walk-In
07-07-2026,MR10210006705,OP10210012768,Mrs. B RAJESWARI,Female,43Y,9052759757,Dr. SIDDHARTH REDDY  ALLA,OPRInv1021-2026773107,ENDOSCOPY,,3300,0,0,3300,0,3300,Cash,K PRATHIMA,Walk-In,Walk-In
26-07-2026,MR10210006705,OP10210012768,Mrs. B RAJESWARI,Female,43Y,9052759757,Dr. SIDDHARTH REDDY  ALLA,OPRInv1021-2026773107,ENDOSCOPY,,3300,0,3300,0,0,0,Cash,K PRATHIMA,Walk-In,Walk-In
07-07-2026,MR10210006691,OP10210012757,Mr. CH SRINIVASA RAO,Male,37Y,9959658451,Dr. NST TEJASWI ALLA,OPRInv1021-2026773108,RUT,,500,0,0,500,500,0,UPI - PhonePe,K PRATHIMA,Walk-In,Walk-In
08-07-2026,MR10210006708,OP10210012775,Mrs. B ANURADHA,Female,32Y,9059993913,Dr. SIDDHARTH REDDY  ALLA,OPRInv1021-2026783109,ENDOSCOPY,,3300,0,0,3300,3300,0,UPI - PhonePe,K PRATHIMA,Walk-In,Walk-In
08-07-2026,MR10210006707,OP10210012771,Mrs. M VIJAYAMMA,Female,45Y,7702836013,Dr. SIDDHARTH REDDY  ALLA,OPRInv1021-2026783110,ENDOSCOPY,,3300,0,0,3300,3300,0,Cash,K PRATHIMA,Walk-In,Walk-In
08-07-2026,MR10210006709,OP10210012776,Mrs. O ARUNA,Female,53Y,7893043434,Dr. SIDDHARTH REDDY  ALLA,OPRInv1021-2026783111,ENDOSCOPY,,3300,0,0,3300,3300,0,Cash,K PRATHIMA,Walk-In,Walk-In
08-07-2026,MR10210006710,OP10210012777,Mr. O VIJAY,Male,45Y,7893043434,Dr. SIDDHARTH REDDY  ALLA,OPRInv1021-2026783112,ENDOSCOPY,,3300,0,0,3300,3300,0,Cash,K PRATHIMA,Walk-In,Walk-In
08-07-2026,MR10210006712,OP10210012780,Mr. K MADHAVA REDDY,Male,56Y,8919851744,Dr. SIDDHARTH REDDY  ALLA,OPRInv1021-2026783113,ENDOSCOPY,,3300,500,0,2800,2800,0,UPI - PhonePe,K PRATHIMA,Walk-In,Walk-In
08-07-2026,MR10210006710,OP10210012777,Mr. O VIJAY,Male,45Y,7893043434,Dr. SIDDHARTH REDDY  ALLA,OPRInv1021-2026783114,RUT,,500,0,0,500,500,0,Cash,K PRATHIMA,Walk-In,Walk-In
08-07-2026,MR10210006709,OP10210012776,Mrs. O ARUNA,Female,53Y,7893043434,Dr. SIDDHARTH REDDY  ALLA,OPRInv1021-2026783115,RUT,,500,0,0,500,500,0,Cash,K PRATHIMA,Walk-In,Walk-In
08-07-2026,MR10210006715,OP10210012787,Mrs. K KUMARI,Female,28Y,9963638062,Dr. SIDDHARTH REDDY  ALLA,OPRInv1021-2026783116,ENDOSCOPY,,3300,0,0,3300,3300,0,UPI - PhonePe,K PRATHIMA,Walk-In,Walk-In
08-07-2026,MR10210006712,OP10210012780,Mr. K MADHAVA REDDY,Male,56Y,8919851744,Dr. SIDDHARTH REDDY  ALLA,OPRInv1021-2026783117,RUT,,500,0,0,500,500,0,Cash,K PRATHIMA,Walk-In,Walk-In
08-07-2026,MR10210006680,OP10210012782,Mrs. G SITA KUMARI,Female,65Y,9985876439,Dr. SIDDHARTH REDDY  ALLA,OPRInv1021-2026783118,ENDOSCOPY,,3300,0,0,3300,3300,0,Cash,K PRATHIMA,Walk-In,Walk-In
08-07-2026,MR10210006719,OP10210012800,Mr. SK ASMATUNNISA,Male,77Y,9849290111,Dr. NST TEJASWI ALLA,OPRInv1021-2026783119,2D ECHO,,2500,0,0,2500,2500,0,UPI - PhonePe,K PRATHIMA,Walk-In,Walk-In
09-07-2026,MR10210006718,OP10210012803,Mr. SD SHABEER,Male,40Y,7893886517,Dr. SIDDHARTH REDDY  ALLA,OPRInv1021-2026793120,ENDOSCOPY,,3300,0,0,3300,3300,0,UPI - PhonePe,K PRATHIMA,Walk-In,Walk-In
09-07-2026,MR10210006413,OP10210012810,Mr. K VEERANJANEYULU,Male,45Y,9704924136,Dr. SIDDHARTH REDDY  ALLA,OPRInv1021-2026793121,"ANESTHETIA SGA, COLONOSCOPY",,9800,0,0,9800,9800,0,UPI - PhonePe,K PRATHIMA,Walk-In,Walk-In
09-07-2026,MR10210006724,OP10210012816,Mr. T RAMA KRISHNA,Male,20Y,9553621571,Dr. SIDDHARTH REDDY  ALLA,OPRInv1021-2026793122,ENDOSCOPY,,3300,0,0,3300,3300,0,UPI - PhonePe,K PRATHIMA,Walk-In,Walk-In
09-07-2026,MR10210006724,OP10210012816,Mr. T RAMA KRISHNA,Male,20Y,9553621571,Dr. SIDDHARTH REDDY  ALLA,OPRInv1021-2026793123,RUT,,500,0,0,500,500,0,Cash,K PRATHIMA,Walk-In,Walk-In
09-07-2026,MR10210006730,OP10210012822,Mrs. M KOTESWARAMMA,Female,38Y,9959948019,Dr. SIDDHARTH REDDY  ALLA,OPRInv1021-2026793124,ENDOSCOPY,,3300,0,0,3300,3300,0,UPI - PhonePe,K PRATHIMA,Walk-In,Walk-In
09-07-2026,MR10210006732,OP10210012824,Mr. G ANJANEYULU,Male,26Y,6302680419,Dr. SIDDHARTH REDDY  ALLA,OPRInv1021-2026793125,ENDOSCOPY,,3300,0,0,3300,2300,1000,Cash,K PRATHIMA,Walk-In,Walk-In
26-07-2026,MR10210006732,OP10210012824,Mr. G ANJANEYULU,Male,26Y,6302680419,Dr. SIDDHARTH REDDY  ALLA,OPRInv1021-2026793125,ENDOSCOPY,,3300,0,1000,0,0,0,Cash,K PRATHIMA,Walk-In,Walk-In
09-07-2026,MR10210006730,OP10210012827,Mrs. M KOTESWARAMMA,Female,38Y,9959948019,Dr. SIDDHARTH REDDY  ALLA,OPRInv1021-2026793126,RUT,,500,0,0,500,500,0,Cash,K PRATHIMA,Walk-In,Walk-In
09-07-2026,MR10210006734,OP10210012828,Mrs. Y KRISHNA KUMARI,Female,45Y,9550434897,Dr. SIDDHARTH REDDY  ALLA,OPRInv1021-2026793127,ENDOSCOPY,,3300,0,0,3300,3300,0,Cash,K PRATHIMA,Walk-In,Walk-In
09-07-2026,MR10210006735,OP10210012834,Mr. T YESUSEVAKUDU,Male,60Y,9010886526,Dr. SIDDHARTH REDDY  ALLA,OPRInv1021-2026793128,ENDOSCOPY,,3300,0,0,3300,2300,1000,Cash,BHARGAV CHOWDARY,Walk-In,Walk-In
26-07-2026,MR10210006735,OP10210012834,Mr. T YESUSEVAKUDU,Male,60Y,9010886526,Dr. SIDDHARTH REDDY  ALLA,OPRInv1021-2026793128,ENDOSCOPY,,3300,0,1000,0,0,0,Cash,BHARGAV CHOWDARY,Walk-In,Walk-In
10-07-2026,MR10210006738,OP10210012839,Mr. K SAMA SIVA RAO,Male,54Y,9492367866,Dr. SIDDHARTH REDDY  ALLA,OPRInv1021-20267103129,ENDOSCOPY,,3300,0,0,3300,3300,0,UPI - PhonePe,RUPA N,Walk-In,Walk-In
10-07-2026,MR10210006737,OP10210012837,Mr. SD MOHAMAD SADIK,Male,32Y,7780723339,Dr. SIDDHARTH REDDY  ALLA,OPRInv1021-20267103130,ENDOSCOPY,,3300,0,0,3300,3300,0,Cash,RUPA N,Walk-In,Walk-In
10-07-2026,MR10210006740,OP10210012842,Mr. P VENKAIAH,Male,58Y,7995510476,Dr. SIDDHARTH REDDY  ALLA,OPRInv1021-20267103131,ENDOSCOPY,,3300,0,0,3300,3300,0,Cash,RUPA N,Walk-In,Walk-In
10-07-2026,MR10210006742,OP10210012844,Mr. T NAVEEN KUMAR,Male,32Y,9493990150,Dr. SIDDHARTH REDDY  ALLA,OPRInv1021-20267103132,ENDOSCOPY,,3300,0,0,3300,3300,0,UPI - PhonePe,RUPA N,Walk-In,Walk-In
10-07-2026,MR10210006737,OP10210012837,Mr. SD MOHAMAD SADIK,Male,32Y,7780723339,Dr. SIDDHARTH REDDY  ALLA,OPRInv1021-20267103133,RUT,,500,0,0,500,500,0,Cash,RUPA N,Walk-In,Walk-In
10-07-2026,MR10210006742,OP10210012844,Mr. T NAVEEN KUMAR,Male,32Y,9493990150,Dr. SIDDHARTH REDDY  ALLA,OPRInv1021-20267103134,BIOPSY SMALL,,1500,0,0,1500,1500,0,UPI - PhonePe,RUPA N,Walk-In,Walk-In
10-07-2026,MR10210006740,OP10210012842,Mr. P VENKAIAH,Male,58Y,7995510476,Dr. SIDDHARTH REDDY  ALLA,OPRInv1021-20267103135,RUT,,500,0,0,500,500,0,Cash,RUPA N,Walk-In,Walk-In
10-07-2026,MR10210006739,OP10210012840,Mr. A SRINIVAS,Male,48Y,8885140656,Dr. SIDDHARTH REDDY  ALLA,OPRInv1021-20267103136,"ANESTHETIA SGA, COLONOSCOPY",,9800,0,0,9800,8000,1800,UPI - PhonePe,RUPA N,Walk-In,Walk-In
10-07-2026,MR10210006739,OP10210012840,Mr. A SRINIVAS,Male,48Y,8885140656,Dr. SIDDHARTH REDDY  ALLA,OPRInv1021-20267103136,"ANESTHETIA SGA, COLONOSCOPY",,9800,0,0,1800,800,1000,Cash,RUPA N,Walk-In,Walk-In
26-07-2026,MR10210006739,OP10210012840,Mr. A SRINIVAS,Male,48Y,8885140656,Dr. SIDDHARTH REDDY  ALLA,OPRInv1021-20267103136,"ANESTHETIA SGA, COLONOSCOPY",,9800,0,1000,0,0,0,Cash,RUPA N,Walk-In,Walk-In
11-07-2026,MR10210006743,OP10210012869,Mr. T RAHUL REDDY,Male,35Y,8886783777,Dr. SIDDHARTH REDDY  ALLA,OPRInv1021-20267113137,ENDOSCOPY,,3300,0,0,3300,3300,0,UPI - PhonePe,K PRATHIMA,Walk-In,Walk-In
11-07-2026,MR10210006743,OP10210012869,Mr. T RAHUL REDDY,Male,35Y,8886783777,Dr. SIDDHARTH REDDY  ALLA,OPRInv1021-20267113138,RUT,,500,0,0,500,500,0,Cash,K PRATHIMA,Walk-In,Walk-In
11-07-2026,MR10210006751,OP10210012863,Mrs. B RAJESWARI,Female,33Y,9963585554,Dr. SIDDHARTH REDDY  ALLA,OPRInv1021-20267113139,ENDOSCOPY,,3300,0,0,3300,3300,0,Cash,K PRATHIMA,Walk-In,Walk-In
11-07-2026,MR10210006753,OP10210012866,Mrs. P DHANA LAKSHMI,Female,55Y,9000123200,Dr. SIDDHARTH REDDY  ALLA,OPRInv1021-20267113140,ENDOSCOPY,,3300,0,0,3300,3300,0,UPI - PhonePe,BHARGAV CHOWDARY,Walk-In,Walk-In
11-07-2026,MR10210006752,OP10210012865,Mrs. S NANDHAMMA,Female,62Y,9010723529,Dr. SIDDHARTH REDDY  ALLA,OPRInv1021-20267113141,ENDOSCOPY,,3300,0,0,3300,3300,0,Cash,BHARGAV CHOWDARY,Walk-In,Walk-In
11-07-2026,MR10210006748,OP10210012864,Mr. CH NAGARJUNA,Male,37Y,9848036246,Dr. SIDDHARTH REDDY  ALLA,OPRInv1021-20267113142,"ANESTHETIA SGA, COLONOSCOPY",,9800,1500,0,8300,8300,0,Cash,BHARGAV CHOWDARY,Walk-In,Walk-In
11-07-2026,MR10210006758,OP10210012872,Mrs. M LAKSHMI  SRAVANI,Female,32Y,8688876711,Dr. SIDDHARTH REDDY  ALLA,OPRInv1021-20267113143,ENDOSCOPY,,3300,0,0,3300,3300,0,UPI - PhonePe,BHARGAV CHOWDARY,Walk-In,Walk-In
11-07-2026,MR10210006753,OP10210012866,Mrs. P DHANA LAKSHMI,Female,55Y,9000123200,Dr. SIDDHARTH REDDY  ALLA,OPRInv1021-20267113144,RUT,,500,0,0,500,500,0,UPI - PhonePe,BHARGAV CHOWDARY,Walk-In,Walk-In
11-07-2026,MR10210006751,OP10210012863,Mrs. B RAJESWARI,Female,33Y,9963585554,Dr. SIDDHARTH REDDY  ALLA,OPRInv1021-20267113145,RUT,,500,0,0,500,500,0,Cash,BHARGAV CHOWDARY,Walk-In,Walk-In
11-07-2026,MR10210006766,OP10210012886,Mrs. JAKIREDDY LAKSHMI,Female,35Y,9014765598,Dr. SIDDHARTH REDDY  ALLA,OPRInv1021-20267113146,ENDOSCOPY,,3300,0,0,3300,3300,0,Cash,RUPA N,Walk-In,Walk-In
11-07-2026,MR10210006768,OP10210012898,Mr. p VENKATESWARLU,Male,60Y,9704384896,Dr. SIDDHARTH REDDY  ALLA,OPRInv1021-20267113147,SIGMOIDOSCOPY,,3300,0,0,3300,3300,0,Cash,RUPA N,Walk-In,Walk-In
11-07-2026,MR10210000510,OP10210012888,Mrs. V PADMAVATHI ,Female,55Y,8328168590,Dr. SIDDHARTH REDDY  ALLA,OPRInv1021-20267113148,ENDOSCOPY,,3300,0,0,3300,3300,0,UPI - PhonePe,RUPA N,Walk-In,Walk-In
11-07-2026,MR10210006761,OP10210012877,Mrs. DAVULURI SIVA NAGAMMA,Female,76Y,6304802859,Dr. SIDDHARTH REDDY  ALLA,OPRInv1021-20267113149,"ANESTHETIA SGA, COLONOSCOPY",,9800,0,0,9800,9800,0,Cash,RUPA N,Walk-In,Walk-In
11-07-2026,MR10210006758,OP10210012872,Mrs. M LAKSHMI  SRAVANI,Female,32Y,8688876711,Dr. SIDDHARTH REDDY  ALLA,OPRInv1021-20267113150,RUT,,500,0,0,500,500,0,UPI - PhonePe,RUPA N,Walk-In,Walk-In
11-07-2026,MR10210001115,OP10210012887,Mr. CH VENKATESWARLU ,Male,71Y,7780244976,Dr. SIDDHARTH REDDY  ALLA,OPRInv1021-20267113151,"ECG , ENDOSCOPY",,3500,0,0,3500,3500,0,Cash,RUPA N,Walk-In,Walk-In
11-07-2026,MR10210006773,OP10210012903,Mrs. K ANANTHA RAMULU,Female,50Y,9959815947,Dr. SIDDHARTH REDDY  ALLA,OPRInv1021-20267113152,ENDOSCOPY,,3300,0,0,3300,3300,0,Cash,RUPA N,Walk-In,Walk-In
11-07-2026,MR10210006766,OP10210012886,Mrs. JAKIREDDY LAKSHMI,Female,35Y,9014765598,Dr. SIDDHARTH REDDY  ALLA,OPRInv1021-20267113153,RUT,,500,0,0,500,500,0,Cash,BHARGAV CHOWDARY,Walk-In,Walk-In
13-07-2026,MR10210006781,OP10210012912,Mrs. V GANGAMMA,Female,52Y,8977885656,Dr. SIDDHARTH REDDY  ALLA,OPRInv1021-20267133154,"ANESTHETIA SGA, COLONOSCOPY, ENDOSCOPY",,13100,1500,0,11600,11600,0,Cash,K PRATHIMA,Walk-In,Walk-In
13-07-2026,MR10210006787,OP10210012926,Mrs. SK RESHMA,Female,36Y,9121413927,Dr. SIDDHARTH REDDY  ALLA,OPRInv1021-20267133155,ENDOSCOPY,,3300,0,0,3300,3300,0,UPI - PhonePe,K PRATHIMA,Walk-In,Walk-In
13-07-2026,MR10210006788,OP10210012931,Mr. K PAUL,Male,31Y,6281925002,Dr. SIDDHARTH REDDY  ALLA,OPRInv1021-20267133156,ENDOSCOPY,,3300,0,0,3300,3300,0,Cash,K PRATHIMA,Walk-In,Walk-In
13-07-2026,MR10210006784,OP10210012920,Mrs. K VENKATA LAKSHMI KUMARI,Female,50Y,9381283292,Dr. SIDDHARTH REDDY  ALLA,OPRInv1021-20267133157,ENDOSCOPY,,3300,0,0,3300,3300,0,Cash,K PRATHIMA,Walk-In,Walk-In
13-07-2026,MR10210006786,OP10210012923,Mr. B GOKUL,Male,14Y,8885882827,Dr. SIDDHARTH REDDY  ALLA,OPRInv1021-20267133158,ENDOSCOPY,,3300,0,0,3300,3300,0,UPI - PhonePe,K PRATHIMA,Walk-In,Walk-In
13-07-2026,MR10210006784,OP10210012920,Mrs. K VENKATA LAKSHMI KUMARI,Female,50Y,9381283292,Dr. SIDDHARTH REDDY  ALLA,OPRInv1021-20267133159,RUT,,500,0,0,500,500,0,Cash,K PRATHIMA,Walk-In,Walk-In
13-07-2026,MR10210006785,OP10210012922,Mr. A A RAMA RAO,Male,44Y,8008594394,Dr. SIDDHARTH REDDY  ALLA,OPRInv1021-20267133160,"COLONOSCOPY, ENDOSCOPY",,9600,1500,0,8100,8100,0,Cash,K PRATHIMA,Walk-In,Walk-In
13-07-2026,MR10210006788,OP10210012939,Mr. K PAUL,Male,31Y,6281925002,Dr. SIDDHARTH REDDY  ALLA,OPRInv1021-20267133161,RUT,,500,0,0,500,500,0,Cash,K PRATHIMA,Walk-In,Walk-In
13-07-2026,MR10210006789,OP10210012937,Mr. M RANGA RATHNAM,Male,63Y,9948234995,Dr. SIDDHARTH REDDY  ALLA,OPRInv1021-20267133162,ENDOSCOPY,,3300,0,0,3300,3300,0,Cash,K PRATHIMA,Walk-In,Walk-In
13-07-2026,MR10210006791,OP10210012945,Mr. SK ASWAT AYAAN,Male,4Y,8186009512,Dr. SIDDHARTH REDDY  ALLA,OPRInv1021-20267133163,"ANESTHETIA SGA, FOREIGN BODY REMOVAL - BLUNT",,15500,2000,0,13500,12500,1000,UPI - PhonePe,K PRATHIMA,Walk-In,Walk-In
13-07-2026,MR10210006791,OP10210012945,Mr. SK ASWAT AYAAN,Male,4Y,8186009512,Dr. SIDDHARTH REDDY  ALLA,OPRInv1021-20267133163,"ANESTHETIA SGA, FOREIGN BODY REMOVAL - BLUNT",,15500,2000,0,1000,1000,0,Cash,K PRATHIMA,Walk-In,Walk-In
13-07-2026,MR10210006786,OP10210012923,Mr. B GOKUL,Male,14Y,8885882827,Dr. SIDDHARTH REDDY  ALLA,OPRInv1021-20267133164,RUT,,500,0,0,500,500,0,UPI - PhonePe,K PRATHIMA,Walk-In,Walk-In
13-07-2026,MR10210006260,OP10210012943,Mrs. K RAJYALAKSHMI,Female,65Y,7330075006,Dr. NST TEJASWI ALLA,OPRInv1021-20267133165,"ANESTHETIA SGA, COLONOSCOPY",,9800,0,0,9800,0,9800,Cash,K PRATHIMA,Walk-In,Walk-In
13-07-2026,MR10210006260,OP10210012943,Mrs. K RAJYALAKSHMI,Female,65Y,7330075006,Dr. NST TEJASWI ALLA,OPRInv1021-20267133165,"ANESTHETIA SGA, COLONOSCOPY",,9800,0,0,9800,9800,0,Cash,K PRATHIMA,Walk-In,Walk-In
13-07-2026,MR10210006781,OP10210012912,Mrs. V GANGAMMA,Female,52Y,8977885656,Dr. SIDDHARTH REDDY  ALLA,OPRInv1021-20267133166,RUT,,500,0,0,500,500,0,Cash,K PRATHIMA,Walk-In,Walk-In
13-07-2026,MR10210006787,OP10210012950,Mrs. SK RESHMA,Female,36Y,9121413927,Dr. SIDDHARTH REDDY  ALLA,OPRInv1021-20267133167,RUT,,500,0,0,500,500,0,Cash,K PRATHIMA,Walk-In,Walk-In
13-07-2026,MR10210006785,OP10210012922,Mr. A A RAMA RAO,Male,44Y,8008594394,Dr. SIDDHARTH REDDY  ALLA,OPRInv1021-20267133168,BIOPSY SMALL,,1500,0,0,1500,1500,0,Cash,K PRATHIMA,Walk-In,Walk-In
13-07-2026,MR10210006260,OP10210012934,Mrs. K RAJYALAKSHMI,Female,65Y,7330075006,Dr. SIDDHARTH REDDY  ALLA,OPRInv1021-20267133169,BIOPSY SMALL,,1500,0,0,1500,0,1500,Cash,BHARGAV CHOWDARY,Walk-In,Walk-In
13-07-2026,MR10210006260,OP10210012934,Mrs. K RAJYALAKSHMI,Female,65Y,7330075006,Dr. SIDDHARTH REDDY  ALLA,OPRInv1021-20267133169,BIOPSY SMALL,,1500,0,0,1500,1500,0,Cash,BHARGAV CHOWDARY,Walk-In,Walk-In
14-07-2026,MR10210006799,OP10210012962,Ms. B LALITHA VEDA JYOTHI,Female,26Y,9848019518,Dr. SIDDHARTH REDDY  ALLA,OPRInv1021-20267143170,ENDOSCOPY,,3300,0,0,3300,3300,0,UPI - PhonePe,RUPA N,Walk-In,Walk-In
14-07-2026,MR10210006800,OP10210012963,Mr. D HARI BABU,Male,62Y,9010652320,Dr. SIDDHARTH REDDY  ALLA,OPRInv1021-20267143171,ENDOSCOPY,,3300,0,0,3300,3300,0,Cash,RUPA N,Walk-In,Walk-In
14-07-2026,MR10210006799,OP10210012966,Ms. B LALITHA VEDA JYOTHI,Female,26Y,9848019518,Dr. SIDDHARTH REDDY  ALLA,OPRInv1021-20267143172,RUT,,500,0,0,500,500,0,UPI - PhonePe,RUPA N,Walk-In,Walk-In
14-07-2026,MR10210006801,OP10210012964,Mrs. A PRABAVATHI,Female,68Y,8801221799,Dr. SIDDHARTH REDDY  ALLA,OPRInv1021-20267143173,ENDOSCOPY,,3300,0,0,3300,3300,0,UPI - PhonePe,RUPA N,Walk-In,Walk-In
14-07-2026,MR10210006803,OP10210012970,Mrs. D SITA,Female,56Y,9494965438,Dr. SIDDHARTH REDDY  ALLA,OPRInv1021-20267143174,ENDOSCOPY,,3300,0,0,3300,3300,0,UPI - PhonePe,RUPA N,Walk-In,Walk-In
14-07-2026,MR10210006803,OP10210012980,Mrs. D SITA,Female,56Y,9494965438,Dr. SIDDHARTH REDDY  ALLA,OPRInv1021-20267143175,RUT,,500,0,0,500,500,0,UPI - PhonePe,RUPA N,Walk-In,Walk-In
14-07-2026,MR10210006801,OP10210012964,Mrs. A PRABAVATHI,Female,68Y,8801221799,Dr. SIDDHARTH REDDY  ALLA,OPRInv1021-20267143176,RUT,,500,0,0,500,500,0,UPI - PhonePe,RUPA N,Walk-In,Walk-In
14-07-2026,MR10210006804,OP10210012972,Mr. M ANURADHA,Male,42Y,9398822423,Dr. SIDDHARTH REDDY  ALLA,OPRInv1021-20267143177,ENDOSCOPY,,3300,0,0,3300,3300,0,UPI - PhonePe,RUPA N,Walk-In,Walk-In
14-07-2026,MR10210006807,OP10210012981,Mr. G YESAIAH,Male,61Y,6309381209,Dr. SIDDHARTH REDDY  ALLA,OPRInv1021-20267143178,ENDOSCOPY,,3300,0,0,3300,3300,0,UPI - PhonePe,RUPA N,Walk-In,Walk-In
14-07-2026,MR10210006808,OP10210012982,Mr. V GURAVAIAH,Male,58Y,8801786681,Dr. SIDDHARTH REDDY  ALLA,OPRInv1021-20267143179,SIGMOIDOSCOPY,,3300,0,0,3300,3300,0,UPI - PhonePe,RUPA N,Walk-In,Walk-In
14-07-2026,MR10210006800,OP10210012963,Mr. D HARI BABU,Male,62Y,9010652320,Dr. SIDDHARTH REDDY  ALLA,OPRInv1021-20267143180,RUT,,500,0,0,500,500,0,Cash,RUPA N,Walk-In,Walk-In
14-07-2026,MR10210006811,OP10210012990,Mr. S PRAKASAM,Male,80Y,9010826109,Dr. SIDDHARTH REDDY  ALLA,OPRInv1021-20267143181,ENDOSCOPY,,3300,0,0,3300,2600,700,UPI - PhonePe,RUPA N,Walk-In,Walk-In
14-07-2026,MR10210006811,OP10210012990,Mr. S PRAKASAM,Male,80Y,9010826109,Dr. SIDDHARTH REDDY  ALLA,OPRInv1021-20267143181,ENDOSCOPY,,3300,0,0,700,700,0,Cash,RUPA N,Walk-In,Walk-In
14-07-2026,MR10210006814,OP10210012998,Mrs. V NIRIKSHANA KUMARI,Female,52Y,9346437537,Dr. SIDDHARTH REDDY  ALLA,OPRInv1021-20267143182,DIAGNOSTIC EUS,,15000,5000,0,10000,10000,0,Cash,Siddhartha Reddy ,Walk-In,Walk-In
15-07-2026,MR10210005987,OP10210013002,Baby. M SUHAS PRINCE,Female,7Y2M21D,8977888553,Dr. SIDDHARTH REDDY  ALLA,OPRInv1021-20267153183,UGISCOPY + STENT REMOVAL,,5000,0,0,5000,3300,1700,UPI - PhonePe,K PRATHIMA,Walk-In,Walk-In
26-07-2026,MR10210005987,OP10210013002,Baby. M SUHAS PRINCE,Female,7Y2M21D,8977888553,Dr. SIDDHARTH REDDY  ALLA,OPRInv1021-20267153183,UGISCOPY + STENT REMOVAL,,5000,0,1700,0,0,0,Cash,K PRATHIMA,Walk-In,Walk-In
15-07-2026,MR10210006817,OP10210013005,Mrs. G LAKSHMI KAVITHA,Female,35Y,9949368299,Dr. SIDDHARTH REDDY  ALLA,OPRInv1021-20267153184,SIGMOIDOSCOPY,,3300,0,0,3300,3300,0,UPI - PhonePe,K PRATHIMA,Walk-In,Walk-In
15-07-2026,MR10210006821,OP10210013012,Mrs. N V LAKSHMI,Female,44Y,9381305465,Dr. SIDDHARTH REDDY  ALLA,OPRInv1021-20267153185,ENDOSCOPY,,3300,0,0,3300,3300,0,UPI - PhonePe,K PRATHIMA,Walk-In,Walk-In
16-07-2026,MR10210006826,OP10210013019,Mr. T VENKATESWARLU,Male,50Y,9347611431,Dr. SIDDHARTH REDDY  ALLA,OPRInv1021-20267163186,ENDOSCOPY,,3300,0,0,3300,2300,1000,UPI - PhonePe,K PRATHIMA,Walk-In,Walk-In
26-07-2026,MR10210006826,OP10210013019,Mr. T VENKATESWARLU,Male,50Y,9347611431,Dr. SIDDHARTH REDDY  ALLA,OPRInv1021-20267163186,ENDOSCOPY,,3300,0,1000,0,0,0,Cash,K PRATHIMA,Walk-In,Walk-In
16-07-2026,MR10210006824,OP10210013016,Mrs. B VENKATA MAHA LAKSHMI,Female,65Y,9985507398,Dr. SIDDHARTH REDDY  ALLA,OPRInv1021-20267163187,ENDOSCOPY,,3300,0,0,3300,3300,0,Cash,K PRATHIMA,Walk-In,Walk-In
16-07-2026,MR10210006825,OP10210013018,Mrs. M ANURADHA,Female,35Y,9848236449,Dr. SIDDHARTH REDDY  ALLA,OPRInv1021-20267163188,"ENDOSCOPY, SIGMOIDOSCOPY",,6600,1000,0,5600,5600,0,Cash,K PRATHIMA,Walk-In,Walk-In
16-07-2026,MR10210006829,OP10210013027,Mr. K SAI PRASANNA SWAMI,Male,32Y,8309312280,Dr. SIDDHARTH REDDY  ALLA,OPRInv1021-20267163189,"ANESTHETIA SGA, COLONOSCOPY",,9800,0,0,9800,0,9800,Cash,K PRATHIMA,Walk-In,Walk-In
25-08-2026,MR10210006829,OP10210013027,Mr. K SAI PRASANNA SWAMI,Male,32Y,8309312280,Dr. SIDDHARTH REDDY  ALLA,OPRInv1021-20267163189,"ANESTHETIA SGA, COLONOSCOPY",,9800,0,9800,0,0,0,Cash,K PRATHIMA,Walk-In,Walk-In
16-07-2026,MR10210006825,OP10210013018,Mrs. M ANURADHA,Female,35Y,9848236449,Dr. SIDDHARTH REDDY  ALLA,OPRInv1021-20267163190,RUT,,500,0,0,500,500,0,Cash,K PRATHIMA,Walk-In,Walk-In
16-07-2026,MR10210006830,OP10210013029,Mr. J V KOTESWAR RAO,Male,52Y,9959575369,Dr. SIDDHARTH REDDY  ALLA,OPRInv1021-20267163191,ENDOSCOPY,,3300,0,0,3300,3300,0,UPI - PhonePe,K PRATHIMA,Walk-In,Walk-In
16-07-2026,MR10210006832,OP10210013034,Mr. P NASAR REDDY,Male,32Y,9398149796,Dr. SIDDHARTH REDDY  ALLA,OPRInv1021-20267163192,"ANESTHETIA SGA, COLONOSCOPY",,9800,0,0,9800,9800,0,Cash,K PRATHIMA,Walk-In,Walk-In
16-07-2026,MR10210006832,OP10210013041,Mr. P NASAR REDDY,Male,32Y,9398149796,Dr. SIDDHARTH REDDY  ALLA,OPRInv1021-20267163193,BIOPSY SMALL,,1500,0,0,1500,1500,0,Cash,K PRATHIMA,Walk-In,Walk-In
16-07-2026,MR10210006830,OP10210013029,Mr. J V KOTESWAR RAO,Male,52Y,9959575369,Dr. SIDDHARTH REDDY  ALLA,OPRInv1021-20267163194,RUT,,500,0,0,500,500,0,Cash,K PRATHIMA,Walk-In,Walk-In
16-07-2026,MR10210006823,OP10210013015,Mr. M VENKATESWARA RAO,Male,66Y,9849031626,Dr. SIDDHARTH REDDY  ALLA,OPRInv1021-20267163195,BIOPSY SMALL,,1500,0,0,1500,1500,0,Cash,K PRATHIMA,Walk-In,Walk-In
16-07-2026,MR10210006823,OP10210013015,Mr. M VENKATESWARA RAO,Male,66Y,9849031626,Dr. SIDDHARTH REDDY  ALLA,OPRInv1021-20267163196,ANESTHETIA SGA,,3500,0,0,3500,3500,0,Cash,K PRATHIMA,Walk-In,Walk-In
17-07-2026,MR10210006840,OP10210013051,Mrs. P SRI LAKSHMI,Female,29Y,9000168494,Dr. SIDDHARTH REDDY  ALLA,OPRInv1021-20267173197,ENDOSCOPY,,3300,0,0,3300,3300,0,UPI - PhonePe,K PRATHIMA,Walk-In,Walk-In
17-07-2026,MR10210006840,OP10210013051,Mrs. P SRI LAKSHMI,Female,29Y,9000168494,Dr. SIDDHARTH REDDY  ALLA,OPRInv1021-20267173198,RUT,,500,0,0,500,500,0,UPI - PhonePe,K PRATHIMA,Walk-In,Walk-In
17-07-2026,MR10210006843,OP10210013059,Mrs. P NAGENDRAMMA,Female,59Y,9441215788,Dr. SIDDHARTH REDDY  ALLA,OPRInv1021-20267173199,ENDOSCOPY,,3300,0,0,3300,3300,0,UPI - PhonePe,K PRATHIMA,Walk-In,Walk-In
17-07-2026,MR10210006839,OP10210013050,Mr. M VENKATESWARLU,Male,62Y,9392446885,Dr. SIDDHARTH REDDY  ALLA,OPRInv1021-20267173200,SIGMOIDOSCOPY,,3300,0,0,3300,3300,0,UPI - PhonePe,RUPA N,Walk-In,Walk-In
17-07-2026,MR10210006735,OP10210013069,Mr. T YESUSEVAKUDU,Male,60Y,9010886526,Dr. SIDDHARTH REDDY  ALLA,OPRInv1021-20267173201,"ANESTHETIA SGA, COLONOSCOPY",,9800,0,0,9800,7500,2300,UPI - PhonePe,RUPA N,Walk-In,Walk-In
26-07-2026,MR10210006735,OP10210013069,Mr. T YESUSEVAKUDU,Male,60Y,9010886526,Dr. SIDDHARTH REDDY  ALLA,OPRInv1021-20267173201,"ANESTHETIA SGA, COLONOSCOPY",,9800,0,2300,0,0,0,Cash,RUPA N,Walk-In,Walk-In
17-07-2026,MR10210006843,OP10210013059,Mrs. P NAGENDRAMMA,Female,59Y,9441215788,Dr. SIDDHARTH REDDY  ALLA,OPRInv1021-20267173202,RUT,,500,0,0,500,500,0,Cash,RUPA N,Walk-In,Walk-In
17-07-2026,MR10210006850,OP10210013076,Mr. J SESHAIAH,Male,37Y,7670909691,Dr. SIDDHARTH REDDY  ALLA,OPRInv1021-20267173203,ENDOSCOPY,,3300,0,0,3300,3300,0,Cash,RUPA N,Walk-In,Walk-In
17-07-2026,MR10210006848,OP10210013071,Mrs. P PADMA,Female,61Y,9866302454,Dr. SIDDHARTH REDDY  ALLA,OPRInv1021-20267173204,ENDOSCOPY,,3300,0,0,3300,3300,0,UPI - PhonePe,RUPA N,Walk-In,Walk-In
17-07-2026,MR10210006480,OP10210013079,Mrs. K BHAGYA LAKSHMI,Female,65Y,8688919785,Dr. NST TEJASWI ALLA,OPRInv1021-20267173205,2D ECHO,,2500,0,0,2500,2500,0,Cash,RUPA N,Walk-In,Walk-In
18-07-2026,MR10210006853,OP10210013080,Mr. R UMASUTHAM,Male,55Y,8142060540,Dr. SIDDHARTH REDDY  ALLA,OPRInv1021-20267183206,"ANESTHETIA SGA, COLONOSCOPY",,9800,0,0,9800,9800,0,UPI - PhonePe,K PRATHIMA,Walk-In,Walk-In
18-07-2026,MR10210006696,OP10210013084,Mrs. A ANASURYAMMA,Female,78Y,9908653265,Dr. SIDDHARTH REDDY  ALLA,OPRInv1021-20267183207,"ANESTHETIA SGA, ENDOSCOPY",,6800,0,0,6800,6800,0,Cash,K PRATHIMA,Walk-In,Walk-In
18-07-2026,MR10210006696,OP10210013084,Mrs. A ANASURYAMMA,Female,78Y,9908653265,Dr. SIDDHARTH REDDY  ALLA,OPRInv1021-20267183208,BIOPSY SMALL,,1500,0,0,1500,1500,0,Cash,K PRATHIMA,Walk-In,Walk-In
18-07-2026,MR10210006855,OP10210013091,Mr. P CHANDRA BABU,Male,34Y,6303376759,Dr. SIDDHARTH REDDY  ALLA,OPRInv1021-20267183209,ENDOSCOPY,,3300,0,0,3300,3300,0,UPI - PhonePe,K PRATHIMA,Walk-In,Walk-In
18-07-2026,MR10210006713,OP10210013092,Mr. M V RAMESH BABU,Male,60Y,9492670668,Dr. SIDDHARTH REDDY  ALLA,OPRInv1021-20267183210,ENDOSCOPY,,3300,500,0,2800,2800,0,UPI - PhonePe,K PRATHIMA,Walk-In,Walk-In
18-07-2026,MR10210006856,OP10210013094,Mr. Y SAI KRISHNA,Male,35Y,9966909444,Dr. SIDDHARTH REDDY  ALLA,OPRInv1021-20267183211,ENDOSCOPY,,3300,0,0,3300,3300,0,Cash,K PRATHIMA,Walk-In,Walk-In
18-07-2026,MR10210006858,OP10210013098,Mrs. P ADILAKSHMI,Female,60Y,8500238869,Dr. SIDDHARTH REDDY  ALLA,OPRInv1021-20267183212,"ECG , ENDOSCOPY",,3500,0,0,3500,3500,0,Cash,K PRATHIMA,Walk-In,Walk-In
18-07-2026,MR10210006713,OP10210013092,Mr. M V RAMESH BABU,Male,60Y,9492670668,Dr. SIDDHARTH REDDY  ALLA,OPRInv1021-20267183213,RUT,,500,0,0,500,500,0,UPI - PhonePe,RUPA N,Walk-In,Walk-In
18-07-2026,MR10210006859,OP10210013102,Mr. V ANKARAO,Male,29Y,6502712574,Dr. SIDDHARTH REDDY  ALLA,OPRInv1021-20267183214,ENDOSCOPY,,3300,0,0,3300,3300,0,UPI - PhonePe,RUPA N,Walk-In,Walk-In
18-07-2026,MR10210006856,OP10210013094,Mr. Y SAI KRISHNA,Male,35Y,9966909444,Dr. SIDDHARTH REDDY  ALLA,OPRInv1021-20267183215,RUT,,500,0,0,500,500,0,Cash,RUPA N,Walk-In,Walk-In
18-07-2026,MR10210006861,OP10210013105,Mrs. K RAJESWARI,Female,45Y,8019936443,Dr. SIDDHARTH REDDY  ALLA,OPRInv1021-20267183216,ENDOSCOPY,,3300,0,0,3300,3300,0,UPI - PhonePe,RUPA N,Walk-In,Walk-In
18-07-2026,MR10210006861,OP10210013107,Mrs. K RAJESWARI,Female,45Y,8019936443,Dr. SIDDHARTH REDDY  ALLA,OPRInv1021-20267183217,RUT,,500,0,0,500,500,0,UPI - PhonePe,RUPA N,Walk-In,Walk-In
20-07-2026,MR10210006870,OP10210013123,Mr. Y SRI RAMA CHANDRA MURTHY,Male,70Y,7993733999,Dr. SIDDHARTH REDDY  ALLA,OPRInv1021-20267203218,"ECG , ENDOSCOPY",,3500,0,0,3500,3500,0,Cash,K PRATHIMA,Walk-In,Walk-In
20-07-2026,MR10210006866,OP10210013113,Mr. K  P RAKESH,Male,20Y,9985559090,Dr. SIDDHARTH REDDY  ALLA,OPRInv1021-20267203219,"ANESTHETIA SGA, COLONOSCOPY",,9800,0,0,9800,9800,0,UPI - PhonePe,K PRATHIMA,Walk-In,Walk-In
20-07-2026,MR10210006867,OP10210013114,Mr. K PUNNA RAO,Male,49Y,9346519595,Dr. SIDDHARTH REDDY  ALLA,OPRInv1021-20267203220,ENDOSCOPY,,3300,0,0,3300,1750,1550,Cash,K PRATHIMA,Walk-In,Walk-In
20-07-2026,MR10210006867,OP10210013114,Mr. K PUNNA RAO,Male,49Y,9346519595,Dr. SIDDHARTH REDDY  ALLA,OPRInv1021-20267203220,ENDOSCOPY,,3300,0,0,1550,1550,0,UPI - PhonePe,K PRATHIMA,Walk-In,Walk-In
20-07-2026,MR10210006869,OP10210013119,Mrs. K ANNAMMA,Female,52Y,9652939275,Dr. SIDDHARTH REDDY  ALLA,OPRInv1021-20267203221,ENDOSCOPY,,3300,0,0,3300,3300,0,Cash,K PRATHIMA,Walk-In,Walk-In
20-07-2026,MR10210006870,OP10210013130,Mr. Y SRI RAMA CHANDRA MURTHY,Male,70Y,7993733999,Dr. SIDDHARTH REDDY  ALLA,OPRInv1021-20267203222,RUT,,500,0,0,500,500,0,Cash,K PRATHIMA,Walk-In,Walk-In
20-07-2026,MR10210006868,OP10210013115,Mr. K NAGA RAJU,Male,40Y,9515131198,Dr. SIDDHARTH REDDY  ALLA,OPRInv1021-20267203223,ENDOSCOPY,,3300,500,0,2800,2800,0,Cash,K PRATHIMA,Walk-In,Walk-In
20-07-2026,MR10210006868,OP10210013115,Mr. K NAGA RAJU,Male,40Y,9515131198,Dr. SIDDHARTH REDDY  ALLA,OPRInv1021-20267203224,RUT,,500,0,0,500,500,0,Cash,K PRATHIMA,Walk-In,Walk-In
20-07-2026,MR10210006875,OP10210013136,Mr. M VENKATESWARLU,Male,61Y,9985557446,Dr. SIDDHARTH REDDY  ALLA,OPRInv1021-20267203225,ENDOSCOPY,,3300,0,0,3300,3300,0,Cash,K PRATHIMA,Walk-In,Walk-In
20-07-2026,MR10210006869,OP10210013119,Mrs. K ANNAMMA,Female,52Y,9652939275,Dr. SIDDHARTH REDDY  ALLA,OPRInv1021-20267203226,RUT,,500,0,0,500,500,0,Cash,K PRATHIMA,Walk-In,Walk-In
20-07-2026,MR10210006875,OP10210013136,Mr. M VENKATESWARLU,Male,61Y,9985557446,Dr. SIDDHARTH REDDY  ALLA,OPRInv1021-20267203227,RUT,,500,0,0,500,500,0,Cash,K PRATHIMA,Walk-In,Walk-In
20-07-2026,MR10210006871,OP10210013124,Mr. N MOHAN DAS,Male,48Y,9010116265,Dr. SIDDHARTH REDDY  ALLA,OPRInv1021-20267203228,"ANESTHETIA SGA, COLONOSCOPY",,9800,0,0,9800,9800,0,UPI - PhonePe,K PRATHIMA,Walk-In,Walk-In
20-07-2026,MR10210006881,OP10210013159,Mrs. M DURGA,Female,52Y,9848112537,Dr. SIDDHARTH REDDY  ALLA,OPRInv1021-20267203229,ENDOSCOPY,,3300,0,0,3300,3300,0,Cash,K PRATHIMA,Walk-In,Walk-In
21-07-2026,MR10210006882,OP10210013160,Mr. G HANUMANTH RAO,Male,60Y,8179140965,Dr. SIDDHARTH REDDY  ALLA,OPRInv1021-20267213230,ENDOSCOPY,,3300,500,0,2800,2800,0,Cash,K PRATHIMA,Walk-In,Walk-In
21-07-2026,MR10210006883,OP10210013161,Mr. K SAI SUKESH,Male,30Y,9182934520,Dr. SIDDHARTH REDDY  ALLA,OPRInv1021-20267213231,ENDOSCOPY,,3300,0,0,3300,2300,1000,Cash,K PRATHIMA,Walk-In,Walk-In
26-07-2026,MR10210006883,OP10210013161,Mr. K SAI SUKESH,Male,30Y,9182934520,Dr. SIDDHARTH REDDY  ALLA,OPRInv1021-20267213231,ENDOSCOPY,,3300,0,1000,0,0,0,Cash,K PRATHIMA,Walk-In,Walk-In
21-07-2026,MR10210006884,OP10210013163,Mr. V SRINIVAS,Male,35Y,6304967703,Dr. SIDDHARTH REDDY  ALLA,OPRInv1021-20267213232,ENDOSCOPY,,3300,0,0,3300,3300,0,Cash,K PRATHIMA,Walk-In,Walk-In
21-07-2026,MR10210006883,OP10210013161,Mr. K SAI SUKESH,Male,30Y,9182934520,Dr. SIDDHARTH REDDY  ALLA,OPRInv1021-20267213233,RUT,,500,0,0,500,500,0,Cash,K PRATHIMA,Walk-In,Walk-In
21-07-2026,MR10210006888,OP10210013174,Mr. D SAIDA VALI,Male,38Y,8886772151,Dr. SIDDHARTH REDDY  ALLA,OPRInv1021-20267213234,ENDOSCOPY,,3300,0,0,3300,3300,0,Cash,K PRATHIMA,Walk-In,Walk-In
21-07-2026,MR10210006887,OP10210013171,Mr. K KOTESWAR RAO,Male,64Y,8125679988,Dr. SIDDHARTH REDDY  ALLA,OPRInv1021-20267213235,"ANESTHETIA SGA, COLONOSCOPY",,9800,1000,0,8800,8800,0,UPI - PhonePe,K PRATHIMA,Walk-In,Walk-In
21-07-2026,MR10210006886,OP10210013166,Mr. SK MAHEMOOD,Male,35Y,9966063853,Dr. SIDDHARTH REDDY  ALLA,OPRInv1021-20267213236,ENDOSCOPY,,3300,0,0,3300,3300,0,Cash,K PRATHIMA,Walk-In,Walk-In
21-07-2026,MR10210006888,OP10210013176,Mr. D SAIDA VALI,Male,38Y,8886772151,Dr. SIDDHARTH REDDY  ALLA,OPRInv1021-20267213237,RUT,,500,0,0,500,500,0,Cash,K PRATHIMA,Walk-In,Walk-In
21-07-2026,MR10210005734,OP10210013164,Mr. PRASAD M V D,Male,54Y,9885968899,Dr. SIDDHARTH REDDY  ALLA,OPRInv1021-20267213238,"ANESTHETIA UNDER GA, ENDOSCOPY, EVL BANDING ",,23300,0,0,23300,23300,0,UPI - PhonePe,BHARGAV CHOWDARY,Walk-In,Walk-In
21-07-2026,MR10210006886,OP10210013166,Mr. SK MAHEMOOD,Male,35Y,9966063853,Dr. SIDDHARTH REDDY  ALLA,OPRInv1021-20267213239,RUT,,500,0,0,500,500,0,Cash,K PRATHIMA,Walk-In,Walk-In
21-07-2026,MR10210006884,OP10210013163,Mr. V SRINIVAS,Male,35Y,6304967703,Dr. SIDDHARTH REDDY  ALLA,OPRInv1021-20267213240,BIOPSY SMALL,,1500,0,0,1500,1500,0,UPI - PhonePe,K PRATHIMA,Walk-In,Walk-In
21-07-2026,MR10210006892,OP10210013182,Mrs. P HIDHAYATHUN,Female,50Y,8142055159,Dr. SIDDHARTH REDDY  ALLA,OPRInv1021-20267213241,SIGMOIDOSCOPY,,3300,500,0,2800,2800,0,Cash,BHARGAV CHOWDARY,Walk-In,Walk-In
21-07-2026,MR10210006882,OP10210013160,Mr. G HANUMANTH RAO,Male,60Y,8179140965,Dr. SIDDHARTH REDDY  ALLA,OPRInv1021-20267213242,RUT,,500,0,0,500,500,0,UPI - PhonePe,BHARGAV CHOWDARY,Walk-In,Walk-In
22-07-2026,MR10210006269,OP10210013198,Mrs. B SATYAVATHI,Female,40Y,7893117740,Dr. SIDDHARTH REDDY  ALLA,OPRInv1021-20267223243,ENDOSCOPY,,3300,0,0,3300,3300,0,Cash,K PRATHIMA,Walk-In,Walk-In
22-07-2026,MR10210006901,OP10210013195,Mrs. A LAKSHMI SWARUPA RANI,Female,66Y,9618234631,Dr. SIDDHARTH REDDY  ALLA,OPRInv1021-20267223244,ENDOSCOPY,,3300,0,0,3300,2300,1000,UPI - PhonePe,K PRATHIMA,Walk-In,Walk-In
26-07-2026,MR10210006901,OP10210013195,Mrs. A LAKSHMI SWARUPA RANI,Female,66Y,9618234631,Dr. SIDDHARTH REDDY  ALLA,OPRInv1021-20267223244,ENDOSCOPY,,3300,0,1000,0,0,0,Cash,K PRATHIMA,Walk-In,Walk-In
22-07-2026,MR10210006900,OP10210013194,Mr. A PRAKASH REDDY,Male,76Y,9989623349,Dr. SIDDHARTH REDDY  ALLA,OPRInv1021-20267223245,"ANESTHETIA SGA, COLONOSCOPY, ENDOSCOPY",,13100,2000,0,11100,11100,0,UPI - PhonePe,K PRATHIMA,Walk-In,Walk-In
22-07-2026,MR10210006905,OP10210013203,Mrs. P RUPI DEVI,Female,68Y,8008334081,Dr. SIDDHARTH REDDY  ALLA,OPRInv1021-20267223246,ENDOSCOPY,,3300,0,0,3300,3300,0,Cash,K PRATHIMA,Walk-In,Walk-In
22-07-2026,MR10210006553,OP10210013204,Mr. N MANOJ,Male,25Y,9121192390,Dr. SIDDHARTH REDDY  ALLA,OPRInv1021-20267223247,COLONOSCOPY,,6300,0,0,6300,6300,0,UPI - PhonePe,K PRATHIMA,Walk-In,Walk-In
22-07-2026,MR10210006908,OP10210013208,Mr. A NAGESH BABU,Male,61Y,9247479265,Dr. SIDDHARTH REDDY  ALLA,OPRInv1021-20267223248,ENDOSCOPY,,3300,0,0,3300,0,3300,Cash,K PRATHIMA,Walk-In,Walk-In
25-08-2026,MR10210006908,OP10210013208,Mr. A NAGESH BABU,Male,61Y,9247479265,Dr. SIDDHARTH REDDY  ALLA,OPRInv1021-20267223248,ENDOSCOPY,,3300,0,3300,0,0,0,Cash,K PRATHIMA,Walk-In,Walk-In
22-07-2026,MR10210006908,OP10210013210,Mr. A NAGESH BABU,Male,61Y,9247479265,Dr. SIDDHARTH REDDY  ALLA,OPRInv1021-20267223249,RUT,,500,0,0,500,0,500,Cash,K PRATHIMA,Walk-In,Walk-In
25-08-2026,MR10210006908,OP10210013210,Mr. A NAGESH BABU,Male,61Y,9247479265,Dr. SIDDHARTH REDDY  ALLA,OPRInv1021-20267223249,RUT,,500,0,500,0,0,0,Cash,K PRATHIMA,Walk-In,Walk-In
22-07-2026,MR10210006911,OP10210013213,Mrs. G VENKATA SUBBULU,Female,50Y,9000449711,Dr. SIDDHARTH REDDY  ALLA,OPRInv1021-20267223250,ENDOSCOPY,,3300,0,0,3300,3300,0,Cash,K PRATHIMA,Walk-In,Walk-In
22-07-2026,MR10210006911,OP10210013220,Mrs. G VENKATA SUBBULU,Female,50Y,9000449711,Dr. SIDDHARTH REDDY  ALLA,OPRInv1021-20267223251,RUT,,500,0,0,500,500,0,Cash,BHARGAV CHOWDARY,Walk-In,Walk-In
22-07-2026,MR10210006866,OP10210013199,Mr. K  P RAKESH,Male,20Y,9985559090,Dr. SIDDHARTH REDDY  ALLA,OPRInv1021-20267223252,ANESTHETIA SGA,,3500,0,0,3500,3500,0,Card,K PRATHIMA,Walk-In,Walk-In
22-07-2026,MR10210006900,OP10210013194,Mr. A PRAKASH REDDY,Male,76Y,9989623349,Dr. SIDDHARTH REDDY  ALLA,OPRInv1021-20267223253,RUT,,500,0,0,500,500,0,UPI - PhonePe,K PRATHIMA,Walk-In,Walk-In
23-07-2026,MR10210006915,OP10210013228,Mrs. T THIRUPATAMMA,Female,40Y,9553621557,Dr. SIDDHARTH REDDY  ALLA,OPRInv1021-20267233254,ENDOSCOPY,,3300,0,0,3300,3300,0,Cash,K PRATHIMA,Walk-In,Walk-In
23-07-2026,MR10210006916,OP10210013230,Mr. K APPA RAO,Male,52Y,9849966194,Dr. SIDDHARTH REDDY  ALLA,OPRInv1021-20267233255,ENDOSCOPY,,3300,0,0,3300,3300,0,UPI - PhonePe,K PRATHIMA,Walk-In,Walk-In
23-07-2026,MR10210000346,OP10210013231,Mr. ADIL SK,Male,32Y,8919972534,Dr. SIDDHARTH REDDY  ALLA,OPRInv1021-20267233256,ENDOSCOPY,,3300,0,0,3300,3300,0,UPI - PhonePe,K PRATHIMA,Walk-In,Walk-In
23-07-2026,MR10210006917,OP10210013234,Mrs. CH SEETHA RAVAMMA,Female,45Y,8978653828,Dr. SIDDHARTH REDDY  ALLA,OPRInv1021-20267233257,ENDOSCOPY,,3300,0,0,3300,3300,0,Cash,K PRATHIMA,Walk-In,Walk-In
23-07-2026,MR10210006919,OP10210013238,Master. T KAMALESH,Male,16Y,9440249180,Dr. SIDDHARTH REDDY  ALLA,OPRInv1021-20267233258,ENDOSCOPY,,3300,0,0,3300,3300,0,Cash,K PRATHIMA,Walk-In,Walk-In
23-07-2026,MR10210006920,OP10210013239,Mr. P GOPI KRISHNA,Male,30Y,7013058005,Dr. SIDDHARTH REDDY  ALLA,OPRInv1021-20267233259,ENDOSCOPY,,3300,0,0,3300,3300,0,Cash,K PRATHIMA,Walk-In,Walk-In
23-07-2026,MR10210006915,OP10210013228,Mrs. T THIRUPATAMMA,Female,40Y,9553621557,Dr. SIDDHARTH REDDY  ALLA,OPRInv1021-20267233260,RUT,,500,0,0,500,500,0,Cash,K PRATHIMA,Walk-In,Walk-In
23-07-2026,MR10210006920,OP10210013239,Mr. P GOPI KRISHNA,Male,30Y,7013058005,Dr. SIDDHARTH REDDY  ALLA,OPRInv1021-20267233261,RUT,,500,0,0,500,500,0,Cash,K PRATHIMA,Walk-In,Walk-In
23-07-2026,MR10210006919,OP10210013238,Master. T KAMALESH,Male,16Y,9440249180,Dr. SIDDHARTH REDDY  ALLA,OPRInv1021-20267233262,RUT,,500,0,0,500,500,0,Cash,K PRATHIMA,Walk-In,Walk-In
23-07-2026,MR10210006917,OP10210013234,Mrs. CH SEETHA RAVAMMA,Female,45Y,8978653828,Dr. SIDDHARTH REDDY  ALLA,OPRInv1021-20267233263,RUT,,500,0,0,500,500,0,Cash,K PRATHIMA,Walk-In,Walk-In
23-07-2026,MR10210006923,OP10210013244,Mrs. M NIRMALA,Female,49Y,6364521245,Dr. SIDDHARTH REDDY  ALLA,OPRInv1021-20267233264,ENDOSCOPY,,3300,0,0,3300,3300,0,Cash,K PRATHIMA,Walk-In,Walk-In
23-07-2026,MR10210006909,OP10210013229,Mrs. T VIJAYA LAKSHMI,Female,55Y,9059413129,Dr. SIDDHARTH REDDY  ALLA,OPRInv1021-20267233265,"ANESTHETIA SGA, COLONOSCOPY, ENDOSCOPY",,13100,2100,0,11000,11000,0,UPI - PhonePe,BHARGAV CHOWDARY,Walk-In,Walk-In
24-07-2026,MR10210006933,OP10210013257,Mr. P KONDA REDDY,Male,53Y,9949056632,Dr. SIDDHARTH REDDY  ALLA,OPRInv1021-20267243266,ENDOSCOPY,,3300,500,0,2800,2800,0,Cash,K PRATHIMA,Walk-In,Walk-In
24-07-2026,MR10210006932,OP10210013254,Mr. N SESHAIAH,Male,36Y,9390500940,Dr. SIDDHARTH REDDY  ALLA,OPRInv1021-20267243267,ENDOSCOPY,,3300,0,0,3300,3300,0,Cash,K PRATHIMA,Walk-In,Walk-In
24-07-2026,MR10210006934,OP10210013258,Mr. G VAMSIDHAR,Male,26Y,6302950737,Dr. SIDDHARTH REDDY  ALLA,OPRInv1021-20267243268,"ENDOSCOPY, SIGMOIDOSCOPY",,6600,0,0,6600,6600,0,UPI - PhonePe,K PRATHIMA,Walk-In,Walk-In
24-07-2026,MR10210006932,OP10210013254,Mr. N SESHAIAH,Male,36Y,9390500940,Dr. SIDDHARTH REDDY  ALLA,OPRInv1021-20267243269,RUT,,500,0,0,500,500,0,Cash,K PRATHIMA,Walk-In,Walk-In
24-07-2026,MR10210006936,OP10210013262,Mr. G MANJUSH,Male,25Y,9703199964,Dr. SIDDHARTH REDDY  ALLA,OPRInv1021-20267243270,ENDOSCOPY,,3300,0,0,3300,3300,0,UPI - PhonePe,RUPA N,Walk-In,Walk-In
24-07-2026,MR10210006934,OP10210013258,Mr. G VAMSIDHAR,Male,26Y,6302950737,Dr. SIDDHARTH REDDY  ALLA,OPRInv1021-20267243271,RUT,,500,0,0,500,500,0,Cash,RUPA N,Walk-In,Walk-In
24-07-2026,MR10210000192,OP10210013256,Mr. RAMU E,Male,39Y,9985579007,Dr. SIDDHARTH REDDY  ALLA,OPRInv1021-20267243272,"ANESTHETIA SGA, COLONOSCOPY",,9800,0,0,9800,7800,2000,UPI - PhonePe,RUPA N,Walk-In,Walk-In
26-07-2026,MR10210000192,OP10210013256,Mr. RAMU E,Male,39Y,9985579007,Dr. SIDDHARTH REDDY  ALLA,OPRInv1021-20267243272,"ANESTHETIA SGA, COLONOSCOPY",,9800,0,2000,0,0,0,Cash,RUPA N,Walk-In,Walk-In
24-07-2026,MR10210006939,OP10210013279,Mrs. A NARAYANAMMA,Female,67Y,9505324903,Dr. SIDDHARTH REDDY  ALLA,OPRInv1021-20267243273,ENDOSCOPY,,3300,0,0,3300,2300,1000,UPI - PhonePe,RUPA N,Walk-In,Walk-In
26-07-2026,MR10210006939,OP10210013279,Mrs. A NARAYANAMMA,Female,67Y,9505324903,Dr. SIDDHARTH REDDY  ALLA,OPRInv1021-20267243273,ENDOSCOPY,,3300,0,1000,0,0,0,Cash,RUPA N,Walk-In,Walk-In
24-07-2026,MR10210006940,OP10210013280,Mr. B KOTESWAR RAO,Male,58Y,7036408977,Dr. SIDDHARTH REDDY  ALLA,OPRInv1021-20267243274,ENDOSCOPY,,3300,0,0,3300,3300,0,Cash,RUPA N,Walk-In,Walk-In
24-07-2026,MR10210006942,OP10210013283,Ms. J PRASANNA,Female,19Y,9963509225,Dr. SIDDHARTH REDDY  ALLA,OPRInv1021-20267243275,SIGMOIDOSCOPY,,3300,0,0,3300,3300,0,Cash,RUPA N,Walk-In,Walk-In
25-07-2026,MR10210006947,OP10210013289,Mr. A THIRUPATHI RAO,Male,30Y,7396406696,Dr. SIDDHARTH REDDY  ALLA,OPRInv1021-20267253276,ENDOSCOPY,,3300,0,0,3300,3300,0,UPI - PhonePe,K PRATHIMA,Walk-In,Walk-In
25-07-2026,MR10210006933,OP10210013293,Mr. P KONDA REDDY,Male,53Y,9949056632,Dr. SIDDHARTH REDDY  ALLA,OPRInv1021-20267253277,RUT,,500,0,0,500,500,0,Cash,K PRATHIMA,Walk-In,Walk-In
25-07-2026,MR10210005373,OP10210013295,Mrs. P YAMUNA,Female,31Y,9502726034,Dr. SIDDHARTH REDDY  ALLA,OPRInv1021-20267253278,ENDOSCOPY,,3300,0,0,3300,3300,0,Cash,K PRATHIMA,Walk-In,Walk-In
25-07-2026,MR10210006950,OP10210013297,Mr. M GAGANA SURYA,Male,28Y,9885310382,Dr. SIDDHARTH REDDY  ALLA,OPRInv1021-20267253279,ENDOSCOPY,,3300,0,0,3300,3300,0,UPI - PhonePe,K PRATHIMA,Walk-In,Walk-In
25-07-2026,MR10210006951,OP10210013299,Mr. P YUSAF KHAN,Male,55Y,9000602899,Dr. SIDDHARTH REDDY  ALLA,OPRInv1021-20267253280,ENDOSCOPY,,3300,0,0,3300,3300,0,Cash,K PRATHIMA,Walk-In,Walk-In
25-07-2026,MR10210006947,OP10210013304,Mr. A THIRUPATHI RAO,Male,30Y,7396406696,Dr. SIDDHARTH REDDY  ALLA,OPRInv1021-20267253281,RUT,,500,0,0,500,500,0,UPI - PhonePe,K PRATHIMA,Walk-In,Walk-In
25-07-2026,MR10210006953,OP10210013302,Mr. P NAGENDRA BABU,Male,26Y,7013913818,Dr. SIDDHARTH REDDY  ALLA,OPRInv1021-20267253282,ENDOSCOPY,,3300,0,0,3300,3300,0,UPI - PhonePe,K PRATHIMA,Walk-In,Walk-In
25-07-2026,MR10210005373,OP10210013295,Mrs. P YAMUNA,Female,31Y,9502726034,Dr. SIDDHARTH REDDY  ALLA,OPRInv1021-20267253283,RUT,,500,0,0,500,500,0,Cash,K PRATHIMA,Walk-In,Walk-In
25-07-2026,MR10210006956,OP10210013311,Mr. S P RAJU,Male,55Y,6281710131,Dr. SIDDHARTH REDDY  ALLA,OPRInv1021-20267253284,COLONOSCOPY,,6300,0,0,6300,6300,0,UPI - PhonePe,K PRATHIMA,Walk-In,Walk-In
25-07-2026,MR10210006951,OP10210013299,Mr. P YUSAF KHAN,Male,55Y,9000602899,Dr. SIDDHARTH REDDY  ALLA,OPRInv1021-20267253285,RUT,,500,0,0,500,500,0,Cash,K PRATHIMA,Walk-In,Walk-In
25-07-2026,MR10210006957,OP10210013315,Mrs. M PAMULAMMA,Female,74Y,9951545554,Dr. SIDDHARTH REDDY  ALLA,OPRInv1021-20267253286,"ANESTHETIA SGA, COLONOSCOPY",,9800,0,0,9800,9000,800,UPI - PhonePe,K PRATHIMA,Walk-In,Walk-In
25-07-2026,MR10210006957,OP10210013315,Mrs. M PAMULAMMA,Female,74Y,9951545554,Dr. SIDDHARTH REDDY  ALLA,OPRInv1021-20267253286,"ANESTHETIA SGA, COLONOSCOPY",,9800,0,0,800,800,0,Cash,K PRATHIMA,Walk-In,Walk-In
27-07-2026,MR10210006965,OP10210013362,Mr. Y CHINA RAMAIAH,Male,58Y,9848560770,Dr. SIDDHARTH REDDY  ALLA,OPRInv1021-20267273287,ENDOSCOPY,,3300,0,0,3300,2300,1000,UPI - PhonePe,K PRATHIMA,Walk-In,Walk-In
07-08-2026,MR10210006965,OP10210013362,Mr. Y CHINA RAMAIAH,Male,58Y,9848560770,Dr. SIDDHARTH REDDY  ALLA,OPRInv1021-20267273287,ENDOSCOPY,,3300,0,1000,0,0,0,Cash,K PRATHIMA,Walk-In,Walk-In
27-07-2026,MR10210006972,OP10210013377,Mr. CH ASHOK,Male,39Y,9441128848,Dr. SIDDHARTH REDDY  ALLA,OPRInv1021-20267273288,"ANESTHETIA SGA, COLONOSCOPY",,9800,0,0,9800,9800,0,UPI - PhonePe,K PRATHIMA,Walk-In,Walk-In
27-07-2026,MR10210006966,OP10210013367,Mr. T SUNANDHA,Male,45Y,9440652002,Dr. SIDDHARTH REDDY  ALLA,OPRInv1021-20267273289,ENDOSCOPY,,3300,500,0,2800,2800,0,Cash,K PRATHIMA,Walk-In,Walk-In
27-07-2026,MR10210006967,OP10210013368,Mr. S VENKATESWARLU,Male,50Y,9676579306,Dr. SIDDHARTH REDDY  ALLA,OPRInv1021-20267273290,ENDOSCOPY,,3300,0,0,3300,3300,0,Cash,K PRATHIMA,Walk-In,Walk-In
27-07-2026,MR10210006980,OP10210013392,Mrs. T NAGA LAKSHMI,Female,29Y,9652462527,Dr. SIDDHARTH REDDY  ALLA,OPRInv1021-20267273291,ENDOSCOPY,,3300,0,0,3300,1500,1800,UPI - PhonePe,RUPA N,Walk-In,Walk-In
27-07-2026,MR10210006980,OP10210013392,Mrs. T NAGA LAKSHMI,Female,29Y,9652462527,Dr. SIDDHARTH REDDY  ALLA,OPRInv1021-20267273291,ENDOSCOPY,,3300,0,0,1800,500,1300,Cash,RUPA N,Walk-In,Walk-In
07-08-2026,MR10210006980,OP10210013392,Mrs. T NAGA LAKSHMI,Female,29Y,9652462527,Dr. SIDDHARTH REDDY  ALLA,OPRInv1021-20267273291,ENDOSCOPY,,3300,0,1300,0,0,0,Cash,RUPA N,Walk-In,Walk-In
27-07-2026,MR10210006982,OP10210013396,Mrs. V VEERAMMA,Female,70Y,9618362644,Dr. SIDDHARTH REDDY  ALLA,OPRInv1021-20267273292,"ECG , ENDOSCOPY",,3500,0,0,3500,3500,0,UPI - PhonePe,RUPA N,Walk-In,Walk-In
27-07-2026,MR10210006965,OP10210013362,Mr. Y CHINA RAMAIAH,Male,58Y,9848560770,Dr. SIDDHARTH REDDY  ALLA,OPRInv1021-20267273293,RUT,,500,0,0,500,500,0,UPI - PhonePe,RUPA N,Walk-In,Walk-In
27-07-2026,MR10210006967,OP10210013368,Mr. S VENKATESWARLU,Male,50Y,9676579306,Dr. SIDDHARTH REDDY  ALLA,OPRInv1021-20267273294,RUT,,500,0,0,500,500,0,Cash,RUPA N,Walk-In,Walk-In
27-07-2026,MR10210006966,OP10210013367,Mr. T SUNANDHA,Male,45Y,9440652002,Dr. SIDDHARTH REDDY  ALLA,OPRInv1021-20267273295,RUT,,500,0,0,500,500,0,Cash,RUPA N,Walk-In,Walk-In
27-07-2026,MR10210006982,OP10210013399,Mrs. V VEERAMMA,Female,70Y,9618362644,Dr. SIDDHARTH REDDY  ALLA,OPRInv1021-20267273296,BIOPSY SMALL,,1500,0,0,1500,1500,0,UPI - PhonePe,RUPA N,Walk-In,Walk-In
27-07-2026,MR10210006980,OP10210013392,Mrs. T NAGA LAKSHMI,Female,29Y,9652462527,Dr. SIDDHARTH REDDY  ALLA,OPRInv1021-20267273297,RUT,,500,0,0,500,500,0,Cash,RUPA N,Walk-In,Walk-In
28-07-2026,MR10210006979,OP10210013408,Mr. D MOHAN RAJU,Male,37Y,9100285466,Dr. SIDDHARTH REDDY  ALLA,OPRInv1021-20267283298,ENDOSCOPY,,3300,0,0,3300,3300,0,UPI - PhonePe,K PRATHIMA,Walk-In,Walk-In
28-07-2026,MR10210006984,OP10210013407,Mr. S VENKATESWARLU,Male,60Y,6281234069,Dr. SIDDHARTH REDDY  ALLA,OPRInv1021-20267283299,ENDOSCOPY,,3300,0,0,3300,3300,0,UPI - PhonePe,K PRATHIMA,Walk-In,Walk-In
28-07-2026,MR10210001897,OP10210013414,Mr. J SURYA NARAYANA ,Male,66Y,8179655924,Dr. SIDDHARTH REDDY  ALLA,OPRInv1021-20267283300,SIGMOIDOSCOPY,,3300,0,0,3300,2300,1000,Cash,K PRATHIMA,Walk-In,Walk-In
07-08-2026,MR10210001897,OP10210013414,Mr. J SURYA NARAYANA ,Male,66Y,8179655924,Dr. SIDDHARTH REDDY  ALLA,OPRInv1021-20267283300,SIGMOIDOSCOPY,,3300,0,1000,0,0,0,Cash,K PRATHIMA,Walk-In,Walk-In
28-07-2026,MR10210006989,OP10210013416,Mr. U VENKATA SUBBA RAO,Male,52Y,7702771940,Dr. SIDDHARTH REDDY  ALLA,OPRInv1021-20267283301,SIGMOIDOSCOPY,,3300,0,0,3300,3300,0,UPI - PhonePe,K PRATHIMA,Walk-In,Walk-In
28-07-2026,MR10210006979,OP10210013408,Mr. D MOHAN RAJU,Male,37Y,9100285466,Dr. SIDDHARTH REDDY  ALLA,OPRInv1021-20267283302,RUT,,500,0,0,500,500,0,UPI - PhonePe,K PRATHIMA,Walk-In,Walk-In
29-07-2026,MR10210006997,OP10210013441,Mr. N SUBBARAYUDU,Male,55Y,9885226807,Dr. SIDDHARTH REDDY  ALLA,OPRInv1021-20267293303,ENDOSCOPY,,3300,0,0,3300,3300,0,Cash,K PRATHIMA,Walk-In,Walk-In
29-07-2026,MR10210006999,OP10210013445,Mrs. N YESAMMA,Female,33Y,9849945326,Dr. SIDDHARTH REDDY  ALLA,OPRInv1021-20267293304,ENDOSCOPY,,3300,0,0,3300,3300,0,Cash,K PRATHIMA,Walk-In,Walk-In
29-07-2026,MR10210007000,OP10210013446,Mrs. P RADHA,Female,62Y,7075018668,Dr. SIDDHARTH REDDY  ALLA,OPRInv1021-20267293305,"ANESTHETIA SGA, COLONOSCOPY",,9800,0,0,9800,7800,2000,UPI - PhonePe,K PRATHIMA,Walk-In,Walk-In
07-08-2026,MR10210007000,OP10210013446,Mrs. P RADHA,Female,62Y,7075018668,Dr. SIDDHARTH REDDY  ALLA,OPRInv1021-20267293305,"ANESTHETIA SGA, COLONOSCOPY",,9800,0,2000,0,0,0,Cash,K PRATHIMA,Walk-In,Walk-In
29-07-2026,MR10210006674,OP10210013447,Mr. N ADHAM SAHEB,Male,64Y,9966368682,Dr. SIDDHARTH REDDY  ALLA,OPRInv1021-20267293306,ENDOSCOPY,,3300,0,0,3300,3300,0,Cash,K PRATHIMA,Walk-In,Walk-In
29-07-2026,MR10210006999,OP10210013445,Mrs. N YESAMMA,Female,33Y,9849945326,Dr. SIDDHARTH REDDY  ALLA,OPRInv1021-20267293307,RUT,,500,0,0,500,500,0,Cash,K PRATHIMA,Walk-In,Walk-In
29-07-2026,MR10210006695,OP10210013451,Mr. D SHAPHAN PHILIP,Male,36Y,8977442163,Dr. SIDDHARTH REDDY  ALLA,OPRInv1021-20267293308,SIGMOIDOSCOPY,,3300,0,0,3300,3300,0,UPI - PhonePe,K PRATHIMA,Walk-In,Walk-In
29-07-2026,MR10210007004,OP10210013456,Mrs. K SULOCHANA,Female,60Y,9912067456,Dr. SIDDHARTH REDDY  ALLA,OPRInv1021-20267293309,ENDOSCOPY,,3300,0,0,3300,3300,0,UPI - PhonePe,RUPA N,Walk-In,Walk-In
29-07-2026,MR10210006997,OP10210013441,Mr. N SUBBARAYUDU,Male,55Y,9885226807,Dr. SIDDHARTH REDDY  ALLA,OPRInv1021-20267293310,RUT,,500,0,0,500,500,0,Cash,RUPA N,Walk-In,Walk-In
29-07-2026,MR10210006674,OP10210013447,Mr. N ADHAM SAHEB,Male,64Y,9966368682,Dr. SIDDHARTH REDDY  ALLA,OPRInv1021-20267293311,RUT,,500,0,0,500,500,0,Cash,RUPA N,Walk-In,Walk-In
29-07-2026,MR10210007004,OP10210013458,Mrs. K SULOCHANA,Female,60Y,9912067456,Dr. SIDDHARTH REDDY  ALLA,OPRInv1021-20267293312,ECG ,,200,0,0,200,200,0,UPI - PhonePe,RUPA N,Walk-In,Walk-In
29-07-2026,MR10210007004,OP10210013460,Mrs. K SULOCHANA,Female,60Y,9912067456,Dr. SIDDHARTH REDDY  ALLA,OPRInv1021-20267293313,BIOPSY SMALL,,1500,0,0,1500,1500,0,UPI - PhonePe,RUPA N,Walk-In,Walk-In
30-07-2026,MR10210007002,OP10210013466,Mr. R THIRAPATHI REDDY,Male,63Y,9246481617,Dr. SIDDHARTH REDDY  ALLA,OPRInv1021-20267303314,"ANESTHETIA SGA, COLONOSCOPY, ENDOSCOPY",,13100,2000,0,11100,11100,0,UPI - PhonePe,RUPA N,Walk-In,Walk-In
30-07-2026,MR10210007008,OP10210013470,Mr. SK KHADAR BASHA,Male,52Y,9682069999,Dr. SIDDHARTH REDDY  ALLA,OPRInv1021-20267303315,ENDOSCOPY,,3300,0,0,3300,3300,0,UPI - PhonePe,RUPA N,Walk-In,Walk-In
30-07-2026,MR10210006863,OP10210013471,Mrs. SK SRAVANI,Female,29Y,9182205427,Dr. SIDDHARTH REDDY  ALLA,OPRInv1021-20267303316,ENDOSCOPY,,3300,0,0,3300,3300,0,UPI - PhonePe,RUPA N,Walk-In,Walk-In
30-07-2026,MR10210007009,OP10210013472,Mr. N KANAKAYYA,Male,70Y,7013232123,Dr. SIDDHARTH REDDY  ALLA,OPRInv1021-20267303317,ENDOSCOPY,,3300,0,0,3300,3300,0,Cash,RUPA N,Walk-In,Walk-In
30-07-2026,MR10210007011,OP10210013480,Mr. SK HASAN PEERA,Male,55Y,8328564148,Dr. SIDDHARTH REDDY  ALLA,OPRInv1021-20267303318,ENDOSCOPY,,3300,0,0,3300,2450,850,UPI - PhonePe,RUPA N,Walk-In,Walk-In
30-07-2026,MR10210007011,OP10210013480,Mr. SK HASAN PEERA,Male,55Y,8328564148,Dr. SIDDHARTH REDDY  ALLA,OPRInv1021-20267303318,ENDOSCOPY,,3300,0,0,850,850,0,Cash,RUPA N,Walk-In,Walk-In
30-07-2026,MR10210007008,OP10210013484,Mr. SK KHADAR BASHA,Male,52Y,9682069999,Dr. SIDDHARTH REDDY  ALLA,OPRInv1021-20267303319,RUT,,500,0,0,500,500,0,UPI - PhonePe,RUPA N,Walk-In,Walk-In
30-07-2026,MR10210006863,OP10210013471,Mrs. SK SRAVANI,Female,29Y,9182205427,Dr. SIDDHARTH REDDY  ALLA,OPRInv1021-20267303320,RUT,,500,0,0,500,500,0,UPI - PhonePe,RUPA N,Walk-In,Walk-In
30-07-2026,MR10210007009,OP10210013472,Mr. N KANAKAYYA,Male,70Y,7013232123,Dr. SIDDHARTH REDDY  ALLA,OPRInv1021-20267303321,RUT,,500,0,0,500,500,0,Cash,RUPA N,Walk-In,Walk-In
30-07-2026,MR10210007016,OP10210013490,Mr. A RAJU,Male,34Y,9346454301,Dr. SIDDHARTH REDDY  ALLA,OPRInv1021-20267303322,ENDOSCOPY,,3300,0,0,3300,3300,0,UPI - PhonePe,RUPA N,Walk-In,Walk-In
30-07-2026,MR10210007010,OP10210013478,Mrs. T RANGA NAYAKAMMA,Female,50Y,9985214610,Dr. SIDDHARTH REDDY  ALLA,OPRInv1021-20267303323,ENDOSCOPY,,3300,0,0,3300,3300,0,UPI - PhonePe,RUPA N,Walk-In,Walk-In
30-07-2026,MR10210007017,OP10210013491,Mr. SK LAL AHAMAD,Male,50Y,7893649426,Dr. SIDDHARTH REDDY  ALLA,OPRInv1021-20267303324,ENDOSCOPY,,3300,0,0,3300,3300,0,Cash,RUPA N,Walk-In,Walk-In
30-07-2026,MR10210007011,OP10210013480,Mr. SK HASAN PEERA,Male,55Y,8328564148,Dr. SIDDHARTH REDDY  ALLA,OPRInv1021-20267303325,RUT,,500,0,0,500,500,0,Cash,RUPA N,Walk-In,Walk-In
30-07-2026,MR10210007018,OP10210013494,Mrs. Y SIVA PARVATHI,Female,38Y,6302023511,Dr. SIDDHARTH REDDY  ALLA,OPRInv1021-20267303326,"COLONOSCOPY, ENDOSCOPY",,9600,0,0,9600,0,9600,Cash,RUPA N,Walk-In,Walk-In
07-08-2026,MR10210007018,OP10210013494,Mrs. Y SIVA PARVATHI,Female,38Y,6302023511,Dr. SIDDHARTH REDDY  ALLA,OPRInv1021-20267303326,"COLONOSCOPY, ENDOSCOPY",,9600,0,9600,0,0,0,Cash,RUPA N,Walk-In,Walk-In
30-07-2026,MR10210007002,OP10210013466,Mr. R THIRAPATHI REDDY,Male,63Y,9246481617,Dr. SIDDHARTH REDDY  ALLA,OPRInv1021-20267303327,RUT,,500,0,0,500,500,0,UPI - PhonePe,RUPA N,Walk-In,Walk-In
30-07-2026,MR10210005350,OP10210013493,Mrs. N SWARNALATHA,Female,28Y,9666792619,Dr. SIDDHARTH REDDY  ALLA,OPRInv1021-20267303328,ENDOSCOPY,,3300,0,0,3300,3300,0,UPI - PhonePe,RUPA N,Walk-In,Walk-In
31-07-2026,MR10210005330,OP10210013499,Mr. V JAYA CHANDRA,Male,30Y,8247253722,Dr. SIDDHARTH REDDY  ALLA,OPRInv1021-20267313329,ENDOSCOPY,,3300,0,0,3300,3300,0,UPI - PhonePe,RUPA N,Walk-In,Walk-In
31-07-2026,MR10210006935,OP10210013505,Mrs. D RAMA DEVI,Female,36Y,9908739362,Dr. SIDDHARTH REDDY  ALLA,OPRInv1021-20267313330,ENDOSCOPY,,3300,0,0,3300,3300,0,Cash,RUPA N,Walk-In,Walk-In
31-07-2026,MR10210007021,OP10210013503,Mr. M VIJAY KRISHNA,Male,38Y,9866433032,Dr. SIDDHARTH REDDY  ALLA,OPRInv1021-20267313331,ENDOSCOPY,,3300,0,0,3300,3300,0,UPI - PhonePe,RUPA N,Walk-In,Walk-In
31-07-2026,MR10210004211,OP10210013507,Mr. k CHANDU,Male,23Y,9652635302,Dr. SIDDHARTH REDDY  ALLA,OPRInv1021-20267313332,"ENDOSCOPY, RUT",,3800,0,0,3800,3800,0,Cash,RUPA N,Walk-In,Walk-In
31-07-2026,MR10210007021,OP10210013503,Mr. M VIJAY KRISHNA,Male,38Y,9866433032,Dr. SIDDHARTH REDDY  ALLA,OPRInv1021-20267313333,RUT,,500,0,0,500,500,0,Cash,RUPA N,Walk-In,Walk-In
31-07-2026,MR10210005330,OP10210013499,Mr. V JAYA CHANDRA,Male,30Y,8247253722,Dr. SIDDHARTH REDDY  ALLA,OPRInv1021-20267313334,RUT,,500,0,0,500,500,0,UPI - PhonePe,RUPA N,Walk-In,Walk-In
31-07-2026,MR10210007025,OP10210013518,Mr. K VEERAIAH,Male,60Y,8096694782,Dr. SIDDHARTH REDDY  ALLA,OPRInv1021-20267313335,ENDOSCOPY,,3300,0,0,3300,3300,0,UPI - PhonePe,RUPA N,Walk-In,Walk-In
31-07-2026,MR10210006935,OP10210013505,Mrs. D RAMA DEVI,Female,36Y,9908739362,Dr. SIDDHARTH REDDY  ALLA,OPRInv1021-20267313336,RUT,,500,0,0,500,500,0,Cash,RUPA N,Walk-In,Walk-In
01-08-2026,MR10210007030,OP10210013527,Mr. T NAGA MALLESWAR RAO,Male,50Y,8790986651,Dr. SIDDHARTH REDDY  ALLA,OPRInv1021-2026813337,ENDOSCOPY,,3300,0,0,3300,3300,0,UPI - PhonePe,K PRATHIMA,Walk-In,Walk-In
01-08-2026,MR10210007038,OP10210013547,Mr. SK NAZIM ALI,Male,25Y,6304059879,Dr. SIDDHARTH REDDY  ALLA,OPRInv1021-2026813338,ENDOSCOPY,,3300,0,0,3300,3300,0,Cash,K PRATHIMA,Walk-In,Walk-In
01-08-2026,MR10210007030,OP10210013527,Mr. T NAGA MALLESWAR RAO,Male,50Y,8790986651,Dr. SIDDHARTH REDDY  ALLA,OPRInv1021-2026813339,RUT,,500,0,0,500,500,0,UPI - PhonePe,K PRATHIMA,Walk-In,Walk-In
01-08-2026,MR10210007041,OP10210013555,Mrs. I SAMBRAJYAM,Female,33Y,9705922982,Dr. SIDDHARTH REDDY  ALLA,OPRInv1021-2026813340,ENDOSCOPY,,3300,0,0,3300,3300,0,Cash,RUPA N,Walk-In,Walk-In
02-08-2026,MR10210007025,OP10210013565,Mr. K VEERAIAH,Male,60Y,8096694782,Dr. SIDDHARTH REDDY  ALLA,OPRInv1021-2026823341,"ANESTHETIA SGA, COLONOSCOPY",,9800,0,0,9800,9800,0,UPI - PhonePe,RUPA N,Walk-In,Walk-In
02-08-2026,MR10210007047,OP10210013566,Mr. N SATISH,Male,25Y,7095074534,Dr. SIDDHARTH REDDY  ALLA,OPRInv1021-2026823342,ENDOSCOPY,,3300,0,0,3300,3300,0,Cash,RUPA N,Walk-In,Walk-In
02-08-2026,MR10210007047,OP10210013566,Mr. N SATISH,Male,25Y,7095074534,Dr. SIDDHARTH REDDY  ALLA,OPRInv1021-2026823343,RUT,,500,0,0,500,500,0,Cash,RUPA N,Walk-In,Walk-In
03-08-2026,MR10210007022,OP10210013579,Mr. S VENKATESHWARLU,Male,80Y,9951548280,Dr. SIDDHARTH REDDY  ALLA,OPRInv1021-2026833344,"ANESTHETIA SGA, COLONOSCOPY, ENDOSCOPY",,13100,0,0,13100,13100,0,Cash,K PRATHIMA,Walk-In,Walk-In
03-08-2026,MR10210007052,OP10210013577,Mr. G PEDDA SOWRAIAH,Male,57Y,9948026102,Dr. SIDDHARTH REDDY  ALLA,OPRInv1021-2026833345,ENDOSCOPY,,3300,0,0,3300,3300,0,Cash,K PRATHIMA,Walk-In,Walk-In
03-08-2026,MR10210007057,OP10210013589,Mr. P DEVANADHA DATHU,Male,50Y,9866945660,Dr. SIDDHARTH REDDY  ALLA,OPRInv1021-2026833346,SIGMOIDOSCOPY,,3300,0,0,3300,3300,0,Cash,K PRATHIMA,Walk-In,Walk-In
03-08-2026,MR10210007058,OP10210013590,Mrs. B RAMA DEVI,Female,28Y,9949241139,Dr. SIDDHARTH REDDY  ALLA,OPRInv1021-2026833347,ENDOSCOPY,,3300,0,0,3300,3300,0,UPI - PhonePe,RUPA N,Walk-In,Walk-In
03-08-2026,MR10210007052,OP10210013577,Mr. G PEDDA SOWRAIAH,Male,57Y,9948026102,Dr. SIDDHARTH REDDY  ALLA,OPRInv1021-2026833348,RUT,,500,0,0,500,500,0,Cash,RUPA N,Walk-In,Walk-In
03-08-2026,MR10210007051,OP10210013576,Mrs. G MARIYAMMA,Female,65Y,9441388028,Dr. SIDDHARTH REDDY  ALLA,OPRInv1021-2026833349,ENDOSCOPY,,3300,0,0,3300,3300,0,UPI - PhonePe,RUPA N,Walk-In,Walk-In
03-08-2026,MR10210007057,OP10210013589,Mr. P DEVANADHA DATHU,Male,50Y,9866945660,Dr. SIDDHARTH REDDY  ALLA,OPRInv1021-2026833350,BIOPSY SMALL,,1500,0,0,1500,1500,0,Cash,RUPA N,Walk-In,Walk-In
03-08-2026,MR10210007058,OP10210013590,Mrs. B RAMA DEVI,Female,28Y,9949241139,Dr. SIDDHARTH REDDY  ALLA,OPRInv1021-2026833351,RUT,,500,0,0,500,500,0,Cash,RUPA N,Walk-In,Walk-In
04-08-2026,MR10210007069,OP10210013618,Mr. L VENU,Male,25Y,9381624664,Dr. SIDDHARTH REDDY  ALLA,OPRInv1021-2026843352,"ANESTHETIA SGA, COLONOSCOPY, ENDOSCOPY",,13100,0,0,13100,10000,3100,UPI - PhonePe,K PRATHIMA,Walk-In,Walk-In
04-08-2026,MR10210007069,OP10210013618,Mr. L VENU,Male,25Y,9381624664,Dr. SIDDHARTH REDDY  ALLA,OPRInv1021-2026843352,"ANESTHETIA SGA, COLONOSCOPY, ENDOSCOPY",,13100,0,0,3100,3100,0,Cash,K PRATHIMA,Walk-In,Walk-In
04-08-2026,MR10210007071,OP10210013624,Mrs. T MALLESWARI,Female,45Y,7286001508,Dr. SIDDHARTH REDDY  ALLA,OPRInv1021-2026843353,ENDOSCOPY,,3300,0,0,3300,3300,0,UPI - PhonePe,K PRATHIMA,Walk-In,Walk-In
04-08-2026,MR10210007070,OP10210013622,Mr. N HANUMANTH RAO,Male,51Y,9948694700,Dr. SIDDHARTH REDDY  ALLA,OPRInv1021-2026843354,ENDOSCOPY,,3300,0,0,3300,3300,0,UPI - PhonePe,K PRATHIMA,Walk-In,Walk-In
04-08-2026,MR10210007071,OP10210013627,Mrs. T MALLESWARI,Female,45Y,7286001508,Dr. SIDDHARTH REDDY  ALLA,OPRInv1021-2026843355,RUT,,500,0,0,500,500,0,UPI - PhonePe,K PRATHIMA,Walk-In,Walk-In
04-08-2026,MR10210007074,OP10210013628,Mr. P SELVA,Male,27Y,9142229777,Dr. SIDDHARTH REDDY  ALLA,OPRInv1021-2026843356,ENDOSCOPY,,3300,0,0,3300,1400,1900,Cash,K PRATHIMA,Walk-In,Walk-In
04-08-2026,MR10210007074,OP10210013628,Mr. P SELVA,Male,27Y,9142229777,Dr. SIDDHARTH REDDY  ALLA,OPRInv1021-2026843356,ENDOSCOPY,,3300,0,0,1900,400,1500,UPI - PhonePe,K PRATHIMA,Walk-In,Walk-In
07-08-2026,MR10210007074,OP10210013628,Mr. P SELVA,Male,27Y,9142229777,Dr. SIDDHARTH REDDY  ALLA,OPRInv1021-2026843356,ENDOSCOPY,,3300,0,1500,0,0,0,Cash,K PRATHIMA,Walk-In,Walk-In
04-08-2026,MR10210007070,OP10210013622,Mr. N HANUMANTH RAO,Male,51Y,9948694700,Dr. SIDDHARTH REDDY  ALLA,OPRInv1021-2026843357,RUT,,500,0,0,500,500,0,Cash,K PRATHIMA,Walk-In,Walk-In
04-08-2026,MR10210007076,OP10210013634,Ms. B SIRISHA,Female,28Y,9885138858,Dr. SIDDHARTH REDDY  ALLA,OPRInv1021-2026843358,ENDOSCOPY,,3300,0,0,3300,3300,0,UPI - PhonePe,K PRATHIMA,Walk-In,Walk-In
04-08-2026,MR10210007076,OP10210013635,Ms. B SIRISHA,Female,28Y,9885138858,Dr. SIDDHARTH REDDY  ALLA,OPRInv1021-2026843359,RUT,,500,0,0,500,500,0,UPI - PhonePe,K PRATHIMA,Walk-In,Walk-In
05-08-2026,MR10210007077,OP10210013645,Mrs. A VENKAYAMMA,Female,85Y,9542511231,Dr. SIDDHARTH REDDY  ALLA,OPRInv1021-2026853360,"2D ECHO, ANESTHETIA SGA, COLONOSCOPY, ECG ",,12500,0,0,12500,12500,0,Cash,K PRATHIMA,Walk-In,Walk-In
05-08-2026,MR10210006568,OP10210013651,Mrs. CH SWARAJYAM,Female,65Y,9959949226,Dr. SIDDHARTH REDDY  ALLA,OPRInv1021-2026853361,SIGMOIDOSCOPY,,3300,0,0,3300,3300,0,Cash,K PRATHIMA,Walk-In,Walk-In
06-08-2026,MR10210007083,OP10210013665,Mr. CH VASANTHA RAO,Male,43Y,9989936849,Dr. SIDDHARTH REDDY  ALLA,OPRInv1021-2026863362,ENDOSCOPY,,3300,0,0,3300,3300,0,Cash,RUPA N,Walk-In,Walk-In
06-08-2026,MR10210007084,OP10210013666,Mr. J KIRAN,Male,42Y,6303438663,Dr. SIDDHARTH REDDY  ALLA,OPRInv1021-2026863363,"ANESTHETIA SGA, COLONOSCOPY",,9800,0,0,9800,7800,2000,UPI - PhonePe,RUPA N,Walk-In,Walk-In
06-08-2026,MR10210007084,OP10210013666,Mr. J KIRAN,Male,42Y,6303438663,Dr. SIDDHARTH REDDY  ALLA,OPRInv1021-2026863363,"ANESTHETIA SGA, COLONOSCOPY",,9800,0,2000,0,0,0,Cash,RUPA N,Walk-In,Walk-In
06-08-2026,MR10210007088,OP10210013676,Mrs. SK BAJI,Female,40Y,6309804016,Dr. SIDDHARTH REDDY  ALLA,OPRInv1021-2026863364,ENDOSCOPY,,3300,0,0,3300,2500,800,Cash,RUPA N,Walk-In,Walk-In
06-08-2026,MR10210007088,OP10210013676,Mrs. SK BAJI,Female,40Y,6309804016,Dr. SIDDHARTH REDDY  ALLA,OPRInv1021-2026863364,ENDOSCOPY,,3300,0,800,0,0,0,Cash,RUPA N,Walk-In,Walk-In
06-08-2026,MR10210007092,OP10210013683,Mrs. M KOTESWARI,Female,41Y,9618039053,Dr. SIDDHARTH REDDY  ALLA,OPRInv1021-2026863365,ENDOSCOPY,,3300,0,0,3300,3300,0,UPI - PhonePe,K PRATHIMA,Walk-In,Walk-In
06-08-2026,MR10210007084,OP10210013666,Mr. J KIRAN,Male,42Y,6303438663,Dr. SIDDHARTH REDDY  ALLA,OPRInv1021-2026863366,BIOPSY SMALL,,1500,0,0,1500,1000,500,UPI - PhonePe,K PRATHIMA,Walk-In,Walk-In
06-08-2026,MR10210007084,OP10210013666,Mr. J KIRAN,Male,42Y,6303438663,Dr. SIDDHARTH REDDY  ALLA,OPRInv1021-2026863366,BIOPSY SMALL,,1500,0,500,0,500,-500,Cash,K PRATHIMA,Walk-In,Walk-In
06-08-2026,MR10210007084,OP10210013666,Mr. J KIRAN,Male,42Y,6303438663,Dr. SIDDHARTH REDDY  ALLA,OPRInv1021-2026863367,BIOPSY SMALL,,1500,0,0,1500,1000,500,UPI - PhonePe,K PRATHIMA,Walk-In,Walk-In
06-08-2026,MR10210007084,OP10210013666,Mr. J KIRAN,Male,42Y,6303438663,Dr. SIDDHARTH REDDY  ALLA,OPRInv1021-2026863367,BIOPSY SMALL,,1500,0,500,0,0,0,Cash,K PRATHIMA,Walk-In,Walk-In
06-08-2026,MR10210007095,OP10210013689,Mr. B SIVA KRISHNA,Male,38Y,7382126369,Dr. SIDDHARTH REDDY  ALLA,OPRInv1021-2026863368,ENDOSCOPY,,3300,0,0,3300,3300,0,Cash,K PRATHIMA,Walk-In,Walk-In
07-08-2026,MR10210007102,OP10210013702,Mr. D SAMBA SIVA REDDY,Male,34Y,8686892788,Dr. SIDDHARTH REDDY  ALLA,OPRInv1021-2026873369,ENDOSCOPY,,3300,500,0,2800,2000,800,Cash,K PRATHIMA,Walk-In,Walk-In
07-08-2026,MR10210007102,OP10210013702,Mr. D SAMBA SIVA REDDY,Male,34Y,8686892788,Dr. SIDDHARTH REDDY  ALLA,OPRInv1021-2026873369,ENDOSCOPY,,3300,500,0,800,800,0,UPI - PhonePe,K PRATHIMA,Walk-In,Walk-In
07-08-2026,MR10210006897,OP10210013699,Mr. A GOPAL,Male,51Y,9676712186,Dr. SIDDHARTH REDDY  ALLA,OPRInv1021-2026873370,"ENDOSCOPY, RUT",,3800,500,0,3300,3300,0,Cash,K PRATHIMA,Walk-In,Walk-In
07-08-2026,MR10210007101,OP10210013698,Mr. MD IMRAN,Male,32Y,9912391523,Dr. SIDDHARTH REDDY  ALLA,OPRInv1021-2026873371,ENDOSCOPY,,3300,0,0,3300,3300,0,UPI - PhonePe,K PRATHIMA,Walk-In,Walk-In
07-08-2026,MR10210007102,OP10210013706,Mr. D SAMBA SIVA REDDY,Male,34Y,8686892788,Dr. SIDDHARTH REDDY  ALLA,OPRInv1021-2026873372,RUT,,500,0,0,500,500,0,UPI - PhonePe,K PRATHIMA,Walk-In,Walk-In
07-08-2026,MR10210007097,OP10210013708,Mr. D KOTESWAR RAO,Male,48Y,9985266943,Dr. SIDDHARTH REDDY  ALLA,OPRInv1021-2026873373,ENDOSCOPY,,3300,500,0,2800,2800,0,Cash,K PRATHIMA,Walk-In,Walk-In
07-08-2026,MR10210007101,OP10210013698,Mr. MD IMRAN,Male,32Y,9912391523,Dr. SIDDHARTH REDDY  ALLA,OPRInv1021-2026873374,RUT,,500,0,0,500,500,0,UPI - PhonePe,K PRATHIMA,Walk-In,Walk-In
07-08-2026,MR10210007097,OP10210013708,Mr. D KOTESWAR RAO,Male,48Y,9985266943,Dr. SIDDHARTH REDDY  ALLA,OPRInv1021-2026873375,BIOPSY SMALL,,1500,0,0,1500,1000,500,Cash,RUPA N,Walk-In,Walk-In
07-08-2026,MR10210007097,OP10210013708,Mr. D KOTESWAR RAO,Male,48Y,9985266943,Dr. SIDDHARTH REDDY  ALLA,OPRInv1021-2026873375,BIOPSY SMALL,,1500,0,500,0,0,0,Cash,RUPA N,Walk-In,Walk-In
07-08-2026,MR10210007107,OP10210013717,Mrs. K UMA MAHESWARI,Female,28Y,9502349948,Dr. SIDDHARTH REDDY  ALLA,OPRInv1021-2026873376,ENDOSCOPY,,3300,0,0,3300,0,3300,Cash,K PRATHIMA,Walk-In,Walk-In
07-08-2026,MR10210007107,OP10210013717,Mrs. K UMA MAHESWARI,Female,28Y,9502349948,Dr. SIDDHARTH REDDY  ALLA,OPRInv1021-2026873376,ENDOSCOPY,,3300,0,3300,0,0,0,Cash,K PRATHIMA,Walk-In,Walk-In
08-08-2026,MR10210007093,OP10210013724,Mrs. P SUNITHA,Female,62Y,9160111258,Dr. SIDDHARTH REDDY  ALLA,OPRInv1021-2026883377,"ANESTHETIA SGA, COLONOSCOPY, ENDOSCOPY",,13100,2000,0,11100,11100,0,UPI - PhonePe,K PRATHIMA,Walk-In,Walk-In
08-08-2026,MR10210007115,OP10210013733,Mr. J SAMBA SIVA RAO,Male,56Y,7981033365,Dr. SIDDHARTH REDDY  ALLA,OPRInv1021-2026883378,ENDOSCOPY,,3300,0,0,3300,3300,0,UPI - PhonePe,K PRATHIMA,Walk-In,Walk-In
08-08-2026,MR10210007110,OP10210013721,Mr. B AVINASH,Male,26Y,7382893329,Dr. SIDDHARTH REDDY  ALLA,OPRInv1021-2026883379,ENDOSCOPY,,3300,0,0,3300,3300,0,UPI - PhonePe,K PRATHIMA,Walk-In,Walk-In
08-08-2026,MR10210007115,OP10210013735,Mr. J SAMBA SIVA RAO,Male,56Y,7981033365,Dr. SIDDHARTH REDDY  ALLA,OPRInv1021-2026883380,RUT,,500,0,0,500,500,0,UPI - PhonePe,K PRATHIMA,Walk-In,Walk-In
08-08-2026,MR10210007112,OP10210013727,Mr. G LAKSHMI NARAYANA,Male,42Y,9618486691,Dr. SIDDHARTH REDDY  ALLA,OPRInv1021-2026883381,ENDOSCOPY,,3300,0,0,3300,3300,0,Cash,K PRATHIMA,Walk-In,Walk-In
08-08-2026,MR10210007098,OP10210013723,Mr. B SRINIVAS SINGH,Male,66Y,7013591361,Dr. NST TEJASWI ALLA,OPRInv1021-2026883382,"ANESTHETIA SGA, COLONOSCOPY, ENDOSCOPY",,13100,1000,0,12100,12100,0,Cash,K PRATHIMA,Walk-In,Walk-In
08-08-2026,MR10210007110,OP10210013721,Mr. B AVINASH,Male,26Y,7382893329,Dr. SIDDHARTH REDDY  ALLA,OPRInv1021-2026883383,RUT,,500,0,0,500,500,0,UPI - PhonePe,K PRATHIMA,Walk-In,Walk-In
08-08-2026,MR10210007112,OP10210013727,Mr. G LAKSHMI NARAYANA,Male,42Y,9618486691,Dr. SIDDHARTH REDDY  ALLA,OPRInv1021-2026883384,RUT,,500,0,0,500,500,0,Cash,K PRATHIMA,Walk-In,Walk-In
08-08-2026,MR10210007113,OP10210013729,Mrs. P PALLAVI,Female,25Y,9705334882,Dr. SIDDHARTH REDDY  ALLA,OPRInv1021-2026883385,"ANESTHETIA SGA, COLONOSCOPY",,9800,0,0,9800,9800,0,UPI - PhonePe,K PRATHIMA,Walk-In,Walk-In
08-08-2026,MR10210007120,OP10210013745,Mrs. G VENKATA SWAPNA,Female,36Y,8522818635,Dr. SIDDHARTH REDDY  ALLA,OPRInv1021-2026883386,ENDOSCOPY,,3300,0,0,3300,3300,0,Cash,K PRATHIMA,Walk-In,Walk-In
08-08-2026,MR10210007093,OP10210013724,Mrs. P SUNITHA,Female,62Y,9160111258,Dr. SIDDHARTH REDDY  ALLA,OPRInv1021-2026883387,"BIOPSY SMALL, RUT",,2000,0,0,2000,2000,0,UPI - PhonePe,K PRATHIMA,Walk-In,Walk-In
08-08-2026,MR10210007093,OP10210013724,Mrs. P SUNITHA,Female,62Y,9160111258,Dr. SIDDHARTH REDDY  ALLA,OPRInv1021-2026883388,BIOPSY SMALL,,1500,0,0,1500,1500,0,UPI - PhonePe,K PRATHIMA,Walk-In,Walk-In
08-08-2026,MR10210007122,OP10210013748,Mrs. K SINDHUSHA,Female,31Y,9703812926,Dr. SIDDHARTH REDDY  ALLA,OPRInv1021-2026883389,ENDOSCOPY,,3300,500,0,2800,2800,0,UPI - PhonePe,K PRATHIMA,Walk-In,Walk-In
08-08-2026,MR10210007123,OP10210013749,Mrs. N HYMAVATHI,Female,48Y,9440488162,Dr. SIDDHARTH REDDY  ALLA,OPRInv1021-2026883390,ENDOSCOPY,,3300,0,0,3300,3300,0,UPI - PhonePe,K PRATHIMA,Walk-In,Walk-In
08-08-2026,MR10210007118,OP10210013743,Mr. G JASHUVA,Male,52Y,7893611302,Dr. SIDDHARTH REDDY  ALLA,OPRInv1021-2026883391,RUT,,500,0,0,500,500,0,Cash,K PRATHIMA,Walk-In,Walk-In
08-08-2026,MR10210007120,OP10210013745,Mrs. G VENKATA SWAPNA,Female,36Y,8522818635,Dr. SIDDHARTH REDDY  ALLA,OPRInv1021-2026883392,RUT,,500,0,0,500,500,0,Cash,K PRATHIMA,Walk-In,Walk-In
08-08-2026,MR10210007098,OP10210013751,Mr. B SRINIVAS SINGH,Male,66Y,7013591361,Dr. SIDDHARTH REDDY  ALLA,OPRInv1021-2026883393,RUT,,500,0,0,500,500,0,Cash,K PRATHIMA,Walk-In,Walk-In
10-08-2026,MR10210007127,OP10210013760,Mr. P MANGA RAO,Male,76Y,8790941446,Dr. SIDDHARTH REDDY  ALLA,OPRInv1021-20268103394,ENDOSCOPY,,3300,0,0,3300,1700,1600,Cash,K PRATHIMA,Walk-In,Walk-In
10-08-2026,MR10210007127,OP10210013760,Mr. P MANGA RAO,Male,76Y,8790941446,Dr. SIDDHARTH REDDY  ALLA,OPRInv1021-20268103394,ENDOSCOPY,,3300,0,0,1600,1600,0,UPI - PhonePe,K PRATHIMA,Walk-In,Walk-In
10-08-2026,MR10210007123,OP10210013764,Mrs. N HYMAVATHI,Female,48Y,9440488162,Dr. SIDDHARTH REDDY  ALLA,OPRInv1021-20268103395,RUT,,500,0,0,500,500,0,Cash,K PRATHIMA,Walk-In,Walk-In
10-08-2026,MR10210007128,OP10210013761,Mr. L MAHESH REDDY,Male,60Y,7386379512,Dr. SIDDHARTH REDDY  ALLA,OPRInv1021-20268103396,ENDOSCOPY,,3300,0,0,3300,3300,0,UPI - PhonePe,K PRATHIMA,Walk-In,Walk-In
10-08-2026,MR10210007129,OP10210013765,Mr. CH SAMBA SIVA RAO,Male,75Y,9177901304,Dr. SIDDHARTH REDDY  ALLA,OPRInv1021-20268103397,"ANESTHETIA SGA, COLONOSCOPY",,9800,0,0,9800,9800,0,UPI - PhonePe,K PRATHIMA,Walk-In,Walk-In
10-08-2026,MR10210007132,OP10210013775,Mr. M VENKATA RAO,Male,42Y,6302819518,Dr. SIDDHARTH REDDY  ALLA,OPRInv1021-20268103398,ENDOSCOPY,,3300,0,0,3300,3300,0,Cash,K PRATHIMA,Walk-In,Walk-In
10-08-2026,MR10210007132,OP10210013775,Mr. M VENKATA RAO,Male,42Y,6302819518,Dr. SIDDHARTH REDDY  ALLA,OPRInv1021-20268103399,RUT,,500,0,0,500,500,0,UPI - PhonePe,RUPA N,Walk-In,Walk-In
10-08-2026,MR10210007128,OP10210013761,Mr. L MAHESH REDDY,Male,60Y,7386379512,Dr. SIDDHARTH REDDY  ALLA,OPRInv1021-20268103400,RUT,,500,0,0,500,500,0,UPI - PhonePe,K PRATHIMA,Walk-In,Walk-In
10-08-2026,MR10210007139,OP10210013793,Mrs. CH SIVA CHANDRIKA,Female,20Y,9030304718,Dr. SIDDHARTH REDDY  ALLA,OPRInv1021-20268103401,ENDOSCOPY,,3300,0,0,3300,3300,0,UPI - PhonePe,K PRATHIMA,Walk-In,Walk-In
11-08-2026,MR10210007144,OP10210013807,Mrs. V LAKSHMI,Female,40Y,9542456109,Dr. SIDDHARTH REDDY  ALLA,OPRInv1021-20268113402,ENDOSCOPY,,3300,500,0,2800,2500,300,Cash,K PRATHIMA,Walk-In,Walk-In
11-08-2026,MR10210007144,OP10210013807,Mrs. V LAKSHMI,Female,40Y,9542456109,Dr. SIDDHARTH REDDY  ALLA,OPRInv1021-20268113402,ENDOSCOPY,,3300,500,0,300,300,0,UPI - PhonePe,K PRATHIMA,Walk-In,Walk-In
12-08-2026,MR10210007005,OP10210013838,Mr. B RAJA SEKHAR REDDY,Male,35Y,9000853212,Dr. SIDDHARTH REDDY  ALLA,OPRInv1021-20268123403,ENDOSCOPY,,3300,0,0,3300,2300,1000,Card,K PRATHIMA,Walk-In,Walk-In
25-08-2026,MR10210007005,OP10210013838,Mr. B RAJA SEKHAR REDDY,Male,35Y,9000853212,Dr. SIDDHARTH REDDY  ALLA,OPRInv1021-20268123403,ENDOSCOPY,,3300,0,1000,0,0,0,Cash,K PRATHIMA,Walk-In,Walk-In
12-08-2026,MR10210007158,OP10210013837,Mr. M S S PRASAD,Male,46Y,8985229279,Dr. SIDDHARTH REDDY  ALLA,OPRInv1021-20268123404,ENDOSCOPY,,3300,0,0,3300,3300,0,UPI - PhonePe,K PRATHIMA,Walk-In,Walk-In
12-08-2026,MR10210007005,OP10210013838,Mr. B RAJA SEKHAR REDDY,Male,35Y,9000853212,Dr. SIDDHARTH REDDY  ALLA,OPRInv1021-20268123405,RUT,,500,0,0,500,500,0,Cash,K PRATHIMA,Walk-In,Walk-In
12-08-2026,MR10210007138,OP10210013845,Mrs. V SANTHI ,Female,40Y,9490750139,Dr. SIDDHARTH REDDY  ALLA,OPRInv1021-20268123406,SIGMOIDOSCOPY,,3300,0,0,3300,3300,0,Cash,K PRATHIMA,Walk-In,Walk-In
12-08-2026,MR10210007161,OP10210013843,Mrs. P BANGARAMMA,Female,75Y,8121755669,Dr. SIDDHARTH REDDY  ALLA,OPRInv1021-20268123407,COLONOSCOPY,,6300,0,0,6300,6300,0,Cash,K PRATHIMA,Walk-In,Walk-In
12-08-2026,MR10210007163,OP10210013849,Mr. B RADHA KRISHNA RAJU,Male,55Y,9014278178,Dr. SIDDHARTH REDDY  ALLA,OPRInv1021-20268123408,ENDOSCOPY,,3300,0,0,3300,0,3300,Cash,K PRATHIMA,Walk-In,Walk-In
25-08-2026,MR10210007163,OP10210013849,Mr. B RADHA KRISHNA RAJU,Male,55Y,9014278178,Dr. SIDDHARTH REDDY  ALLA,OPRInv1021-20268123408,ENDOSCOPY,,3300,0,3300,0,0,0,Cash,K PRATHIMA,Walk-In,Walk-In
12-08-2026,MR10210007166,OP10210013853,Mr. G KARTHIK,Male,23Y,8328090326,Dr. SIDDHARTH REDDY  ALLA,OPRInv1021-20268123409,ENDOSCOPY,,3300,0,0,3300,3300,0,UPI - PhonePe,K PRATHIMA,Walk-In,Walk-In
12-08-2026,MR10210007163,OP10210013858,Mr. B RADHA KRISHNA RAJU,Male,55Y,9014278178,Dr. SIDDHARTH REDDY  ALLA,OPRInv1021-20268123410,RUT,,500,0,0,500,0,500,Cash,K PRATHIMA,Walk-In,Walk-In
25-08-2026,MR10210007163,OP10210013858,Mr. B RADHA KRISHNA RAJU,Male,55Y,9014278178,Dr. SIDDHARTH REDDY  ALLA,OPRInv1021-20268123410,RUT,,500,0,500,0,0,0,Cash,K PRATHIMA,Walk-In,Walk-In
12-08-2026,MR10210007158,OP10210013837,Mr. M S S PRASAD,Male,46Y,8985229279,Dr. SIDDHARTH REDDY  ALLA,OPRInv1021-20268123411,RUT,,500,0,0,500,500,0,UPI - PhonePe,K PRATHIMA,Walk-In,Walk-In
12-08-2026,MR10210007166,OP10210013860,Mr. G KARTHIK,Male,23Y,8328090326,Dr. SIDDHARTH REDDY  ALLA,OPRInv1021-20268123412,RUT,,500,0,0,500,500,0,UPI - PhonePe,K PRATHIMA,Walk-In,Walk-In
12-08-2026,MR10210007161,OP10210013843,Mrs. P BANGARAMMA,Female,75Y,8121755669,Dr. SIDDHARTH REDDY  ALLA,OPRInv1021-20268123413,ANESTHETIA SGA,,3500,0,0,3500,3500,0,Cash,K PRATHIMA,Walk-In,Walk-In
13-08-2026,MR10210007173,OP10210013873,Mr. P SUMAN,Male,35Y,9491476913,Dr. SIDDHARTH REDDY  ALLA,OPRInv1021-20268133414,ENDOSCOPY,,3300,0,0,3300,2300,1000,Cash,K PRATHIMA,Walk-In,Walk-In
25-08-2026,MR10210007173,OP10210013873,Mr. P SUMAN,Male,35Y,9491476913,Dr. SIDDHARTH REDDY  ALLA,OPRInv1021-20268133414,ENDOSCOPY,,3300,0,1000,0,0,0,Cash,K PRATHIMA,Walk-In,Walk-In
13-08-2026,MR10210007168,OP10210013875,Mr. B CHANDRA REDDY,Male,47Y,9398560021,Dr. SIDDHARTH REDDY  ALLA,OPRInv1021-20268133415,ENDOSCOPY,,3300,0,0,3300,3300,0,UPI - PhonePe,K PRATHIMA,Walk-In,Walk-In
13-08-2026,MR10210007172,OP10210013870,Mrs. M RANGAMMA,Female,65Y,8341208523,Dr. SIDDHARTH REDDY  ALLA,OPRInv1021-20268133416,ENDOSCOPY,,3300,0,0,3300,3300,0,UPI - PhonePe,K PRATHIMA,Walk-In,Walk-In
13-08-2026,MR10210007177,OP10210013880,Mr. J HANUMANTH REDDY,Male,31Y,7702845494,Dr. SIDDHARTH REDDY  ALLA,OPRInv1021-20268133417,"ANESTHETIA SGA, COLONOSCOPY",,9800,0,0,9800,9800,0,UPI - PhonePe,K PRATHIMA,Walk-In,Walk-In
13-08-2026,MR10210007173,OP10210013881,Mr. P SUMAN,Male,35Y,9491476913,Dr. SIDDHARTH REDDY  ALLA,OPRInv1021-20268133418,RUT,,500,0,0,500,500,0,Cash - PhonePe,K PRATHIMA,Walk-In,Walk-In
13-08-2026,MR10210007179,OP10210013886,Mrs. K MARIYAMMA,Female,43Y,9963006193,Dr. SIDDHARTH REDDY  ALLA,OPRInv1021-20268133419,ENDOSCOPY,,3300,0,0,3300,3300,0,UPI - PhonePe,K PRATHIMA,Walk-In,Walk-In
13-08-2026,MR10210007171,OP10210013885,Mrs. D SAILAJA,Female,55Y,9885631202,Dr. NST TEJASWI ALLA,OPRInv1021-20268133420,"ENDOSCOPY, SIGMOIDOSCOPY",,6600,0,0,6600,4600,2000,UPI - PhonePe,K PRATHIMA,Walk-In,Walk-In
26-08-2026,MR10210007171,OP10210013885,Mrs. D SAILAJA,Female,55Y,9885631202,Dr. NST TEJASWI ALLA,OPRInv1021-20268133420,"ENDOSCOPY, SIGMOIDOSCOPY",,6600,0,2000,0,0,0,Cash,K PRATHIMA,Walk-In,Walk-In
13-08-2026,MR10210007180,OP10210013890,Mr. R SIVA PRASAD,Male,30Y,9347599256,Dr. SIDDHARTH REDDY  ALLA,OPRInv1021-20268133421,ENDOSCOPY,,3300,0,0,3300,3300,0,UPI - PhonePe,K PRATHIMA,Walk-In,Walk-In
13-08-2026,MR10210007179,OP10210013892,Mrs. K MARIYAMMA,Female,43Y,9963006193,Dr. SIDDHARTH REDDY  ALLA,OPRInv1021-20268133422,ANESTHETIA SGA,,3500,0,0,3500,3500,0,UPI - PhonePe,K PRATHIMA,Walk-In,Walk-In
13-08-2026,MR10210007180,OP10210013890,Mr. R SIVA PRASAD,Male,30Y,9347599256,Dr. SIDDHARTH REDDY  ALLA,OPRInv1021-20268133423,RUT,,500,0,0,500,500,0,UPI - PhonePe,K PRATHIMA,Walk-In,Walk-In
13-08-2026,MR10210007172,OP10210013870,Mrs. M RANGAMMA,Female,65Y,8341208523,Dr. SIDDHARTH REDDY  ALLA,OPRInv1021-20268133424,RUT,,500,0,0,500,500,0,UPI - PhonePe,K PRATHIMA,Walk-In,Walk-In
13-08-2026,MR10210007182,OP10210013898,Mrs. N NAGAMMA,Female,65Y,8309004292,Dr. SIDDHARTH REDDY  ALLA,OPRInv1021-20268133425,"ECG , ENDOSCOPY",,3500,0,0,3500,3500,0,UPI - PhonePe,RUPA N,Walk-In,Walk-In
13-08-2026,MR10210007184,OP10210013900,Mrs. D KICHAMMA,Female,60Y,7013892998,Dr. SIDDHARTH REDDY  ALLA,OPRInv1021-20268133426,"ECG , ENDOSCOPY",,3500,0,0,3500,3500,0,UPI - PhonePe,RUPA N,Walk-In,Walk-In
14-08-2026,MR10210007188,OP10210013911,Mr. M ANJANEYULU,Male,51Y,9666249371,Dr. SIDDHARTH REDDY  ALLA,OPRInv1021-20268143427,ENDOSCOPY,,3300,0,0,3300,3300,0,Cash,K PRATHIMA,Walk-In,Walk-In
14-08-2026,MR10210007189,OP10210013912,Mr. P RAMA RAO,Male,68Y,8008455133,Dr. SIDDHARTH REDDY  ALLA,OPRInv1021-20268143428,ENDOSCOPY,,3300,0,0,3300,3300,0,Cash,K PRATHIMA,Walk-In,Walk-In
14-08-2026,MR10210007192,OP10210013917,Mr. SK ABDUL KALAM,Male,25Y,6305349738,Dr. SIDDHARTH REDDY  ALLA,OPRInv1021-20268143429,SIGMOIDOSCOPY,,3300,0,0,3300,3300,0,Cash,RUPA N,Walk-In,Walk-In
14-08-2026,MR10210007049,OP10210013918,Master. E SHAMUKESWAR REDDY,Male,15Y,9885248303,Dr. SIDDHARTH REDDY  ALLA,OPRInv1021-20268143430,SIGMOIDOSCOPY,,3300,0,0,3300,2300,1000,Cash,RUPA N,Walk-In,Walk-In
25-08-2026,MR10210007049,OP10210013918,Master. E SHAMUKESWAR REDDY,Male,15Y,9885248303,Dr. SIDDHARTH REDDY  ALLA,OPRInv1021-20268143430,SIGMOIDOSCOPY,,3300,0,1000,0,0,0,Cash,RUPA N,Walk-In,Walk-In
14-08-2026,MR10210007195,OP10210013924,Mrs. K SUMALATHA,Female,24Y,9573951410,Dr. SIDDHARTH REDDY  ALLA,OPRInv1021-20268143431,ENDOSCOPY,,3300,0,0,3300,2300,1000,UPI - PhonePe,RUPA N,Walk-In,Walk-In
25-08-2026,MR10210007195,OP10210013924,Mrs. K SUMALATHA,Female,24Y,9573951410,Dr. SIDDHARTH REDDY  ALLA,OPRInv1021-20268143431,ENDOSCOPY,,3300,0,1000,0,0,0,Cash,RUPA N,Walk-In,Walk-In
14-08-2026,MR10210007045,OP10210013920,Mr. B SHANKAR REDDY,Male,44Y,9848491690,Dr. SIDDHARTH REDDY  ALLA,OPRInv1021-20268143432,ENDOSCOPY,,3300,0,0,3300,3300,0,Cash,RUPA N,Walk-In,Walk-In
14-08-2026,MR10210007195,OP10210013924,Mrs. K SUMALATHA,Female,24Y,9573951410,Dr. SIDDHARTH REDDY  ALLA,OPRInv1021-20268143433,RUT,,500,0,0,500,500,0,UPI - PhonePe,RUPA N,Walk-In,Walk-In
14-08-2026,MR10210007045,OP10210013920,Mr. B SHANKAR REDDY,Male,44Y,9848491690,Dr. SIDDHARTH REDDY  ALLA,OPRInv1021-20268143434,BIOPSY SMALL,,1500,0,0,1500,1000,500,Cash,RUPA N,Walk-In,Walk-In
25-08-2026,MR10210007045,OP10210013920,Mr. B SHANKAR REDDY,Male,44Y,9848491690,Dr. SIDDHARTH REDDY  ALLA,OPRInv1021-20268143434,BIOPSY SMALL,,1500,0,500,0,0,0,Cash,RUPA N,Walk-In,Walk-In
14-08-2026,MR10210007049,OP10210013918,Master. E SHAMUKESWAR REDDY,Male,15Y,9885248303,Dr. SIDDHARTH REDDY  ALLA,OPRInv1021-20268143435,BIOPSY SMALL,,1500,0,0,1500,1000,500,UPI - PhonePe,RUPA N,Walk-In,Walk-In
25-08-2026,MR10210007049,OP10210013918,Master. E SHAMUKESWAR REDDY,Male,15Y,9885248303,Dr. SIDDHARTH REDDY  ALLA,OPRInv1021-20268143435,BIOPSY SMALL,,1500,0,500,0,0,0,Cash,RUPA N,Walk-In,Walk-In
15-08-2026,MR10210007199,OP10210013941,Ms. B SRAVYA,Female,25Y,9032873832,Dr. SIDDHARTH REDDY  ALLA,OPRInv1021-20268153436,ENDOSCOPY,,3300,0,0,3300,3300,0,UPI - PhonePe,RUPA N,Walk-In,Walk-In
15-08-2026,MR10210007140,OP10210013939,Mr. CH RAVI SHANKAR,Male,52Y,9490057531,Dr. NST TEJASWI ALLA,OPRInv1021-20268153437,DIALYSIS  (MAINTENANCE),,6000,0,0,6000,4000,2000,UPI - PhonePe,RUPA N,Walk-In,Walk-In
25-08-2026,MR10210007140,OP10210013939,Mr. CH RAVI SHANKAR,Male,52Y,9490057531,Dr. NST TEJASWI ALLA,OPRInv1021-20268153437,DIALYSIS  (MAINTENANCE),,6000,0,2000,0,0,0,Cash,RUPA N,Walk-In,Walk-In
15-08-2026,MR10210007202,OP10210013950,Mr. N SIVA RAMBABU,Male,45Y,9063452919,Dr. SIDDHARTH REDDY  ALLA,OPRInv1021-20268153438,ENDOSCOPY,,3300,0,0,3300,3300,0,UPI - PhonePe,RUPA N,Walk-In,Walk-In
15-08-2026,MR10210007199,OP10210013941,Ms. B SRAVYA,Female,25Y,9032873832,Dr. SIDDHARTH REDDY  ALLA,OPRInv1021-20268153439,RUT,,500,0,0,500,500,0,UPI - PhonePe,RUPA N,Walk-In,Walk-In
15-08-2026,MR10210007207,OP10210013965,Mrs. M CHINAMMA,Female,66Y,9948912721,Dr. SIDDHARTH REDDY  ALLA,OPRInv1021-20268153440,"COLONOSCOPY, ECG ",,6500,0,0,6500,4500,2000,UPI - PhonePe,RUPA N,Walk-In,Walk-In
15-08-2026,MR10210007207,OP10210013965,Mrs. M CHINAMMA,Female,66Y,9948912721,Dr. SIDDHARTH REDDY  ALLA,OPRInv1021-20268153440,"COLONOSCOPY, ECG ",,6500,0,0,2000,2000,0,Cash,RUPA N,Walk-In,Walk-In
15-08-2026,MR10210007207,OP10210013968,Mrs. M CHINAMMA,Female,66Y,9948912721,Dr. SIDDHARTH REDDY  ALLA,OPRInv1021-20268153441,BIOPSY SMALL,,1500,0,0,1500,1500,0,UPI - PhonePe,K PRATHIMA,Walk-In,Walk-In
16-08-2026,MR10210006771,OP10210013974,Mr. SK GOUSE,Male,28Y,9440039612,Dr. SIDDHARTH REDDY  ALLA,OPRInv1021-20268163442,ENDOSCOPY,,3300,0,0,3300,3300,0,Cash,RUPA N,Walk-In,Walk-In
16-08-2026,MR10210006771,OP10210013974,Mr. SK GOUSE,Male,28Y,9440039612,Dr. SIDDHARTH REDDY  ALLA,OPRInv1021-20268163443,RUT,,500,0,0,500,500,0,UPI - PhonePe,RUPA N,Walk-In,Walk-In
17-08-2026,MR10210007209,OP10210013976,Mr. G KRISHNA REDDY,Male,35Y,8431613806,Dr. SIDDHARTH REDDY  ALLA,OPRInv1021-20268173444,ENDOSCOPY,,3300,0,0,3300,3300,0,UPI - PhonePe,K PRATHIMA,Walk-In,Walk-In
17-08-2026,MR10210007211,OP10210013984,Ms. N JASSI PAVITRA,Female,13Y,7207076477,Dr. SIDDHARTH REDDY  ALLA,OPRInv1021-20268173445,"ANESTHETIA SGA, COLONOSCOPY",,9800,0,0,9800,7800,2000,UPI - PhonePe,K PRATHIMA,Walk-In,Walk-In
25-08-2026,MR10210007211,OP10210013984,Ms. N JASSI PAVITRA,Female,13Y,7207076477,Dr. SIDDHARTH REDDY  ALLA,OPRInv1021-20268173445,"ANESTHETIA SGA, COLONOSCOPY",,9800,0,2000,0,0,0,Cash,K PRATHIMA,Walk-In,Walk-In
17-08-2026,MR10210006160,OP10210013978,Mr. Y ESWAR,Male,22Y,9849413921,Dr. SIDDHARTH REDDY  ALLA,OPRInv1021-20268173446,ENDOSCOPY,,3300,0,0,3300,3300,0,UPI - PhonePe,K PRATHIMA,Walk-In,Walk-In
17-08-2026,MR10210007209,OP10210013976,Mr. G KRISHNA REDDY,Male,35Y,8431613806,Dr. SIDDHARTH REDDY  ALLA,OPRInv1021-20268173447,RUT,,500,0,0,500,500,0,Cash,K PRATHIMA,Walk-In,Walk-In
17-08-2026,MR10210006160,OP10210013978,Mr. Y ESWAR,Male,22Y,9849413921,Dr. SIDDHARTH REDDY  ALLA,OPRInv1021-20268173448,RUT,,500,0,0,500,500,0,UPI - PhonePe,K PRATHIMA,Walk-In,Walk-In
17-08-2026,MR10210007212,OP10210013986,Mrs. M YEMALAMMA,Female,65Y,9885581807,Dr. SIDDHARTH REDDY  ALLA,OPRInv1021-20268173449,ENDOSCOPY,,3300,0,0,3300,3300,0,Cash,K PRATHIMA,Walk-In,Walk-In
17-08-2026,MR10210007216,OP10210013997,Mr. D HANUMANTH RAO,Male,57Y,9705014409,Dr. SIDDHARTH REDDY  ALLA,OPRInv1021-20268173450,ENDOSCOPY,,3300,0,0,3300,3300,0,Cash,RUPA N,Walk-In,Walk-In
17-08-2026,MR10210007218,OP10210014001,Mr. K ANJINEYULU,Male,74Y,6302747989,Dr. SIDDHARTH REDDY  ALLA,OPRInv1021-20268173451,2D ECHO,,2500,0,0,2500,2500,0,Cash,RUPA N,Walk-In,Walk-In
17-08-2026,MR10210007212,OP10210013986,Mrs. M YEMALAMMA,Female,65Y,9885581807,Dr. SIDDHARTH REDDY  ALLA,OPRInv1021-20268173452,BIOPSY SMALL,,1500,0,0,1500,1000,500,UPI - PhonePe,RUPA N,Walk-In,Walk-In
25-08-2026,MR10210007212,OP10210013986,Mrs. M YEMALAMMA,Female,65Y,9885581807,Dr. SIDDHARTH REDDY  ALLA,OPRInv1021-20268173452,BIOPSY SMALL,,1500,0,500,0,0,0,Cash,RUPA N,Walk-In,Walk-In
17-08-2026,MR10210007218,OP10210014001,Mr. K ANJINEYULU,Male,74Y,6302747989,Dr. SIDDHARTH REDDY  ALLA,OPRInv1021-20268173453,"ANESTHETIA SGA, COLONOSCOPY",,9800,0,0,9800,1800,8000,Cash,RUPA N,Walk-In,Walk-In
17-08-2026,MR10210007218,OP10210014001,Mr. K ANJINEYULU,Male,74Y,6302747989,Dr. SIDDHARTH REDDY  ALLA,OPRInv1021-20268173453,"ANESTHETIA SGA, COLONOSCOPY",,9800,0,0,8000,8000,0,UPI - PhonePe,RUPA N,Walk-In,Walk-In
17-08-2026,MR10210007211,OP10210014003,Ms. N JASSI PAVITRA,Female,13Y,7207076477,Dr. SIDDHARTH REDDY  ALLA,OPRInv1021-20268173454,BIOPSY SMALL,,1500,0,0,1500,1500,0,UPI - PhonePe,RUPA N,Walk-In,Walk-In
17-08-2026,MR10210006285,OP10210014004,Mrs. N ANJALI DEVI,Female,62Y,8106909399,Dr. SIDDHARTH REDDY  ALLA,OPRInv1021-20268173455,ENDOSCOPY,,3300,0,0,3300,3300,0,Cash,RUPA N,Walk-In,Walk-In
18-08-2026,MR10210007221,OP10210014013,Mr. M SAMBA SIVA RAO,Male,50Y,9849955224,Dr. SIDDHARTH REDDY  ALLA,OPRInv1021-20268183456,COLONOSCOPY,,6300,0,0,6300,6300,0,Cash,K PRATHIMA,Walk-In,Walk-In
18-08-2026,MR10210007224,OP10210014024,Mrs. D JAYA LAKSHMI,Female,52Y,9505209938,Dr. SIDDHARTH REDDY  ALLA,OPRInv1021-20268183457,ENDOSCOPY,,3300,0,0,3300,2300,1000,UPI - PhonePe,K PRATHIMA,Walk-In,Walk-In
25-08-2026,MR10210007224,OP10210014024,Mrs. D JAYA LAKSHMI,Female,52Y,9505209938,Dr. SIDDHARTH REDDY  ALLA,OPRInv1021-20268183457,ENDOSCOPY,,3300,0,1000,0,0,0,Cash,K PRATHIMA,Walk-In,Walk-In
18-08-2026,MR10210007222,OP10210014015,Mr. D NARAPA REDDY,Male,38Y,9666870666,Dr. SIDDHARTH REDDY  ALLA,OPRInv1021-20268183458,ENDOSCOPY,,3300,0,0,3300,3300,0,Cash,K PRATHIMA,Walk-In,Walk-In
18-08-2026,MR10210007223,OP10210014016,Mr. J ANJI REDDY,Male,47Y,9505696365,Dr. SIDDHARTH REDDY  ALLA,OPRInv1021-20268183459,ENDOSCOPY,,3300,0,0,3300,3300,0,UPI - PhonePe,K PRATHIMA,Walk-In,Walk-In
18-08-2026,MR10210007224,OP10210014028,Mrs. D JAYA LAKSHMI,Female,52Y,9505209938,Dr. SIDDHARTH REDDY  ALLA,OPRInv1021-20268183460,RUT,,500,0,0,500,500,0,UPI - PhonePe,K PRATHIMA,Walk-In,Walk-In
18-08-2026,MR10210007140,OP10210014011,Mr. CH RAVI SHANKAR,Male,52Y,9490057531,Dr. NST TEJASWI ALLA,OPRInv1021-20268183461,DIALYSIS  (MAINTENANCE),,6000,0,0,6000,4000,2000,UPI - PhonePe,K PRATHIMA,Walk-In,Walk-In
25-08-2026,MR10210007140,OP10210014011,Mr. CH RAVI SHANKAR,Male,52Y,9490057531,Dr. NST TEJASWI ALLA,OPRInv1021-20268183461,DIALYSIS  (MAINTENANCE),,6000,0,2000,0,0,0,Cash,K PRATHIMA,Walk-In,Walk-In
18-08-2026,MR10210007222,OP10210014015,Mr. D NARAPA REDDY,Male,38Y,9666870666,Dr. SIDDHARTH REDDY  ALLA,OPRInv1021-20268183462,RUT,,500,0,0,500,500,0,Cash,K PRATHIMA,Walk-In,Walk-In
18-08-2026,MR10210007223,OP10210014016,Mr. J ANJI REDDY,Male,47Y,9505696365,Dr. SIDDHARTH REDDY  ALLA,OPRInv1021-20268183463,BIOPSY SMALL,,1500,0,0,1500,1500,0,UPI - PhonePe,K PRATHIMA,Walk-In,Walk-In
18-08-2026,MR10210007233,OP10210014040,Mrs. V SUBHASHINI,Female,38Y,9985651488,Dr. SIDDHARTH REDDY  ALLA,OPRInv1021-20268183464,ENDOSCOPY,,3300,0,0,3300,3300,0,UPI - PhonePe,K PRATHIMA,Walk-In,Walk-In
18-08-2026,MR10210007233,OP10210014048,Mrs. V SUBHASHINI,Female,38Y,9985651488,Dr. SIDDHARTH REDDY  ALLA,OPRInv1021-20268183465,RUT,,500,0,0,500,500,0,UPI - PhonePe,K PRATHIMA,Walk-In,Walk-In
19-08-2026,MR10210007229,OP10210014060,Mrs. N KAVITHA,Female,43Y,6281737107,Dr. SIDDHARTH REDDY  ALLA,OPRInv1021-20268193466,ENDOSCOPY,,3300,0,0,3300,3300,0,Cash,K PRATHIMA,Walk-In,Walk-In
19-08-2026,MR10210007229,OP10210014060,Mrs. N KAVITHA,Female,43Y,6281737107,Dr. SIDDHARTH REDDY  ALLA,OPRInv1021-20268193467,RUT,,500,0,0,500,500,0,Cash,K PRATHIMA,Walk-In,Walk-In
19-08-2026,MR10210007245,OP10210014069,Mr. B MADHU BABU,Male,49Y,7386116441,Dr. SIDDHARTH REDDY  ALLA,OPRInv1021-20268193468,ENDOSCOPY,,3300,0,0,3300,0,3300,Cash,K PRATHIMA,Walk-In,Walk-In
25-08-2026,MR10210007245,OP10210014069,Mr. B MADHU BABU,Male,49Y,7386116441,Dr. SIDDHARTH REDDY  ALLA,OPRInv1021-20268193468,ENDOSCOPY,,3300,0,3300,0,0,0,Cash,K PRATHIMA,Walk-In,Walk-In
19-08-2026,MR10210007246,OP10210014070,Mr. K SATYA NARAYANA,Male,80Y,9440767235,Dr. SIDDHARTH REDDY  ALLA,OPRInv1021-20268193469,"ANESTHETIA SGA, COLONOSCOPY",,9800,0,0,9800,9800,0,Cash,K PRATHIMA,Walk-In,Walk-In
19-08-2026,MR10210007246,OP10210014072,Mr. K SATYA NARAYANA,Male,80Y,9440767235,Dr. SIDDHARTH REDDY  ALLA,OPRInv1021-20268193470,ECG ,,200,0,0,200,200,0,Cash,K PRATHIMA,Walk-In,Walk-In
19-08-2026,MR10210007247,OP10210014071,Mrs. P PADMA,Female,58Y,9535928932,Dr. SIDDHARTH REDDY  ALLA,OPRInv1021-20268193471,SIGMOIDOSCOPY,,3300,0,0,3300,3300,0,Cash,K PRATHIMA,Walk-In,Walk-In
19-08-2026,MR10210007248,OP10210014073,Mrs. P VENKATESWARLU,Female,62Y,9535928932,Dr. SIDDHARTH REDDY  ALLA,OPRInv1021-20268193472,ENDOSCOPY,,3300,0,0,3300,3300,0,Cash,K PRATHIMA,Walk-In,Walk-In
19-08-2026,MR10210007250,OP10210014077,Mrs. K RAMA DEVI,Female,65Y,9010693876,Dr. SIDDHARTH REDDY  ALLA,OPRInv1021-20268193473,"ECG , ENDOSCOPY",,3500,0,0,3500,3500,0,Cash,K PRATHIMA,Walk-In,Walk-In
19-08-2026,MR10210007251,OP10210014080,Mrs. A VENKATA RAMANA,Female,61Y,9908448566,Dr. SIDDHARTH REDDY  ALLA,OPRInv1021-20268193474,"ECG , ENDOSCOPY",,3500,0,0,3500,3500,0,UPI - PhonePe,K PRATHIMA,Walk-In,Walk-In
19-08-2026,MR10210007251,OP10210014083,Mrs. A VENKATA RAMANA,Female,61Y,9908448566,Dr. SIDDHARTH REDDY  ALLA,OPRInv1021-20268193475,RUT,,500,0,0,500,500,0,Cash,K PRATHIMA,Walk-In,Walk-In
20-08-2026,MR10210007240,OP10210014089,Mr. N V REDDY,Male,52Y,9666811974,Dr. SIDDHARTH REDDY  ALLA,OPRInv1021-20268203476,ENDOSCOPY,,3300,0,0,3300,3300,0,UPI - PhonePe,RUPA N,Walk-In,Walk-In
20-08-2026,MR10210007240,OP10210014089,Mr. N V REDDY,Male,52Y,9666811974,Dr. SIDDHARTH REDDY  ALLA,OPRInv1021-20268203477,RUT,,500,0,0,500,500,0,UPI - PhonePe,RUPA N,Walk-In,Walk-In
20-08-2026,MR10210007254,OP10210014091,Mr. SK SATHAR,Male,62Y,9705963116,Dr. SIDDHARTH REDDY  ALLA,OPRInv1021-20268203478,ENDOSCOPY,,3300,0,0,3300,2250,1050,Cash,RUPA N,Walk-In,Walk-In
20-08-2026,MR10210007254,OP10210014091,Mr. SK SATHAR,Male,62Y,9705963116,Dr. SIDDHARTH REDDY  ALLA,OPRInv1021-20268203478,ENDOSCOPY,,3300,0,0,1050,1050,0,Cash,RUPA N,Walk-In,Walk-In
20-08-2026,MR10210007253,OP10210014090,Mrs. L RAJYALAKSHMI,Female,78Y,7702739795,Dr. SIDDHARTH REDDY  ALLA,OPRInv1021-20268203479,"ANESTHETIA SGA, COLONOSCOPY",,9800,1000,0,8800,8800,0,UPI - PhonePe,RUPA N,Walk-In,Walk-In
20-08-2026,MR10210007190,OP10210014093,Mrs. G VARA LAKSHMI,Female,63Y,9492647939,Dr. SIDDHARTH REDDY  ALLA,OPRInv1021-20268203480,ENDOSCOPY,,3300,0,0,3300,2300,1000,UPI - PhonePe,RUPA N,Walk-In,Walk-In
25-08-2026,MR10210007190,OP10210014093,Mrs. G VARA LAKSHMI,Female,63Y,9492647939,Dr. SIDDHARTH REDDY  ALLA,OPRInv1021-20268203480,ENDOSCOPY,,3300,0,1000,0,0,0,Cash,RUPA N,Walk-In,Walk-In
20-08-2026,MR10210007258,OP10210014098,Ms. P LAKSHMI JYOTHIKA,Female,16Y,9951089358,Dr. SIDDHARTH REDDY  ALLA,OPRInv1021-20268203481,ENDOSCOPY,,3300,0,0,3300,3300,0,Cash,RUPA N,Walk-In,Walk-In
20-08-2026,MR10210007140,OP10210014103,Mr. CH RAVI SHANKAR,Male,52Y,9490057531,Dr. NST TEJASWI ALLA,OPRInv1021-20268203482,DIALYSIS  (MAINTENANCE),,6000,0,0,6000,4000,2000,UPI - PhonePe,RUPA N,Walk-In,Walk-In
25-08-2026,MR10210007140,OP10210014103,Mr. CH RAVI SHANKAR,Male,52Y,9490057531,Dr. NST TEJASWI ALLA,OPRInv1021-20268203482,DIALYSIS  (MAINTENANCE),,6000,0,2000,0,0,0,Cash,RUPA N,Walk-In,Walk-In
20-08-2026,MR10210007258,OP10210014098,Ms. P LAKSHMI JYOTHIKA,Female,16Y,9951089358,Dr. SIDDHARTH REDDY  ALLA,OPRInv1021-20268203483,RUT,,500,0,0,500,500,0,Cash,RUPA N,Walk-In,Walk-In
20-08-2026,MR10210007264,OP10210014111,Mr. A GOPALA KRISHNA,Male,62Y,9398981027,Dr. SIDDHARTH REDDY  ALLA,OPRInv1021-20268203484,"ECG , ENDOSCOPY",,3500,0,0,3500,3500,0,UPI - PhonePe,RUPA N,Walk-In,Walk-In
20-08-2026,MR10210007264,OP10210014115,Mr. A GOPALA KRISHNA,Male,62Y,9398981027,Dr. SIDDHARTH REDDY  ALLA,OPRInv1021-20268203485,RUT,,500,0,0,500,500,0,UPI - PhonePe,RUPA N,Walk-In,Walk-In
21-08-2026,MR10210007268,OP10210014123,Mr. D SIVA KESAVA,Male,33Y,8341385654,Dr. SIDDHARTH REDDY  ALLA,OPRInv1021-20268213486,ENDOSCOPY,,3300,0,0,3300,3300,0,UPI - PhonePe,K PRATHIMA,Walk-In,Walk-In
21-08-2026,MR10210007268,OP10210014123,Mr. D SIVA KESAVA,Male,33Y,8341385654,Dr. SIDDHARTH REDDY  ALLA,OPRInv1021-20268213487,RUT,,500,0,0,500,500,0,UPI - PhonePe,K PRATHIMA,Walk-In,Walk-In
22-08-2026,MR10210007140,OP10210014129,Mr. CH RAVI SHANKAR,Male,52Y,9490057531,Dr. NST TEJASWI ALLA,OPRInv1021-20268223488,DIALYSIS  (MAINTENANCE),,6000,0,0,6000,4000,2000,Cash,RUPA N,Walk-In,Walk-In
25-08-2026,MR10210007140,OP10210014129,Mr. CH RAVI SHANKAR,Male,52Y,9490057531,Dr. NST TEJASWI ALLA,OPRInv1021-20268223488,DIALYSIS  (MAINTENANCE),,6000,0,2000,0,2000,-2000,Cash,RUPA N,Walk-In,Walk-In
22-08-2026,MR10210007276,OP10210014143,Mrs. SK SUHANA,Female,33Y,8143802797,Dr. SIDDHARTH REDDY  ALLA,OPRInv1021-20268223489,SIGMOIDOSCOPY,,3300,0,0,3300,3300,0,UPI - PhonePe,RUPA N,Walk-In,Walk-In
22-08-2026,MR10210007271,OP10210014133,Mr. K ANJANEYA PRASAD,Male,63Y,9490768090,Dr. SIDDHARTH REDDY  ALLA,OPRInv1021-20268223490,ENDOSCOPY,,3300,0,0,3300,3300,0,UPI - PhonePe,K PRATHIMA,Walk-In,Walk-In
22-08-2026,MR10210007278,OP10210014146,Mrs. P NAGA LAKSHMI,Female,27Y,8790034286,Dr. SIDDHARTH REDDY  ALLA,OPRInv1021-20268223491,ENDOSCOPY,,3300,0,0,3300,1550,1750,Cash,K PRATHIMA,Walk-In,Walk-In
22-08-2026,MR10210007278,OP10210014146,Mrs. P NAGA LAKSHMI,Female,27Y,8790034286,Dr. SIDDHARTH REDDY  ALLA,OPRInv1021-20268223491,ENDOSCOPY,,3300,0,0,1750,1750,0,UPI - PhonePe,K PRATHIMA,Walk-In,Walk-In
22-08-2026,MR10210007278,OP10210014146,Mrs. P NAGA LAKSHMI,Female,27Y,8790034286,Dr. SIDDHARTH REDDY  ALLA,OPRInv1021-20268223492,RUT,,500,0,0,500,500,0,UPI - PhonePe,K PRATHIMA,Walk-In,Walk-In
22-08-2026,MR10210007271,OP10210014133,Mr. K ANJANEYA PRASAD,Male,63Y,9490768090,Dr. SIDDHARTH REDDY  ALLA,OPRInv1021-20268223493,RUT,,500,0,0,500,500,0,UPI - PhonePe,K PRATHIMA,Walk-In,Walk-In
22-08-2026,MR10210006250,OP10210014188,Mrs. P DHANA LAKSHMI,Female,43Y,9347581929,Dr. SIDDHARTH REDDY  ALLA,OPRInv1021-20268223494,"ENDOSCOPY, RUT",,3800,0,0,3800,2000,1800,Cash,BHARGAV CHOWDARY,Walk-In,Walk-In
25-08-2026,MR10210006250,OP10210014188,Mrs. P DHANA LAKSHMI,Female,43Y,9347581929,Dr. SIDDHARTH REDDY  ALLA,OPRInv1021-20268223494,"ENDOSCOPY, RUT",,3800,0,1800,0,0,0,Cash,BHARGAV CHOWDARY,Walk-In,Walk-In
23-08-2026,MR10210007291,OP10210014197,Mrs. L SATYAVATHI,Female,65Y,9247503753,Dr. SIDDHARTH REDDY  ALLA,OPRInv1021-20268233495,"ANESTHETIA SGA, COLONOSCOPY",,9800,0,0,9800,0,9800,Cash,K PRATHIMA,Walk-In,Walk-In
24-08-2026,MR10210007155,OP10210014200,Mrs. N PRATHIBHA RANI,Female,62Y,8374287116,Dr. SIDDHARTH REDDY  ALLA,OPRInv1021-20268243496,"ANESTHETIA SGA, COLONOSCOPY, ENDOSCOPY",,13100,0,0,13100,13100,0,UPI - PhonePe,K PRATHIMA,Walk-In,Walk-In
24-08-2026,MR10210007294,OP10210014205,Mr. A N SRINIVASA REDDY,Male,48Y,9491186807,Dr. SIDDHARTH REDDY  ALLA,OPRInv1021-20268243497,SIGMOIDOSCOPY,,3300,0,0,3300,3300,0,Cash,K PRATHIMA,Walk-In,Walk-In
24-08-2026,MR10210007294,OP10210014213,Mr. A N SRINIVASA REDDY,Male,48Y,9491186807,Dr. SIDDHARTH REDDY  ALLA,OPRInv1021-20268243498,BIOPSY SMALL,,1500,0,0,1500,1500,0,UPI - PhonePe,K PRATHIMA,Walk-In,Walk-In
24-08-2026,MR10210007297,OP10210014216,Mr. P SUBBA RAO,Male,85Y,7411191829,Dr. SIDDHARTH REDDY  ALLA,OPRInv1021-20268243499,"2D ECHO, ANESTHETIA SGA, COLONOSCOPY, ECG ",,12500,0,0,12500,12500,0,UPI - PhonePe,K PRATHIMA,Walk-In,Walk-In
24-08-2026,MR10210007299,OP10210014225,Mr. T VENKATESWARLU REDDY,Male,56Y,9491704379,Dr. SIDDHARTH REDDY  ALLA,OPRInv1021-20268243500,ENDOSCOPY,,3300,0,0,3300,3300,0,Cash,RUPA N,Walk-In,Walk-In
24-08-2026,MR10210007299,OP10210014225,Mr. T VENKATESWARLU REDDY,Male,56Y,9491704379,Dr. SIDDHARTH REDDY  ALLA,OPRInv1021-20268243501,RUT,,500,0,0,500,500,0,Cash,K PRATHIMA,Walk-In,Walk-In
24-08-2026,MR10210007155,OP10210014200,Mrs. N PRATHIBHA RANI,Female,62Y,8374287116,Dr. SIDDHARTH REDDY  ALLA,OPRInv1021-20268243502,RUT,,500,0,0,500,500,0,UPI - PhonePe,K PRATHIMA,Walk-In,Walk-In
25-08-2026,MR10210007140,OP10210014234,Mr. CH RAVI SHANKAR,Male,52Y,9490057531,Dr. NST TEJASWI ALLA,OPRInv1021-20268253503,DIALYSIS  (MAINTENANCE),,6000,0,0,6000,4000,2000,Cash,K PRATHIMA,Walk-In,Walk-In
25-08-2026,MR10210007140,OP10210014234,Mr. CH RAVI SHANKAR,Male,52Y,9490057531,Dr. NST TEJASWI ALLA,OPRInv1021-20268253503,DIALYSIS  (MAINTENANCE),,6000,0,2000,0,0,0,Cash,K PRATHIMA,Walk-In,Walk-In
25-08-2026,MR10210007302,OP10210014235,Ms. B SATWIKA,Female,15Y,9704077328,Dr. SIDDHARTH REDDY  ALLA,OPRInv1021-20268253504,ENDOSCOPY,,3300,0,0,3300,3300,0,Cash,K PRATHIMA,Walk-In,Walk-In
25-08-2026,MR10210007303,OP10210014236,Mr. A VARA KUMAR,Male,24Y,8074895421,Dr. SIDDHARTH REDDY  ALLA,OPRInv1021-20268253505,ENDOSCOPY,,3300,0,0,3300,3300,0,UPI - PhonePe,K PRATHIMA,Walk-In,Walk-In
25-08-2026,MR10210007305,OP10210014238,Mr. M LAKSHMI MANOHAR,Male,26Y,9705539253,Dr. SIDDHARTH REDDY  ALLA,OPRInv1021-20268253506,ENDOSCOPY,,3300,0,0,3300,3300,0,UPI - PhonePe,K PRATHIMA,Walk-In,Walk-In
25-08-2026,MR10210006440,OP10210014239,Mr. J SESHI REDDY,Male,68Y,9010363695,Dr. SIDDHARTH REDDY  ALLA,OPRInv1021-20268253507,SIGMOIDOSCOPY,,3300,0,0,3300,3300,0,Cash,K PRATHIMA,Walk-In,Walk-In
25-08-2026,MR10210007311,OP10210014249,Mr. Y HARSHA VARDHAN,Male,28Y,9618186186,Dr. SIDDHARTH REDDY  ALLA,OPRInv1021-20268253508,SIGMOIDOSCOPY,,3300,0,0,3300,3300,0,UPI - PhonePe,K PRATHIMA,Walk-In,Walk-In
25-08-2026,MR10210007309,OP10210014244,Mr. S PUNNAIAH,Male,52Y,9014059553,Dr. SIDDHARTH REDDY  ALLA,OPRInv1021-20268253509,ENDOSCOPY,,3300,0,0,3300,3300,0,UPI - PhonePe,K PRATHIMA,Walk-In,Walk-In
25-08-2026,MR10210007095,OP10210014254,Mr. B SIVA KRISHNA,Male,38Y,7382126369,Dr. SIDDHARTH REDDY  ALLA,OPRInv1021-20268253510,ENDOSCOPY,,3300,0,0,3300,3300,0,UPI - PhonePe,K PRATHIMA,Walk-In,Walk-In
25-08-2026,MR10210007303,OP10210014236,Mr. A VARA KUMAR,Male,24Y,8074895421,Dr. SIDDHARTH REDDY  ALLA,OPRInv1021-20268253511,RUT,,500,0,0,500,500,0,UPI - PhonePe,RUPA N,Walk-In,Walk-In
25-08-2026,MR10210007305,OP10210014238,Mr. M LAKSHMI MANOHAR,Male,26Y,9705539253,Dr. SIDDHARTH REDDY  ALLA,OPRInv1021-20268253512,RUT,,500,0,0,500,500,0,UPI - PhonePe,RUPA N,Walk-In,Walk-In
25-08-2026,MR10210007309,OP10210014244,Mr. S PUNNAIAH,Male,52Y,9014059553,Dr. SIDDHARTH REDDY  ALLA,OPRInv1021-20268253513,BIOPSY SMALL,,1500,0,0,1500,1500,0,UPI - PhonePe,K PRATHIMA,Walk-In,Walk-In
26-08-2026,MR10210007320,OP10210014275,Mrs. SK JAN BI,Female,80Y,7013085274,Dr. SIDDHARTH REDDY  ALLA,OPRInv1021-20268263514,"ANESTHETIA SGA, COLONOSCOPY, ENDOSCOPY",,13100,0,0,13100,11100,2000,Cash,K PRATHIMA,Walk-In,Walk-In
26-08-2026,MR10210007320,OP10210014275,Mrs. SK JAN BI,Female,80Y,7013085274,Dr. SIDDHARTH REDDY  ALLA,OPRInv1021-20268263514,"ANESTHETIA SGA, COLONOSCOPY, ENDOSCOPY",,13100,0,2000,0,0,0,Cash,K PRATHIMA,Walk-In,Walk-In
26-08-2026,MR10210007323,OP10210014279,Mr. N SIVA KARTHIK,Male,19Y,9912173871,Dr. SIDDHARTH REDDY  ALLA,OPRInv1021-20268263515,ENDOSCOPY,,3300,0,0,3300,2300,1000,Cash,RUPA N,Walk-In,Walk-In
26-08-2026,MR10210007323,OP10210014279,Mr. N SIVA KARTHIK,Male,19Y,9912173871,Dr. SIDDHARTH REDDY  ALLA,OPRInv1021-20268263515,ENDOSCOPY,,3300,0,1000,0,0,0,Cash,RUPA N,Walk-In,Walk-In
26-08-2026,MR10210007324,OP10210014280,Mr. G HARI BABU,Male,40Y,7013784457,Dr. SIDDHARTH REDDY  ALLA,OPRInv1021-20268263516,ENDOSCOPY,,3300,0,0,3300,3300,0,UPI - PhonePe,RUPA N,Walk-In,Walk-In
26-08-2026,MR10210007323,OP10210014282,Mr. N SIVA KARTHIK,Male,19Y,9912173871,Dr. SIDDHARTH REDDY  ALLA,OPRInv1021-20268263517,RUT,,500,0,0,500,500,0,Cash,RUPA N,Walk-In,Walk-In
27-08-2026,MR10210007312,OP10210014300,Mr. T VENKATESWARLU,Male,81Y,9849792052,Dr. SIDDHARTH REDDY  ALLA,OPRInv1021-20268273518,"ANESTHETIA SGA, COLONOSCOPY, ENDOSCOPY",,13100,0,0,13100,10000,3100,Cash,K PRATHIMA,Walk-In,Walk-In
27-08-2026,MR10210007312,OP10210014300,Mr. T VENKATESWARLU,Male,81Y,9849792052,Dr. SIDDHARTH REDDY  ALLA,OPRInv1021-20268273518,"ANESTHETIA SGA, COLONOSCOPY, ENDOSCOPY",,13100,0,0,3100,1000,2100,Cash,K PRATHIMA,Walk-In,Walk-In
27-08-2026,MR10210007335,OP10210014304,Mr. M GOPI,Male,31Y,9948311061,Dr. SIDDHARTH REDDY  ALLA,OPRInv1021-20268273519,ENDOSCOPY,,3300,0,0,3300,1850,1450,Cash,K PRATHIMA,Walk-In,Walk-In
27-08-2026,MR10210007335,OP10210014304,Mr. M GOPI,Male,31Y,9948311061,Dr. SIDDHARTH REDDY  ALLA,OPRInv1021-20268273519,ENDOSCOPY,,3300,0,0,1450,1450,0,UPI - PhonePe,K PRATHIMA,Walk-In,Walk-In
27-08-2026,MR10210007333,OP10210014301,Mrs. C JYOTHI PRIYA,Female,38Y,7036377799,Dr. SIDDHARTH REDDY  ALLA,OPRInv1021-20268273520,"ANESTHETIA SGA, COLONOSCOPY",,9800,0,0,9800,8300,1500,Cash,K PRATHIMA,Walk-In,Walk-In
27-08-2026,MR10210007333,OP10210014301,Mrs. C JYOTHI PRIYA,Female,38Y,7036377799,Dr. SIDDHARTH REDDY  ALLA,OPRInv1021-20268273520,"ANESTHETIA SGA, COLONOSCOPY",,9800,0,0,1500,1500,0,Cash,K PRATHIMA,Walk-In,Walk-In
27-08-2026,MR10210006074,OP10210014305,Mrs. S PADMAVATHI,Female,60Y,9393787777,Dr. SIDDHARTH REDDY  ALLA,OPRInv1021-20268273521,SIGMOIDOSCOPY,,3300,0,0,3300,3300,0,UPI - PhonePe,K PRATHIMA,Walk-In,Walk-In
27-08-2026,MR10210007335,OP10210014304,Mr. M GOPI,Male,31Y,9948311061,Dr. SIDDHARTH REDDY  ALLA,OPRInv1021-20268273522,RUT,,500,0,0,500,500,0,Cash,K PRATHIMA,Walk-In,Walk-In
27-08-2026,MR10210007333,OP10210014301,Mrs. C JYOTHI PRIYA,Female,38Y,7036377799,Dr. SIDDHARTH REDDY  ALLA,OPRInv1021-20268273523,ANESTHETIA SGA,,3500,1500,0,2000,2000,0,Cash,Siddhartha Reddy ,Walk-In,Walk-In
28-08-2026,MR10210007340,OP10210014328,Mr. P SUDHAKAR VARMA,Male,71Y,9492710609,Dr. SIDDHARTH REDDY  ALLA,OPRInv1021-20268283524,ENDOSCOPY,,3300,0,0,3300,3300,0,UPI - PhonePe,RUPA N,Walk-In,Walk-In
28-08-2026,MR10210007341,OP10210014335,Mr. D SIVA NAGULU,Male,41Y,9182056751,Dr. SIDDHARTH REDDY  ALLA,OPRInv1021-20268283525,ENDOSCOPY,,3300,0,0,3300,3300,0,UPI - PhonePe,RUPA N,Walk-In,Walk-In
28-08-2026,MR10210007342,OP10210014332,Mrs. J VIJAYA LAKSHMI,Female,49Y,9133869907,Dr. SIDDHARTH REDDY  ALLA,OPRInv1021-20268283526,ENDOSCOPY,,3300,0,0,3300,3300,0,UPI - PhonePe,RUPA N,Walk-In,Walk-In
28-08-2026,MR10210007341,OP10210014335,Mr. D SIVA NAGULU,Male,41Y,9182056751,Dr. SIDDHARTH REDDY  ALLA,OPRInv1021-20268283527,RUT,,500,0,0,500,500,0,UPI - PhonePe,RUPA N,Walk-In,Walk-In
28-08-2026,MR10210007340,OP10210014328,Mr. P SUDHAKAR VARMA,Male,71Y,9492710609,Dr. SIDDHARTH REDDY  ALLA,OPRInv1021-20268283528,BIOPSY SMALL,,1500,0,0,1500,1500,0,UPI - PhonePe,BHARGAV CHOWDARY,Walk-In,Walk-In
28-08-2026,MR10210007342,OP10210014332,Mrs. J VIJAYA LAKSHMI,Female,49Y,9133869907,Dr. SIDDHARTH REDDY  ALLA,OPRInv1021-20268283529,RUT,,500,0,0,500,500,0,UPI - PhonePe,BHARGAV CHOWDARY,Walk-In,Walk-In
28-08-2026,MR10210007347,OP10210014343,Ms. G PRIYA HASINI,Female,19Y,6300139482,Dr. SIDDHARTH REDDY  ALLA,OPRInv1021-20268283530,SIGMOIDOSCOPY,,3300,0,0,3300,3300,0,UPI - PhonePe,RUPA N,Walk-In,Walk-In
28-08-2026,MR10210007347,OP10210014343,Ms. G PRIYA HASINI,Female,19Y,6300139482,Dr. SIDDHARTH REDDY  ALLA,OPRInv1021-20268283531,BIOPSY SMALL,,1500,0,0,1500,1500,0,UPI - PhonePe,RUPA N,Walk-In,Walk-In
29-08-2026,MR10210007140,OP10210014358,Mr. CH RAVI SHANKAR,Male,52Y,9490057531,Dr. NST TEJASWI ALLA,OPRInv1021-20268293532,DIALYSIS  (MAINTENANCE),,4000,0,0,4000,4000,0,UPI - PhonePe,RUPA N,Walk-In,Walk-In
31-08-2026,MR10210007357,OP10210014373,Mr. T SAMBA SIVA RAO,Male,56Y,9989686102,Dr. SIDDHARTH REDDY  ALLA,OPRInv1021-20268313533,SIGMOIDOSCOPY,,3300,0,0,3300,3300,0,Cash,K PRATHIMA,Walk-In,Walk-In
31-08-2026,MR10210007358,OP10210014374,Mrs. K VIJAYA LAKSHMI,Female,67Y,9014624611,Dr. SIDDHARTH REDDY  ALLA,OPRInv1021-20268313534,ENDOSCOPY,,3300,0,0,3300,3300,0,Cash,K PRATHIMA,Walk-In,Walk-In
31-08-2026,MR10210007360,OP10210014381,Mr. R RAVI KUMAR,Male,30Y,9121563902,Dr. SIDDHARTH REDDY  ALLA,OPRInv1021-20268313535,ENDOSCOPY,,3300,0,0,3300,3300,0,UPI - PhonePe,K PRATHIMA,Walk-In,Walk-In
31-08-2026,MR10210007361,OP10210014385,Mrs. CH RAMANA,Female,38Y,9640553726,Dr. SIDDHARTH REDDY  ALLA,OPRInv1021-20268313536,ENDOSCOPY,,3300,0,0,3300,3300,0,UPI - PhonePe,K PRATHIMA,Walk-In,Walk-In
31-08-2026,MR10210007362,OP10210014386,Mr. P CHINA LAKSHMI PATHI,Male,59Y,9393098111,Dr. SIDDHARTH REDDY  ALLA,OPRInv1021-20268313537,"ANESTHETIA SGA, COLONOSCOPY, ENDOSCOPY",,13100,0,0,13100,11100,2000,UPI - PhonePe,K PRATHIMA,Walk-In,Walk-In
31-08-2026,MR10210007358,OP10210014374,Mrs. K VIJAYA LAKSHMI,Female,67Y,9014624611,Dr. SIDDHARTH REDDY  ALLA,OPRInv1021-20268313538,RUT,,500,0,0,500,500,0,Cash,K PRATHIMA,Walk-In,Walk-In
31-08-2026,MR10210007363,OP10210014387,Mr. P KIRAN REDDY,Male,32Y,9908986737,Dr. SIDDHARTH REDDY  ALLA,OPRInv1021-20268313539,ENDOSCOPY,,3300,0,0,3300,3300,0,UPI - PhonePe,K PRATHIMA,Walk-In,Walk-In
31-08-2026,MR10210007360,OP10210014381,Mr. R RAVI KUMAR,Male,30Y,9121563902,Dr. SIDDHARTH REDDY  ALLA,OPRInv1021-20268313540,BIOPSY SMALL,,1500,0,0,1500,1500,0,UPI - PhonePe,K PRATHIMA,Walk-In,Walk-In
31-08-2026,MR10210007363,OP10210014387,Mr. P KIRAN REDDY,Male,32Y,9908986737,Dr. SIDDHARTH REDDY  ALLA,OPRInv1021-20268313541,RUT,,500,0,0,500,500,0,UPI - PhonePe,K PRATHIMA,Walk-In,Walk-In
31-08-2026,MR10210007365,OP10210014393,Mrs. B SWAPNA,Female,35Y,8341732396,Dr. SIDDHARTH REDDY  ALLA,OPRInv1021-20268313542,ENDOSCOPY,,3300,0,0,3300,3300,0,Cash,K PRATHIMA,Walk-In,Walk-In
01-09-2026,MR10210007372,OP10210014413,Mrs. SK JANI BEGUM,Female,32Y,8008660209,Dr. SIDDHARTH REDDY  ALLA,OPRInv1021-2026913543,ENDOSCOPY,,3300,0,0,3300,3300,0,Cash,K PRATHIMA,Walk-In,Walk-In
01-09-2026,MR10210007373,OP10210014418,Mr. D RAJESH,Male,30Y,9390142055,Dr. SIDDHARTH REDDY  ALLA,OPRInv1021-2026913544,SIGMOIDOSCOPY,,3300,0,0,3300,3300,0,UPI - PhonePe,K PRATHIMA,Walk-In,Walk-In
01-09-2026,MR10210007376,OP10210014429,Mrs. M KUMARI,Female,40Y,7675943320,Dr. SIDDHARTH REDDY  ALLA,OPRInv1021-2026913545,ENDOSCOPY,,3300,0,0,3300,2100,1200,Cash,RUPA N,Walk-In,Walk-In
01-09-2026,MR10210007376,OP10210014429,Mrs. M KUMARI,Female,40Y,7675943320,Dr. SIDDHARTH REDDY  ALLA,OPRInv1021-2026913545,ENDOSCOPY,,3300,0,0,1200,1200,0,UPI - Paytm,RUPA N,Walk-In,Walk-In
01-09-2026,MR10210007378,OP10210014432,Mrs. S NAGALAKSHMI,Female,37Y,9032040075,Dr. SIDDHARTH REDDY  ALLA,OPRInv1021-2026913546,ENDOSCOPY,,3300,0,0,3300,3300,0,UPI - PhonePe,RUPA N,Walk-In,Walk-In
01-09-2026,MR10210007376,OP10210014429,Mrs. M KUMARI,Female,40Y,7675943320,Dr. SIDDHARTH REDDY  ALLA,OPRInv1021-2026913547,RUT,,500,0,0,500,500,0,UPI - PhonePe,RUPA N,Walk-In,Walk-In
01-09-2026,MR10210007379,OP10210014433,Mrs. S NAGAMALLESWARI,Female,37Y,9032040075,Dr. SIDDHARTH REDDY  ALLA,OPRInv1021-2026913548,BIOPSY SMALL,,1500,0,0,1500,1500,0,UPI - PhonePe,RUPA N,Walk-In,Walk-In
01-09-2026,MR10210007380,OP10210014435,Mr. Y NAGESWARA RAO,Male,60Y,9989327304,Dr. SIDDHARTH REDDY  ALLA,OPRInv1021-2026913549,ENDOSCOPY,,3300,0,0,3300,2300,1000,UPI - PhonePe,K PRATHIMA,Walk-In,Walk-In
02-09-2026,MR10210007381,OP10210014438,Mrs. CH MANGAMMA,Female,65Y,9291402045,Dr. SIDDHARTH REDDY  ALLA,OPRInv1021-2026923550,ENDOSCOPY,,3300,0,0,3300,3300,0,UPI - PhonePe,RUPA N,Walk-In,Walk-In
02-09-2026,MR10210007382,OP10210014442,Mrs. M PADMA,Female,50Y,8790713680,Dr. SIDDHARTH REDDY  ALLA,OPRInv1021-2026923551,ENDOSCOPY,,3300,0,0,3300,3300,0,Cash,RUPA N,Walk-In,Walk-In
02-09-2026,MR10210007384,OP10210014447,Master. M GOUTHAM,Male,14Y,9705216610,Dr. SIDDHARTH REDDY  ALLA,OPRInv1021-2026923552,"ANESTHETIA SGA, ENDOSCOPY",,6800,0,0,6800,5800,1000,UPI - PhonePe,RUPA N,Walk-In,Walk-In
04-04-2025,MR10210001922,IP10210000302,Mrs. D MARTHAMMA  ,Female,55Y,8185820520,Dr. SIDDHARTH REDDY  ALLA,IPRInv1021-2025448,BIOPSY SMALL,,1000,0,0,1000,1000,0,Cash,NAGUR VALI  SHAIK,Walk-In,Walk-In
08-04-2025,MR10210002579,IP10210000306,Mr. SK MABU,Male,80Y,7674040062,Dr. HANUMAN PRASAD Y,IPRInv1021-2025489,ENDOSCOPY,,3300,0,0,3300,3300,0,Cash,NAGUR VALI  SHAIK,Walk-In,Walk-In
16-04-2025,MR10210002635,IP10210000310,Mrs. M LAKSHMI KUMARI  ,Female,52Y,9642711931,Dr. SIDDHARTH REDDY  ALLA,IPRInv1021-202541610,"ANESTHETIA SGA,Co2 CHARGES FOR PROCEDURE,COLONOSCOPY,O2 CHARGES FOR PROCEDURE",,9800,0,0,9800,9800,0,UPI - PhonePe,NAGUR VALI  SHAIK,Walk-In,Walk-In
02-05-2025,MR10210002751,IP10210000325,Mrs. CH RAMA DEVI,Female,58Y,9701240487,Dr. HANUMAN PRASAD Y,IPRInv1021-20255211,"ANESTHETIA SGA,Co2 CHARGES FOR PROCEDURE,COLONOSCOPY,O2 CHARGES FOR PROCEDURE",,9800,0,0,9800,9800,0,Cash,NAGUR VALI  SHAIK,Walk-In,Walk-In
14-05-2025,MR10210002851,IP10210000340,Mr. T VYAIDA REDDY,Male,36Y,9912121351,Dr. SIDDHARTH REDDY  ALLA,IPRInv1021-202551412,"ANESTHETIA SGA,Co2 CHARGES FOR PROCEDURE,COLONOSCOPY,ENDOSCOPY,O2 CHARGES FOR PROCEDURE",,13100,100,0,13000,13000,0,UPI - PhonePe,NAGUR VALI  SHAIK,Walk-In,Walk-In
22-05-2025,MR10210002916,IP10210000348,Mr. G VEERA BABU  ,Male,76Y,9703984275,Dr. SIDDHARTH REDDY  ALLA,IPRInv1021-202552213,"ENDOSCOPY,RUT",,3800,0,0,3800,3800,0,UPI - PhonePe,NAGUR VALI  SHAIK,Walk-In,Walk-In
27-05-2025,MR10210002546,IP10210000352,Ms. NAGA JYOTHI MUNNANGI,Female,60Y,8309869039,Dr. SIDDHARTH REDDY  ALLA,IPRInv1021-202552714,"ANESTHETIA SGA,Co2 CHARGES FOR PROCEDURE,COLONOSCOPY,O2 CHARGES FOR PROCEDURE",,9800,0,0,9800,9800,0,UPI - PhonePe,NAGUR VALI  SHAIK,Walk-In,Walk-In
30-05-2025,MR10210002973,IP10210000354,Mrs. G KOWSALYA,Female,68Y,9032313320,Dr. SIDDHARTH REDDY  ALLA,IPRInv1021-202553015,"BIOPSY SMALL,ENDOSCOPY",,4300,0,0,4300,4300,0,Cash,NAGUR VALI  SHAIK,Walk-In,Walk-In
31-05-2025,MR10210002548,IP10210000359,Mrs. A RANI KUMARI,Female,65Y,9390567588,Dr. SIDDHARTH REDDY  ALLA,IPRInv1021-202553116,ERCP,,35000,10000,0,25000,25000,0,Cash,NAGUR VALI  SHAIK,Walk-In,Walk-In
04-06-2025,MR10210002985,IP10210000360,Mrs. L SATYAVATHI  ,Female,74Y,9490342736,Dr. SIDDHARTH REDDY  ALLA,IPRInv1021-20256417,ENDOSCOPY,,3300,0,0,3300,3300,0,UPI - PhonePe,NAGUR VALI  SHAIK,Walk-In,Walk-In
23-06-2025,MR10210002504,IP10210000374,Mrs. SARASWATHI M,Female,59Y,8074438516,Dr. SIDDHARTH REDDY  ALLA,IPRInv1021-202562318,"ANESTHETIA SGA,Co2 CHARGES FOR PROCEDURE,COLONOSCOPY,O2 CHARGES FOR PROCEDURE",,9800,0,0,9800,9800,0,UPI - PhonePe,NAGUR VALI  SHAIK,Walk-In,Walk-In
03-07-2025,MR10210003183,IP10210000378,Mr. B RAMAIAH,Male,64Y,9000395936,Dr. SIDDHARTH REDDY  ALLA,IPRInv1021-20257319,BIOPSY LARGE,,2000,0,0,2000,2000,0,Cash,NAGUR VALI  SHAIK,Walk-In,Walk-In
06-09-2025,MR10210003815,IP10210000438,Mr. K YALAMANDA,Male,42Y,9182230517,Dr. SIDDHARTH REDDY  ALLA,IPRInv1021-20259620,SIGMOIDOSCOPY,,3300,0,0,3300,3300,0,UPI - PhonePe,NAVITHA N,Walk-In,Walk-In
06-09-2025,MR10210003852,IP10210000443,Mr. K VICTOR Paul,Male,50Y,9110568652,Dr. SIDDHARTH REDDY  ALLA,IPRInv1021-20259621,RUT,,500,0,0,500,500,0,Cash,NAVITHA N,Walk-In,Walk-In
09-09-2025,MR10210003887,IP10210000449,Ms. YALAMALASETTI DEVI SWAROOPA,Female,18Y,7095104540,Dr. SIDDHARTH REDDY  ALLA,IPRInv1021-20259922,2D ECHO,,1500,0,0,1500,1500,0,UPI - PhonePe,NAVITHA N,Others - NARENDRA GARU,Others - NARENDRA GARU
12-09-2025,MR10210003907,IP10210000455,Mr. M SADHASREE,Male,20Y,9177032600,Dr. SIDDHARTH REDDY  ALLA,IPRInv1021-202591223,RUT,,500,0,0,500,500,0,Cash,BHANU PRAKESH T,Walk-In,Walk-In
12-09-2025,MR10210003907,IP10210000455,Mr. M SADHASREE,Male,20Y,9177032600,Dr. SIDDHARTH REDDY  ALLA,IPRInv1021-202591224,RUT,,500,0,0,500,500,0,Cash,BHANU PRAKESH T,Walk-In,Walk-In
12-09-2025,MR10210003908,IP10210000453,Mr. N SRINU NAYAK,Male,50YY,8790706838,Dr. HANUMAN PRASAD Y,IPRInv1021-202591225,"COLONOSCOPY,ENDOSCOPY",,9600,0,0,9600,9600,0,UPI - PhonePe,BHANU PRAKESH T,Walk-In,Walk-In
12-09-2025,MR10210003908,IP10210000453,Mr. N SRINU NAYAK,Male,50YY,8790706838,Dr. HANUMAN PRASAD Y,IPRInv1021-202591226,BIOPSY SMALL,,1500,0,0,1500,1500,0,Cash,BHANU PRAKESH T,Walk-In,Walk-In
13-09-2025,MR10210003907,IP10210000455,Mr. M SADHASREE,Male,20Y,9177032600,Dr. SIDDHARTH REDDY  ALLA,IPRInv1021-202591327,ENDOSCOPY,,3300,0,0,3300,0,3300,Cash,BHARGAV CHOWDARY,Walk-In,Walk-In
13-09-2025,MR10210003907,IP10210000455,Mr. M SADHASREE,Male,20Y,9177032600,Dr. SIDDHARTH REDDY  ALLA,IPRInv1021-202591327,ENDOSCOPY,,3300,0,0,3300,3300,0,UPI - PhonePe,BHARGAV CHOWDARY,Walk-In,Walk-In
13-09-2025,MR10210003907,IP10210000455,Mr. M SADHASREE,Male,20Y,9177032600,Dr. SIDDHARTH REDDY  ALLA,IPRInv1021-202591328,ENDOSCOPY,,3300,0,0,3300,3300,0,UPI - PhonePe,NAVITHA N,Walk-In,Walk-In
15-09-2025,MR10210003943,IP10210000459,Ms. VEERA KUMARI G,Female,40Y,9951940585,Dr. SIDDHARTH REDDY  ALLA,IPRInv1021-202591529,ENDOSCOPY,,3300,0,0,3300,3300,0,Cash,NAVITHA N,Walk-In,Walk-In
15-09-2025,MR10210003943,IP10210000459,Ms. VEERA KUMARI G,Female,40Y,9951940585,Dr. SIDDHARTH REDDY  ALLA,IPRInv1021-202591530,RUT,,500,0,0,500,500,0,Cash,NAVITHA N,Walk-In,Walk-In
17-09-2025,MR10210003967,IP10210000462,Mr. A RAMESH BABU,Male,38Y,7013168661,Dr. SIDDHARTH REDDY  ALLA,IPRInv1021-202591731,2D ECHO,,1500,0,0,1500,1500,0,Cash,BHANU PRAKESH T,Marketing,Marketing - GOPI GARU RMP KAKANI
18-09-2025,MR10210003997,IP10210000467,Mrs. KUSUMA V,Female,55Y,7981547762,Dr. SIDDHARTH REDDY  ALLA,IPRInv1021-202591832,2D ECHO,,2000,500,0,1500,1500,0,UPI - PhonePe,Siddhartha Reddy ,Doctor,Doctor - DR JAGADEESH GARU
22-09-2025,MR10210004023,IP10210000475,Mr. Anil J,Male,32Y,9505743733,Dr. SIDDHARTH REDDY  ALLA,IPRInv1021-202592233,ENDOSCOPY,,3300,0,0,3300,3300,0,UPI - PhonePe,BHANU PRAKESH T,Others - Dr Gopi,Others - Dr Gopi
24-09-2025,MR10210004033,IP10210000477,Mr. V SAMBA SIVA RAO ,Male,86Y,8712303267,Dr. HANUMAN PRASAD Y,IPRInv1021-202592434,2D ECHO,,2000,0,0,2000,2000,0,Cash,NAVITHA N,Walk-In,Walk-In
29-09-2025,MR10210004086,IP10210000485,Mrs. SK HABEEB,Female,75Y,8374698783,Dr. SIDDHARTH REDDY  ALLA,IPRInv1021-202592935,2D ECHO,,2000,0,0,2000,2000,0,UPI - PhonePe,NAVITHA N,Walk-In,Walk-In
29-09-2025,MR10210004084,IP10210000483,Mr. G SRIDHAR ,Male,50Y,6302442592,Dr. SIDDHARTH REDDY  ALLA,IPRInv1021-202592936,2D ECHO,,2500,0,0,2500,2500,0,Cash,NAVITHA N,Walk-In,Walk-In
30-09-2025,MR10210004085,IP10210000484,Mr. GOPI REDDY M,Male,32Y,8885243733,Dr. SIDDHARTH REDDY  ALLA,IPRInv1021-202593037,2D ECHO,,2500,0,0,2500,2500,0,UPI - PhonePe,NAVITHA N,Doctor,Doctor - SUNIL GARU
08-10-2025,MR10210004164,IP10210000501,Mr. T VEERANJINEYULU,Male,49Y,6281743726,Dr. SIDDHARTH REDDY  ALLA,IPRInv1021-202510838,2D ECHO,,2500,0,0,2500,2500,0,UPI - PhonePe,MANIKANTA KANCHARLA,Doctor,Doctor - VISHWANADH GARU
23-10-2025,MR10210004305,IP10210000527,Mrs. T NAGENDRAMMA,Female,78Y,9515686582,Dr. SIDDHARTH REDDY  ALLA,IPRInv1021-2025102339,2D ECHO,,2500,0,0,2500,2500,0,Cash,K PRATHIMA,Walk-In,Walk-In
27-10-2025,MR10210004290,IP10210000522,Mr. M SUKUNDHAR RAO,Male,56Y,9949121967,Dr. SIDDHARTH REDDY  ALLA,IPRInv1021-2025102740,2D ECHO,,2500,0,0,2500,2500,0,Cash,RUPA N,Walk-In,Walk-In
05-11-2025,MR10210004423,IP10210000544,Mr. U BHANU PRASAD,Male,58Y,9989870977,Dr. SIDDHARTH REDDY  ALLA,IPRInv1021-202511541,"2D ECHO,X-RAYCHEST AP VIEW",,2750,0,0,2750,2750,0,UPI - PhonePe,K PRATHIMA,Walk-In,Walk-In
06-11-2025,MR10210004290,IP10210000546,Mr. M SUKUNDHAR RAO,Male,56Y,9949121967,Dr. SIDDHARTH REDDY  ALLA,IPRInv1021-202511642,2D ECHO,,2500,0,0,2500,2500,0,Cash,K PRATHIMA,Walk-In,Walk-In
07-11-2025,MR10210004450,IP10210000549,Mrs. J APARNA,Female,42YY,9010052894,Dr. HANUMAN PRASAD Y,IPRInv1021-202511743,X-RAY CHEST PA VIEW  (BED SIDE),,1000,0,0,1000,1000,0,UPI - PhonePe,BHARGAV CHOWDARY,Walk-In,Walk-In
08-11-2025,MR10210004450,IP10210000549,Mrs. J APARNA,Female,42YY,9010052894,Dr. HANUMAN PRASAD Y,IPRInv1021-202511844,X-RAY CHEST PA VIEW  (BED SIDE),,1000,0,0,1000,1000,0,UPI - PhonePe,RUPA N,Walk-In,Walk-In
08-11-2025,MR10210004470,IP10210000559,Mrs. PV SUNEETHA,Female,38Y,9885324447,Dr. SIDDHARTH REDDY  ALLA,IPRInv1021-202511845,"ANESTHETIA UNDER GA,ERCP",,45000,0,0,45000,45000,0,UPI - PhonePe,RUPA N,Walk-In,Walk-In
09-11-2025,MR10210004450,IP10210000549,Mrs. J APARNA,Female,42YY,9010052894,Dr. HANUMAN PRASAD Y,IPRInv1021-2025111046,X-RAY CHEST PA VIEW  (BED SIDE),,1000,0,0,1000,1000,0,UPI - PhonePe,RUPA N,Walk-In,Walk-In
10-11-2025,MR10210004450,IP10210000549,Mrs. J APARNA,Female,42YY,9010052894,Dr. HANUMAN PRASAD Y,IPRInv1021-2025111047,X-RAY CHEST PA VIEW  (BED SIDE),,1000,0,0,1000,1000,0,UPI - PhonePe,RUPA N,Walk-In,Walk-In
11-11-2025,MR10210004450,IP10210000549,Mrs. J APARNA,Female,42YY,9010052894,Dr. HANUMAN PRASAD Y,IPRInv1021-2025111148,X-RAY CHEST PA VIEW  (BED SIDE),,1000,0,0,1000,1000,0,UPI - PhonePe,RUPA N,Walk-In,Walk-In
11-11-2025,MR10210004498,IP10210000565,Mr. K SIVA RAMAIAH,Male,42Y,7799560010,Dr. SIDDHARTH REDDY  ALLA,IPRInv1021-2025111149,2D ECHO,,2500,0,0,2500,2500,0,Cash,BHARGAV CHOWDARY,Walk-In,Walk-In
12-11-2025,MR10210004352,IP10210000560,Mr. E ANJINEYULU,Male,73Y,8125677707,Dr. SIDDHARTH REDDY  ALLA,IPRInv1021-2025111250,X-RAY ERECT ABDOMEN,,1500,0,0,1500,1500,0,UPI - PhonePe,RUPA N,Walk-In,Walk-In
14-11-2025,MR10210004511,IP10210000567,Mr. K SRINIVASA RAO,Male,42Y,9052849990,Dr. HANUMAN PRASAD Y,IPRInv1021-2025111451,COLONOSCOPY,,6300,0,0,6300,6300,0,UPI - PhonePe,RUPA N,Walk-In,Walk-In
14-11-2025,MR10210004497,IP10210000566,Mr. N SEETHAIAH,Male,35Y,9063713141,Dr. SIDDHARTH REDDY  ALLA,IPRInv1021-2025111452,ENDOSCOPY,,3300,0,0,3300,3300,0,UPI - PhonePe,RUPA N,Walk-In,Walk-In
17-11-2025,MR10210004536,IP10210000570,Mr. R BUJJI NAIK,Male,40Y,9963851640,Dr. HANUMAN PRASAD Y,IPRInv1021-2025111753,X-RAY CHEST PA VIEW  (BED SIDE),,1000,0,0,1000,1000,0,Cash,RUPA N,Walk-In,Walk-In
22-11-2025,MR10210004590,IP10210000579,Mr. A APPIREDDY,Male,70Y,9866940051,Dr. SIDDHARTH REDDY  ALLA,IPRInv1021-2025112254,2D ECHO,,2500,0,0,2500,2500,0,Cash,RUPA N,Walk-In,Walk-In
23-11-2025,MR10210004589,IP10210000578,Mr. GOVINDU VANAIAH,Male,59Y,9963651909,Dr. SIDDHARTH REDDY  ALLA,IPRInv1021-2025112355,ENDOSCOPY,,3300,0,0,3300,0,3300,Insurance,K PRATHIMA,Walk-In,Walk-In
24-11-2025,MR10210004589,IP10210000578,Mr. GOVINDU VANAIAH,Male,59Y,9963651909,Dr. SIDDHARTH REDDY  ALLA,IPRInv1021-2025112456,CECT ABDOMEN,,15000,0,0,15000,0,15000,Insurance,BHARGAV CHOWDARY,Walk-In,Walk-In
24-11-2025,MR10210004589,IP10210000578,Mr. GOVINDU VANAIAH,Male,59Y,9963651909,Dr. SIDDHARTH REDDY  ALLA,IPRInv1021-2025112457,BEDSIDE ENDOSCOPY,,5000,0,0,5000,0,5000,Insurance,BHARGAV CHOWDARY,Walk-In,Walk-In
25-11-2025,MR10210004611,IP10210000583,Mr. K ARUMUGAM,Male,45Y,9848711352,Dr. SIDDHARTH REDDY  ALLA,IPRInv1021-2025112558,"2D ECHO,X-RAY CHEST PA VIEW  (BED SIDE)",,3500,0,0,3500,3500,0,UPI - PhonePe,RUPA N,Walk-In,Walk-In
25-11-2025,MR10210004611,IP10210000583,Mr. K ARUMUGAM,Male,45Y,9848711352,Dr. SIDDHARTH REDDY  ALLA,IPRInv1021-2025112559,X-RAY (BED SIDE),,1000,0,0,1000,1000,0,UPI - PhonePe,BHARGAV CHOWDARY,Walk-In,Walk-In
25-11-2025,MR10210004622,IP10210000587,Mrs. A SESHA RATNAM,Female,60Y,8333830861,Dr. SIDDHARTH REDDY  ALLA,IPRInv1021-2025112560,X-RAY (BED SIDE),,1000,0,0,1000,0,1000,Package,K PRATHIMA,Walk-In,Walk-In
29-11-2025,MR10210004640,IP10210000594,Mrs. P BABY,Female,45Y,6301757995,Dr. SIDDHARTH REDDY  ALLA,IPRInv1021-2025112961,RUT,,500,0,0,500,0,500,Insurance,K PRATHIMA,Walk-In,Walk-In
29-11-2025,MR10210004626,IP10210000589,Mr. T BALA KRISHNA,Male,40Y,8977555349,Dr. SIDDHARTH REDDY  ALLA,IPRInv1021-2025112962,2D ECHO,,2500,0,0,2500,2500,0,Cash,BHARGAV CHOWDARY,Walk-In,Walk-In
29-11-2025,MR10210004640,IP10210000594,Mrs. P BABY,Female,45Y,6301757995,Dr. SIDDHARTH REDDY  ALLA,IPRInv1021-202512166,"COLONOSCOPY   (BED SIDE),ENDPOSCOPY  ( BED SIDE)",,20000,0,0,20000,0,20000,Insurance,BHARGAV CHOWDARY,Walk-In,Walk-In
30-11-2025,MR10210004626,IP10210000589,Mr. T BALA KRISHNA,Male,40Y,8977555349,Dr. SIDDHARTH REDDY  ALLA,IPRInv1021-2025113063,X-RAY CHEST PA VIEW  (BED SIDE),,1000,0,0,1000,0,1000,Cash,RUPA N,Walk-In,Walk-In
14-01-2026,MR10210004626,IP10210000589,Mr. T BALA KRISHNA,Male,40Y,8977555349,Dr. SIDDHARTH REDDY  ALLA,IPRInv1021-2025113063,X-RAY CHEST PA VIEW  (BED SIDE),,1000,0,1000,0,0,0,Cash,RUPA N,Walk-In,Walk-In
01-12-2025,MR10210004610,IP10210000595,Mr. M PRAKASH RAO,Male,55Y,7893115584,Dr. SIDDHARTH REDDY  ALLA,IPRInv1021-202512164,"ANESTHETIA SGA,COLONOSCOPY",,10000,0,0,10000,10000,0,Cash,RUPA N,Walk-In,Walk-In
01-12-2025,MR10210004660,IP10210000597,Mr. GUMPENA SRINIVAS RAO,Male,51Y,8801871321,Dr. SIDDHARTH REDDY  ALLA,IPRInv1021-202512165,2D ECHO,,2500,0,0,2500,0,2500,Insurance,BHARGAV CHOWDARY,Walk-In,Walk-In
03-12-2025,MR10210004661,IP10210000598,Mrs. P NAGESWARI,Female,49Y,8121712190,Dr. SIDDHARTH REDDY  ALLA,IPRInv1021-202512367,X-RAY CHEST PA VIEW  (BED SIDE),,1000,0,0,1000,1000,0,UPI - PhonePe,RUPA N,Walk-In,Walk-In
03-12-2025,MR10210003370,IP10210000596,Mr. Y PRASAD REDDY ,Male,30Y,8639122502,Dr. SIDDHARTH REDDY  ALLA,IPRInv1021-202512368,2D ECHO,,2500,0,0,2500,2500,0,Cash,K PRATHIMA,Walk-In,Walk-In
04-12-2025,MR10210004660,IP10210000597,Mr. GUMPENA SRINIVAS RAO,Male,51Y,8801871321,Dr. SIDDHARTH REDDY  ALLA,IPRInv1021-202512469,COLONOSCOPY   (BED SIDE),,15000,0,0,15000,0,15000,Insurance,BHARGAV CHOWDARY,Walk-In,Walk-In
04-12-2025,MR10210004688,IP10210000602,Mr. RAMANADHAM PURNA CHANDRA RAO,Male,64Y,8142837608,Dr. SIDDHARTH REDDY  ALLA,IPRInv1021-202512470,2D ECHO,,2500,0,0,2500,0,2500,Insurance,RUPA N,Walk-In,Walk-In
05-12-2025,MR10210004480,IP10210000600,Mr. K CHINNA SUBBAIAH,Male,64Y,7989030768,Dr. SIDDHARTH REDDY  ALLA,IPRInv1021-202512571,2D ECHO,,2500,0,0,2500,0,2500,Insurance,RUPA N,Walk-In,Walk-In
05-12-2025,MR10210004661,IP10210000598,Mrs. P NAGESWARI,Female,49Y,8121712190,Dr. SIDDHARTH REDDY  ALLA,IPRInv1021-202512572,X-RAY CHEST PA VIEW  (BED SIDE),,1000,0,0,1000,1000,0,UPI - PhonePe,RUPA N,Walk-In,Walk-In
05-12-2025,MR10210004661,IP10210000598,Mrs. P NAGESWARI,Female,49Y,8121712190,Dr. SIDDHARTH REDDY  ALLA,IPRInv1021-202512573,2D ECHO,,2500,0,0,2500,2500,0,UPI - PhonePe,RUPA N,Walk-In,Walk-In
05-12-2025,MR10210004463,IP10210000603,Mr. ADHINARAYANA N,Male,59Y,9553429684,Dr. SIDDHARTH REDDY  ALLA,IPRInv1021-202512574,2D ECHO,,2500,0,0,2500,0,2500,Package,K PRATHIMA,Walk-In,Walk-In
05-12-2025,MR10210004688,IP10210000602,Mr. RAMANADHAM PURNA CHANDRA RAO,Male,64Y,8142837608,Dr. SIDDHARTH REDDY  ALLA,IPRInv1021-202512575,X-RAY CHEST PA VIEW  (BED SIDE),,1000,0,0,1000,0,1000,Insurance,K PRATHIMA,Walk-In,Walk-In
08-12-2025,MR10210004714,IP10210000606,Mrs. P GORI BEE,Female,49Y,9849591889,Dr. SIDDHARTH REDDY  ALLA,IPRInv1021-202512876,2D ECHO,,2500,0,0,2500,2500,0,Cash,RUPA N,Walk-In,Walk-In
08-12-2025,MR10210004708,IP10210000605,Ms. P MAHABOOBI ,Female,40Y,8688787442,Dr. SIDDHARTH REDDY  ALLA,IPRInv1021-202512877,2D ECHO,,2500,0,0,2500,2500,0,UPI - PhonePe,BHARGAV CHOWDARY,Walk-In,Walk-In
09-12-2025,MR10210004725,IP10210000607,Mr. T POUL,Male,48Y,9121182373,Dr. SIDDHARTH REDDY  ALLA,IPRInv1021-202512978,ENDOSCOPY,,3300,0,0,3300,3300,0,UPI - PhonePe,RUPA N,Walk-In,Walk-In
09-12-2025,MR10210004725,IP10210000607,Mr. T POUL,Male,48Y,9121182373,Dr. SIDDHARTH REDDY  ALLA,IPRInv1021-202512979,RUT,,500,0,0,500,500,0,UPI - PhonePe,BHARGAV CHOWDARY,Walk-In,Walk-In
10-12-2025,MR10210004730,IP10210000608,Mrs. P LAKSHMAMMA,Female,64Y,6300186261,Dr. SIDDHARTH REDDY  ALLA,IPRInv1021-2025121080,"2D ECHO,X-RAY CHEST PA VIEW  (BED SIDE)",,3500,0,0,3500,0,3500,Cash,RUPA N,Walk-In,Walk-In
10-12-2025,MR10210004730,IP10210000608,Mrs. P LAKSHMAMMA,Female,64Y,6300186261,Dr. SIDDHARTH REDDY  ALLA,IPRInv1021-2025121080,"2D ECHO,X-RAY CHEST PA VIEW  (BED SIDE)",,3500,0,0,3500,2500,1000,Cash,RUPA N,Walk-In,Walk-In
11-12-2025,MR10210004739,IP10210000610,Mr. G PRAKASH REDDY,Male,70Y,9866190360,Dr. SIDDHARTH REDDY  ALLA,IPRInv1021-2025121181,2D ECHO,,2500,0,0,2500,2500,0,Cash,RUPA N,Walk-In,Walk-In
18-12-2025,MR10210004805,IP10210000619,Mr. D JAIPAL,Male,65Y,8328337795,Dr. SIDDHARTH REDDY  ALLA,IPRInv1021-2025121882,X-RAY CHEST PA VIEW  (BED SIDE),,1000,0,0,1000,1000,0,Cash,RUPA N,Walk-In,Walk-In
18-12-2025,MR10210004808,IP10210000620,Mrs. D SATYA,Female,36YY,7095849862,Dr. SIDDHARTH REDDY  ALLA,IPRInv1021-2025121883,2D ECHO,,2500,0,0,2500,2500,0,UPI - PhonePe,RUPA N,Walk-In,Walk-In
24-12-2025,MR10210004846,IP10210000628,Mr. SANIKOMMU THIRUPATHI REDDY,Male,65Y,9849979017,Dr. HANUMAN PRASAD Y,IPRInv1021-2025122484,"ANESTHETIA SGA,COLONOSCOPY,ENDOSCOPY",,13100,0,0,13100,0,13100,Insurance,RUPA N,Walk-In,Walk-In
24-12-2025,MR10210004846,IP10210000628,Mr. SANIKOMMU THIRUPATHI REDDY,Male,65Y,9849979017,Dr. HANUMAN PRASAD Y,IPRInv1021-2025122585,"ANESTHETIA UNDER GA,COLONOSCOPY   (BED SIDE),ENDPOSCOPY  ( BED SIDE)",,25000,0,0,25000,0,25000,Insurance,BHARGAV CHOWDARY,Walk-In,Walk-In
29-12-2025,MR10210004888,IP10210000632,Mr. A LAKSHMAN KUMAR,Male,36Y,9441627319,Dr. HANUMAN PRASAD Y,IPRInv1021-2025122986,2D ECHO,,2500,0,0,2500,2500,0,Cash,K PRATHIMA,Walk-In,Walk-In
31-12-2025,MR10210004908,IP10210000638,Mrs. P VIJAYA,Female,54Y,9052322616,Dr. HANUMAN PRASAD Y,IPRInv1021-2025123187,"BIOPSY SMALL,ENDOSCOPY",,4800,0,0,4800,4800,0,Cash,RUPA N,Walk-In,Walk-In
01-01-2026,MR10210004924,IP10210000641,Mr. CH TIRUPATHAIAH,Male,63Y,9705775321,Dr. SIDDHARTH REDDY  ALLA,IPRInv1021-20261188,"ANESTHETIA SGA,COLONOSCOPY",,9800,1000,0,8800,8800,0,UPI - PhonePe,RUPA N,Walk-In,Walk-In
01-01-2026,MR10210004898,IP10210000634,Mrs. ATLURI ANJAMMA,Female,83Y,7032909396,Dr. SIDDHARTH REDDY  ALLA,IPRInv1021-20261189,"BIOPSY SMALL,ENDOSCOPY",,4800,0,0,4800,0,4800,Cash,BHARGAV CHOWDARY,Walk-In,Walk-In
01-01-2026,MR10210004898,IP10210000634,Mrs. ATLURI ANJAMMA,Female,83Y,7032909396,Dr. SIDDHARTH REDDY  ALLA,IPRInv1021-20261189,"BIOPSY SMALL,ENDOSCOPY",,4800,0,0,4800,4800,0,UPI - PhonePe,BHARGAV CHOWDARY,Walk-In,Walk-In
01-01-2026,MR10210004774,IP10210000630,Mr. V DEVENDRA RAO,Male,65Y,8919860940,Dr. SIDDHARTH REDDY  ALLA,IPRInv1021-20261190,X-RAY CHEST PA VIEW  (BED SIDE),,1000,0,0,1000,0,1000,Insurance,RUPA N,Walk-In,Walk-In
02-01-2026,MR10210004774,IP10210000630,Mr. V DEVENDRA RAO,Male,65Y,8919860940,Dr. SIDDHARTH REDDY  ALLA,IPRInv1021-20261190,X-RAY CHEST PA VIEW  (BED SIDE),,1000,0,0,1000,0,1000,Insurance - PhonePe,RUPA N,Walk-In,Walk-In
03-01-2026,MR10210004924,IP10210000641,Mr. CH TIRUPATHAIAH,Male,63Y,9705775321,Dr. SIDDHARTH REDDY  ALLA,IPRInv1021-20261391,"ANESTHETIA SGA,BIOPSY LARGE,COLONOSCOPY",,12800,0,0,12800,0,12800,Cash,BHARGAV CHOWDARY,Walk-In,Walk-In
03-01-2026,MR10210004924,IP10210000641,Mr. CH TIRUPATHAIAH,Male,63Y,9705775321,Dr. SIDDHARTH REDDY  ALLA,IPRInv1021-20261391,"ANESTHETIA SGA,BIOPSY LARGE,COLONOSCOPY",,12800,0,0,12800,12800,0,UPI - PhonePe,BHARGAV CHOWDARY,Walk-In,Walk-In
05-01-2026,MR10210004372,IP10210000643,Mr. A VENKATA CHALAM,Male,62Y,8500827469,Dr. SIDDHARTH REDDY  ALLA,IPRInv1021-20261592,2D ECHO,,2500,0,0,2500,0,2500,Insurance,RUPA N,Walk-In,Walk-In
06-01-2026,MR10210004372,IP10210000643,Mr. A VENKATA CHALAM,Male,62Y,8500827469,Dr. SIDDHARTH REDDY  ALLA,IPRInv1021-20261693,BIOPSY LARGE,,3000,0,0,3000,0,3000,Insurance,K PRATHIMA,Walk-In,Walk-In
16-01-2026,MR10210005051,IP10210000656,Mr. Y NAGUR REDDY,Male,67Y,9963395227,Dr. SIDDHARTH REDDY  ALLA,IPRInv1021-202611694,"2D ECHO,X-RAY CHEST PA VIEW  (BED SIDE)",,3500,0,0,3500,0,3500,Insurance,K PRATHIMA,Walk-In,Walk-In
20-01-2026,MR10210005089,IP10210000662,Mr. T VENKATESWARLU,Male,37Y,8125634583,Dr. SIDDHARTH REDDY  ALLA,IPRInv1021-202612197,"ANESTHETIA SGA,BEDSIDE ENDOSCOPY,BIOPSY LARGE,COLONOSCOPY,POLYPECTOMY",,37800,0,0,37800,0,37800,Insurance,BHARGAV CHOWDARY,Walk-In,Walk-In
20-01-2026,MR10210005051,IP10210000661,Mr. Y NAGUR REDDY,Male,67Y,9963395227,Dr. SIDDHARTH REDDY  ALLA,IPRInv1021-202612095,X-RAY CHEST PA VIEW  (BED SIDE),,1000,0,0,1000,0,1000,Insurance,PRAVEEN KUMAR,Walk-In,Walk-In
20-01-2026,MR10210005051,IP10210000661,Mr. Y NAGUR REDDY,Male,67Y,9963395227,Dr. SIDDHARTH REDDY  ALLA,IPRInv1021-202612096,2D ECHO,,2500,0,0,2500,0,2500,Insurance,RUPA N,Walk-In,Walk-In
21-01-2026,MR10210005092,IP10210000664,Ms. CHANDRA LAVANYA YENUGULA,Female,33Y,9964035137,Dr. HANUMAN PRASAD Y,IPRInv1021-202612198,"2D ECHO,ECG ",,2600,0,0,2600,2600,0,UPI - PhonePe,PRAVEEN KUMAR,Walk-In,Walk-In
22-01-2026,MR10210005112,IP10210000666,Mr. K NAGESWARA RAO,Male,61Y,9908311002,Dr. HANUMAN PRASAD Y,IPRInv1021-202612299,2D ECHO,,2500,0,0,2500,2500,0,Cash,RUPA N,Walk-In,Walk-In
22-01-2026,MR10210005110,IP10210000665,Mrs. A SEETA MAHALAKSHMI,Female,75Y,7989120379,Dr. HANUMAN PRASAD Y,IPRInv1021-2026122100,2D ECHO,,2500,0,0,2500,2500,0,UPI - PhonePe,RUPA N,Walk-In,Walk-In
22-01-2026,MR10210005092,IP10210000664,Ms. CHANDRA LAVANYA YENUGULA,Female,33Y,9964035137,Dr. HANUMAN PRASAD Y,IPRInv1021-2026122101,2D ECHO,,2500,0,0,2500,2500,0,Cash,RUPA N,Walk-In,Walk-In
26-01-2026,MR10210005092,IP10210000664,Ms. CHANDRA LAVANYA YENUGULA,Female,33Y,9964035137,Dr. HANUMAN PRASAD Y,IPRInv1021-2026126102,X-RAY CHEST PA VIEW  (BED SIDE),,1000,0,0,1000,1000,0,Cash,RUPA N,Walk-In,Walk-In
28-01-2026,MR10210005092,IP10210000664,Ms. CHANDRA LAVANYA YENUGULA,Female,33Y,9964035137,Dr. HANUMAN PRASAD Y,IPRInv1021-2026128103,2D ECHO,,2500,0,0,2500,2500,0,Cash,RUPA N,Walk-In,Walk-In
28-01-2026,MR10210005171,IP10210000673,Mr. K NAGESWARA RAO,Male,67Y,9849522019,Dr. SIDDHARTH REDDY  ALLA,IPRInv1021-2026128104,2D ECHO,,2500,0,0,2500,2500,0,UPI - PhonePe,RUPA N,Walk-In,Walk-In
28-01-2026,MR10210005113,IP10210000674,Mrs. V RAMA KOTAMMA,Female,65Y,6305821512,Dr. SIDDHARTH REDDY  ALLA,IPRInv1021-2026128105,ECG ,,200,0,0,200,200,0,UPI - PhonePe,RUPA N,Walk-In,Walk-In
29-01-2026,MR10210005192,IP10210000675,Mrs. BHAGYA LAKSHMI Y,Female,42Y,9392103552,Dr. SIDDHARTH REDDY  ALLA,IPRInv1021-2026129106,X-RAY CHEST PA VIEW  (BED SIDE),,1000,0,0,1000,0,1000,Insurance,BHARGAV CHOWDARY,Walk-In,Walk-In
30-01-2026,MR10210000087,IP10210000677,Mr. T SRINIVASA REDDY,Male,54Y,9666945348,Dr. SIDDHARTH REDDY  ALLA,IPRInv1021-2026130107,ECG ,,200,0,0,200,200,0,Cash,RUPA N,Walk-In,Walk-In
30-01-2026,MR10210005205,IP10210000678,Mr. M NAGESWARA RAO,Male,73Y,9553564086,Dr. SIDDHARTH REDDY  ALLA,IPRInv1021-2026130108,"2D ECHO,ECG ",,2700,0,0,2700,2700,0,Cash,RUPA N,Walk-In,Walk-In
31-01-2026,MR10210000087,IP10210000677,Mr. T SRINIVASA REDDY,Male,54Y,9666945348,Dr. SIDDHARTH REDDY  ALLA,IPRInv1021-2026131109,"X-RAY CHEST PA VIEW  (BED SIDE),X-RAY ERECT ABDOMEN",,2500,0,0,2500,2500,0,Cash,RUPA N,Walk-In,Walk-In
31-01-2026,MR10210005205,IP10210000678,Mr. M NAGESWARA RAO,Male,73Y,9553564086,Dr. SIDDHARTH REDDY  ALLA,IPRInv1021-2026131110,"ANESTHETIA SGA,COLONOSCOPY",,9800,0,0,9800,0,9800,Cash,BHARGAV CHOWDARY,Walk-In,Walk-In
31-01-2026,MR10210005205,IP10210000678,Mr. M NAGESWARA RAO,Male,73Y,9553564086,Dr. SIDDHARTH REDDY  ALLA,IPRInv1021-2026131110,"ANESTHETIA SGA,COLONOSCOPY",,9800,0,0,9800,9800,0,Cash,BHARGAV CHOWDARY,Walk-In,Walk-In
31-01-2026,MR10210005205,IP10210000678,Mr. M NAGESWARA RAO,Male,73Y,9553564086,Dr. SIDDHARTH REDDY  ALLA,IPRInv1021-2026131111,BIOPSY LARGE,,3000,0,0,3000,0,3000,Cash,BHARGAV CHOWDARY,Walk-In,Walk-In
31-01-2026,MR10210005205,IP10210000678,Mr. M NAGESWARA RAO,Male,73Y,9553564086,Dr. SIDDHARTH REDDY  ALLA,IPRInv1021-2026131111,BIOPSY LARGE,,3000,0,0,3000,3000,0,Cash,BHARGAV CHOWDARY,Walk-In,Walk-In
02-02-2026,MR10210005192,IP10210000675,Mrs. BHAGYA LAKSHMI Y,Female,42Y,9392103552,Dr. SIDDHARTH REDDY  ALLA,IPRInv1021-202622112,X-RAY CHEST PA VIEW  (BED SIDE),,1000,0,0,1000,0,1000,Insurance,RUPA N,Walk-In,Walk-In
02-02-2026,MR10210005192,IP10210000675,Mrs. BHAGYA LAKSHMI Y,Female,42Y,9392103552,Dr. SIDDHARTH REDDY  ALLA,IPRInv1021-202622113,X-RAY CHEST PA VIEW  (BED SIDE),,1000,0,0,1000,0,1000,Insurance,BHARGAV CHOWDARY,Walk-In,Walk-In
05-02-2026,MR10210005250,IP10210000684,Mr. M SATYANARAYANA,Male,68Y,9291651127,Dr. SIDDHARTH REDDY  ALLA,IPRInv1021-202625114,"2D ECHO,ECG ",,2700,0,0,2700,2700,0,Cash,RUPA N,Walk-In,Walk-In
06-02-2026,MR10210005278,IP10210000686,Mrs. B BABY SAROJINI,Female,73Y,9493301636,Dr. SIDDHARTH REDDY  ALLA,IPRInv1021-202626115,ECG ,,200,0,0,200,200,0,Cash,K PRATHIMA,Walk-In,Walk-In
06-02-2026,MR10210005289,IP10210000688,Mrs. V JEEVAMMA,Female,56Y,9966339946,Dr. SIDDHARTH REDDY  ALLA,IPRInv1021-202626116,X-RAY CHEST PA VIEW  (BED SIDE),,1000,0,0,1000,0,1000,Insurance,K PRATHIMA,Walk-In,Walk-In
07-02-2026,MR10210005289,IP10210000688,Mrs. V JEEVAMMA,Female,56Y,9966339946,Dr. SIDDHARTH REDDY  ALLA,IPRInv1021-202627117,ECG ,,200,0,0,200,0,200,Insurance,K PRATHIMA,Walk-In,Walk-In
10-02-2026,MR10210005331,IP10210000690,Mrs. R SUBBULU,Female,65YY,9948348941,Dr. SIDDHARTH REDDY  ALLA,IPRInv1021-2026210118,ENDOSCOPY,,3300,0,0,3300,3300,0,UPI - PhonePe,K PRATHIMA,Walk-In,Walk-In
10-02-2026,MR10210005331,IP10210000690,Mrs. R SUBBULU,Female,65YY,9948348941,Dr. SIDDHARTH REDDY  ALLA,IPRInv1021-2026210119,"BIOPSY SMALL,RUT",,2000,0,0,2000,1000,1000,Cash,K PRATHIMA,Walk-In,Walk-In
10-02-2026,MR10210005331,IP10210000690,Mrs. R SUBBULU,Female,65YY,9948348941,Dr. SIDDHARTH REDDY  ALLA,IPRInv1021-2026210119,"BIOPSY SMALL,RUT",,2000,0,0,1000,1000,0,UPI - PhonePe,K PRATHIMA,Walk-In,Walk-In
12-02-2026,MR10210005337,IP10210000692,Mrs. P MALLESWARI,Female,65Y,9640644147,Dr. SIDDHARTH REDDY  ALLA,IPRInv1021-2026212120,ECG ,,200,0,0,200,200,0,Cash,K PRATHIMA,Walk-In,Walk-In
14-02-2026,MR10210004603,IP10210000696,Mrs. R GALEMMA,Female,62Y,7702368382,Dr. SIDDHARTH REDDY  ALLA,IPRInv1021-2026214121,X-RAY CHEST PA VIEW  (BED SIDE),,1000,0,0,1000,1000,0,Cash,K PRATHIMA,Walk-In,Walk-In
16-02-2026,MR10210005374,IP10210000697,Mr. K VENKATA NARASAIAH,Male,45Y,8886275266,Dr. SIDDHARTH REDDY  ALLA,IPRInv1021-2026216122,ENDOSCOPY,,3300,0,0,3300,0,3300,Cash,BHARGAV CHOWDARY,Walk-In,Walk-In
16-02-2026,MR10210005374,IP10210000697,Mr. K VENKATA NARASAIAH,Male,45Y,8886275266,Dr. SIDDHARTH REDDY  ALLA,IPRInv1021-2026216122,ENDOSCOPY,,3300,0,0,3300,3300,0,Cash,BHARGAV CHOWDARY,Walk-In,Walk-In
23-02-2026,MR10210005287,IP10210000708,Mrs. D MANIKYAM,Female,55Y,9505273121,Dr. SIDDHARTH REDDY  ALLA,IPRInv1021-2026223123,2D ECHO,,2500,0,0,2500,2500,0,Cash,RUPA N,Walk-In,Walk-In
23-02-2026,MR10210005456,IP10210000710,Mr. P SAMBI REDDY,Male,55Y,9440797177,Dr. SIDDHARTH REDDY  ALLA,IPRInv1021-2026223124,X-RAY CHEST PA VIEW  (BED SIDE),,1000,0,0,1000,1000,0,UPI - PhonePe,RUPA N,Walk-In,Walk-In
23-02-2026,MR10210005287,IP10210000708,Mrs. D MANIKYAM,Female,55Y,9505273121,Dr. SIDDHARTH REDDY  ALLA,IPRInv1021-2026223125,2D ECHO,,2500,0,0,2500,2500,0,UPI - PhonePe,PRAVEEN KUMAR,Walk-In,Walk-In
25-02-2026,MR10210005442,IP10210000707,Mr. A RANGA RAO,Male,74Y,7396926362,Dr. SIDDHARTH REDDY  ALLA,IPRInv1021-2026225126,2D ECHO,,2500,0,0,2500,2500,0,UPI - PhonePe,K PRATHIMA,Walk-In,Walk-In
25-02-2026,MR10210004555,IP10210000712,Mr. A SAMBI REDDY,Male,66Y,9491664118,Dr. SIDDHARTH REDDY  ALLA,IPRInv1021-2026225127,2D ECHO,,2500,0,0,2500,2500,0,Cash,K PRATHIMA,Walk-In,Walk-In
26-02-2026,MR10210004555,IP10210000712,Mr. A SAMBI REDDY,Male,66Y,9491664118,Dr. SIDDHARTH REDDY  ALLA,IPRInv1021-2026226128,BIOPSY LARGE,,3000,0,0,3000,3000,0,Cash,K PRATHIMA,Walk-In,Walk-In
26-02-2026,MR10210005287,IP10210000708,Mrs. D MANIKYAM,Female,55Y,9505273121,Dr. SIDDHARTH REDDY  ALLA,IPRInv1021-2026226129,BIOPSY LARGE,,3000,0,0,3000,3000,0,UPI - PhonePe,K PRATHIMA,Walk-In,Walk-In
28-02-2026,MR10210005499,IP10210000715,Mrs. P SATYAVATHI,Female,76Y,9395313355,Dr. SIDDHARTH REDDY  ALLA,IPRInv1021-2026228130,X-RAY CHEST PA VIEW  (BED SIDE),,1000,0,0,1000,0,1000,Insurance,K PRATHIMA,Walk-In,Walk-In
28-02-2026,MR10210005522,IP10210000716,Mr. G RAJA BABU,Male,49YY,9885776326,Dr. SIDDHARTH REDDY  ALLA,IPRInv1021-2026228131,X-RAY CHEST PA VIEW  (BED SIDE),,1000,0,0,1000,1000,0,UPI - PhonePe,RUPA N,Walk-In,Walk-In
02-03-2026,MR10210005522,IP10210000716,Mr. G RAJA BABU,Male,49YY,9885776326,Dr. SIDDHARTH REDDY  ALLA,IPRInv1021-202632132,X-RAY CHEST PA VIEW  (BED SIDE),,1000,0,0,1000,1000,0,UPI - PhonePe,K PRATHIMA,Walk-In,Walk-In
09-03-2026,MR10210005540,IP10210000720,Mrs. B ADI LAKSHMI,Female,50Y,9000925371,Dr. SIDDHARTH REDDY  ALLA,IPRInv1021-202639133,BIOPSY SMALL,,1500,0,0,1500,1500,0,UPI - PhonePe,K PRATHIMA,Walk-In,Walk-In
09-03-2026,MR10210005590,IP10210000731,Mrs. B CHALLAMMA,Female,82Y,7989730738,Dr. SIDDHARTH REDDY  ALLA,IPRInv1021-202639134,"2D ECHO,ECG ",,2700,0,0,2700,2700,0,Cash,K PRATHIMA,Walk-In,Walk-In
19-03-2026,MR10210005662,IP10210000741,Mr. A N V VENU GOPALA SWAMI,Male,62Y,9849228384,Dr. SIDDHARTH REDDY  ALLA,IPRInv1021-2026319135,"BEDSIDE ENDOSCOPY,COLONOSCOPY   (BED SIDE)",,20000,0,0,20000,0,20000,Insurance,BHARGAV CHOWDARY,Walk-In,Walk-In
20-03-2026,MR10210005598,IP10210000748,Mrs. R SWATHI,Female,35Y,9394038120,Dr. SIDDHARTH REDDY  ALLA,IPRInv1021-2026320136,2D ECHO,,2500,0,0,2500,2500,0,Cash,K PRATHIMA,Walk-In,Walk-In
23-03-2026,MR10210005685,IP10210000749,Mr. P RAMARAO,Male,48Y,9553607890,Dr. SIDDHARTH REDDY  ALLA,IPRInv1021-2026323137,ENDOSCOPY,,3300,0,0,3300,3300,0,Cash,K PRATHIMA,Walk-In,Walk-In
23-03-2026,MR10210001688,IP10210000750,Mr. T TRILOK CHAND ,Male,48Y,9000934120,Dr. SIDDHARTH REDDY  ALLA,IPRInv1021-2026323138,COLONOSCOPY,,6300,0,0,6300,0,6300,Insurance,K PRATHIMA,Walk-In,Walk-In
03-04-2026,MR10210005787,IP10210000758,Mrs. G PADMA,Female,53YY,9966971301,Dr. SIDDHARTH REDDY  ALLA,IPRInv1021-202643139,ENDOSCOPY,,3300,0,0,3300,3300,0,UPI - PhonePe,K PRATHIMA,Walk-In,Walk-In
08-04-2026,MR10210005742,IP10210000762,Ms. AHALYA T,Female,15Y,8977555349,Dr. SIDDHARTH REDDY  ALLA,IPRInv1021-202648140,"ANESTHETIA SGA,COLONOSCOPY",,9800,0,0,9800,0,9800,Cash,K PRATHIMA,Walk-In,Walk-In
05-05-2026,MR10210005742,IP10210000762,Ms. AHALYA T,Female,15Y,8977555349,Dr. SIDDHARTH REDDY  ALLA,IPRInv1021-202648140,"ANESTHETIA SGA,COLONOSCOPY",,9800,0,9800,0,0,0,Cash,K PRATHIMA,Walk-In,Walk-In
11-04-2026,MR10210005872,IP10210000766,Mrs. B SIVA PARVATHI,Female,38Y,9848205329,Dr. SIDDHARTH REDDY  ALLA,IPRInv1021-2026411141,ENDOSCOPY,,3300,0,0,3300,3300,0,Cash,K PRATHIMA,Walk-In,Walk-In
11-04-2026,MR10210005872,IP10210000766,Mrs. B SIVA PARVATHI,Female,38Y,9848205329,Dr. SIDDHARTH REDDY  ALLA,IPRInv1021-2026411142,RUT,,500,0,0,500,500,0,Cash,K PRATHIMA,Walk-In,Walk-In
12-04-2026,MR10210005758,IP10210000767,Mr. K VENKATA GOPI CHAND,Male,30Y,9966924296,Dr. SIDDHARTH REDDY  ALLA,IPRInv1021-2026412143,"2D ECHO,X-RAY CHEST PA VIEW  (BED SIDE)",,3500,0,0,3500,0,3500,Insurance,K PRATHIMA,Walk-In,Walk-In
12-04-2026,MR10210005870,IP10210000765,Mr. M YEDUKONDALU,Male,66Y,6304583909,Dr. SIDDHARTH REDDY  ALLA,IPRInv1021-2026412144,2D ECHO,,2500,0,0,2500,0,2500,Cash,K PRATHIMA,Walk-In,Walk-In
12-04-2026,MR10210005870,IP10210000765,Mr. M YEDUKONDALU,Male,66Y,6304583909,Dr. SIDDHARTH REDDY  ALLA,IPRInv1021-2026412144,2D ECHO,,2500,0,0,2500,2500,0,Cash,K PRATHIMA,Walk-In,Walk-In
13-04-2026,MR10210005758,IP10210000767,Mr. K VENKATA GOPI CHAND,Male,30Y,9966924296,Dr. SIDDHARTH REDDY  ALLA,IPRInv1021-2026413145,"ANESTHETIA SGA,COLONOSCOPY   (BED SIDE),POLYPECTOMY (BED SIDE)",,58500,0,0,58500,0,58500,Insurance,BHARGAV CHOWDARY,Walk-In,Walk-In
13-04-2026,MR10210005758,IP10210000767,Mr. K VENKATA GOPI CHAND,Male,30Y,9966924296,Dr. SIDDHARTH REDDY  ALLA,IPRInv1021-2026413146,"ANESTHETIA SGA,COLONOSCOPY   (BED SIDE),POLYPECTOMY (BED SIDE)",,43500,0,0,43500,0,43500,Insurance,BHARGAV CHOWDARY,Walk-In,Walk-In
14-04-2026,MR10210005884,IP10210000768,Mr. S SATHYANARAYANA,Male,66YY,9703825405,Dr. SIDDHARTH REDDY  ALLA,IPRInv1021-2026414147,"2D ECHO,USG ABDOMEN (BED SIDE),X-RAY CHEST PA VIEW  (BED SIDE)",,5500,0,0,5500,0,5500,Cash,BHARGAV CHOWDARY,Walk-In,Walk-In
17-04-2026,MR10210005884,IP10210000768,Mr. S SATHYANARAYANA,Male,66YY,9703825405,Dr. SIDDHARTH REDDY  ALLA,IPRInv1021-2026414147,"2D ECHO,USG ABDOMEN (BED SIDE),X-RAY CHEST PA VIEW  (BED SIDE)",,5500,0,0,5500,5500,0,Cash,BHARGAV CHOWDARY,Walk-In,Walk-In
14-04-2026,MR10210005884,IP10210000768,Mr. S SATHYANARAYANA,Male,66YY,9703825405,Dr. SIDDHARTH REDDY  ALLA,IPRInv1021-2026414148,X-RAY CHEST PA VIEW  (BED SIDE),,1000,0,0,1000,0,1000,Cash,BHARGAV CHOWDARY,Walk-In,Walk-In
17-04-2026,MR10210005884,IP10210000768,Mr. S SATHYANARAYANA,Male,66YY,9703825405,Dr. SIDDHARTH REDDY  ALLA,IPRInv1021-2026414148,X-RAY CHEST PA VIEW  (BED SIDE),,1000,0,0,1000,1000,0,Cash,BHARGAV CHOWDARY,Walk-In,Walk-In
16-04-2026,MR10210005913,IP10210000775,Mr. K RAMAIAH,Male,65Y,6300128048,Dr. NST TEJASWI ALLA,IPRInv1021-2026416149,2D ECHO,,2500,0,0,2500,2500,0,UPI - PhonePe,K PRATHIMA,Walk-In,Walk-In
17-04-2026,MR10210004266,IP10210000774,Ms. E JAHNAVI,Female,14Y,9676336959,Dr. SIDDHARTH REDDY  ALLA,IPRInv1021-2026417150,"ANESTHETIA SGA,COLONOSCOPY",,9800,1500,0,8300,8300,0,Cash,RUPA N,Walk-In,Walk-In
30-04-2026,MR10210005821,IP10210000787,Mrs. K LAKSHMI KALAVATHI,Female,64Y,9492709792,Dr. SIDDHARTH REDDY  ALLA,IPRInv1021-2026430151,2D ECHO,,2500,0,0,2500,0,2500,Insurance,K PRATHIMA,Walk-In,Walk-In
02-05-2026,MR10210006012,IP10210000785,Mr. N BUJJI BABU,Male,55Y,9390913357,Dr. SIDDHARTH REDDY  ALLA,IPRInv1021-202652152,ENDOSCOPY,,3300,0,0,3300,3300,0,Cash,K PRATHIMA,Walk-In,Walk-In
02-05-2026,MR10210006060,IP10210000788,Mr. K NARAYANA REDDY,Male,55Y,7893131233,Dr. NST TEJASWI ALLA,IPRInv1021-202652153,2D ECHO,,2500,0,0,2500,2500,0,UPI - PhonePe,K PRATHIMA,Walk-In,Walk-In
02-05-2026,MR10210006063,IP10210000789,Mr. T PAVAN KUMAR,Male,30Y,9701787001,Dr. NST TEJASWI ALLA,IPRInv1021-202652154,ENDOSCOPY,,3300,0,0,3300,3300,0,Cash,K PRATHIMA,Walk-In,Walk-In
04-05-2026,MR10210006060,IP10210000788,Mr. K NARAYANA REDDY,Male,55Y,7893131233,Dr. NST TEJASWI ALLA,IPRInv1021-202654155,ENDOSCOPY,,3300,0,0,3300,3300,0,UPI - PhonePe,K PRATHIMA,Walk-In,Walk-In
08-05-2026,MR10210006108,IP10210000799,Mrs. S KAMAKSHI,Female,45Y,8074542219,Dr. NST TEJASWI ALLA,IPRInv1021-202658156,2D ECHO,,2500,0,0,2500,0,2500,Cash,RUPA N,Walk-In,Walk-In
10-05-2026,MR10210006108,IP10210000799,Mrs. S KAMAKSHI,Female,45Y,8074542219,Dr. NST TEJASWI ALLA,IPRInv1021-202658156,2D ECHO,,2500,0,2500,0,0,0,Cash,RUPA N,Walk-In,Walk-In
12-05-2026,MR10210006033,IP10210000800,Mrs. K CHUKKAMMA,Female,56Y,9177297242,Dr. NST TEJASWI ALLA,IPRInv1021-2026512157,"ANESTHETIA SGA,COLONOSCOPY",,9800,0,0,9800,0,9800,Cash,K PRATHIMA,Walk-In,Walk-In
12-05-2026,MR10210006033,IP10210000800,Mrs. K CHUKKAMMA,Female,56Y,9177297242,Dr. NST TEJASWI ALLA,IPRInv1021-2026512157,"ANESTHETIA SGA,COLONOSCOPY",,9800,0,0,9800,9800,0,Cash,K PRATHIMA,Walk-In,Walk-In
15-05-2026,MR10210006172,IP10210000806,Mrs. M KRUPAMMA,Female,45Y,9391717078,Dr. NST TEJASWI ALLA,IPRInv1021-2026515158,2D ECHO,,2500,0,0,2500,2500,0,UPI - Paytm,K PRATHIMA,Walk-In,Walk-In
16-05-2026,MR10210006167,IP10210000805,Mrs. M SUSEELA,Female,49Y,8309528748,Dr. NST TEJASWI ALLA,IPRInv1021-2026516159,2D ECHO,,2500,0,0,2500,0,2500,Cash,RUPA N,Walk-In,Walk-In
20-05-2026,MR10210006167,IP10210000805,Mrs. M SUSEELA,Female,49Y,8309528748,Dr. NST TEJASWI ALLA,IPRInv1021-2026516159,2D ECHO,,2500,0,0,2500,2500,0,Cash,RUPA N,Walk-In,Walk-In
18-05-2026,MR10210006167,IP10210000805,Mrs. M SUSEELA,Female,49Y,8309528748,Dr. NST TEJASWI ALLA,IPRInv1021-2026518160,"ENDOSCOPY,RUT",,3800,0,0,3800,0,3800,Cash,K PRATHIMA,Walk-In,Walk-In
20-05-2026,MR10210006167,IP10210000805,Mrs. M SUSEELA,Female,49Y,8309528748,Dr. NST TEJASWI ALLA,IPRInv1021-2026518160,"ENDOSCOPY,RUT",,3800,0,0,3800,3800,0,Cash,K PRATHIMA,Walk-In,Walk-In
19-05-2026,MR10210004524,IP10210000808,Mrs. K SRAVANI,Female,30Y,9908916366,Dr. SIDDHARTH REDDY  ALLA,IPRInv1021-2026519161,BIOPSY LARGE,,3000,0,0,3000,0,3000,Cash,K PRATHIMA,Walk-In,Walk-In
19-05-2026,MR10210004524,IP10210000808,Mrs. K SRAVANI,Female,30Y,9908916366,Dr. SIDDHARTH REDDY  ALLA,IPRInv1021-2026519161,BIOPSY LARGE,,3000,0,0,3000,3000,0,UPI - PhonePe,K PRATHIMA,Walk-In,Walk-In
19-05-2026,MR10210006209,IP10210000809,Mr. K VIDHYA SAGAR,Male,58Y,9000755194,Dr. SIDDHARTH REDDY  ALLA,IPRInv1021-2026519162,ERCP,,40000,0,0,40000,35000,5000,UPI - PhonePe,K PRATHIMA,Walk-In,Walk-In
19-05-2026,MR10210006209,IP10210000809,Mr. K VIDHYA SAGAR,Male,58Y,9000755194,Dr. SIDDHARTH REDDY  ALLA,IPRInv1021-2026519162,ERCP,,40000,0,5000,0,0,0,Cash,K PRATHIMA,Walk-In,Walk-In
20-05-2026,MR10210006167,IP10210000805,Mrs. M SUSEELA,Female,49Y,8309528748,Dr. NST TEJASWI ALLA,IPRInv1021-2026520163,ANESTHETIA SGA,,3500,0,0,3500,3000,500,Cash,BHARGAV CHOWDARY,Walk-In,Walk-In
20-05-2026,MR10210006167,IP10210000805,Mrs. M SUSEELA,Female,49Y,8309528748,Dr. NST TEJASWI ALLA,IPRInv1021-2026520163,ANESTHETIA SGA,,3500,0,0,500,500,0,Cash,BHARGAV CHOWDARY,Walk-In,Walk-In
25-05-2026,MR10210006249,IP10210000814,Mr. SRINIVASA REDDY M,Male,59Y,9603994814,Dr. SIDDHARTH REDDY  ALLA,IPRInv1021-2026525164,2D ECHO,,2500,0,0,2500,2500,0,UPI - PhonePe,BHARGAV CHOWDARY,Walk-In,Walk-In
25-05-2026,MR10210006010,IP10210000816,Mrs. SK MAHIBOON,Female,56Y,9441008052,Dr. NST TEJASWI ALLA,IPRInv1021-2026525165,2D ECHO,,2500,0,0,2500,0,2500,Insurance,BHARGAV CHOWDARY,Walk-In,Walk-In
25-05-2026,MR10210006216,IP10210000810,Mr. B VENKATESWARLU,Male,27Y,8919335659,Dr. SIDDHARTH REDDY  ALLA,IPRInv1021-2026525166,ENDOSCOPY,,3300,0,0,3300,3300,0,Cash,BHARGAV CHOWDARY,Others - DR SHANKER REDDY SIR,Others - DR SHANKER REDDY SIR
28-05-2026,MR10210006275,IP10210000818,Mr. B MANA RAM,Male,55Y,8790777234,Dr. SIDDHARTH REDDY  ALLA,IPRInv1021-2026528167,2D ECHO,,2500,0,0,2500,2500,0,Cash,K PRATHIMA,Walk-In,Walk-In
28-05-2026,MR10210006293,IP10210000821,Mr. E UMA SHIVA NAGA RAJU,Male,28YY,9581519337,Dr. B MOHAN RAM,IPRInv1021-2026528168,BIOPSY LARGE,,3000,0,0,3000,0,3000,Insurance,K PRATHIMA,Walk-In,Walk-In
30-05-2026,MR10210006314,IP10210000824,Mr. V SUBBA RAO,Male,50Y,7702831939,Dr. SIDDHARTH REDDY  ALLA,IPRInv1021-2026530169,"ENDOSCOPY,RUT",,3800,0,0,3800,3800,0,UPI - PhonePe,K PRATHIMA,Walk-In,Walk-In
03-06-2026,MR10210006331,IP10210000830,Mr. K VENKATA RAMA REDDY,Male,59Y,9963791369,Dr. SIDDHARTH REDDY  ALLA,IPRInv1021-202663170,2D ECHO,,2500,0,0,2500,2500,0,Cash,K PRATHIMA,Walk-In,Walk-In
03-06-2026,MR10210005873,IP10210000834,Mrs. B NAGA MANI,Female,64Y,9052839362,Dr. SIDDHARTH REDDY  ALLA,IPRInv1021-202663171,2D ECHO,,2500,0,0,2500,2500,0,Cash,K PRATHIMA,Walk-In,Walk-In
04-06-2026,MR10210006355,IP10210000835,Mr. J MOHAN RAO,Male,49YY,9989642292,Dr. SIDDHARTH REDDY  ALLA,IPRInv1021-202664172,ENDOSCOPY,,3300,0,0,3300,3300,0,Cash,K PRATHIMA,Walk-In,Walk-In
08-06-2026,MR10210006393,IP10210000840,Mr. J BRAHMANANDA REDDY,Male,40Y,9701360424,Dr. SIDDHARTH REDDY  ALLA,IPRInv1021-202668173,"ANESTHETIA SGA,COLONOSCOPY,ENDOSCOPY",,13100,0,0,13100,13100,0,UPI - PhonePe,K PRATHIMA,Walk-In,Walk-In
08-06-2026,MR10210006393,IP10210000840,Mr. J BRAHMANANDA REDDY,Male,40Y,9701360424,Dr. SIDDHARTH REDDY  ALLA,IPRInv1021-202668174,BIOPSY SMALL,,1500,0,0,1500,0,1500,Cash,K PRATHIMA,Walk-In,Walk-In
10-06-2026,MR10210006393,IP10210000840,Mr. J BRAHMANANDA REDDY,Male,40Y,9701360424,Dr. SIDDHARTH REDDY  ALLA,IPRInv1021-202668174,BIOPSY SMALL,,1500,0,1500,0,0,0,Cash,K PRATHIMA,Walk-In,Walk-In
09-06-2026,MR10210006393,IP10210000840,Mr. J BRAHMANANDA REDDY,Male,40Y,9701360424,Dr. SIDDHARTH REDDY  ALLA,IPRInv1021-202669175,BIOPSY SMALL,,1500,0,0,1500,500,1000,UPI - PhonePe,K PRATHIMA,Walk-In,Walk-In
10-06-2026,MR10210006393,IP10210000840,Mr. J BRAHMANANDA REDDY,Male,40Y,9701360424,Dr. SIDDHARTH REDDY  ALLA,IPRInv1021-202669175,BIOPSY SMALL,,1500,0,1000,0,0,0,Cash,K PRATHIMA,Walk-In,Walk-In
10-06-2026,MR10210006414,IP10210000844,Mr. Y PEDDA VENKATESH,Male,55Y,9880093150,Dr. NST TEJASWI ALLA,IPRInv1021-2026610176,2D ECHO,,2500,0,0,2500,2500,0,Cash,K PRATHIMA,Walk-In,Walk-In
10-06-2026,MR10210006422,IP10210000845,Mrs. SK P THAJIMUN,Female,33YY,9704477182,Dr. NST TEJASWI ALLA,IPRInv1021-2026610177,2D ECHO,,2500,0,0,2500,2500,0,Cash,K PRATHIMA,Walk-In,Walk-In
15-06-2026,MR10210006458,IP10210000850,Mrs. M DHANA LAKSHMI,Female,53Y,8790045774,Dr. SIDDHARTH REDDY  ALLA,IPRInv1021-2026615178,"ENDOSCOPY,RUT",,3800,0,0,3800,3800,0,UPI - PhonePe,K PRATHIMA,Walk-In,Walk-In
15-06-2026,MR10210006461,IP10210000849,Mrs. K DURGAMBHA,Female,63Y,9949791689,Dr. SIDDHARTH REDDY  ALLA,IPRInv1021-2026615179,"ANESTHETIA SGA,COLONOSCOPY",,9800,0,0,9800,9800,0,UPI - PhonePe,K PRATHIMA,Walk-In,Walk-In
15-06-2026,MR10210006473,IP10210000851,Mrs. K RAMA LAKSHMI,Female,55Y,9393346692,Dr. SIDDHARTH REDDY  ALLA,IPRInv1021-2026615180,"2D ECHO,ECG ",,2700,0,0,2700,2700,0,Cash,K PRATHIMA,Walk-In,Walk-In
27-06-2026,MR10210006521,IP10210000857,Mr. U DHANAMMAYA,Male,62Y,9441019670,Dr. NST TEJASWI ALLA,IPRInv1021-2026622181,2D ECHO,,2500,0,0,2500,0,2500,Insurance,RUPA N,Walk-In,Walk-In
30-06-2026,MR10210006228,IP10210000871,Mr. B SRINIVASA RAO,Male,68Y,9948401696,Dr. NST TEJASWI ALLA,IPRInv1021-2026630182,2D ECHO,,2500,0,0,2500,2500,0,UPI - PhonePe,RUPA N,Walk-In,Walk-In
04-07-2026,MR10210006355,IP10210000876,Mr. J MOHAN RAO,Male,49Y,9989642292,Dr. SIDDHARTH REDDY  ALLA,IPRInv1021-202674183,X-RAY CHEST PA VIEW  (BED SIDE),,1000,0,0,1000,1000,0,Cash,NAGUR VALI  SHAIK,Walk-In,Walk-In
07-07-2026,MR10210006687,IP10210000879,Mrs. C SAMRAJYAM,Female,42YY,9550385479,Dr. SIDDHARTH REDDY  ALLA,IPRInv1021-202677184,2D ECHO,,2500,0,0,2500,2500,0,UPI - PhonePe,K PRATHIMA,Walk-In,Walk-In
07-07-2026,MR10210006686,IP10210000878,Mr. CH  RAMA KRISHNA,Male,43Y,9885244832,Dr. SIDDHARTH REDDY  ALLA,IPRInv1021-202677185,BIOPSY LARGE,,3000,0,0,3000,0,3000,Cash,K PRATHIMA,Walk-In,Walk-In
08-07-2026,MR10210006686,IP10210000878,Mr. CH  RAMA KRISHNA,Male,43Y,9885244832,Dr. SIDDHARTH REDDY  ALLA,IPRInv1021-202677185,BIOPSY LARGE,,3000,0,0,3000,3000,0,Card,K PRATHIMA,Walk-In,Walk-In
09-07-2026,MR10210006689,IP10210000882,Mr. T SESHAVATARAM,Male,77Y,9440004464,Dr. NST TEJASWI ALLA,IPRInv1021-202679186,BIOPSY SMALL,,1500,0,0,1500,0,1500,Insurance,BHARGAV CHOWDARY,Walk-In,Walk-In
10-07-2026,MR10210006721,IP10210000887,Mrs. A SUBBAYAMMA,Female,72Y,8096179107,Dr. NST TEJASWI ALLA,IPRInv1021-2026710187,2D ECHO,,2500,0,0,2500,2500,0,Cash,RUPA N,Walk-In,Walk-In
11-07-2026,MR10210006689,IP10210000882,Mr. T SESHAVATARAM,Male,77Y,9440004464,Dr. NST TEJASWI ALLA,IPRInv1021-2026711188,"ANESTHETIA SGA,BEDSIDE ENDOSCOPY,BIOPSY LARGE,BIOPSY SMALL,COLONOSCOPY   (BED SIDE)",,28000,0,0,28000,0,28000,Insurance,BHARGAV CHOWDARY,Walk-In,Walk-In
12-07-2026,MR10210006779,IP10210000893,Mr. K NAGABHUSHANAM,Male,67Y,6309978226,Dr. NST TEJASWI ALLA,IPRInv1021-2026712189,2D ECHO,,2500,0,0,2500,2500,0,UPI - PhonePe,RUPA N,Walk-In,Walk-In
13-07-2026,MR10210006641,IP10210000896,Mr. V NARASIMHA RAO,Male,65Y,9849427604,Dr. SIDDHARTH REDDY  ALLA,IPRInv1021-2026713190,2D ECHO,,2500,0,0,2500,2500,0,Cash,NAGUR VALI  SHAIK,Walk-In,Walk-In
14-07-2026,MR10210006641,IP10210000896,Mr. V NARASIMHA RAO,Male,65Y,9849427604,Dr. SIDDHARTH REDDY  ALLA,IPRInv1021-2026714191,BIOPSY SMALL,,1500,0,0,1500,1000,500,Cash,RUPA N,Walk-In,Walk-In
17-07-2026,MR10210006641,IP10210000896,Mr. V NARASIMHA RAO,Male,65Y,9849427604,Dr. SIDDHARTH REDDY  ALLA,IPRInv1021-2026714191,BIOPSY SMALL,,1500,0,500,0,0,0,Cash,RUPA N,Walk-In,Walk-In
23-07-2026,MR10210006903,IP10210000910,Mr. G RAMESH,Male,45Y,8897926502,Dr. NST TEJASWI ALLA,IPRInv1021-2026723192,ENDOSCOPY,,3300,0,0,3300,3300,0,UPI - PhonePe,K PRATHIMA,Walk-In,Walk-In
25-07-2026,MR10210006924,IP10210000915,Mr. CH V V KOTESWARAO,Male,51Y,9502011119,Dr. SIDDHARTH REDDY  ALLA,IPRInv1021-2026725193,BIOPSY LARGE,,3000,0,0,3000,0,3000,Package,K PRATHIMA,Walk-In,Walk-In
27-07-2026,MR10210006930,IP10210000912,Mr. MAHABOOB SUBHANI SK,Male,60Y,9494467151,Dr. NST TEJASWI ALLA,IPRInv1021-2026727194,2D ECHO,,2500,0,0,2500,700,1800,Cash,RUPA N,Walk-In,Walk-In
27-07-2026,MR10210006930,IP10210000912,Mr. MAHABOOB SUBHANI SK,Male,60Y,9494467151,Dr. NST TEJASWI ALLA,IPRInv1021-2026727194,2D ECHO,,2500,0,0,1800,1800,0,UPI - PhonePe,RUPA N,Walk-In,Walk-In
29-07-2026,MR10210006996,IP10210000921,Mrs. M KOTESWARAMMA,Female,78Y,9700552164,Dr. SIDDHARTH REDDY  ALLA,IPRInv1021-2026729195,2D ECHO,,2500,0,0,2500,2500,0,Cash,K PRATHIMA,Walk-In,Walk-In
13-08-2026,MR10210007174,IP10210000944,Mrs. D MALLESWARI,Female,70Y,7036423270,Dr. NST TEJASWI ALLA,IPRInv1021-2026813196,2D ECHO,,2500,0,0,2500,2500,0,UPI - PhonePe,K PRATHIMA,Walk-In,Walk-In
14-08-2026,MR10210007193,IP10210000948,Mr. U SRINIVASA RAO,Male,58Y,9963489003,Dr. SIDDHARTH REDDY  ALLA,IPRInv1021-2026814197,2D ECHO,,2500,0,0,2500,2500,0,Cash,RUPA N,Walk-In,Walk-In
14-08-2026,MR10210007036,IP10210000942,Mrs. M NAGENDRAMMA,Female,85Y,9989259683,Dr. SIDDHARTH REDDY  ALLA,IPRInv1021-2026814198,COLONOSCOPY,,6300,0,0,6300,6300,0,UPI - PhonePe,RUPA N,Walk-In,Walk-In
14-08-2026,MR10210007186,IP10210000949,Mrs. SAMIYA ,Female,34Y,9492080700,Dr. SIDDHARTH REDDY  ALLA,IPRInv1021-2026814199,2D ECHO,,2500,0,0,2500,0,2500,Package,RUPA N,Walk-In,Walk-In
15-08-2026,MR10210007186,IP10210000949,Mrs. SAMIYA ,Female,34Y,9492080700,Dr. SIDDHARTH REDDY  ALLA,IPRInv1021-2026815200,BIOPSY LARGE,,3000,0,0,3000,0,3000,Package - PhonePe,RUPA N,Walk-In,Walk-In
17-08-2026,MR10210007174,IP10210000944,Mrs. D MALLESWARI,Female,70Y,7036423270,Dr. NST TEJASWI ALLA,IPRInv1021-2026817201,ENDOSCOPY,,3300,0,0,3300,3300,0,UPI - PhonePe,K PRATHIMA,Walk-In,Walk-In
21-08-2026,MR10210007234,IP10210000955,Ms. P NISHITHA,Female,12Y,8096347255,Dr. SIDDHARTH REDDY  ALLA,IPRInv1021-2026821202,"ANESTHETIA SGA,ENDOSCOPY",,6800,0,0,6800,6800,0,UPI - PhonePe,K PRATHIMA,Walk-In,Walk-In
27-08-2026,MR10210007317,IP10210000965,Mr. P SUBBARAO,Male,75Y,9059014872,Dr. NST TEJASWI ALLA,IPRInv1021-2026827203,2D ECHO,,2500,0,0,2500,0,2500,Package,K PRATHIMA,Walk-In,Walk-In
28-08-2026,MR10210005543,IP10210000967,Mr. N SAMBA SIVA RAO,Male,80Y,9948291181,Dr. SIDDHARTH REDDY  ALLA,IPRInv1021-2026828204,ANESTHETIA UNDER GA,,5000,0,0,5000,5000,0,UPI - PhonePe,RUPA N,Walk-In,Walk-In
28-08-2026,MR10210007317,IP10210000965,Mr. P SUBBARAO,Male,75Y,9059014872,Dr. NST TEJASWI ALLA,IPRInv1021-2026828205,"2D ECHO,ECG ",,2700,0,0,2700,0,2700,Package,RUPA N,Walk-In,Walk-In
31-08-2026,MR10210007344,IP10210000968,Ms. L SHANMUKA PRIYA,Female,19Y,9640411172,Dr. SIDDHARTH REDDY  ALLA,IPRInv1021-2026831206,BIOPSY SMALL,,1500,0,0,1500,1000,500,UPI - PhonePe,K PRATHIMA,Walk-In,Walk-In
01-09-2026,MR10210007344,IP10210000968,Ms. L SHANMUKA PRIYA,Female,19Y,9640411172,Dr. SIDDHARTH REDDY  ALLA,IPRInv1021-2026831206,BIOPSY SMALL,,1500,0,500,0,0,0,Cash,K PRATHIMA,Walk-In,Walk-In
01-09-2026,MR10210007344,IP10210000968,Ms. L SHANMUKA PRIYA,Female,19Y,9640411172,Dr. SIDDHARTH REDDY  ALLA,IPRInv1021-202691207,"ANESTHETIA SGA,COLONOSCOPY",,9800,0,0,9800,0,9800,Cash,RUPA N,Walk-In,Walk-In
01-09-2026,MR10210007344,IP10210000968,Ms. L SHANMUKA PRIYA,Female,19Y,9640411172,Dr. SIDDHARTH REDDY  ALLA,IPRInv1021-202691207,"ANESTHETIA SGA,COLONOSCOPY",,9800,0,0,9800,9800,0,UPI - PhonePe,RUPA N,Walk-In,Walk-In
Grand Total,,,,,,,,,,,,,,,1.28E+07,1032245,,,,
,,,,,,,,,,,,,,,,,,,,
,,,CANCEL DATA,,,,,,,,,,,,,,,,,
,,,OP,,,,,,,,,,,,,,,,,
Patient Reg.No,Patient Name,Invoice No,Lab & Radiology,Created At,Created By,Cancelled At,Cancelled User,Cancelled Amount,Reason,,,,,,,,,,,
OP10210014301,Mrs. C JYOTHI PRIYA,OPRInv1021-20268273520,ANESTHETIA SGA,27-08-2026 11:41,K PRATHIMA,27-08-2026 16:18,Siddhartha Reddy ,3500,,,,,,,,,,,,
OP10210004270,Mr. RANGANAYAKULU P,OPRInv1021-2025415247,ERCP,17-04-2025 15:18,NAGUR VALI  SHAIK,21-08-2026 17:56,BHARGAV CHOWDARY,35000,,,,,,,,,,,,
OP10210004366,Mr. M SUKUNDHAR RAO  ,OPRInv1021-2025421280,EVL BANDING ,21-04-2025 12:33,NAGUR VALI  SHAIK,21-08-2026 17:56,BHARGAV CHOWDARY,11700,,,,,,,,,,,,
OP10210004383,Mr. S KONDALU,OPRInv1021-2025422292,EVL BANDING ,22-04-2025 15:42,NAGUR VALI  SHAIK,21-08-2026 17:55,BHARGAV CHOWDARY,11700,,,,,,,,,,,,
OP10210004426,Mr. T VENKATA KOTESWARAO,OPRInv1021-2025424304,"ENDOSCOPY, COLONOSCOPY, ANESTHETIA SGA, O2 CHARGES FOR PROCEDURE, Co2 CHARGES FOR PROCEDURE",24-04-2025 16:06,NAGUR VALI  SHAIK,21-08-2026 17:55,BHARGAV CHOWDARY,13100,,,,,,,,,,,,
OP10210004462,Mr. P SAMBA SIVA RAO  ,OPRInv1021-2025428319,"ANESTHETIA SGA, O2 CHARGES FOR PROCEDURE, Co2 CHARGES FOR PROCEDURE, EVL BANDING ",28-04-2025 09:57,NAGUR VALI  SHAIK,21-08-2026 17:55,BHARGAV CHOWDARY,15700,,,,,,,,,,,,
OP10210004489,Mr. B RADHA KRTISHNA MURTHY,OPRInv1021-2025428336,DIAGNOSTIC EUS,28-04-2025 20:48,NAGUR VALI  SHAIK,21-08-2026 17:55,BHARGAV CHOWDARY,12000,,,,,,,,,,,,
OP10210004502,Ms. REVATHI  B,OPRInv1021-2025429338,"ERCP, ANESTHETIA UNDER GA",29-04-2025 11:27,NAGUR VALI  SHAIK,21-08-2026 17:54,BHARGAV CHOWDARY,40000,,,,,,,,,,,,
OP10210004532,Mr. K SUNDAR RAO  ,OPRInv1021-202551355,POLYPECTOMY,01-05-2025 19:23,NAGUR VALI  SHAIK,21-08-2026 17:54,BHARGAV CHOWDARY,18000,,,,,,,,,,,,
OP10210004667,Ms. G GANGA RATHNAM  ,OPRInv1021-202559389,ERCP,09-05-2025 19:44,NAGUR VALI  SHAIK,21-08-2026 17:54,BHARGAV CHOWDARY,35000,,,,,,,,,,,,
OP10210004818,Mr. Y MANIKANTA  ,OPRInv1021-2025519451,SG DILATATION,19-05-2025 16:55,NAGUR VALI  SHAIK,21-08-2026 17:54,BHARGAV CHOWDARY,13500,,,,,,,,,,,,
OP10210004973,Mrs. N KUSUMAMBA,OPRInv1021-2025529500,"ENDOSCOPY, COLONOSCOPY, ANESTHETIA SGA, O2 CHARGES FOR PROCEDURE, Co2 CHARGES FOR PROCEDURE",29-05-2025 12:56,NAGUR VALI  SHAIK,21-08-2026 17:53,BHARGAV CHOWDARY,13100,,,,,,,,,,,,
OP10210004986,Mr. M SUKUNDHAR RAO  ,OPRInv1021-2025530508,EVL BANDING ,30-05-2025 21:25,Siddhartha Reddy,21-08-2026 17:53,BHARGAV CHOWDARY,8000,,,,,,,,,,,,
OP10210005175,Mr. A VENKATESWARA RAO,OPRInv1021-2025613550,"ENDOSCOPY, COLONOSCOPY, ANESTHETIA SGA, O2 CHARGES FOR PROCEDURE, Co2 CHARGES FOR PROCEDURE",13-06-2025 15:32,NAGUR VALI  SHAIK,21-08-2026 17:53,BHARGAV CHOWDARY,10600,,,,,,,,,,,,
OP10210005314,Mr. A VENKATAIAH,OPRInv1021-2025623600,ERCP,23-06-2025 17:07,NAGUR VALI  SHAIK,21-08-2026 17:53,BHARGAV CHOWDARY,35000,,,,,,,,,,,,
OP10210005399,Mrs. Y RAMANAMMA,OPRInv1021-2025626621,"ERCP, BIOPSY LARGE",26-06-2025 18:01,NAGUR VALI  SHAIK,21-08-2026 17:52,BHARGAV CHOWDARY,36500,,,,,,,,,,,,
OP10210005494,Mr. DR B V RAMANA REDDY ,OPRInv1021-202571655,"ENDOSCOPY, COLONOSCOPY, ANESTHETIA SGA, O2 CHARGES FOR PROCEDURE, Co2 CHARGES FOR PROCEDURE",01-07-2025 14:23,NAGUR VALI  SHAIK,21-08-2026 17:52,BHARGAV CHOWDARY,13100,,,,,,,,,,,,
OP10210005495,Mr. THIRUMALAREDDY B,OPRInv1021-202571656,"ENDOSCOPY, COLONOSCOPY, ANESTHETIA SGA, O2 CHARGES FOR PROCEDURE, Co2 CHARGES FOR PROCEDURE",01-07-2025 14:24,NAGUR VALI  SHAIK,21-08-2026 17:52,BHARGAV CHOWDARY,13100,,,,,,,,,,,,
OP10210005553,Mrs. K SUJATHA,OPRInv1021-202574675,"ENDOSCOPY, COLONOSCOPY, ANESTHETIA SGA, O2 CHARGES FOR PROCEDURE, Co2 CHARGES FOR PROCEDURE",04-07-2025 11:01,NAGUR VALI  SHAIK,21-08-2026 17:52,BHARGAV CHOWDARY,11100,,,,,,,,,,,,
OP10210005783,Mr. G VEERAIAH ,OPRInv1021-2025716769,"ENDOSCOPY, COLONOSCOPY, ANESTHETIA SGA, O2 CHARGES FOR PROCEDURE, Co2 CHARGES FOR PROCEDURE",16-07-2025 12:33,NAGUR VALI  SHAIK,21-08-2026 17:51,BHARGAV CHOWDARY,13100,,,,,,,,,,,,
OP10210005950,Ms. KSUJATHA ,OPRInv1021-2025725825,"ENDOSCOPY, COLONOSCOPY, ANESTHETIA SGA, RUT, O2 CHARGES FOR PROCEDURE, Co2 CHARGES FOR PROCEDURE",25-07-2025 14:15,NAVITHA N,21-08-2026 17:51,BHARGAV CHOWDARY,13600,,,,,,,,,,,,
OP10210005957,Mr. K CHANDRA SEKHAR RAO ,OPRInv1021-2025725826,"ENDOSCOPY, COLONOSCOPY, ANESTHETIA SGA, BIOPSY SMALL, O2 CHARGES FOR PROCEDURE",25-07-2025 18:22,NAVITHA N,21-08-2026 17:51,BHARGAV CHOWDARY,11885,,,,,,,,,,,,
OP10210006045,Mrs. B NIRMALA ,OPRInv1021-2025730871,"BIOPSY SMALL, POLYPECTOMY",30-07-2025 18:35,NAVITHA N,21-08-2026 17:51,BHARGAV CHOWDARY,21000,,,,,,,,,,,,
OP10210006045,Mrs. B NIRMALA ,OPRInv1021-2025730864,"ENDOSCOPY, COLONOSCOPY, ANESTHETIA SGA, O2 CHARGES FOR PROCEDURE, Co2 CHARGES FOR PROCEDURE",30-07-2025 12:31,NAVITHA N,21-08-2026 17:41,BHARGAV CHOWDARY,11100,,,,,,,,,,,,
OP10210006067,Mrs. J LAKSHMI RAJYAM ,OPRInv1021-2025731872,"ENDOSCOPY, COLONOSCOPY, ANESTHETIA SGA, O2 CHARGES FOR PROCEDURE, Co2 CHARGES FOR PROCEDURE",31-07-2025 11:14,Siddhartha Reddy,21-08-2026 17:41,BHARGAV CHOWDARY,10100,,,,,,,,,,,,
OP10210006254,Mr. K SRINIVASA RAO ,OPRInv1021-2025812957,"ERCP, ANESTHETIA UNDER GA",12-08-2025 20:45,Siddhartha Reddy,21-08-2026 17:41,BHARGAV CHOWDARY,25000,,,,,,,,,,,,
OP10210006524,Mr. N PEDDA ANJAIAH ,OPRInv1021-20258261036,"ENDOSCOPY, COLONOSCOPY, ANESTHETIA SGA, O2 CHARGES FOR PROCEDURE, Co2 CHARGES FOR PROCEDURE",26-08-2025 15:55,BHARGAV CHOWDARY,21-08-2026 17:40,BHARGAV CHOWDARY,13100,,,,,,,,,,,,
OP10210006683,Mrs. B PARVATHI,OPRInv1021-2025931091,"ERCP, ANESTHETIA UNDER GA",03-09-2025 21:18,Siddhartha Reddy,21-08-2026 17:40,BHARGAV CHOWDARY,45000,,,,,,,,,,,,
OP10210006692,Mrs. N KARUNA KUMARI ,OPRInv1021-2025941092,"ENDOSCOPY, COLONOSCOPY, ANESTHETIA SGA, O2 CHARGES FOR PROCEDURE, Co2 CHARGES FOR PROCEDURE",04-09-2025 09:46,NAVITHA N,21-08-2026 17:40,BHARGAV CHOWDARY,11100,,,,,,,,,,,,
OP10210006710,Mrs. M KAMALAMMA,OPRInv1021-2025941096,DIAGNOSTIC EUS,04-09-2025 20:30,NAVITHA N,21-08-2026 17:40,BHARGAV CHOWDARY,15000,,,,,,,,,,,,
OP10210006738,Mrs. P VENKAYAMMA ,OPRInv1021-2025961106,"ENDOSCOPY, COLONOSCOPY, ANESTHETIA SGA, O2 CHARGES FOR PROCEDURE, Co2 CHARGES FOR PROCEDURE",06-09-2025 12:26,NAVITHA N,21-08-2026 17:40,BHARGAV CHOWDARY,13100,,,,,,,,,,,,
OP10210006753,Mrs. V NAGA MALLESWARI ,OPRInv1021-2025981118,ERCP,08-09-2025 21:10,Siddhartha Reddy,21-08-2026 17:39,BHARGAV CHOWDARY,23000,,,,,,,,,,,,
OP10210006885,Mr. T SHIVA REDDY,OPRInv1021-20259131171,POLYPECTOMY,13-09-2025 17:50,BHARGAV CHOWDARY,21-08-2026 17:36,BHARGAV CHOWDARY,18900,,,,,,,,,,,,
OP10210005027,Mr. Y MANIKANTA  ,OPRInv1021-202562512,SG DILATATION,02-06-2025 13:55,NAGUR VALI  SHAIK,21-08-2026 17:36,BHARGAV CHOWDARY,13500,,,,,,,,,,,,
OP10210012990,Mr. S PRAKASAM,OPRInv1021-20267143181,ENDOSCOPY,14-07-2026 14:42,RUPA N,14-07-2026 18:24,K PRATHIMA,3300,,,,,,,,,,,,
OP10210012481,Mr. Y VENKAIAH,OPRInv1021-20266263019,ENDOSCOPY,26-06-2026 10:25,BHARGAV CHOWDARY,26-06-2026 12:46,BHARGAV CHOWDARY,3300,,,,,,,,,,,,
OP10210012356,Mr. SK MASTHAN VALI,OPRInv1021-20266222979,ENDOSCOPY,22-06-2026 11:28,NAGUR VALI  SHAIK,22-06-2026 18:37,BHARGAV CHOWDARY,3300,,,,,,,,,,,,
OP10210011782,Mr. K TANDAVA KRISHNA,OPRInv1021-20265302845,ENDOSCOPY,30-05-2026 10:35,K PRATHIMA,30-05-2026 16:13,BHARGAV CHOWDARY,2800,,,,,,,,,,,,
OP10210011088,Mrs. M DURGA,OPRInv1021-20264292626,ENDOSCOPY,29-04-2026 12:37,RUPA N,29-04-2026 12:57,BHARGAV CHOWDARY,3300,,,,,,,,,,,,
OP10210010917,Mr. K CHANDRA SHEKAR NAIK,OPRInv1021-20264232594,ENDOSCOPY,23-04-2026 11:30,K PRATHIMA,23-04-2026 14:41,K PRATHIMA,2780,,,,,,,,,,,,
OP10210010899,Mr. SANKAR NARAYANA D,OPRInv1021-20264222583,ENDOSCOPY,22-04-2026 12:59,BHARGAV CHOWDARY,22-04-2026 13:12,BHARGAV CHOWDARY,3300,,,,,,,,,,,,
OP10210010739,Mr. B ANJAMMA,OPRInv1021-20264132546,ENDOSCOPY,13-04-2026 10:14,K PRATHIMA,13-04-2026 20:40,BHARGAV CHOWDARY,3300,,,,,,,,,,,,
OP10210010713,Mr. M CHINNA YESU,OPRInv1021-20264112532,ENDOSCOPY,11-04-2026 10:41,K PRATHIMA,11-04-2026 21:24,BHARGAV CHOWDARY,3300,,,,,,,,,,,,
OP10210010519,Mr. B SHIVANAGIREDDY,OPRInv1021-2026422469,ENDOSCOPY,02-04-2026 11:47,K PRATHIMA,02-04-2026 18:17,BHARGAV CHOWDARY,3000,,,,,,,,,,,,
OP10210010273,Mr. P SAMBAIAH,OPRInv1021-20263192390,UGISCOPY + STENT REMOVAL,19-03-2026 11:37,K PRATHIMA,19-03-2026 14:30,BHARGAV CHOWDARY,5000,,,,,,,,,,,,
OP10210010004,Mr. T SAI PRAKASH,OPRInv1021-2026342298,ENDOSCOPY,04-03-2026 11:28,K PRATHIMA,04-03-2026 12:15,BHARGAV CHOWDARY,3300,,,,,,,,,,,,
OP10210009957,Mr. M NARASIMHA RAO,OPRInv1021-2026322282,ENDOSCOPY,02-03-2026 11:56,K PRATHIMA,02-03-2026 19:19,BHARGAV CHOWDARY,3300,,,,,,,,,,,,
OP10210009899,Mrs. CH DURGA BHAVANI,OPRInv1021-20262282274,ENDOSCOPY,28-02-2026 10:53,K PRATHIMA,28-02-2026 19:32,BHARGAV CHOWDARY,3300,,,,,,,,,,,,
OP10210009636,Mr. BOJJA RAJESH,OPRInv1021-20262162169,ENDOSCOPY,16-02-2026 11:08,K PRATHIMA,16-02-2026 12:46,BHARGAV CHOWDARY,3300,,,,,,,,,,,,
OP10210009501,Mr. B SURESH,OPRInv1021-2026292128,ENDOSCOPY,09-02-2026 12:04,K PRATHIMA,09-02-2026 14:41,BHARGAV CHOWDARY,3300,,,,,,,,,,,,
OP10210009380,Mr. B KOONA REDDY,OPRInv1021-2026242072,ENDOSCOPY,04-02-2026 10:53,RUPA N,04-02-2026 19:56,Siddhartha Reddy ,3300,,,,,,,,,,,,
OP10210009285,Mr. D RAMANAIAH,OPRInv1021-20261302050,RUT,30-01-2026 16:20,RUPA N,30-01-2026 16:55,Siddhartha Reddy ,500,,,,,,,,,,,,
OP10210009178,Mr. SK MASTAN,OPRInv1021-20261262008,ENDOSCOPY,26-01-2026 12:32,RUPA N,26-01-2026 16:07,BHARGAV CHOWDARY,3000,,,,,,,,,,,,
OP10210009023,Mr. CH RAMA KRISHNA,OPRInv1021-20261171959,ENDOSCOPY,17-01-2026 11:58,RUPA N,17-01-2026 17:31,BHARGAV CHOWDARY,3300,,,,,,,,,,,,
OP10210008901,Mr. B SIVA NAGESWARA RAO,OPRInv1021-2026191912,ENDOSCOPY,09-01-2026 14:37,BHARGAV CHOWDARY,09-01-2026 18:05,BHARGAV CHOWDARY,3300,,,,,,,,,,,,
OP10210008614,Mr. A GOUFRAN,OPRInv1021-202512231807,ENDOSCOPY,23-12-2025 14:39,RUPA N,23-12-2025 15:43,Siddhartha Reddy ,3300,,,,,,,,,,,,
OP10210008261,Mrs. P NAGESWARI,OPRInv1021-20251221674,"ENDOSCOPY, COLONOSCOPY, ANESTHETIA SGA",02-12-2025 11:01,RUPA N,02-12-2025 19:20,BHARGAV CHOWDARY,13100,,,,,,,,,,,,
OP10210007956,Mr. P RAJESH,OPRInv1021-202511131566,ENDOSCOPY,13-11-2025 10:08,RUPA N,13-11-2025 17:28,BHARGAV CHOWDARY,3300,,,,,,,,,,,,
OP10210007751,Mr. Y JAI RAO,OPRInv1021-20251131491,"ENDOSCOPY, COLONOSCOPY, ANESTHETIA SGA",03-11-2025 12:23,BHARGAV CHOWDARY,03-11-2025 17:02,BHARGAV CHOWDARY,13100,,,,,,,,,,,,
OP10210007716,Mrs. M MARY,OPRInv1021-20251111472,ENDOSCOPY,01-11-2025 09:35,RUPA N,01-11-2025 15:50,BHARGAV CHOWDARY,3300,,,,,,,,,,,,
OP10210007732,Mrs. B PARVATHI,OPRInv1021-20251111477,UGISCOPY + STENT REMOVAL,01-11-2025 12:16,RUPA N,01-11-2025 15:50,BHARGAV CHOWDARY,5000,,,,,,,,,,,,
OP10210007624,Mr. A VENKATESWARLU,OPRInv1021-202510251433,"COLONOSCOPY, ANESTHETIA UNDER GA",24-10-2025 11:12,BHARGAV CHOWDARY,28-10-2025 18:23,BHARGAV CHOWDARY,11300,,,,,,,,,,,,
OP10210007623,Mr. A VENKATESWARLU,OPRInv1021-202510251432,"ENDOSCOPY, ANESTHETIA SGA",22-10-2025 11:11,BHARGAV CHOWDARY,28-10-2025 18:23,BHARGAV CHOWDARY,6800,,,,,,,,,,,,
OP10210007668,Mr. sk ALISHA VALI,OPRInv1021-202510281460,RUT,28-10-2025 13:26,BHARGAV CHOWDARY,28-10-2025 14:16,BHARGAV CHOWDARY,500,,,,,,,,,,,,
OP10210007665,Mr. sk ALISHA VALI,OPRInv1021-202510281457,ENDOSCOPY,28-10-2025 12:39,BHARGAV CHOWDARY,28-10-2025 14:16,BHARGAV CHOWDARY,3300,,,,,,,,,,,,
OP10210007569,Mr. Y NAGUR REDDY ,OPRInv1021-202510221413,X-RAY CHEST PA VIEW,22-10-2025 14:43,BHARGAV CHOWDARY,22-10-2025 17:54,BHARGAV CHOWDARY,250,,,,,,,,,,,,
OP10210007568,Mr. K  VENKATA SUBBA RAO,OPRInv1021-202510221406,SIGMOIDOSCOPY,22-10-2025 10:17,RUPA N,22-10-2025 11:35,BHARGAV CHOWDARY,3300,,,,,,,,,,,,
OP10210007142,Mr. N SUBBA RAO,OPRInv1021-20259271262,ENDOSCOPY,27-09-2025 14:50,NAVITHA N,27-09-2025 18:53,Siddhartha Reddy ,2800,,,,,,,,,,,,
OP10210007107,Mrs. M D CHANDINI ,OPRInv1021-20259251251,ENDOSCOPY,25-09-2025 16:14,NAVITHA N,25-09-2025 17:10,Siddhartha Reddy ,3300,,,,,,,,,,,,
OP10210007043,Mr. T RAMANA ,OPRInv1021-20259221221,ENDOSCOPY,22-09-2025 12:26,NAVITHA N,22-09-2025 17:50,Siddhartha Reddy ,3300,,,,,,,,,,,,
OP10210006501,Mr. R GOPAL KRISHNA,OPRInv1021-20258261033,ENDOSCOPY,26-08-2025 10:40,NAVITHA N,26-08-2025 21:24,Siddhartha Reddy ,3300,,,,,,,,,,,,
OP10210006389,Mr. Y SRINIVAS REDDY ,OPRInv1021-2025820994,ENDOSCOPY,20-08-2025 13:36,NAVITHA N,20-08-2025 20:22,Siddhartha Reddy ,3300,,,,,,,,,,,,
OP10210006265,Mrs. D SAMBAMBA,OPRInv1021-2025812953,ENDOSCOPY,12-08-2025 15:16,NAVITHA N,12-08-2025 20:36,Siddhartha Reddy ,3300,,,,,,,,,,,,
OP10210006196,Mr. B BAJI ,OPRInv1021-202588920,ENDOSCOPY,08-08-2025 10:50,NAVITHA N,08-08-2025 13:37,Siddhartha Reddy ,3300,,,,,,,,,,,,
OP10210005782,Mr. G VENKATA REDDY ,OPRInv1021-2025716770,BIOPSY SMALL,16-07-2025 13:08,NAGUR VALI  SHAIK,16-07-2025 21:09,Siddhartha Reddy ,1000,,,,,,,,,,,,
OP10210004736,Mrs. P PADMAVATHI,OPRInv1021-2025513409,"ENDOSCOPY, COLONOSCOPY, ANESTHETIA SGA, O2 CHARGES FOR PROCEDURE, Co2 CHARGES FOR PROCEDURE",13-05-2025 12:42,NAGUR VALI  SHAIK,13-05-2025 15:46,Siddhartha Reddy ,11600,,,,,,,,,,,,
OP10210004693,Mrs.  RATNAVALI S,OPRInv1021-2025510392,BIOPSY SMALL,10-05-2025 11:02,NAGUR VALI  SHAIK,10-05-2025 21:05,Siddhartha Reddy ,1000,,,,,,,,,,,,
OP10210004631,Mr. m THIRUPATHAYA,OPRInv1021-202556374,ANESTHETIA SGA,06-05-2025 21:17,NAGUR VALI  SHAIK,06-05-2025 21:39,Siddhartha Reddy ,3000,,,,,,,,,,,,
OP10210004447,Mr. V NAGIREDDY,OPRInv1021-2025425310,"COLONOSCOPY, ANESTHETIA SGA, O2 CHARGES FOR PROCEDURE, Co2 CHARGES FOR PROCEDURE",25-04-2025 13:03,NAGUR VALI  SHAIK,25-04-2025 13:39,Siddhartha Reddy ,9800,,,,,,,,,,,,
,,,,,,,OP Total,790315,,,,,,,,,,,,
,,,,,,,,,,,,,,,,,,,,
,,,IP,,,,,,,,,,,,,,,,,
Patient Reg.No,Patient Name,Invoice No,Lab & Radiology,Created At,Created By,Cancelled At,Cancelled User,Cancelled Amount,Reason,,,,,,,,,,,
IP10210000932,Mr. G SRINIVAS REDDY,IPDInv1021-20268111876,SPUTUM FOR C/S,13-08-2026 15:02,,13-08-2026 15:02,BHARGAV CHOWDARY,2000,,,,,,,,,,,,
IP10210000884,Mr. A THIRUPATHI RAO,IPDInv1021-2026791722,URINE FOR CULTURE SENSITIVITY,09-07-2026 12:30,,09-07-2026 12:30,K PRATHIMA,1500,,,,,,,,,,,,
IP10210000859,Mr. Y PRASAD RAO,IPDInv1021-20266221649,"CD3 CD4 CELL COUNT, HCV RNA QUANTITATIVE ANALYSIS",30-06-2026 17:45,,30-06-2026 17:45,BHARGAV CHOWDARY,10500,,,,,,,,,,,,
IP10210000859,Mr. Y PRASAD RAO,IPDInv1021-20266211644,VIRAL MARKERS,30-06-2026 17:45,,30-06-2026 17:45,BHARGAV CHOWDARY,700,,,,,,,,,,,,
IP10210000854,Mr. K SAI,IPDInv1021-20266171627,BLOOD CULTURE & SENSITIVITY,17-06-2026 18:30,,17-06-2026 18:30,Siddhartha Reddy ,2000,,,,,,,,,,,,
IP10210000852,Mrs. Y HARSHITHA,IPDInv1021-20266171623,SMEAR FOR MP,17-06-2026 09:14,,17-06-2026 09:14,Siddhartha Reddy ,0,,,,,,,,,,,,
IP10210000839,Mrs. I MOUNIKA,IPDInv1021-2026681575,"COMPLETE BLOOD   PICTURE , BLOOD UREA, SERUM CREATININE, LIVER FUNCTION TEST, SERUM ELECTROLYTES",08-06-2026 11:24,,08-06-2026 11:24,BHARGAV CHOWDARY,2000,,,,,,,,,,,,
IP10210000805,Mrs. M SUSEELA,IPRInv1021-2026518160,RUT,18-05-2026 11:30,K PRATHIMA,20-05-2026 14:22,BHARGAV CHOWDARY,500,,,,,,,,,,,,
IP10210000789,Mr. T PAVAN KUMAR,IPRInv1021-202652154,ENDOSCOPY,02-05-2026 18:08,K PRATHIMA,05-05-2026 16:28,Siddhartha Reddy ,3300,,,,,,,,,,,,
IP10210000785,Mr. N BUJJI BABU,IPRInv1021-202652152,ENDOSCOPY,02-05-2026 09:58,K PRATHIMA,05-05-2026 13:00,Siddhartha Reddy ,3300,,,,,,,,,,,,
IP10210000767,Mr. K VENKATA GOPI CHAND,IPRInv1021-2026413145,"ANESTHETIA SGA, COLONOSCOPY   (BED SIDE), POLYPECTOMY (BED SIDE)",13-04-2026 14:42,BHARGAV CHOWDARY,13-04-2026 18:41,BHARGAV CHOWDARY,58500,,,,,,,,,,,,
IP10210000764,Mr. A CHINNA NARASIMHULU,IPDInv1021-20264131388,"COMPLETE BLOOD   PICTURE , SERUM CREATININE, LIVER FUNCTION TEST, SERUM ELECTROLYTES, PUS FOR CULTURE & SENSITIVITY, AFB PUS",13-04-2026 17:17,,13-04-2026 17:17,BHARGAV CHOWDARY,4800,,,,,,,,,,,,
IP10210000767,Mr. K VENKATA GOPI CHAND,IPRInv1021-2026412143,"X-RAY CHEST PA VIEW  (BED SIDE), 2D ECHO",12-04-2026 00:29,K PRATHIMA,13-04-2026 14:49,BHARGAV CHOWDARY,3500,,,,,,,,,,,,
IP10210000767,Mr. K VENKATA GOPI CHAND,IPDInv1021-20264121379,"COLONOSCOPY, VIRAL MARKERS",13-04-2026 14:47,,13-04-2026 14:47,BHARGAV CHOWDARY,0,,,,,,,,,,,,
IP10210000765,Mr. M YEDUKONDALU,IPDInv1021-20264121383,ABG,12-04-2026 13:05,,12-04-2026 13:05,K PRATHIMA,0,,,,,,,,,,,,
IP10210000765,Mr. M YEDUKONDALU,IPDInv1021-20264121383,"COMPLETE BLOOD   PICTURE , C REACTIVE PROTEIN, Renal function test",12-04-2026 11:16,,12-04-2026 11:16,BHARGAV CHOWDARY,0,,,,,,,,,,,,
IP10210000714,Mr. T SRINIVASA REDDY,IPDInv1021-20262271275,"VITAMIN D, VITAMIN  B12",27-02-2026 21:24,,27-02-2026 21:24,Siddhartha Reddy ,3500,,,,,,,,,,,,
IP10210000672,Mr. R VASU BABU,IPDInv1021-20261311205,"COMPLETE BLOOD   PICTURE , C REACTIVE PROTEIN, LIVER FUNCTION TEST",31-01-2026 13:25,,31-01-2026 13:25,BHARGAV CHOWDARY,1700,,,,,,,,,,,,
IP10210000643,Mr. A VENKATA CHALAM,IPDInv1021-2026171136,BIOPSY LARGE,07-01-2026 10:48,,07-01-2026 10:48,BHARGAV CHOWDARY,0,,,,,,,,,,,,
IP10210000640,Mr. KONDAPATURI RAJESH,IPDInv1021-202512311117,ABG,31-12-2025 10:44,,31-12-2025 10:44,BHARGAV CHOWDARY,1500,,,,,,,,,,,,
IP10210000629,Mr. P VENKATA RAO,IPDInv1021-202512261099,COMPLETE BLOOD   PICTURE ,26-12-2025 13:32,,26-12-2025 13:32,BHARGAV CHOWDARY,400,,,,,,,,,,,,
IP10210000628,Mr. SANIKOMMU THIRUPATHI REDDY,IPRInv1021-2025122484,"ENDOSCOPY, COLONOSCOPY, ANESTHETIA SGA",24-12-2025 11:14,RUPA N,25-12-2025 12:44,BHARGAV CHOWDARY,13100,,,,,,,,,,,,
IP10210000608,Mrs. P LAKSHMAMMA,IPRInv1021-2025121080,X-RAY CHEST PA VIEW  (BED SIDE),10-12-2025 09:58,RUPA N,10-12-2025 12:57,Siddhartha Reddy ,3500,,,,,,,,,,,,
IP10210000606,Mrs. P GORI BEE,IPRInv1021-202512876,2D ECHO,08-12-2025 13:07,RUPA N,08-12-2025 19:56,BHARGAV CHOWDARY,2500,,,,,,,,,,,,
IP10210000579,Mr. A APPIREDDY,IPDInv1021-20251122983,SERUM ELECTROLYTES,27-11-2025 16:31,,27-11-2025 16:31,BHARGAV CHOWDARY,0,,,,,,,,,,,,
IP10210000583,Mr. K ARUMUGAM,IPRInv1021-2025112559,X-RAY (BED SIDE),25-11-2025 14:02,BHARGAV CHOWDARY,25-11-2025 17:26,BHARGAV CHOWDARY,1000,,,,,,,,,,,,
IP10210000578,Mr. GOVINDU VANAIAH,IPRInv1021-2025112355,ENDOSCOPY,23-11-2025 10:47,K PRATHIMA,25-11-2025 15:38,BHARGAV CHOWDARY,3300,,,,,,,,,,,,
IP10210000544,Mr. U BHANU PRASAD,IPRInv1021-202511541,X-RAYCHEST AP VIEW,05-11-2025 13:40,K PRATHIMA,05-11-2025 14:47,BHARGAV CHOWDARY,250,,,,,,,,,,,,
IP10210000526,Ms. K LETHIKA SWARUPA,IPDInv1021-20251026878,"COMPLETE BLOOD   PICTURE , C REACTIVE PROTEIN, LIVER FUNCTION TEST",27-10-2025 15:54,,27-10-2025 15:54,BHARGAV CHOWDARY,0,,,,,,,,,,,,
IP10210000516,Mr. M LINGESWARA RAO,IPDInv1021-20251021865,STOOL FOR C/S,21-10-2025 17:39,,21-10-2025 17:39,BHARGAV CHOWDARY,1500,,,,,,,,,,,,
IP10210000513,Mr. M MOHAN SRI KRISHNA,IPDInv1021-20251016846,SEMEN ANALYSIS,16-10-2025 13:42,,16-10-2025 13:42,BHARGAV CHOWDARY,200,,,,,,,,,,,,
IP10210000477,Mr. V SAMBA SIVA RAO ,IPDInv1021-2025926784,"COMPLETE BLOOD   PICTURE , BLOOD UREA, SERUM CREATININE, SERUM ELECTROLYTES",26-09-2025 16:35,,26-09-2025 16:35,Siddhartha Reddy ,1270,,,,,,,,,,,,
IP10210000475,Mr. Anil J,IPRInv1021-202592233,ENDOSCOPY,22-09-2025 15:42,BHANU PRAKESH T,22-09-2025 17:50,Siddhartha Reddy ,3300,,,,,,,,,,,,
IP10210000472,Mr. V MALLESWARAO,IPDInv1021-2025920757,"COMPLETE BLOOD   PICTURE , BLOOD UREA, SERUM CREATININE, SERUM ELECTROLYTES",20-09-2025 21:35,,20-09-2025 21:35,Siddhartha Reddy ,1270,,,,,,,,,,,,
IP10210000455,Mr. M SADHASREE,IPRInv1021-202591223,RUT,12-09-2025 11:00,BHANU PRAKESH T,13-09-2025 15:59,Siddhartha Reddy ,500,,,,,,,,,,,,
IP10210000455,Mr. M SADHASREE,IPRInv1021-202591328,ENDOSCOPY,13-09-2025 14:54,NAVITHA N,13-09-2025 15:58,Siddhartha Reddy ,3300,,,,,,,,,,,,
IP10210000451,Mrs. SAMPURNA m,IPDInv1021-2025910725,"ASCITIC FLUID - TC,DC,PROTEIN, ALBUMIN, SUGAR, CYTOLOGY, ADA",10-09-2025 17:31,,10-09-2025 17:31,Siddhartha Reddy ,2000,,,,,,,,,,,,
IP10210000404,Mr. N RAM KOTESWARA RO ,IPDInv1021-2025729641,"COMPLETE BLOOD   PICTURE , Renal function test",01-08-2025 18:22,,01-08-2025 18:22,Siddhartha Reddy ,1200,,,,,,,,,,,,
,,,,,,,IP Total,137890,,,,,,,,,,,,
,,,,,,,Grand Cancel Total,928205,,,,,,,,,,,,
